overlap,regime,load,shift,method,pair,subsequent_presentations,retention,lower95,upper95,forgetting,lower95_forgetting,upper95_forgetting
2,per_pair,2,False,baseline6,0,128,0.968772999074873,0.9335325953894824,0.9977844483964413,0.029390347643750658,0.0013631615606366672,0.06304150702875332
2,per_pair,2,False,baseline6,1,0,0.9890446287561088,0.9722260744890993,0.9983728546561539,0.0,0.0,0.0
2,per_pair,2,False,ordinary,0,128,0.968772999074873,0.9335325953894824,0.9977844483964413,0.029390347643750658,0.0013631615606366672,0.06304150702875332
2,per_pair,2,False,ordinary,1,0,0.9890446287561088,0.9722260744890993,0.9983728546561539,0.0,0.0,0.0
2,per_pair,2,False,homeostasis,0,128,0.9677743162832297,0.9238995164335544,0.9975287433166993,0.03022338240396465,0.0008954477457079374,0.07371721310725292
2,per_pair,2,False,homeostasis,1,0,0.9874322304393679,0.9678875379375665,0.9983292633530036,0.0,0.0,0.0
2,per_pair,2,False,sham,0,128,0.975840936721186,0.9480453528609861,0.9972936167284122,0.022071486185763704,0.0011737471165034722,0.04963712748271442
2,per_pair,2,False,sham,1,0,0.9867736490713537,0.9649185908378096,0.9987128304156985,0.0,0.0,0.0
2,per_pair,2,False,random_ordinary,0,128,0.9629541501255556,0.9350616189783558,0.9855800365227707,0.03340731542873791,0.011261280376421054,0.06087614686499885
2,per_pair,2,False,random_ordinary,1,0,0.9926629413491361,0.987997853935111,0.9962832064853597,0.0,0.0,0.0
2,per_pair,2,False,random_homeostasis,0,128,0.9659904363885516,0.9398910848190707,0.986805920092601,0.029846591594967917,0.009462697747779601,0.05546592662416097
2,per_pair,2,False,random_homeostasis,1,0,0.9912975780586208,0.9826618177606722,0.9968616901694012,0.0,0.0,0.0
2,per_pair,2,False,direct,0,128,0.9990255631126237,0.9981801548061141,0.9996728612968905,0.0002002423882366683,-0.000334220459643298,0.0008217853784155043
2,per_pair,2,False,direct,1,0,0.9902612758152503,0.9731823771572312,0.9992451809310182,0.0,0.0,0.0
2,per_pair,2,False,oracle,0,128,0.9984811495129744,0.9979560240075266,0.9989401509380071,0.0,0.0,0.0
2,per_pair,2,False,oracle,1,0,0.9982615568045458,0.9974751502966578,0.9989171455148868,0.0,0.0,0.0
2,per_pair,2,False,fixed_homeostasis,0,128,0.9677743162832297,0.9238995164335544,0.9975287433166993,0.03022338240396465,0.0008954477457079374,0.07371721310725292
2,per_pair,2,False,fixed_homeostasis,1,0,0.9874322304393679,0.9678875379375665,0.9983292633530036,0.0,0.0,0.0
2,per_pair,2,False,fixed_sham,0,128,0.975840936721186,0.9480453528609861,0.9972936167284122,0.022071486185763704,0.0011737471165034722,0.04963712748271442
2,per_pair,2,False,fixed_sham,1,0,0.9867736490713537,0.9649185908378096,0.9987128304156985,0.0,0.0,0.0
2,per_pair,4,False,baseline6,0,384,0.9089467332156462,0.8295749853433354,0.9724501376006646,0.0892166135029773,0.0267500151802054,0.1673274127684402
2,per_pair,4,False,baseline6,1,256,0.9445083312753214,0.8891963343394004,0.9838395518849785,0.04453629748078731,0.013344238952021577,0.0839527738636191
2,per_pair,4,False,baseline6,2,128,0.9898863000802636,0.9814610740002093,0.9959808040971616,0.0077072568623552315,0.0019356108152763984,0.015783900443650245
2,per_pair,4,False,baseline6,3,0,0.9913482632824424,0.9811569910671879,0.9988221221088566,0.0,0.0,0.0
2,per_pair,4,False,ordinary,0,384,0.9089467332156462,0.8295749853433354,0.9724501376006646,0.0892166135029773,0.0267500151802054,0.1673274127684402
2,per_pair,4,False,ordinary,1,256,0.9445083312753214,0.8891963343394004,0.9838395518849785,0.04453629748078731,0.013344238952021577,0.0839527738636191
2,per_pair,4,False,ordinary,2,128,0.9898863000802636,0.9814610740002093,0.9959808040971616,0.0077072568623552315,0.0019356108152763984,0.015783900443650245
2,per_pair,4,False,ordinary,3,0,0.9913482632824424,0.9811569910671879,0.9988221221088566,0.0,0.0,0.0
2,per_pair,4,False,homeostasis,0,384,0.9247314000476321,0.8494872094529995,0.9799795361749214,0.07326629863956222,0.018366383962609263,0.14843429285072676
2,per_pair,4,False,homeostasis,1,256,0.925974710133625,0.8679029627990009,0.974391281949129,0.06145752030574289,0.02101706319330842,0.10841401491874521
2,per_pair,4,False,homeostasis,2,128,0.9831747852055688,0.9665517909538172,0.9942793670490357,0.013457371509955015,0.003259902786456635,0.029543991678764918
2,per_pair,4,False,homeostasis,3,0,0.9953397549653542,0.9911894874010375,0.9986229851864952,0.0,0.0,0.0
2,per_pair,4,False,sham,0,384,0.9022615809113027,0.8219037829735287,0.9641403252300795,0.09565084199564705,0.03421877197766606,0.17579326507027404
2,per_pair,4,False,sham,1,256,0.947862880933773,0.9074503946489076,0.9812015321696852,0.03891076813758055,0.012779167742535468,0.07101920133836835
2,per_pair,4,False,sham,2,128,0.9850802191976571,0.9749942258156058,0.9932259083811382,0.011169606345727386,0.003541632216734756,0.021009159044158256
2,per_pair,4,False,sham,3,0,0.9934226306175888,0.987251439916777,0.9982447260405415,0.0,0.0,0.0
2,per_pair,4,False,random_ordinary,0,384,0.9021417367092446,0.8463614864529104,0.949107713109406,0.0942197288450488,0.048093847395253554,0.1489710924692995
2,per_pair,4,False,random_ordinary,1,256,0.9450341708157322,0.9134139157758246,0.97121939581215,0.04762877053340403,0.02281409889570287,0.07819193962568996
2,per_pair,4,False,random_ordinary,2,128,0.974320130130542,0.9512121879210218,0.9898026271003676,0.015552483391647824,0.004158670939094897,0.030985110144770893
2,per_pair,4,False,random_ordinary,3,0,0.9918460262264925,0.9867919973239778,0.995786985669594,0.0,0.0,0.0
2,per_pair,4,False,random_homeostasis,0,384,0.8966660205603421,0.8423293830218307,0.9456431571028381,0.09917100742317733,0.051334680143727884,0.15230455227948697
2,per_pair,4,False,random_homeostasis,1,256,0.9502062778425684,0.9197069142270174,0.9748252258570022,0.0410913002160525,0.01765646934988068,0.0707684415325924
2,per_pair,4,False,random_homeostasis,2,128,0.9757829644709191,0.9554904978775438,0.9909155408161123,0.015496235924066775,0.004061817220924763,0.031183280836443946
2,per_pair,4,False,random_homeostasis,3,0,0.9902316299769848,0.9846454135139993,0.9948097890603844,0.0,0.0,0.0
2,per_pair,4,False,direct,0,384,0.9871493217101264,0.9703243182730209,0.9980344293441493,0.012076483790733946,0.0014449522523686024,0.028702811863188096
2,per_pair,4,False,direct,1,256,0.9919609610900685,0.9786159525670171,0.9994086350739644,-0.001699685274818178,-0.006613597619690822,0.0015697760168057815
2,per_pair,4,False,direct,2,128,0.9983901688611564,0.9975367559561632,0.9991316183077327,-0.0008304380011442923,-0.00413126335581286,0.0011924551318207317
2,per_pair,4,False,direct,3,0,0.9956219303561185,0.9889780562717259,0.9996175158455936,0.0,0.0,0.0
2,per_pair,4,False,oracle,0,384,0.9984811495129744,0.9979560240075266,0.9989401509380071,0.0,0.0,0.0
2,per_pair,4,False,oracle,1,256,0.9982615568045458,0.9974751502966578,0.9989171455148868,0.0,0.0,0.0
2,per_pair,4,False,oracle,2,128,0.9977519592200556,0.9965061474679013,0.9987303287349286,0.0,0.0,0.0
2,per_pair,4,False,oracle,3,0,0.9974187023183266,0.9957126813616948,0.9986913114817281,0.0,0.0,0.0
2,per_pair,4,False,fixed_homeostasis,0,384,0.9247314000476321,0.8494872094529995,0.9799795361749214,0.07326629863956222,0.018366383962609263,0.14843429285072676
2,per_pair,4,False,fixed_homeostasis,1,256,0.925974710133625,0.8679029627990009,0.974391281949129,0.06145752030574289,0.02101706319330842,0.10841401491874521
2,per_pair,4,False,fixed_homeostasis,2,128,0.9831747852055688,0.9665517909538172,0.9942793670490357,0.013457371509955015,0.003259902786456635,0.029543991678764918
2,per_pair,4,False,fixed_homeostasis,3,0,0.9953397549653542,0.9911894874010375,0.9986229851864952,0.0,0.0,0.0
2,per_pair,4,False,fixed_sham,0,384,0.9022615809113027,0.8219037829735287,0.9641403252300795,0.09565084199564705,0.03421877197766606,0.17579326507027404
2,per_pair,4,False,fixed_sham,1,256,0.947862880933773,0.9074503946489076,0.9812015321696852,0.03891076813758055,0.012779167742535468,0.07101920133836835
2,per_pair,4,False,fixed_sham,2,128,0.9850802191976571,0.9749942258156058,0.9932259083811382,0.011169606345727386,0.003541632216734756,0.021009159044158256
2,per_pair,4,False,fixed_sham,3,0,0.9934226306175888,0.987251439916777,0.9982447260405415,0.0,0.0,0.0
2,per_pair,8,False,baseline6,0,896,0.7581143514580979,0.6491625203196509,0.8589221896391774,0.2400489952605257,0.1391568985362567,0.3490267205370443
2,per_pair,8,False,baseline6,1,768,0.7545201249888422,0.6350930478366594,0.8644093367322238,0.23452450376726658,0.12585901632990706,0.353427626488657
2,per_pair,8,False,baseline6,2,640,0.8472490747671035,0.7474885415389906,0.9324097507579204,0.15034448217551538,0.06557608486827046,0.24966509168478876
2,per_pair,8,False,baseline6,3,512,0.8719101162666913,0.7790530550436802,0.9507297221852757,0.11943814701575094,0.04168623035219002,0.21191809276154347
2,per_pair,8,False,baseline6,4,384,0.9377445764140165,0.8640838775185053,0.9892463273058483,0.05704989763713797,0.008933876432878332,0.1298784012442765
2,per_pair,8,False,baseline6,5,256,0.9171106710761984,0.8544784263327182,0.9674172899125972,0.0807755387425733,0.030579681432163903,0.14324555783849732
2,per_pair,8,False,baseline6,6,128,0.9747360166127289,0.9424836573917896,0.9970160640851722,0.019146257778292736,-0.0033480304256327444,0.05080879986585503
2,per_pair,8,False,baseline6,7,0,0.9935063970009832,0.9823057040184443,0.9997009570802589,0.0,0.0,0.0
2,per_pair,8,False,ordinary,0,896,0.7581143514580979,0.6491625203196509,0.8589221896391774,0.2400489952605257,0.1391568985362567,0.3490267205370443
2,per_pair,8,False,ordinary,1,768,0.7545201249888422,0.6350930478366594,0.8644093367322238,0.23452450376726658,0.12585901632990706,0.353427626488657
2,per_pair,8,False,ordinary,2,640,0.8472490747671035,0.7474885415389906,0.9324097507579204,0.15034448217551538,0.06557608486827046,0.24966509168478876
2,per_pair,8,False,ordinary,3,512,0.8719101162666913,0.7790530550436802,0.9507297221852757,0.11943814701575094,0.04168623035219002,0.21191809276154347
2,per_pair,8,False,ordinary,4,384,0.9377445764140165,0.8640838775185053,0.9892463273058483,0.05704989763713797,0.008933876432878332,0.1298784012442765
2,per_pair,8,False,ordinary,5,256,0.9171106710761984,0.8544784263327182,0.9674172899125972,0.0807755387425733,0.030579681432163903,0.14324555783849732
2,per_pair,8,False,ordinary,6,128,0.9747360166127289,0.9424836573917896,0.9970160640851722,0.019146257778292736,-0.0033480304256327444,0.05080879986585503
2,per_pair,8,False,ordinary,7,0,0.9935063970009832,0.9823057040184443,0.9997009570802589,0.0,0.0,0.0
2,per_pair,8,False,homeostasis,0,896,0.7817541973829529,0.6645391605009532,0.8881967426813421,0.21624350130424136,0.10965180795177881,0.33357818121850663
2,per_pair,8,False,homeostasis,1,768,0.7913084501940196,0.6792611904957856,0.8911942390003766,0.1961237802453482,0.09859881227959721,0.3072720160954927
2,per_pair,8,False,homeostasis,2,640,0.8308082951270729,0.7189918677086335,0.926514648052176,0.16582386158845097,0.07106612137300872,0.27690230433997476
2,per_pair,8,False,homeostasis,3,512,0.8677744267720264,0.776742298105954,0.9441411825352544,0.12756532819332767,0.051500026998515885,0.21832196139486146
2,per_pair,8,False,homeostasis,4,384,0.9304106640097193,0.8570098371948864,0.9810796378177477,0.06699558493565118,0.016874292652370396,0.14016389730306028
2,per_pair,8,False,homeostasis,5,256,0.9290571523816776,0.8630047052884539,0.9803579924871688,0.0694501719933425,0.01823078539909303,0.13542254440632376
2,per_pair,8,False,homeostasis,6,128,0.9731344837897782,0.9409279332624572,0.9939004367763954,0.0016865389621281215,-0.04474932375083997,0.044055289986828276
2,per_pair,8,False,homeostasis,7,0,0.9855788312150264,0.9583021514354128,0.9996900692713727,0.0,0.0,0.0
2,per_pair,8,False,sham,0,896,0.7786297665376969,0.6780226006154517,0.8712593610993373,0.21928265636925293,0.12654898332789577,0.3201512412269824
2,per_pair,8,False,sham,1,768,0.799969870667335,0.6914673019278125,0.8953961173157289,0.18680377840401857,0.088714795829221,0.2980028137841062
2,per_pair,8,False,sham,2,640,0.8382360457240923,0.7331880062760414,0.9274891148221508,0.15801377981929224,0.06910960584105325,0.2628191846483843
2,per_pair,8,False,sham,3,512,0.8796774785206306,0.7903762392975253,0.9534281057163212,0.11374515209695824,0.041274349032963724,0.202267829736559
2,per_pair,8,False,sham,4,384,0.9461802265828216,0.8795989152006187,0.986691076711781,0.049426805280207056,0.010095753291618116,0.11537265025166593
2,per_pair,8,False,sham,5,256,0.9379472945682885,0.8849148018646128,0.979311093737214,0.06004371566447709,0.018934499339903273,0.11296305832843907
2,per_pair,8,False,sham,6,128,0.9782412277662466,0.9581891772548924,0.9948937473109335,0.016711188470260218,-0.00012059983973830925,0.03706656995150857
2,per_pair,8,False,sham,7,0,0.9922957671443222,0.9782011369321805,0.999607196451878,0.0,0.0,0.0
2,per_pair,8,False,random_ordinary,0,896,0.7696034409569726,0.6880937032404839,0.8435161923639732,0.22675802459732097,0.15305515435744216,0.3081062822477988
2,per_pair,8,False,random_ordinary,1,768,0.7323327369681806,0.6419357411352687,0.8160004412775876,0.2603302043809556,0.17675368064751132,0.35086887313467024
2,per_pair,8,False,random_ordinary,2,640,0.7924614446454861,0.6866080019570835,0.8841193212871786,0.19741116887670385,0.10593113609876317,0.30339969569453873
2,per_pair,8,False,random_ordinary,3,512,0.8346957295029105,0.7711611166592062,0.891222529655822,0.157150296723582,0.10106475631798376,0.22028972619653306
2,per_pair,8,False,random_ordinary,4,384,0.9096090779383219,0.8733773381216019,0.9429683867226251,0.08274507159440198,0.05084245825017446,0.11728727012837935
2,per_pair,8,False,random_ordinary,5,256,0.8944374641388528,0.839500551458766,0.9411741955099147,0.09959754480708666,0.05409895267483822,0.15354345790984844
2,per_pair,8,False,random_ordinary,6,128,0.9568249231425954,0.9235511145666142,0.9829163555266979,0.03503499289904222,0.009139305093920653,0.06768323925853338
2,per_pair,8,False,random_ordinary,7,0,0.9872855861597327,0.9674799511249373,0.9982481773365328,0.0,0.0,0.0
2,per_pair,8,False,random_homeostasis,0,896,0.7726011072126252,0.6919225248695704,0.8448542911781881,0.22323592077089424,0.15145756076962288,0.30351831754295955
2,per_pair,8,False,random_homeostasis,1,768,0.7351322818658202,0.6438288603559582,0.8188412368412404,0.25616529619280065,0.17187614659253858,0.34790561210562204
2,per_pair,8,False,random_homeostasis,2,640,0.8003653207735557,0.6984530170069936,0.8880217220499756,0.1909138796214303,0.10358571663646396,0.2930895372589501
2,per_pair,8,False,random_homeostasis,3,512,0.838383959351056,0.772944070630113,0.8972215575791213,0.1518476706259287,0.09380006508097118,0.2162336839126842
2,per_pair,8,False,random_homeostasis,4,384,0.9187259147284199,0.8835621202732514,0.9504776900080983,0.07388490356898374,0.04334176418832699,0.10754114560657375
2,per_pair,8,False,random_homeostasis,5,256,0.897689983859256,0.8430595046795031,0.942927981121279,0.09541794815080537,0.050599788298181195,0.14974709113687168
2,per_pair,8,False,random_homeostasis,6,128,0.9577803812465261,0.9245991717880625,0.9843496204904355,0.03202043166619824,0.005983830902926394,0.06457319659699988
2,per_pair,8,False,random_homeostasis,7,0,0.9887478607825624,0.9717288518858954,0.9980689651423901,0.0,0.0,0.0
2,per_pair,8,False,direct,0,896,0.88695390843722,0.7923099548342871,0.9635042824316574,0.11227189706364032,0.03563612480099758,0.20691680605150845
2,per_pair,8,False,direct,1,768,0.9168129933376823,0.8481657310470367,0.9717904567802714,0.07344828247756809,0.02431084189376838,0.1373764331215435
2,per_pair,8,False,direct,2,640,0.917438480769852,0.8225924774963435,0.9861738522628634,0.08012125009016009,0.011387174949260273,0.17486791976326552
2,per_pair,8,False,direct,3,512,0.9442377230013744,0.8943621240231838,0.9816087210325242,0.05138420735474408,0.015378721623096257,0.10013912308979434
2,per_pair,8,False,direct,4,384,0.9846614464196726,0.9661199611450674,0.9968237087849932,0.013376112489487526,0.0018161127136383456,0.0316394503374615
2,per_pair,8,False,direct,5,256,0.9738537163740038,0.9318190256031281,0.9966621193696007,0.02490329180880894,0.0025169888406838363,0.06665668096554929
2,per_pair,8,False,direct,6,128,0.9765348659405932,0.9340819826846318,0.9987029703652598,0.0028386869502314872,-0.00037401612036414694,0.00801010066884095
2,per_pair,8,False,direct,7,0,0.9871549754265048,0.9620633335819417,0.9998094169388437,0.0,0.0,0.0
2,per_pair,8,False,oracle,0,896,0.9984811495129744,0.9979560240075266,0.9989401509380071,0.0,0.0,0.0
2,per_pair,8,False,oracle,1,768,0.9982615568045458,0.9974751502966578,0.9989171455148868,0.0,0.0,0.0
2,per_pair,8,False,oracle,2,640,0.9977519592200556,0.9965061474679013,0.9987303287349286,0.0,0.0,0.0
2,per_pair,8,False,oracle,3,512,0.9974187023183266,0.9957126813616948,0.9986913114817281,0.0,0.0,0.0
2,per_pair,8,False,oracle,4,384,0.9974407311728545,0.9961458443505409,0.9985161773033439,0.0,0.0,0.0
2,per_pair,8,False,oracle,5,256,0.997874185963114,0.9967212544052128,0.99877345039125,0.0,0.0,0.0
2,per_pair,8,False,oracle,6,128,0.9982548860118845,0.9976545609413978,0.9987620968566842,0.0,0.0,0.0
2,per_pair,8,False,oracle,7,0,0.998722874524623,0.9981005927156306,0.999237459070919,0.0,0.0,0.0
2,per_pair,8,False,fixed_homeostasis,0,896,0.7817541973829529,0.6645391605009532,0.8881967426813421,0.21624350130424136,0.10965180795177881,0.33357818121850663
2,per_pair,8,False,fixed_homeostasis,1,768,0.7913084501940196,0.6792611904957856,0.8911942390003766,0.1961237802453482,0.09859881227959721,0.3072720160954927
2,per_pair,8,False,fixed_homeostasis,2,640,0.8308082951270729,0.7189918677086335,0.926514648052176,0.16582386158845097,0.07106612137300872,0.27690230433997476
2,per_pair,8,False,fixed_homeostasis,3,512,0.8677744267720264,0.776742298105954,0.9441411825352544,0.12756532819332767,0.051500026998515885,0.21832196139486146
2,per_pair,8,False,fixed_homeostasis,4,384,0.9304106640097193,0.8570098371948864,0.9810796378177477,0.06699558493565118,0.016874292652370396,0.14016389730306028
2,per_pair,8,False,fixed_homeostasis,5,256,0.9290571523816776,0.8630047052884539,0.9803579924871688,0.0694501719933425,0.01823078539909303,0.13542254440632376
2,per_pair,8,False,fixed_homeostasis,6,128,0.9731344837897782,0.9409279332624572,0.9939004367763954,0.0016865389621281215,-0.04474932375083997,0.044055289986828276
2,per_pair,8,False,fixed_homeostasis,7,0,0.9855788312150264,0.9583021514354128,0.9996900692713727,0.0,0.0,0.0
2,per_pair,8,False,fixed_sham,0,896,0.7786297665376969,0.6780226006154517,0.8712593610993373,0.21928265636925293,0.12654898332789577,0.3201512412269824
2,per_pair,8,False,fixed_sham,1,768,0.799969870667335,0.6914673019278125,0.8953961173157289,0.18680377840401857,0.088714795829221,0.2980028137841062
2,per_pair,8,False,fixed_sham,2,640,0.8382360457240923,0.7331880062760414,0.9274891148221508,0.15801377981929224,0.06910960584105325,0.2628191846483843
2,per_pair,8,False,fixed_sham,3,512,0.8796774785206306,0.7903762392975253,0.9534281057163212,0.11374515209695824,0.041274349032963724,0.202267829736559
2,per_pair,8,False,fixed_sham,4,384,0.9461802265828216,0.8795989152006187,0.986691076711781,0.049426805280207056,0.010095753291618116,0.11537265025166593
2,per_pair,8,False,fixed_sham,5,256,0.9379472945682885,0.8849148018646128,0.979311093737214,0.06004371566447709,0.018934499339903273,0.11296305832843907
2,per_pair,8,False,fixed_sham,6,128,0.9782412277662466,0.9581891772548924,0.9948937473109335,0.016711188470260218,-0.00012059983973830925,0.03706656995150857
2,per_pair,8,False,fixed_sham,7,0,0.9922957671443222,0.9782011369321805,0.999607196451878,0.0,0.0,0.0
2,per_pair,16,False,baseline6,0,1920,0.590978945792596,0.45337741725429304,0.7266765945016345,0.4071844009260276,0.27165405718539026,0.5447171630713895
2,per_pair,16,False,baseline6,1,1792,0.7607137851528588,0.6424731984644431,0.8654815286564279,0.22833084360325007,0.12039999747770551,0.3490218975596104
2,per_pair,16,False,baseline6,2,1664,0.6823020919471734,0.5786897621861271,0.7822250295112444,0.31529146499544547,0.21601068131513868,0.41845713568221615
2,per_pair,16,False,baseline6,3,1536,0.66602817103018,0.5344549544898063,0.7900253855788507,0.32532009225226244,0.2006255949724181,0.45685366547021194
2,per_pair,16,False,baseline6,4,1408,0.7214023486462597,0.5871312334356953,0.8456760214066585,0.27339212540489477,0.1493915316783677,0.407593911324493
2,per_pair,16,False,baseline6,5,1280,0.7131252002679033,0.5938425384459091,0.8230797417861542,0.2847610095508684,0.174470130653039,0.40416564174228536
2,per_pair,16,False,baseline6,6,1152,0.6697345265679508,0.5357223232835121,0.7960651241047491,0.3241477478230709,0.19854582193844666,0.45803163721549506
2,per_pair,16,False,baseline6,7,1024,0.7467785392983439,0.6264216813086343,0.8558369637455258,0.24672785770263936,0.1400666890386106,0.36391364682578214
2,per_pair,16,False,baseline6,8,896,0.8389655959117871,0.7448851897394378,0.9188543875472601,0.15866749351889842,0.07965515056892321,0.2522306348024785
2,per_pair,16,False,baseline6,9,768,0.7843425965452588,0.676670168663073,0.8790913463331538,0.21346390873317306,0.11968546343348954,0.3198770652564412
2,per_pair,16,False,baseline6,10,640,0.9102326107757034,0.8513861032500528,0.9606303126364081,0.08809005673972867,0.03767181600410843,0.1469309523280414
2,per_pair,16,False,baseline6,11,512,0.8234090237763305,0.7079615179967337,0.923431588249656,0.17435505407419377,0.07412537518025329,0.29006706592236814
2,per_pair,16,False,baseline6,12,384,0.9037999903305978,0.8085043948623624,0.9796926938866025,0.0944027956002268,0.019327703325563557,0.1890533999929886
2,per_pair,16,False,baseline6,13,256,0.9073079444315726,0.8184240536828276,0.974960000871654,0.07104379231685812,0.02184770032158186,0.14092449002730612
2,per_pair,16,False,baseline6,14,128,0.987757912908061,0.9736088869831617,0.9975151357179355,0.005693142312399948,-0.009232664600613118,0.02141606048457976
2,per_pair,16,False,baseline6,15,0,0.9783331334318952,0.9504176209340487,0.9982831108193774,0.0,0.0,0.0
2,per_pair,16,False,ordinary,0,1920,0.590978945792596,0.45337741725429304,0.7266765945016345,0.4071844009260276,0.27165405718539026,0.5447171630713895
2,per_pair,16,False,ordinary,1,1792,0.7607137851528588,0.6424731984644431,0.8654815286564279,0.22833084360325007,0.12039999747770551,0.3490218975596104
2,per_pair,16,False,ordinary,2,1664,0.6823020919471734,0.5786897621861271,0.7822250295112444,0.31529146499544547,0.21601068131513868,0.41845713568221615
2,per_pair,16,False,ordinary,3,1536,0.66602817103018,0.5344549544898063,0.7900253855788507,0.32532009225226244,0.2006255949724181,0.45685366547021194
2,per_pair,16,False,ordinary,4,1408,0.7214023486462597,0.5871312334356953,0.8456760214066585,0.27339212540489477,0.1493915316783677,0.407593911324493
2,per_pair,16,False,ordinary,5,1280,0.7131252002679033,0.5938425384459091,0.8230797417861542,0.2847610095508684,0.174470130653039,0.40416564174228536
2,per_pair,16,False,ordinary,6,1152,0.6697345265679508,0.5357223232835121,0.7960651241047491,0.3241477478230709,0.19854582193844666,0.45803163721549506
2,per_pair,16,False,ordinary,7,1024,0.7467785392983439,0.6264216813086343,0.8558369637455258,0.24672785770263936,0.1400666890386106,0.36391364682578214
2,per_pair,16,False,ordinary,8,896,0.8389655959117871,0.7448851897394378,0.9188543875472601,0.15866749351889842,0.07965515056892321,0.2522306348024785
2,per_pair,16,False,ordinary,9,768,0.7843425965452588,0.676670168663073,0.8790913463331538,0.21346390873317306,0.11968546343348954,0.3198770652564412
2,per_pair,16,False,ordinary,10,640,0.9102326107757034,0.8513861032500528,0.9606303126364081,0.08809005673972867,0.03767181600410843,0.1469309523280414
2,per_pair,16,False,ordinary,11,512,0.8234090237763305,0.7079615179967337,0.923431588249656,0.17435505407419377,0.07412537518025329,0.29006706592236814
2,per_pair,16,False,ordinary,12,384,0.9037999903305978,0.8085043948623624,0.9796926938866025,0.0944027956002268,0.019327703325563557,0.1890533999929886
2,per_pair,16,False,ordinary,13,256,0.9073079444315726,0.8184240536828276,0.974960000871654,0.07104379231685812,0.02184770032158186,0.14092449002730612
2,per_pair,16,False,ordinary,14,128,0.987757912908061,0.9736088869831617,0.9975151357179355,0.005693142312399948,-0.009232664600613118,0.02141606048457976
2,per_pair,16,False,ordinary,15,0,0.9783331334318952,0.9504176209340487,0.9982831108193774,0.0,0.0,0.0
2,per_pair,16,False,homeostasis,0,1920,0.6145923345599619,0.4824859623794433,0.743223311101229,0.3834053641272325,0.25528794725256326,0.5146155310732619
2,per_pair,16,False,homeostasis,1,1792,0.7018617276370684,0.5748621492029051,0.8197047206547647,0.2855705028022994,0.16387257955874968,0.4152138365890758
2,per_pair,16,False,homeostasis,2,1664,0.6893458816923517,0.5800279685660499,0.7925492069869499,0.30728627502317213,0.20488606465314782,0.416199151040649
2,per_pair,16,False,homeostasis,3,1536,0.604350688861227,0.46170834447055237,0.7417491017601501,0.39098906610412715,0.25234136737973756,0.5347580693921117
2,per_pair,16,False,homeostasis,4,1408,0.7420690173392839,0.6175889308960819,0.8572922029879113,0.25533723160608646,0.14117240119286292,0.3791634528897803
2,per_pair,16,False,homeostasis,5,1280,0.7964830498545309,0.7015687096628248,0.879567413861817,0.20202427452048932,0.1186533165790867,0.29730368750157943
2,per_pair,16,False,homeostasis,6,1152,0.6548438601776536,0.521559765383579,0.7805707819177281,0.3199771625742528,0.20093692616022812,0.44653901524668105
2,per_pair,16,False,homeostasis,7,1024,0.68726717403842,0.5534097095540507,0.8132541424977408,0.2983116571766064,0.1780558888354009,0.42647333011185773
2,per_pair,16,False,homeostasis,8,896,0.8002784313244744,0.6851980319791264,0.9019440547472957,0.1979854383269685,0.09660615152018971,0.31282030261494664
2,per_pair,16,False,homeostasis,9,768,0.796873233905472,0.6842125898850814,0.896484893603576,0.1998083954063105,0.10145934263228511,0.31118284097223237
2,per_pair,16,False,homeostasis,10,640,0.8751183954468644,0.7885794023981422,0.947593932648571,0.11932819016323229,0.045680417821734376,0.20671821098216575
2,per_pair,16,False,homeostasis,11,512,0.8246501549501521,0.7107681023858555,0.9225762584690606,0.1718580454230358,0.07336094681262567,0.2861110575340244
2,per_pair,16,False,homeostasis,12,384,0.9219346571936615,0.8453481229183404,0.9846666582123438,0.07748964613592998,0.014730796144748736,0.15415261711069406
2,per_pair,16,False,homeostasis,13,256,0.9311136376205942,0.8657797799453574,0.9818562234689284,0.04996193331833214,0.014212757354974796,0.0960802889195017
2,per_pair,16,False,homeostasis,14,128,0.9753765475596372,0.9507085981257956,0.9939265303408944,0.019733089213745874,0.0008091640101240679,0.043912297208095454
2,per_pair,16,False,homeostasis,15,0,0.9738798320641069,0.9320662766515898,0.9992414792920221,0.0,0.0,0.0
2,per_pair,16,False,sham,0,1920,0.6628292603112997,0.535619450613593,0.7837487632961772,0.3350831625956501,0.21448764761323116,0.46197983423133454
2,per_pair,16,False,sham,1,1792,0.7532836894988866,0.6480447691320325,0.8482512561264025,0.23348995957246693,0.13337333265338996,0.34222717457096147
2,per_pair,16,False,sham,2,1664,0.6638460367565417,0.551599933383339,0.7686284132037097,0.33240378878684274,0.2287640760167463,0.4434441369955824
2,per_pair,16,False,sham,3,1536,0.6261786238351884,0.49831432864441405,0.7474909667161238,0.36724400678240043,0.24639163182908516,0.4947819843423866
2,per_pair,16,False,sham,4,1408,0.709294997883368,0.5860181657945556,0.8246436517463046,0.2863120339796607,0.17112948833998617,0.40960699515607274
2,per_pair,16,False,sham,5,1280,0.73825234558484,0.6405941704985151,0.8278013466644222,0.2597386646479255,0.17015711522840968,0.3575091728171712
2,per_pair,16,False,sham,6,1152,0.6539494474363281,0.5309149526266931,0.7708168711514233,0.34100296880017855,0.22483853779283575,0.463405564358739
2,per_pair,16,False,sham,7,1024,0.710487981276036,0.5946693983400861,0.8182343954781547,0.28180778586828614,0.1750459518753783,0.39786402200258675
2,per_pair,16,False,sham,8,896,0.8580038752756408,0.7734815216007184,0.9293414319849014,0.14021078398814868,0.0687473776521947,0.22498940573000425
2,per_pair,16,False,sham,9,768,0.7964155068696649,0.6980588586091275,0.8827732023368202,0.20092657267160818,0.11543442357759161,0.298147328486547
2,per_pair,16,False,sham,10,640,0.9178306344450304,0.8690098444882224,0.9589337707159613,0.08022047159767484,0.03900476624460464,0.12914096724901722
2,per_pair,16,False,sham,11,512,0.8742558266894505,0.8073833542737326,0.9314872998179188,0.12120506535559862,0.0631732378958671,0.1887266721388334
2,per_pair,16,False,sham,12,384,0.9001854731024861,0.8251903881046107,0.961537647726247,0.09806155497885402,0.03668937846643356,0.1730123586487586
2,per_pair,16,False,sham,13,256,0.91482186744184,0.8474824339540786,0.9690124559558484,0.0751894835828708,0.027033228125520902,0.13455276234923164
2,per_pair,16,False,sham,14,128,0.9865449794091163,0.9723940556187521,0.9966136234245433,0.007918465582978065,-0.005648264282777043,0.02313719401197369
2,per_pair,16,False,sham,15,0,0.9831868858911181,0.9609291145645645,0.9986626394358306,0.0,0.0,0.0
2,per_pair,16,False,random_ordinary,0,1920,0.5642485150518648,0.47566382819506625,0.6512634012433623,0.43211295050242876,0.34515751736350586,0.5208848336753739
2,per_pair,16,False,random_ordinary,1,1792,0.6764686787240318,0.5794888255559832,0.7683644491046375,0.3161942626251044,0.22319906432074862,0.4136257045305344
2,per_pair,16,False,random_ordinary,2,1664,0.6775300954002174,0.594452103482695,0.7588471883636774,0.31234251812197233,0.2332866720581049,0.3933155871870828
2,per_pair,16,False,random_ordinary,3,1536,0.6430206598776392,0.5385548354300338,0.7422698545020916,0.3488253663488532,0.2502133839254645,0.4520498094863117
2,per_pair,16,False,random_ordinary,4,1408,0.7571397503282997,0.6707594250724475,0.8360790776788734,0.23521439920442413,0.15734028903781017,0.32038031494683666
2,per_pair,16,False,random_ordinary,5,1280,0.653963138373683,0.5854680845308665,0.7221381037568639,0.3400718705722564,0.27225215008938236,0.40843328333693835
2,per_pair,16,False,random_ordinary,6,1152,0.6655399417200218,0.5733124976016468,0.7532659873625576,0.32631997432161575,0.24048549623632764,0.4172370678715497
2,per_pair,16,False,random_ordinary,7,1024,0.7801872561078553,0.7006183120187862,0.8544640321727152,0.2070983300518773,0.13128408069465097,0.2886869495609019
2,per_pair,16,False,random_ordinary,8,896,0.78537795691982,0.7099667586177754,0.8551298062811662,0.2084949091449364,0.14022674004100416,0.2823007835932173
2,per_pair,16,False,random_ordinary,9,768,0.7046853111690301,0.6080099475227841,0.7954379786356364,0.2887248004520713,0.19923687315464986,0.38452021355148575
2,per_pair,16,False,random_ordinary,10,640,0.8292886248812696,0.7617433737109106,0.8891805907974014,0.16647778121814122,0.10717707613716738,0.23342123624872277
2,per_pair,16,False,random_ordinary,11,512,0.8696175071622072,0.8131557929173912,0.9186210016156636,0.12411879122693228,0.07505123551121572,0.18043477841606828
2,per_pair,16,False,random_ordinary,12,384,0.8753541083767522,0.8066734236771184,0.9333873970098223,0.11845013328590584,0.061480030007375716,0.18579332883659774
2,per_pair,16,False,random_ordinary,13,256,0.8798942202487987,0.8329589329979296,0.9228916755049384,0.1027580778617819,0.06216428103518367,0.14809173292298075
2,per_pair,16,False,random_ordinary,14,128,0.9529476139562745,0.9145715192175988,0.9837361852976049,0.040525296021501706,0.01154724506793998,0.07700687756905332
2,per_pair,16,False,random_ordinary,15,0,0.9887222202738619,0.9773406541408198,0.9970728156046017,0.0,0.0,0.0
2,per_pair,16,False,random_homeostasis,0,1920,0.6075526045656691,0.524555826693997,0.6890992317447062,0.3882844234178504,0.3066275963499716,0.47139917868947484
2,per_pair,16,False,random_homeostasis,1,1792,0.6878605018726759,0.5892607320404903,0.7798485465836806,0.30343707618594495,0.2099489952002816,0.4033379819143789
2,per_pair,16,False,random_homeostasis,2,1664,0.6651161196343527,0.5895518781597618,0.7396432878443562,0.3261630807606331,0.25396084786537976,0.3999476878359359
2,per_pair,16,False,random_homeostasis,3,1536,0.6216202893707519,0.5179310505255404,0.7198843738888772,0.3686113406062328,0.271493473522909,0.4701015617190304
2,per_pair,16,False,random_homeostasis,4,1408,0.7793575352118415,0.7099623669031971,0.844670051992958,0.21325328308556213,0.1491661188433502,0.28162250841159303
2,per_pair,16,False,random_homeostasis,5,1280,0.6774977410426763,0.6094381358628452,0.7445872514885649,0.3156101909673852,0.24880931404424408,0.3834332673764022
2,per_pair,16,False,random_homeostasis,6,1152,0.6834147247953832,0.5846980665110676,0.7755823440935876,0.306386088117341,0.21648378884111183,0.40331645215001144
2,per_pair,16,False,random_homeostasis,7,1024,0.7877850420705912,0.7101481537522207,0.860521603162101,0.2009628187119711,0.12676796661936401,0.28049755635843965
2,per_pair,16,False,random_homeostasis,8,896,0.7904871149021472,0.7047686163080032,0.8677837041493425,0.20418704394141368,0.12787477262533722,0.28880308124391424
2,per_pair,16,False,random_homeostasis,9,768,0.7190647106670957,0.62816181017066,0.8044595380272708,0.2746014507037298,0.1898832478606868,0.3647069530391428
2,per_pair,16,False,random_homeostasis,10,640,0.8334528349224457,0.7633379132154945,0.8939685541366414,0.16257305655070356,0.10231657307794029,0.23233493860868842
2,per_pair,16,False,random_homeostasis,11,512,0.86105110808735,0.8058539150729649,0.9096534184638101,0.1312562280759459,0.08320319153884313,0.18545078104673107
2,per_pair,16,False,random_homeostasis,12,384,0.8580433290498175,0.7807959983679282,0.9233211150182568,0.13452512340569525,0.07023960024935395,0.2102346308687819
2,per_pair,16,False,random_homeostasis,13,256,0.876209596325781,0.8286689784858738,0.9189006145074016,0.10180344764134441,0.06605136576425198,0.14189573276521722
2,per_pair,16,False,random_homeostasis,14,128,0.9643193235533274,0.9350997473520603,0.9870035692878967,0.028687168270969062,0.007032258144124991,0.056941632029274124
2,per_pair,16,False,random_homeostasis,15,0,0.9852592968663523,0.9708442498075218,0.9960664017484002,0.0,0.0,0.0
2,per_pair,16,False,direct,0,1920,0.6788794305094819,0.5424989412159482,0.8063964036672125,0.32034637499137847,0.19308827924943547,0.45642284187015736
2,per_pair,16,False,direct,1,1792,0.8239609900339453,0.7103466248438959,0.9202316310837038,0.1663002857813051,0.06873160104496531,0.2807652280636267
2,per_pair,16,False,direct,2,1664,0.8141581595128131,0.699730089033671,0.9132818082299475,0.18340157134719898,0.08436731742686297,0.29798034817073704
2,per_pair,16,False,direct,3,1536,0.7067591439636867,0.5605346816128287,0.8394024588405034,0.2888627863924319,0.1571011452722283,0.43402855779199195
2,per_pair,16,False,direct,4,1408,0.7852612070555872,0.6645334816862258,0.8932039002937152,0.21277635185357283,0.10523073417579085,0.3329357169245689
2,per_pair,16,False,direct,5,1280,0.7942336878724,0.685430185532476,0.8910645260781002,0.20452332031041265,0.10805813951721738,0.31302666274997354
2,per_pair,16,False,direct,6,1152,0.7909678916061771,0.6803740073035267,0.8882989341854309,0.18840566128464775,0.08993771372171794,0.3000312408906964
2,per_pair,16,False,direct,7,1024,0.8871532329450402,0.8022651924706096,0.9587519513012086,0.1000017424814647,0.02236511243619425,0.18884788296211927
2,per_pair,16,False,direct,8,896,0.9068006726998813,0.8282580937005997,0.9667268894646169,0.09251998871127154,0.032661052644450406,0.17094406299326576
2,per_pair,16,False,direct,9,768,0.8192882743545351,0.7040024268975659,0.9203014950793085,0.17386999141985138,0.0769359101739787,0.28433323029552704
2,per_pair,16,False,direct,10,640,0.9273139904907886,0.8684742281504708,0.9762250215524415,0.07158885311924364,0.02279185298368691,0.13050946750946268
2,per_pair,16,False,direct,11,512,0.9435510816545547,0.8806505546581608,0.9869516907003028,0.050738149638679425,0.011575085638132504,0.10663359117347102
2,per_pair,16,False,direct,12,384,0.9942548872802459,0.987646141640199,0.9983910627211313,0.005359856142114872,0.0012145518965003559,0.011978812999821264
2,per_pair,16,False,direct,13,256,0.9345854623471721,0.8594162010316397,0.9944439382327955,0.05510285711395828,0.004535285234483125,0.11703785278690074
2,per_pair,16,False,direct,14,128,0.9843175899010491,0.9602148076352498,0.9986312093626459,0.012994031158784374,0.00013573084326274056,0.03476397427201829
2,per_pair,16,False,direct,15,0,0.9899540822998374,0.9741833802218786,0.9997595974009538,0.0,0.0,0.0
2,per_pair,16,False,oracle,0,1920,0.9984811495129744,0.9979560240075266,0.9989401509380071,0.0,0.0,0.0
2,per_pair,16,False,oracle,1,1792,0.9982615568045458,0.9974751502966578,0.9989171455148868,0.0,0.0,0.0
2,per_pair,16,False,oracle,2,1664,0.9977519592200556,0.9965061474679013,0.9987303287349286,0.0,0.0,0.0
2,per_pair,16,False,oracle,3,1536,0.9974187023183266,0.9957126813616948,0.9986913114817281,0.0,0.0,0.0
2,per_pair,16,False,oracle,4,1408,0.9974407311728545,0.9961458443505409,0.9985161773033439,0.0,0.0,0.0
2,per_pair,16,False,oracle,5,1280,0.997874185963114,0.9967212544052128,0.99877345039125,0.0,0.0,0.0
2,per_pair,16,False,oracle,6,1152,0.9982548860118845,0.9976545609413978,0.9987620968566842,0.0,0.0,0.0
2,per_pair,16,False,oracle,7,1024,0.998722874524623,0.9981005927156306,0.999237459070919,0.0,0.0,0.0
2,per_pair,16,False,oracle,8,896,0.998337904382621,0.9973332067006644,0.9990991450996897,0.0,0.0,0.0
2,per_pair,16,False,oracle,9,768,0.9985020580028092,0.997750874869816,0.999121909016541,0.0,0.0,0.0
2,per_pair,16,False,oracle,10,640,0.9984842059177556,0.9979249111381479,0.9989780474030472,0.0,0.0,0.0
2,per_pair,16,False,oracle,11,512,0.9986258157932326,0.9981084590207171,0.9990654692652885,0.0,0.0,0.0
2,per_pair,16,False,oracle,12,384,0.9975987089056507,0.9965995598327375,0.9984796803078244,0.0,0.0,0.0
2,per_pair,16,False,oracle,13,256,0.9973506111643845,0.9956624442046685,0.9985657348933056,0.0,0.0,0.0
2,per_pair,16,False,oracle,14,128,0.9980001644558214,0.9968896535337334,0.9989037829990156,0.0,0.0,0.0
2,per_pair,16,False,oracle,15,0,0.9977560123683362,0.9964869642560708,0.9987931900879962,0.0,0.0,0.0
2,per_pair,16,False,fixed_homeostasis,0,1920,0.6145923345599619,0.4824859623794433,0.743223311101229,0.3834053641272325,0.25528794725256326,0.5146155310732619
2,per_pair,16,False,fixed_homeostasis,1,1792,0.7018617276370684,0.5748621492029051,0.8197047206547647,0.2855705028022994,0.16387257955874968,0.4152138365890758
2,per_pair,16,False,fixed_homeostasis,2,1664,0.6893458816923517,0.5800279685660499,0.7925492069869499,0.30728627502317213,0.20488606465314782,0.416199151040649
2,per_pair,16,False,fixed_homeostasis,3,1536,0.604350688861227,0.46170834447055237,0.7417491017601501,0.39098906610412715,0.25234136737973756,0.5347580693921117
2,per_pair,16,False,fixed_homeostasis,4,1408,0.7420690173392839,0.6175889308960819,0.8572922029879113,0.25533723160608646,0.14117240119286292,0.3791634528897803
2,per_pair,16,False,fixed_homeostasis,5,1280,0.7964830498545309,0.7015687096628248,0.879567413861817,0.20202427452048932,0.1186533165790867,0.29730368750157943
2,per_pair,16,False,fixed_homeostasis,6,1152,0.6548438601776536,0.521559765383579,0.7805707819177281,0.3199771625742528,0.20093692616022812,0.44653901524668105
2,per_pair,16,False,fixed_homeostasis,7,1024,0.68726717403842,0.5534097095540507,0.8132541424977408,0.2983116571766064,0.1780558888354009,0.42647333011185773
2,per_pair,16,False,fixed_homeostasis,8,896,0.8002784313244744,0.6851980319791264,0.9019440547472957,0.1979854383269685,0.09660615152018971,0.31282030261494664
2,per_pair,16,False,fixed_homeostasis,9,768,0.796873233905472,0.6842125898850814,0.896484893603576,0.1998083954063105,0.10145934263228511,0.31118284097223237
2,per_pair,16,False,fixed_homeostasis,10,640,0.8751183954468644,0.7885794023981422,0.947593932648571,0.11932819016323229,0.045680417821734376,0.20671821098216575
2,per_pair,16,False,fixed_homeostasis,11,512,0.8246501549501521,0.7107681023858555,0.9225762584690606,0.1718580454230358,0.07336094681262567,0.2861110575340244
2,per_pair,16,False,fixed_homeostasis,12,384,0.9219346571936615,0.8453481229183404,0.9846666582123438,0.07748964613592998,0.014730796144748736,0.15415261711069406
2,per_pair,16,False,fixed_homeostasis,13,256,0.9311136376205942,0.8657797799453574,0.9818562234689284,0.04996193331833214,0.014212757354974796,0.0960802889195017
2,per_pair,16,False,fixed_homeostasis,14,128,0.9753765475596372,0.9507085981257956,0.9939265303408944,0.019733089213745874,0.0008091640101240679,0.043912297208095454
2,per_pair,16,False,fixed_homeostasis,15,0,0.9738798320641069,0.9320662766515898,0.9992414792920221,0.0,0.0,0.0
2,per_pair,16,False,fixed_sham,0,1920,0.6628292603112997,0.535619450613593,0.7837487632961772,0.3350831625956501,0.21448764761323116,0.46197983423133454
2,per_pair,16,False,fixed_sham,1,1792,0.7532836894988866,0.6480447691320325,0.8482512561264025,0.23348995957246693,0.13337333265338996,0.34222717457096147
2,per_pair,16,False,fixed_sham,2,1664,0.6638460367565417,0.551599933383339,0.7686284132037097,0.33240378878684274,0.2287640760167463,0.4434441369955824
2,per_pair,16,False,fixed_sham,3,1536,0.6261786238351884,0.49831432864441405,0.7474909667161238,0.36724400678240043,0.24639163182908516,0.4947819843423866
2,per_pair,16,False,fixed_sham,4,1408,0.709294997883368,0.5860181657945556,0.8246436517463046,0.2863120339796607,0.17112948833998617,0.40960699515607274
2,per_pair,16,False,fixed_sham,5,1280,0.73825234558484,0.6405941704985151,0.8278013466644222,0.2597386646479255,0.17015711522840968,0.3575091728171712
2,per_pair,16,False,fixed_sham,6,1152,0.6539494474363281,0.5309149526266931,0.7708168711514233,0.34100296880017855,0.22483853779283575,0.463405564358739
2,per_pair,16,False,fixed_sham,7,1024,0.710487981276036,0.5946693983400861,0.8182343954781547,0.28180778586828614,0.1750459518753783,0.39786402200258675
2,per_pair,16,False,fixed_sham,8,896,0.8580038752756408,0.7734815216007184,0.9293414319849014,0.14021078398814868,0.0687473776521947,0.22498940573000425
2,per_pair,16,False,fixed_sham,9,768,0.7964155068696649,0.6980588586091275,0.8827732023368202,0.20092657267160818,0.11543442357759161,0.298147328486547
2,per_pair,16,False,fixed_sham,10,640,0.9178306344450304,0.8690098444882224,0.9589337707159613,0.08022047159767484,0.03900476624460464,0.12914096724901722
2,per_pair,16,False,fixed_sham,11,512,0.8742558266894505,0.8073833542737326,0.9314872998179188,0.12120506535559862,0.0631732378958671,0.1887266721388334
2,per_pair,16,False,fixed_sham,12,384,0.9001854731024861,0.8251903881046107,0.961537647726247,0.09806155497885402,0.03668937846643356,0.1730123586487586
2,per_pair,16,False,fixed_sham,13,256,0.91482186744184,0.8474824339540786,0.9690124559558484,0.0751894835828708,0.027033228125520902,0.13455276234923164
2,per_pair,16,False,fixed_sham,14,128,0.9865449794091163,0.9723940556187521,0.9966136234245433,0.007918465582978065,-0.005648264282777043,0.02313719401197369
2,per_pair,16,False,fixed_sham,15,0,0.9831868858911181,0.9609291145645645,0.9986626394358306,0.0,0.0,0.0
2,total,2,False,baseline6,0,256,0.9772171160947491,0.9412062737395905,0.9986914813075509,0.02141985256668302,1.7348953003667908e-05,0.057316808028704244
2,total,2,False,baseline6,1,0,0.9987816182212481,0.997492956141262,0.9996831790637047,0.0,0.0,0.0
2,total,2,False,ordinary,0,256,0.9772171160947491,0.9412062737395905,0.9986914813075509,0.02141985256668302,1.7348953003667908e-05,0.057316808028704244
2,total,2,False,ordinary,1,0,0.9987816182212481,0.997492956141262,0.9996831790637047,0.0,0.0,0.0
2,total,2,False,homeostasis,0,256,0.9752581856223881,0.9330511256677896,0.9986425902974828,0.023401228234885,-0.00011746560251053924,0.06571827262805367
2,total,2,False,homeostasis,1,0,0.9971933692203275,0.9928567971639607,0.9995896048225384,0.0,0.0,0.0
2,total,2,False,sham,0,256,0.9848614516499902,0.9630138931208965,0.9982759243808449,0.013687365427966332,0.0005312542487862451,0.03532421187025776
2,total,2,False,sham,1,0,0.9969706039951919,0.9936504544421383,0.9993450977207268,0.0,0.0,0.0
2,total,2,False,random_ordinary,0,256,0.9520664176597455,0.9239716697990787,0.9760006118944454,0.042546877382586855,0.02028470922551181,0.06900498965516962
2,total,2,False,random_ordinary,1,0,0.9979030634769097,0.9971805077467295,0.998579554785066,0.0,0.0,0.0
2,total,2,False,random_homeostasis,0,256,0.95214911600832,0.9239927732950775,0.9764852477539455,0.04155263860185522,0.019684076039623775,0.06732699033863367
2,total,2,False,random_homeostasis,1,0,0.9980687731173382,0.9974459736580757,0.9986450402325547,0.0,0.0,0.0
2,total,2,False,direct,0,256,0.9966997075861844,0.9923671808837249,0.9996988316451855,0.002150824781488314,0.000128775100799615,0.0050325339306296875
2,total,2,False,direct,1,0,0.9980769200106849,0.9946895539492399,0.9998988576036153,0.0,0.0,0.0
2,total,2,False,oracle,0,256,0.9976753946966255,0.9962095880877713,0.9988068037744763,0.0,0.0,0.0
2,total,2,False,oracle,1,0,0.9984784128908187,0.9978771905095517,0.9989704670995162,0.0,0.0,0.0
2,total,2,False,fixed_homeostasis,0,256,0.9752581856223881,0.9330511256677896,0.9986425902974828,0.023401228234885,-0.00011746560251053924,0.06571827262805367
2,total,2,False,fixed_homeostasis,1,0,0.9971933692203275,0.9928567971639607,0.9995896048225384,0.0,0.0,0.0
2,total,2,False,fixed_sham,0,256,0.9848614516499902,0.9630138931208965,0.9982759243808449,0.013687365427966332,0.0005312542487862451,0.03532421187025776
2,total,2,False,fixed_sham,1,0,0.9969706039951919,0.9936504544421383,0.9993450977207268,0.0,0.0,0.0
2,total,4,False,baseline6,0,384,0.9089467332156462,0.8295749853433354,0.9724501376006646,0.0892166135029773,0.0267500151802054,0.1673274127684402
2,total,4,False,baseline6,1,256,0.9445083312753214,0.8891963343394004,0.9838395518849785,0.04453629748078731,0.013344238952021577,0.0839527738636191
2,total,4,False,baseline6,2,128,0.9898863000802636,0.9814610740002093,0.9959808040971616,0.0077072568623552315,0.0019356108152763984,0.015783900443650245
2,total,4,False,baseline6,3,0,0.9913482632824424,0.9811569910671879,0.9988221221088566,0.0,0.0,0.0
2,total,4,False,ordinary,0,384,0.9089467332156462,0.8295749853433354,0.9724501376006646,0.0892166135029773,0.0267500151802054,0.1673274127684402
2,total,4,False,ordinary,1,256,0.9445083312753214,0.8891963343394004,0.9838395518849785,0.04453629748078731,0.013344238952021577,0.0839527738636191
2,total,4,False,ordinary,2,128,0.9898863000802636,0.9814610740002093,0.9959808040971616,0.0077072568623552315,0.0019356108152763984,0.015783900443650245
2,total,4,False,ordinary,3,0,0.9913482632824424,0.9811569910671879,0.9988221221088566,0.0,0.0,0.0
2,total,4,False,homeostasis,0,384,0.9247314000476321,0.8494872094529995,0.9799795361749214,0.07326629863956222,0.018366383962609263,0.14843429285072676
2,total,4,False,homeostasis,1,256,0.925974710133625,0.8679029627990009,0.974391281949129,0.06145752030574289,0.02101706319330842,0.10841401491874521
2,total,4,False,homeostasis,2,128,0.9831747852055688,0.9665517909538172,0.9942793670490357,0.013457371509955015,0.003259902786456635,0.029543991678764918
2,total,4,False,homeostasis,3,0,0.9953397549653542,0.9911894874010375,0.9986229851864952,0.0,0.0,0.0
2,total,4,False,sham,0,384,0.9022615809113027,0.8219037829735287,0.9641403252300795,0.09565084199564705,0.03421877197766606,0.17579326507027404
2,total,4,False,sham,1,256,0.947862880933773,0.9074503946489076,0.9812015321696852,0.03891076813758055,0.012779167742535468,0.07101920133836835
2,total,4,False,sham,2,128,0.9850802191976571,0.9749942258156058,0.9932259083811382,0.011169606345727386,0.003541632216734756,0.021009159044158256
2,total,4,False,sham,3,0,0.9934226306175888,0.987251439916777,0.9982447260405415,0.0,0.0,0.0
2,total,4,False,random_ordinary,0,384,0.9021417367092446,0.8463614864529104,0.949107713109406,0.0942197288450488,0.048093847395253554,0.1489710924692995
2,total,4,False,random_ordinary,1,256,0.9450341708157322,0.9134139157758246,0.97121939581215,0.04762877053340403,0.02281409889570287,0.07819193962568996
2,total,4,False,random_ordinary,2,128,0.974320130130542,0.9512121879210218,0.9898026271003676,0.015552483391647824,0.004158670939094897,0.030985110144770893
2,total,4,False,random_ordinary,3,0,0.9918460262264925,0.9867919973239778,0.995786985669594,0.0,0.0,0.0
2,total,4,False,random_homeostasis,0,384,0.8966660205603421,0.8423293830218307,0.9456431571028381,0.09917100742317733,0.051334680143727884,0.15230455227948697
2,total,4,False,random_homeostasis,1,256,0.9502062778425684,0.9197069142270174,0.9748252258570022,0.0410913002160525,0.01765646934988068,0.0707684415325924
2,total,4,False,random_homeostasis,2,128,0.9757829644709191,0.9554904978775438,0.9909155408161123,0.015496235924066775,0.004061817220924763,0.031183280836443946
2,total,4,False,random_homeostasis,3,0,0.9902316299769848,0.9846454135139993,0.9948097890603844,0.0,0.0,0.0
2,total,4,False,direct,0,384,0.9871493217101264,0.9703243182730209,0.9980344293441493,0.012076483790733946,0.0014449522523686024,0.028702811863188096
2,total,4,False,direct,1,256,0.9919609610900685,0.9786159525670171,0.9994086350739644,-0.001699685274818178,-0.006613597619690822,0.0015697760168057815
2,total,4,False,direct,2,128,0.9983901688611564,0.9975367559561632,0.9991316183077327,-0.0008304380011442923,-0.00413126335581286,0.0011924551318207317
2,total,4,False,direct,3,0,0.9956219303561185,0.9889780562717259,0.9996175158455936,0.0,0.0,0.0
2,total,4,False,oracle,0,384,0.9984811495129744,0.9979560240075266,0.9989401509380071,0.0,0.0,0.0
2,total,4,False,oracle,1,256,0.9982615568045458,0.9974751502966578,0.9989171455148868,0.0,0.0,0.0
2,total,4,False,oracle,2,128,0.9977519592200556,0.9965061474679013,0.9987303287349286,0.0,0.0,0.0
2,total,4,False,oracle,3,0,0.9974187023183266,0.9957126813616948,0.9986913114817281,0.0,0.0,0.0
2,total,4,False,fixed_homeostasis,0,384,0.9247314000476321,0.8494872094529995,0.9799795361749214,0.07326629863956222,0.018366383962609263,0.14843429285072676
2,total,4,False,fixed_homeostasis,1,256,0.925974710133625,0.8679029627990009,0.974391281949129,0.06145752030574289,0.02101706319330842,0.10841401491874521
2,total,4,False,fixed_homeostasis,2,128,0.9831747852055688,0.9665517909538172,0.9942793670490357,0.013457371509955015,0.003259902786456635,0.029543991678764918
2,total,4,False,fixed_homeostasis,3,0,0.9953397549653542,0.9911894874010375,0.9986229851864952,0.0,0.0,0.0
2,total,4,False,fixed_sham,0,384,0.9022615809113027,0.8219037829735287,0.9641403252300795,0.09565084199564705,0.03421877197766606,0.17579326507027404
2,total,4,False,fixed_sham,1,256,0.947862880933773,0.9074503946489076,0.9812015321696852,0.03891076813758055,0.012779167742535468,0.07101920133836835
2,total,4,False,fixed_sham,2,128,0.9850802191976571,0.9749942258156058,0.9932259083811382,0.011169606345727386,0.003541632216734756,0.021009159044158256
2,total,4,False,fixed_sham,3,0,0.9934226306175888,0.987251439916777,0.9982447260405415,0.0,0.0,0.0
2,total,8,False,baseline6,0,448,0.8095807682256888,0.7093836270656473,0.8982528155446384,0.173091810681471,0.08484631530570654,0.2733879490164094
2,total,8,False,baseline6,1,384,0.7350078795781907,0.6028652290423712,0.8558705830245532,0.26020186131094547,0.14109489136131398,0.3903921463654195
2,total,8,False,baseline6,2,320,0.8449061288637703,0.7394399797794351,0.9345642384949513,0.15214390030548708,0.0640507401736588,0.25586423087142085
2,total,8,False,baseline6,3,256,0.8364396203953194,0.7361756727148601,0.9219331877062183,0.13199586756093978,0.05124044847897135,0.22672888091229876
2,total,8,False,baseline6,4,192,0.9450425525678805,0.8790887809339619,0.9913726505700622,0.04563337855047972,0.0003689419814019988,0.11168159723288984
2,total,8,False,baseline6,5,128,0.9460327753478533,0.9033106938763854,0.9800263761693158,0.045225795755049154,0.012895787248827837,0.08545767640099565
2,total,8,False,baseline6,6,64,0.9531412922897569,0.8949222867156216,0.9906468373288669,0.0380371658631591,0.004051888996257664,0.0921448491844471
2,total,8,False,baseline6,7,0,0.9925204188111121,0.9825875213892059,0.9988334841607319,0.0,0.0,0.0
2,total,8,False,ordinary,0,448,0.8095807682256888,0.7093836270656473,0.8982528155446384,0.173091810681471,0.08484631530570654,0.2733879490164094
2,total,8,False,ordinary,1,384,0.7350078795781907,0.6028652290423712,0.8558705830245532,0.26020186131094547,0.14109489136131398,0.3903921463654195
2,total,8,False,ordinary,2,320,0.8449061288637703,0.7394399797794351,0.9345642384949513,0.15214390030548708,0.0640507401736588,0.25586423087142085
2,total,8,False,ordinary,3,256,0.8364396203953194,0.7361756727148601,0.9219331877062183,0.13199586756093978,0.05124044847897135,0.22672888091229876
2,total,8,False,ordinary,4,192,0.9450425525678805,0.8790887809339619,0.9913726505700622,0.04563337855047972,0.0003689419814019988,0.11168159723288984
2,total,8,False,ordinary,5,128,0.9460327753478533,0.9033106938763854,0.9800263761693158,0.045225795755049154,0.012895787248827837,0.08545767640099565
2,total,8,False,ordinary,6,64,0.9531412922897569,0.8949222867156216,0.9906468373288669,0.0380371658631591,0.004051888996257664,0.0921448491844471
2,total,8,False,ordinary,7,0,0.9925204188111121,0.9825875213892059,0.9988334841607319,0.0,0.0,0.0
2,total,8,False,homeostasis,0,448,0.8083149468328805,0.7125910875910544,0.8931811441180187,0.17913573483715187,0.09548686940060518,0.2744504526610536
2,total,8,False,homeostasis,1,384,0.746292084893819,0.61686435719393,0.8649167279151915,0.24665274155515501,0.13044113308594732,0.3730851333117153
2,total,8,False,homeostasis,2,320,0.8431123386504955,0.7394295129340573,0.9314117906766657,0.15458955690410958,0.0666310368935337,0.2579792878843838
2,total,8,False,homeostasis,3,256,0.8787625195473184,0.7924402706675594,0.9506049600006513,0.10133441339278113,0.03096824204125888,0.18516588804079145
2,total,8,False,homeostasis,4,192,0.9093453024751856,0.8239545673457539,0.9759754016463548,0.0517848619632506,-0.0012099808647989072,0.12530883374143073
2,total,8,False,homeostasis,5,128,0.9284735628278672,0.8796375907497188,0.9705622134276709,0.03394944014067633,-0.02739665018431509,0.08853471835750627
2,total,8,False,homeostasis,6,64,0.9262595709622977,0.8577373242075187,0.9796384213108869,0.06417167184464717,0.013763776113852896,0.12999211247942746
2,total,8,False,homeostasis,7,0,0.9934815769451314,0.9865536429932631,0.9980533562552297,0.0,0.0,0.0
2,total,8,False,sham,0,448,0.7944246197897079,0.6996228960182507,0.8821960855571694,0.18991893176057806,0.10101684620820003,0.2853050200542652
2,total,8,False,sham,1,384,0.7330035753876079,0.6077356389904406,0.8485046761945654,0.25846780117476154,0.14621283992312897,0.3796217290646312
2,total,8,False,sham,2,320,0.8437738244548938,0.7388715139231022,0.9317600016989334,0.15400772557925657,0.06607087551985293,0.2587594762465861
2,total,8,False,sham,3,256,0.8785560614784943,0.7960100509931551,0.9452080862163239,0.09609621010560748,0.033851115488014755,0.1726084643697656
2,total,8,False,sham,4,192,0.9219820655666946,0.8578541802468846,0.9738588920460849,0.054981896742776204,0.014048649358762875,0.10827692133991308
2,total,8,False,sham,5,128,0.9134093489919732,0.8473160931344227,0.9670262757539938,0.052264256932978106,-0.003099442458027562,0.11012655376100879
2,total,8,False,sham,6,64,0.9616848079875581,0.9245062489178945,0.9887028024896378,0.02572961311277176,0.003249683342482794,0.059036163217053454
2,total,8,False,sham,7,0,0.990130820045517,0.9783857576708868,0.9979202386530522,0.0,0.0,0.0
2,total,8,False,random_ordinary,0,448,0.8234308105065831,0.7543319798730268,0.8844422421983832,0.1702909339976323,0.10874592531664234,0.24012278677434615
2,total,8,False,random_ordinary,1,384,0.7655697753719776,0.6614794906650817,0.8584521357557722,0.22703333747992793,0.1359956505564901,0.32911088584846887
2,total,8,False,random_ordinary,2,320,0.8080442382232785,0.7179013019454491,0.8857282269110213,0.18597794263667985,0.10837834291321224,0.27612231171464985
2,total,8,False,random_ordinary,3,256,0.8307201171203407,0.752870731665998,0.89595234477038,0.1514975028552467,0.0902318866110296,0.22475074739993728
2,total,8,False,random_ordinary,4,192,0.8815995133282137,0.8331157442948901,0.9261226547338768,0.09455517067030858,0.050999267028377065,0.14308430285887228
2,total,8,False,random_ordinary,5,128,0.8934174200780853,0.8440432024009128,0.9370910248073384,0.08468119047282868,0.04052335140148983,0.13351264338268215
2,total,8,False,random_ordinary,6,64,0.9563470448356872,0.9211161326582211,0.9846371335159246,0.029949735832946803,0.002482718226672639,0.06422476431818455
2,total,8,False,random_ordinary,7,0,0.9922912868230107,0.9887437983141293,0.9950084457818726,0.0,0.0,0.0
2,total,8,False,random_homeostasis,0,448,0.8263420716872942,0.7572113650797286,0.8868402387553633,0.16578405085604148,0.1047771743168026,0.2356937448630296
2,total,8,False,random_homeostasis,1,384,0.778388679277497,0.6757680355796225,0.8686613080335692,0.2141177750289136,0.12562824269121464,0.3143194628219839
2,total,8,False,random_homeostasis,2,320,0.8145306632744169,0.7285011149631486,0.88861379698496,0.17937757420939582,0.10520784265368702,0.2653580228302893
2,total,8,False,random_homeostasis,3,256,0.8297560815152494,0.7548549639167866,0.8931536873474989,0.15094553150261858,0.09315162449807678,0.2189945821355214
2,total,8,False,random_homeostasis,4,192,0.8895938428906052,0.8446109479182577,0.9300352943766208,0.08987208335672264,0.04869781343615355,0.13511865429767447
2,total,8,False,random_homeostasis,5,128,0.8969458225704217,0.8439127665622154,0.9416625008176271,0.08244605438392331,0.03795859371072225,0.1338494652248251
2,total,8,False,random_homeostasis,6,64,0.9600151363684357,0.9302808439193738,0.9840410221549052,0.02533037466630573,0.0032639474611406774,0.05318317593338652
2,total,8,False,random_homeostasis,7,0,0.9901598120395021,0.9862252143963112,0.9936991420194268,0.0,0.0,0.0
2,total,8,False,direct,0,448,0.8449713202167226,0.7333600509191579,0.9404382914543964,0.13908575757610966,0.043045016679725885,0.25035380283616554
2,total,8,False,direct,1,384,0.8928291001468178,0.7952276241168942,0.9692900968964441,0.09691494573865239,0.029285879128070055,0.18207483991253534
2,total,8,False,direct,2,320,0.9319877186759343,0.853323826001277,0.9890572533625768,0.06649839649635042,0.009319208911578431,0.14514732268583083
2,total,8,False,direct,3,256,0.9102896229367777,0.822195156830162,0.9801301357561173,0.06822307728633958,0.009723317748545363,0.13957627505593187
2,total,8,False,direct,4,192,0.9496056064904725,0.8976443613565659,0.9872965781948083,0.01518252571611278,-0.013884161733923097,0.04931860368755414
2,total,8,False,direct,5,128,0.918577945622117,0.8327153017667888,0.9881508979777497,0.021870590769906852,-0.0006504920995666429,0.06178809563759064
2,total,8,False,direct,6,64,0.9967395840400937,0.9928840338321175,0.9991380990667195,-0.0010052274687605209,-0.004042936529388061,0.0010675240007388756
2,total,8,False,direct,7,0,0.9869699687428706,0.9673470956295519,0.9984084970577806,0.0,0.0,0.0
2,total,8,False,oracle,0,448,0.9965398269848743,0.9948352814327625,0.9979188667484375,0.0,0.0,0.0
2,total,8,False,oracle,1,384,0.9965895723792926,0.994871594961337,0.9978770507655002,0.0,0.0,0.0
2,total,8,False,oracle,2,320,0.9972622690196019,0.9961915345588531,0.9982055977517061,0.0,0.0,0.0
2,total,8,False,oracle,3,256,0.9956914861693127,0.993815434809028,0.9972611935890239,0.0,0.0,0.0
2,total,8,False,oracle,4,192,0.9946377250569055,0.9900940436197477,0.997632335487433,0.0,0.0,0.0
2,total,8,False,oracle,5,128,0.9968807783241976,0.9947704555023066,0.9984734469619189,0.0,0.0,0.0
2,total,8,False,oracle,6,64,0.996683189046333,0.9950076819515093,0.9980471564916464,0.0,0.0,0.0
2,total,8,False,oracle,7,0,0.9973885995535373,0.9965731022969988,0.9981272322065577,0.0,0.0,0.0
2,total,8,False,fixed_homeostasis,0,448,0.8083149468328805,0.7125910875910544,0.8931811441180187,0.17913573483715187,0.09548686940060518,0.2744504526610536
2,total,8,False,fixed_homeostasis,1,384,0.746292084893819,0.61686435719393,0.8649167279151915,0.24665274155515501,0.13044113308594732,0.3730851333117153
2,total,8,False,fixed_homeostasis,2,320,0.8431123386504955,0.7394295129340573,0.9314117906766657,0.15458955690410958,0.0666310368935337,0.2579792878843838
2,total,8,False,fixed_homeostasis,3,256,0.8787625195473184,0.7924402706675594,0.9506049600006513,0.10133441339278113,0.03096824204125888,0.18516588804079145
2,total,8,False,fixed_homeostasis,4,192,0.9093453024751856,0.8239545673457539,0.9759754016463548,0.0517848619632506,-0.0012099808647989072,0.12530883374143073
2,total,8,False,fixed_homeostasis,5,128,0.9284735628278672,0.8796375907497188,0.9705622134276709,0.03394944014067633,-0.02739665018431509,0.08853471835750627
2,total,8,False,fixed_homeostasis,6,64,0.9262595709622977,0.8577373242075187,0.9796384213108869,0.06417167184464717,0.013763776113852896,0.12999211247942746
2,total,8,False,fixed_homeostasis,7,0,0.9934815769451314,0.9865536429932631,0.9980533562552297,0.0,0.0,0.0
2,total,8,False,fixed_sham,0,448,0.7944246197897079,0.6996228960182507,0.8821960855571694,0.18991893176057806,0.10101684620820003,0.2853050200542652
2,total,8,False,fixed_sham,1,384,0.7330035753876079,0.6077356389904406,0.8485046761945654,0.25846780117476154,0.14621283992312897,0.3796217290646312
2,total,8,False,fixed_sham,2,320,0.8437738244548938,0.7388715139231022,0.9317600016989334,0.15400772557925657,0.06607087551985293,0.2587594762465861
2,total,8,False,fixed_sham,3,256,0.8785560614784943,0.7960100509931551,0.9452080862163239,0.09609621010560748,0.033851115488014755,0.1726084643697656
2,total,8,False,fixed_sham,4,192,0.9219820655666946,0.8578541802468846,0.9738588920460849,0.054981896742776204,0.014048649358762875,0.10827692133991308
2,total,8,False,fixed_sham,5,128,0.9134093489919732,0.8473160931344227,0.9670262757539938,0.052264256932978106,-0.003099442458027562,0.11012655376100879
2,total,8,False,fixed_sham,6,64,0.9616848079875581,0.9245062489178945,0.9887028024896378,0.02572961311277176,0.003249683342482794,0.059036163217053454
2,total,8,False,fixed_sham,7,0,0.990130820045517,0.9783857576708868,0.9979202386530522,0.0,0.0,0.0
2,total,16,False,baseline6,0,480,0.6709305312922029,0.5347330501980011,0.7981224282260122,0.3247750677451498,0.19737396325983436,0.4612070011222246
2,total,16,False,baseline6,1,448,0.7063392082727197,0.5748632066377038,0.8265784591093006,0.24499062499505,0.13906902792712775,0.3638820301838956
2,total,16,False,baseline6,2,416,0.7060707052067375,0.578442404358266,0.8241438881890779,0.24046272751175463,0.10635108890767381,0.37529686177294735
2,total,16,False,baseline6,3,384,0.6242172173415478,0.4811782272263896,0.761178261663359,0.36414058552535333,0.22480770177057338,0.5089198274176585
2,total,16,False,baseline6,4,352,0.8007248887063407,0.6851029139866864,0.9034745414847674,0.1861554538487716,0.08693321353505523,0.29882786730550626
2,total,16,False,baseline6,5,320,0.7080913722579744,0.5806972746113114,0.8272818061600656,0.2797380211633192,0.15986035049030142,0.4068402532663251
2,total,16,False,baseline6,6,288,0.7092446222053638,0.5850720448144622,0.8244337095158729,0.2672273293507408,0.15632444057307135,0.387958098509928
2,total,16,False,baseline6,7,256,0.7443793112915069,0.6193185426210303,0.8591870144848859,0.23500946694969327,0.12422195086847028,0.3552954558643064
2,total,16,False,baseline6,8,224,0.8758436127271659,0.7810915878297534,0.9536536004709587,0.1146392660570916,0.037799179391772304,0.20795926700831896
2,total,16,False,baseline6,9,192,0.806938578069811,0.6976492774656047,0.9022830522831391,0.15826492400573255,0.06930326906482853,0.2603632208886758
2,total,16,False,baseline6,10,160,0.8851272397644487,0.8055278934000857,0.9500009791622983,0.10620407422080097,0.04322901521131366,0.18501909916089598
2,total,16,False,baseline6,11,128,0.7957362594030813,0.6708627692184982,0.9049748707268191,0.190730827378232,0.08673963039367907,0.3101478617814455
2,total,16,False,baseline6,12,96,0.8243854536138158,0.7125040074722656,0.9200659075074632,0.1290568571765935,0.05014420816579904,0.22397501249175347
2,total,16,False,baseline6,13,64,0.8878271907317531,0.8065442408350663,0.9553296484241751,0.10490145014257991,0.0396474435406111,0.1836546248010117
2,total,16,False,baseline6,14,32,0.9535684734124004,0.8901128000200923,0.991263707879632,0.025574784458740528,0.0024006228481531873,0.0666480839564934
2,total,16,False,baseline6,15,0,0.9666165059939462,0.9287483499620467,0.9950354605070768,0.0,0.0,0.0
2,total,16,False,ordinary,0,480,0.6709305312922029,0.5347330501980011,0.7981224282260122,0.3247750677451498,0.19737396325983436,0.4612070011222246
2,total,16,False,ordinary,1,448,0.7063392082727197,0.5748632066377038,0.8265784591093006,0.24499062499505,0.13906902792712775,0.3638820301838956
2,total,16,False,ordinary,2,416,0.7060707052067375,0.578442404358266,0.8241438881890779,0.24046272751175463,0.10635108890767381,0.37529686177294735
2,total,16,False,ordinary,3,384,0.6242172173415478,0.4811782272263896,0.761178261663359,0.36414058552535333,0.22480770177057338,0.5089198274176585
2,total,16,False,ordinary,4,352,0.8007248887063407,0.6851029139866864,0.9034745414847674,0.1861554538487716,0.08693321353505523,0.29882786730550626
2,total,16,False,ordinary,5,320,0.7080913722579744,0.5806972746113114,0.8272818061600656,0.2797380211633192,0.15986035049030142,0.4068402532663251
2,total,16,False,ordinary,6,288,0.7092446222053638,0.5850720448144622,0.8244337095158729,0.2672273293507408,0.15632444057307135,0.387958098509928
2,total,16,False,ordinary,7,256,0.7443793112915069,0.6193185426210303,0.8591870144848859,0.23500946694969327,0.12422195086847028,0.3552954558643064
2,total,16,False,ordinary,8,224,0.8758436127271659,0.7810915878297534,0.9536536004709587,0.1146392660570916,0.037799179391772304,0.20795926700831896
2,total,16,False,ordinary,9,192,0.806938578069811,0.6976492774656047,0.9022830522831391,0.15826492400573255,0.06930326906482853,0.2603632208886758
2,total,16,False,ordinary,10,160,0.8851272397644487,0.8055278934000857,0.9500009791622983,0.10620407422080097,0.04322901521131366,0.18501909916089598
2,total,16,False,ordinary,11,128,0.7957362594030813,0.6708627692184982,0.9049748707268191,0.190730827378232,0.08673963039367907,0.3101478617814455
2,total,16,False,ordinary,12,96,0.8243854536138158,0.7125040074722656,0.9200659075074632,0.1290568571765935,0.05014420816579904,0.22397501249175347
2,total,16,False,ordinary,13,64,0.8878271907317531,0.8065442408350663,0.9553296484241751,0.10490145014257991,0.0396474435406111,0.1836546248010117
2,total,16,False,ordinary,14,32,0.9535684734124004,0.8901128000200923,0.991263707879632,0.025574784458740528,0.0024006228481531873,0.0666480839564934
2,total,16,False,ordinary,15,0,0.9666165059939462,0.9287483499620467,0.9950354605070768,0.0,0.0,0.0
2,total,16,False,homeostasis,0,480,0.6331679972835529,0.49567389490338015,0.7658754034805997,0.3647928874971794,0.23229324187856998,0.5022157412622376
2,total,16,False,homeostasis,1,448,0.7062493775457882,0.5839826270780413,0.8185760386952127,0.24720973224914772,0.13319427782698506,0.3720923108720176
2,total,16,False,homeostasis,2,416,0.722106957356514,0.5965707476632844,0.8376369840646599,0.24461379074250675,0.1344760508712161,0.3657354216671178
2,total,16,False,homeostasis,3,384,0.6342736521700234,0.4910034555089813,0.769709517195598,0.35689651464653216,0.22013587764338863,0.5016415457804558
2,total,16,False,homeostasis,4,352,0.8334972484295058,0.7279983944512464,0.9264696735862018,0.15594927935927885,0.06345332249748672,0.26145104665654056
2,total,16,False,homeostasis,5,320,0.7696538214733999,0.6525236524174617,0.8735993141392399,0.22288768090752417,0.11926291605926705,0.33943393333666455
2,total,16,False,homeostasis,6,288,0.6960220627497523,0.5641578494271235,0.8203254789416002,0.281263463133147,0.1549506288379739,0.41529700141307624
2,total,16,False,homeostasis,7,256,0.7400707955225074,0.6146310408184885,0.8547757178615715,0.23684050040470678,0.12121589101931207,0.36383260067142426
2,total,16,False,homeostasis,8,224,0.8917793498854987,0.80959751558122,0.9572226506588478,0.09793532549889955,0.03397776243736436,0.1778145871415539
2,total,16,False,homeostasis,9,192,0.7856309570516025,0.6718640103393667,0.8872205864866077,0.17006814727588632,0.07842317712510839,0.276355440115862
2,total,16,False,homeostasis,10,160,0.8924457223820853,0.8074825679676355,0.959306076064839,0.10406653420464954,0.037857227775077176,0.1881582068913028
2,total,16,False,homeostasis,11,128,0.8154136849528182,0.6998441466820567,0.9163745845900438,0.16803458832694151,0.07425214910021145,0.27630739197459764
2,total,16,False,homeostasis,12,96,0.8388395153405299,0.7340561598289115,0.9274810988772769,0.11028285713634617,0.035001149275962255,0.1995394962247152
2,total,16,False,homeostasis,13,64,0.8925018104136054,0.8056524294683259,0.9619915639480902,0.09479228327150764,0.02935332860198651,0.17582916899334056
2,total,16,False,homeostasis,14,32,0.9419257026682815,0.8780169076664426,0.9867010009712116,0.022589654846819747,-0.00019750912209591702,0.05908301856055761
2,total,16,False,homeostasis,15,0,0.9754819015479703,0.9480392516770699,0.9966525597651651,0.0,0.0,0.0
2,total,16,False,sham,0,480,0.6606297226976766,0.5376714084039094,0.7793586676876131,0.3357239635223888,0.21671320691946436,0.45910455473249673
2,total,16,False,sham,1,448,0.7037341066160718,0.579599546174929,0.818071045141008,0.2521894814023125,0.14749302523282712,0.36873156781288396
2,total,16,False,sham,2,416,0.7084472380020881,0.5946617779430817,0.8148348156244729,0.251326964179475,0.14011817455376166,0.36739430313145205
2,total,16,False,sham,3,384,0.6754005744140215,0.5427691585328946,0.79848619082396,0.31577883293152587,0.19467086642586184,0.4458599519908172
2,total,16,False,sham,4,352,0.7887339427115003,0.6811343750483835,0.8867760499912842,0.20128815431701969,0.10452680245602598,0.3081804331811014
2,total,16,False,sham,5,320,0.7039062748566332,0.5841664934925144,0.8167270823173,0.28595680778234295,0.17310739817778611,0.4054897038677734
2,total,16,False,sham,6,288,0.7177338117622386,0.6113600629707344,0.8166235783083072,0.2590516188890013,0.16315685561143634,0.3626550463724951
2,total,16,False,sham,7,256,0.7260867862134973,0.6029500041912995,0.8402157729082251,0.2502446210076976,0.13345926207660475,0.3756678762921166
2,total,16,False,sham,8,224,0.9007823717172952,0.8237884167008074,0.961062241551273,0.0867823042546281,0.02736703927973212,0.16358584035925944
2,total,16,False,sham,9,192,0.8241094857958083,0.7239752891058701,0.9119030818337043,0.14307180111682372,0.062027964152712015,0.23632801988126106
2,total,16,False,sham,10,160,0.8806539456821771,0.8074592423884501,0.9417293853063984,0.11208117263959246,0.05246504265602061,0.183717615985765
2,total,16,False,sham,11,128,0.8215512585763127,0.7171890501065618,0.9130619102248608,0.16363654509698267,0.07451629848381916,0.26637451025517306
2,total,16,False,sham,12,96,0.8358150232141452,0.7389589700543738,0.9191100662579494,0.12028410302946753,0.045115549462595064,0.20895544623737955
2,total,16,False,sham,13,64,0.8883384749835368,0.803408555611953,0.958742989281753,0.10045936135082525,0.03235814799058241,0.1824439919869494
2,total,16,False,sham,14,32,0.9387034637195618,0.8679813400328746,0.9880735521753111,0.031661719927831136,0.004198666894585121,0.07710120172038117
2,total,16,False,sham,15,0,0.9725184716361348,0.9399659895496166,0.9932930653369786,0.0,0.0,0.0
2,total,16,False,random_ordinary,0,480,0.6197481128885709,0.5286277540652663,0.7087913850267576,0.3743589086788958,0.2849513870534795,0.46612447137615315
2,total,16,False,random_ordinary,1,448,0.6559914463274641,0.5686946178148695,0.738987728971969,0.2948497515850237,0.20884136561705355,0.38622737717037
2,total,16,False,random_ordinary,2,416,0.6652360428469065,0.5773107634256446,0.7494027297155951,0.2990030314135491,0.21526755532643455,0.3858161217760314
2,total,16,False,random_ordinary,3,384,0.7024114897935201,0.600730257212723,0.7964326729148663,0.2844954960923397,0.19256747103574715,0.3843331980104787
2,total,16,False,random_ordinary,4,352,0.7712553867324327,0.6988944369895574,0.8407569818455018,0.21039156837851863,0.14158592099581296,0.2828371964352087
2,total,16,False,random_ordinary,5,320,0.6801336635193326,0.6004226016484574,0.7555595578964134,0.3031024769513443,0.22712412279386512,0.3835214819955727
2,total,16,False,random_ordinary,6,288,0.6771394342555552,0.5981854979470037,0.7530189383443341,0.2887588453168491,0.21480682865547865,0.3667017098092679
2,total,16,False,random_ordinary,7,256,0.7497086924907386,0.6638574776068729,0.8297781261984719,0.21954798598617004,0.1400015418806853,0.3061625283848962
2,total,16,False,random_ordinary,8,224,0.8330954281470189,0.7616073735733718,0.8942897159321885,0.14558845152691308,0.09049222137271011,0.20830858126963436
2,total,16,False,random_ordinary,9,192,0.7194908732847477,0.6372430362219902,0.8001315060929458,0.23536052032272434,0.1626037136577913,0.31027293136093603
2,total,16,False,random_ordinary,10,160,0.8426684296427562,0.7675048927685683,0.9082847984382227,0.1340548053942039,0.07536323924158238,0.201182389837331
2,total,16,False,random_ordinary,11,128,0.8516868015669542,0.7824990044183031,0.9111762077483088,0.12805103902234288,0.07312708656819922,0.1931269130742126
2,total,16,False,random_ordinary,12,96,0.8519729358629171,0.7768896531024284,0.9154382495379588,0.10356027313461501,0.042097417344623286,0.17181594664099126
2,total,16,False,random_ordinary,13,64,0.888990567582422,0.8393584763612766,0.9335591361609441,0.09089082024483294,0.049547998388022464,0.1368641079038533
2,total,16,False,random_ordinary,14,32,0.929601703213894,0.8875531666991566,0.9649147296761785,0.03047967585364912,0.004477128071098066,0.06171933612156408
2,total,16,False,random_ordinary,15,0,0.9727297265688253,0.9456766319548028,0.9906077969526182,0.0,0.0,0.0
2,total,16,False,random_homeostasis,0,480,0.6476485732714292,0.5642473851519157,0.7297527789152369,0.34582903645307433,0.26340224644276233,0.4294618589783807
2,total,16,False,random_homeostasis,1,448,0.6581847592980259,0.5701799858715808,0.7430967612175566,0.29226760267157614,0.20594653772962204,0.38395973330442185
2,total,16,False,random_homeostasis,2,416,0.6765686852568191,0.5958472546278337,0.7548549582868461,0.2869678876038019,0.21387815253725115,0.36201563305692736
2,total,16,False,random_homeostasis,3,384,0.72546567722763,0.6250328468527844,0.8174997015301577,0.26199358935310957,0.1720581781191287,0.3609800906613063
2,total,16,False,random_homeostasis,4,352,0.7899984110919016,0.7236171503908277,0.8520373219927874,0.19149573572386236,0.1289463805003813,0.2584194934532089
2,total,16,False,random_homeostasis,5,320,0.7038034791103368,0.6207409801851174,0.7815649940011534,0.27795129625964066,0.19847410960682596,0.36271378086394884
2,total,16,False,random_homeostasis,6,288,0.6935747382065863,0.6129467142077346,0.7701703602490662,0.2812585269776139,0.20839245417480637,0.35951772709452845
2,total,16,False,random_homeostasis,7,256,0.7618702157155619,0.6791887903187637,0.8393204845686195,0.21012950271234498,0.1312652341837225,0.2949997189518981
2,total,16,False,random_homeostasis,8,224,0.840960391618482,0.7657915020088153,0.9049707743208522,0.13981742679316733,0.08054400411281898,0.20870460726491533
2,total,16,False,random_homeostasis,9,192,0.7482948487989647,0.674593779353885,0.8193054474855754,0.21557465162865203,0.14956070259400822,0.28558418896119164
2,total,16,False,random_homeostasis,10,160,0.8538170209791685,0.7844764998570692,0.9136456889267268,0.1271207248445355,0.07026102529078658,0.19267206353076508
2,total,16,False,random_homeostasis,11,128,0.8537891361610108,0.790891327706307,0.9078821832138635,0.1232416330049112,0.07126674071026336,0.18434288696550227
2,total,16,False,random_homeostasis,12,96,0.8382969880994924,0.7575048248849876,0.9079029903991036,0.11941971197294898,0.055682227824413524,0.19134118886553275
2,total,16,False,random_homeostasis,13,64,0.8966906738044607,0.8478153306864304,0.9387103206586005,0.08547643085522875,0.04670714744324895,0.13100168494409264
2,total,16,False,random_homeostasis,14,32,0.946934093959602,0.9148602526116136,0.9742612852607311,0.017628455348083393,-0.003931163891110766,0.043067283065232824
2,total,16,False,random_homeostasis,15,0,0.9689783242494314,0.944174653089131,0.9876710999025812,0.0,0.0,0.0
2,total,16,False,direct,0,480,0.6325313799134644,0.4988956607656152,0.7607670479036734,0.3639607720585357,0.2356682736756812,0.49756446552881756
2,total,16,False,direct,1,448,0.7854256497683814,0.6679522420408381,0.8862996138882847,0.1459420697840408,0.047387884072264644,0.2583680910369073
2,total,16,False,direct,2,416,0.8901288437650754,0.8021019012764268,0.9602425545119826,0.08778108806613286,0.020099482674209208,0.17497428729992903
2,total,16,False,direct,3,384,0.6962089913225034,0.5550843443452241,0.8263538647778441,0.29570341098475855,0.16528382422657306,0.4364997561264384
2,total,16,False,direct,4,352,0.8318921241798154,0.7243658714212171,0.9232400743259328,0.1595360014547682,0.07095089538519915,0.26438276503379293
2,total,16,False,direct,5,320,0.7612736008064097,0.6446978225397355,0.866396350633983,0.23125543185898512,0.1276217568575115,0.34621527027476995
2,total,16,False,direct,6,288,0.7628671016730251,0.6422657373761346,0.8719403958679202,0.18809400251092503,0.08876819228339722,0.2997799908193367
2,total,16,False,direct,7,256,0.8608260573898012,0.7736784859612961,0.9340781543984402,0.12321846060323241,0.049016225049573925,0.21101788075207184
2,total,16,False,direct,8,224,0.8651400793544792,0.7588711912367998,0.9525595517515021,0.11676870289647215,0.039007698187944154,0.21080454926135728
2,total,16,False,direct,9,192,0.8652872211766793,0.7605302646934402,0.9497766049205263,0.11841281521168316,0.04111700968287556,0.21330639994235795
2,total,16,False,direct,10,160,0.8893528898543435,0.8059684848700674,0.957269561418004,0.07460692510662725,0.002624258475883488,0.15895659243269697
2,total,16,False,direct,11,128,0.9002567767677319,0.8157113377286935,0.9681105755405787,0.06741225176085855,0.018221711944589394,0.1328523463185844
2,total,16,False,direct,12,96,0.874880438164171,0.7743021467837858,0.9575501738523758,0.055875463071506204,0.014133773584861906,0.1118158715061642
2,total,16,False,direct,13,64,0.9368408280268609,0.867130816115255,0.9883857335960973,0.056146100470501906,0.005355351574972374,0.12409111749155671
2,total,16,False,direct,14,32,0.959211852954756,0.9191107609881541,0.99090574775893,0.01740924008686982,0.00038669722058921256,0.040612540100198644
2,total,16,False,direct,15,0,0.9810744438604628,0.956627974867658,0.9978556480551307,0.0,0.0,0.0
2,total,16,False,oracle,0,480,0.9892652647586919,0.9805811806047562,0.9946306368192028,0.0,0.0,0.0
2,total,16,False,oracle,1,448,0.9680625903122522,0.9471377400126029,0.9844213264218707,0.0,0.0,0.0
2,total,16,False,oracle,2,416,0.9832870109520144,0.9725225166481682,0.9906558181307639,0.0,0.0,0.0
2,total,16,False,oracle,3,384,0.9914737381876328,0.9881461636888074,0.9942466918760609,0.0,0.0,0.0
2,total,16,False,oracle,4,352,0.9899355316693654,0.9844070021485121,0.9942157553525963,0.0,0.0,0.0
2,total,16,False,oracle,5,320,0.9916090033861693,0.9876306239451567,0.994585554831249,0.0,0.0,0.0
2,total,16,False,oracle,6,288,0.9875138352800409,0.9795814047951181,0.9930357343406099,0.0,0.0,0.0
2,total,16,False,oracle,7,256,0.9882145701788795,0.9810551812738894,0.993754877647415,0.0,0.0,0.0
2,total,16,False,oracle,8,224,0.990878811612738,0.9856976631152269,0.9947623933085709,0.0,0.0,0.0
2,total,16,False,oracle,9,192,0.9778276530333063,0.962564521865769,0.9901586420632382,0.0,0.0,0.0
2,total,16,False,oracle,10,160,0.9924486457403889,0.9894234422066925,0.9950900817836226,0.0,0.0,0.0
2,total,16,False,oracle,11,128,0.9912731343166312,0.9875941778542191,0.9943273839265094,0.0,0.0,0.0
2,total,16,False,oracle,12,96,0.9686853845231056,0.9479993509418839,0.9843122795425217,0.0,0.0,0.0
2,total,16,False,oracle,13,64,0.9853494489646413,0.975288723889056,0.992217451358984,0.0,0.0,0.0
2,total,16,False,oracle,14,32,0.9759547510784701,0.9469910293925409,0.9930282699554184,0.0,0.0,0.0
2,total,16,False,oracle,15,0,0.99079201935834,0.9873291680711727,0.9936878949401624,0.0,0.0,0.0
2,total,16,False,fixed_homeostasis,0,480,0.6331679972835529,0.49567389490338015,0.7658754034805997,0.3647928874971794,0.23229324187856998,0.5022157412622376
2,total,16,False,fixed_homeostasis,1,448,0.7062493775457882,0.5839826270780413,0.8185760386952127,0.24720973224914772,0.13319427782698506,0.3720923108720176
2,total,16,False,fixed_homeostasis,2,416,0.722106957356514,0.5965707476632844,0.8376369840646599,0.24461379074250675,0.1344760508712161,0.3657354216671178
2,total,16,False,fixed_homeostasis,3,384,0.6342736521700234,0.4910034555089813,0.769709517195598,0.35689651464653216,0.22013587764338863,0.5016415457804558
2,total,16,False,fixed_homeostasis,4,352,0.8334972484295058,0.7279983944512464,0.9264696735862018,0.15594927935927885,0.06345332249748672,0.26145104665654056
2,total,16,False,fixed_homeostasis,5,320,0.7696538214733999,0.6525236524174617,0.8735993141392399,0.22288768090752417,0.11926291605926705,0.33943393333666455
2,total,16,False,fixed_homeostasis,6,288,0.6960220627497523,0.5641578494271235,0.8203254789416002,0.281263463133147,0.1549506288379739,0.41529700141307624
2,total,16,False,fixed_homeostasis,7,256,0.7400707955225074,0.6146310408184885,0.8547757178615715,0.23684050040470678,0.12121589101931207,0.36383260067142426
2,total,16,False,fixed_homeostasis,8,224,0.8917793498854987,0.80959751558122,0.9572226506588478,0.09793532549889955,0.03397776243736436,0.1778145871415539
2,total,16,False,fixed_homeostasis,9,192,0.7856309570516025,0.6718640103393667,0.8872205864866077,0.17006814727588632,0.07842317712510839,0.276355440115862
2,total,16,False,fixed_homeostasis,10,160,0.8924457223820853,0.8074825679676355,0.959306076064839,0.10406653420464954,0.037857227775077176,0.1881582068913028
2,total,16,False,fixed_homeostasis,11,128,0.8154136849528182,0.6998441466820567,0.9163745845900438,0.16803458832694151,0.07425214910021145,0.27630739197459764
2,total,16,False,fixed_homeostasis,12,96,0.8388395153405299,0.7340561598289115,0.9274810988772769,0.11028285713634617,0.035001149275962255,0.1995394962247152
2,total,16,False,fixed_homeostasis,13,64,0.8925018104136054,0.8056524294683259,0.9619915639480902,0.09479228327150764,0.02935332860198651,0.17582916899334056
2,total,16,False,fixed_homeostasis,14,32,0.9419257026682815,0.8780169076664426,0.9867010009712116,0.022589654846819747,-0.00019750912209591702,0.05908301856055761
2,total,16,False,fixed_homeostasis,15,0,0.9754819015479703,0.9480392516770699,0.9966525597651651,0.0,0.0,0.0
2,total,16,False,fixed_sham,0,480,0.6606297226976766,0.5376714084039094,0.7793586676876131,0.3357239635223888,0.21671320691946436,0.45910455473249673
2,total,16,False,fixed_sham,1,448,0.7037341066160718,0.579599546174929,0.818071045141008,0.2521894814023125,0.14749302523282712,0.36873156781288396
2,total,16,False,fixed_sham,2,416,0.7084472380020881,0.5946617779430817,0.8148348156244729,0.251326964179475,0.14011817455376166,0.36739430313145205
2,total,16,False,fixed_sham,3,384,0.6754005744140215,0.5427691585328946,0.79848619082396,0.31577883293152587,0.19467086642586184,0.4458599519908172
2,total,16,False,fixed_sham,4,352,0.7887339427115003,0.6811343750483835,0.8867760499912842,0.20128815431701969,0.10452680245602598,0.3081804331811014
2,total,16,False,fixed_sham,5,320,0.7039062748566332,0.5841664934925144,0.8167270823173,0.28595680778234295,0.17310739817778611,0.4054897038677734
2,total,16,False,fixed_sham,6,288,0.7177338117622386,0.6113600629707344,0.8166235783083072,0.2590516188890013,0.16315685561143634,0.3626550463724951
2,total,16,False,fixed_sham,7,256,0.7260867862134973,0.6029500041912995,0.8402157729082251,0.2502446210076976,0.13345926207660475,0.3756678762921166
2,total,16,False,fixed_sham,8,224,0.9007823717172952,0.8237884167008074,0.961062241551273,0.0867823042546281,0.02736703927973212,0.16358584035925944
2,total,16,False,fixed_sham,9,192,0.8241094857958083,0.7239752891058701,0.9119030818337043,0.14307180111682372,0.062027964152712015,0.23632801988126106
2,total,16,False,fixed_sham,10,160,0.8806539456821771,0.8074592423884501,0.9417293853063984,0.11208117263959246,0.05246504265602061,0.183717615985765
2,total,16,False,fixed_sham,11,128,0.8215512585763127,0.7171890501065618,0.9130619102248608,0.16363654509698267,0.07451629848381916,0.26637451025517306
2,total,16,False,fixed_sham,12,96,0.8358150232141452,0.7389589700543738,0.9191100662579494,0.12028410302946753,0.045115549462595064,0.20895544623737955
2,total,16,False,fixed_sham,13,64,0.8883384749835368,0.803408555611953,0.958742989281753,0.10045936135082525,0.03235814799058241,0.1824439919869494
2,total,16,False,fixed_sham,14,32,0.9387034637195618,0.8679813400328746,0.9880735521753111,0.031661719927831136,0.004198666894585121,0.07710120172038117
2,total,16,False,fixed_sham,15,0,0.9725184716361348,0.9399659895496166,0.9932930653369786,0.0,0.0,0.0
6,per_pair,2,False,baseline6,0,128,0.9692648036869533,0.9256619415270355,0.99392737356668,0.024018555161444466,-0.0001410478834594932,0.06603205934524527
6,per_pair,2,False,baseline6,1,0,0.9911995284916787,0.9871429036328107,0.994670670263372,0.0,0.0,0.0
6,per_pair,2,False,ordinary,0,128,0.9692648036869533,0.9256619415270355,0.99392737356668,0.024018555161444466,-0.0001410478834594932,0.06603205934524527
6,per_pair,2,False,ordinary,1,0,0.9911995284916787,0.9871429036328107,0.994670670263372,0.0,0.0,0.0
6,per_pair,2,False,homeostasis,0,128,0.9668770209020925,0.9237268309926497,0.9923199293087868,0.026718421681004557,0.0018751407301051187,0.06826752047618372
6,per_pair,2,False,homeostasis,1,0,0.9873993731564608,0.9808674636981565,0.9928436280432369,0.0,0.0,0.0
6,per_pair,2,False,sham,0,128,0.9676604427094861,0.9173466087868382,0.9948031330758695,0.02587340750084858,-0.00016748083362179176,0.07407103507255493
6,per_pair,2,False,sham,1,0,0.9899019808051871,0.9851616153787751,0.9939262956537335,0.0,0.0,0.0
6,per_pair,2,False,random_ordinary,0,128,0.9414679638876405,0.9022610538914815,0.9737983579814898,0.04008883699500905,0.012629451307577536,0.07531907562715424
6,per_pair,2,False,random_ordinary,1,0,0.9798097145499925,0.9714908157085232,0.9870784641746035,0.0,0.0,0.0
6,per_pair,2,False,random_homeostasis,0,128,0.9434309405117618,0.90298918628141,0.9757325575028738,0.03825427636902229,0.009393256557469205,0.07717268926349923
6,per_pair,2,False,random_homeostasis,1,0,0.9815657611153122,0.9750212025940398,0.9875024937192435,0.0,0.0,0.0
6,per_pair,2,False,direct,0,128,0.9714668821512553,0.9312567461101672,0.9977534488660434,0.01943260449474076,-0.0019376599729523194,0.053722076202683634
6,per_pair,2,False,direct,1,0,0.980743923157837,0.9544932595045343,0.9956535692524043,0.0,0.0,0.0
6,per_pair,2,False,oracle,0,128,0.9984263345977558,0.997711141484737,0.9990251502499035,0.0,0.0,0.0
6,per_pair,2,False,oracle,1,0,0.9976140327811791,0.9963436165641506,0.9986027407709437,0.0,0.0,0.0
6,per_pair,2,False,fixed_homeostasis,0,128,0.9668770209020925,0.9237268309926497,0.9923199293087868,0.026718421681004557,0.0018751407301051187,0.06826752047618372
6,per_pair,2,False,fixed_homeostasis,1,0,0.9873993731564608,0.9808674636981565,0.9928436280432369,0.0,0.0,0.0
6,per_pair,2,False,fixed_sham,0,128,0.9676604427094861,0.9173466087868382,0.9948031330758695,0.02587340750084858,-0.00016748083362179176,0.07407103507255493
6,per_pair,2,False,fixed_sham,1,0,0.9899019808051871,0.9851616153787751,0.9939262956537335,0.0,0.0,0.0
6,per_pair,4,False,baseline6,0,384,0.9164542409514049,0.8464146104781476,0.9717081212001679,0.07682911789699287,0.02262483278820901,0.1457264272440413
6,per_pair,4,False,baseline6,1,256,0.9193072358304992,0.8459714680076178,0.9754039978022797,0.07189229266117948,0.015939186333703764,0.14499126385341482
6,per_pair,4,False,baseline6,2,128,0.9450544506452843,0.898808936953481,0.9793755097736883,0.048102428673084535,0.013667796910936168,0.09427482467629239
6,per_pair,4,False,baseline6,3,0,0.9874239820642834,0.9717235015800798,0.9968133295669034,0.0,0.0,0.0
6,per_pair,4,False,ordinary,0,384,0.9164542409514049,0.8464146104781476,0.9717081212001679,0.07682911789699287,0.02262483278820901,0.1457264272440413
6,per_pair,4,False,ordinary,1,256,0.9193072358304992,0.8459714680076178,0.9754039978022797,0.07189229266117948,0.015939186333703764,0.14499126385341482
6,per_pair,4,False,ordinary,2,128,0.9450544506452843,0.898808936953481,0.9793755097736883,0.048102428673084535,0.013667796910936168,0.09427482467629239
6,per_pair,4,False,ordinary,3,0,0.9874239820642834,0.9717235015800798,0.9968133295669034,0.0,0.0,0.0
6,per_pair,4,False,homeostasis,0,384,0.8997145066241139,0.8159237442210558,0.9656240119758485,0.09388093595898309,0.02895827846789937,0.17657063053751074
6,per_pair,4,False,homeostasis,1,256,0.9232103460046692,0.8682136874585132,0.9666427240429901,0.0641890271517914,0.022186214557396586,0.1179036394660002
6,per_pair,4,False,homeostasis,2,128,0.9347096552974088,0.8820715368138602,0.9751701662827847,0.05663320316028293,0.017104989999334456,0.10868739024175576
6,per_pair,4,False,homeostasis,3,0,0.9817491041882322,0.9566542939007794,0.9960905693723363,0.0,0.0,0.0
6,per_pair,4,False,sham,0,384,0.9184517630852522,0.8595760573988853,0.9670472407191713,0.07508208712508255,0.028182443988227206,0.131525812428819
6,per_pair,4,False,sham,1,256,0.9245502536214081,0.8680193981756067,0.9687290942398036,0.06535172718377893,0.02186354819775116,0.12104279624238172
6,per_pair,4,False,sham,2,128,0.9371053466500615,0.8791519369478448,0.9759841662027389,0.0526635018477242,0.015802009183525263,0.10699066946547739
6,per_pair,4,False,sham,3,0,0.9828692111222285,0.9602985381097394,0.9958876423783032,0.0,0.0,0.0
6,per_pair,4,False,random_ordinary,0,384,0.869847778656457,0.7952326887575837,0.9323969648227572,0.11170902222619254,0.0522687250874924,0.18461330527793318
6,per_pair,4,False,random_ordinary,1,256,0.8926558382684233,0.8404366892415879,0.9376817967602087,0.08715387628156927,0.04158219866278286,0.14019476668061773
6,per_pair,4,False,random_ordinary,2,128,0.8697483594092164,0.801362534072498,0.9294823913404688,0.10711251116311166,0.05007929859308873,0.1729997224552199
6,per_pair,4,False,random_ordinary,3,0,0.976950639276299,0.9583799954151331,0.9886849795086673,0.0,0.0,0.0
6,per_pair,4,False,random_homeostasis,0,384,0.8779335635384665,0.812178792350655,0.9335467127256568,0.10375165334231748,0.050334670512960214,0.16813341161823003
6,per_pair,4,False,random_homeostasis,1,256,0.8939992179984466,0.8404414683831867,0.9397606312542616,0.08756654311686557,0.04093654057941778,0.1423813997927226
6,per_pair,4,False,random_homeostasis,2,128,0.8841449348005209,0.8176258124271593,0.9419081476376823,0.09624951389524772,0.04132964707390276,0.1599807099519157
6,per_pair,4,False,random_homeostasis,3,0,0.976695979003851,0.9563682653815277,0.9890944710709155,0.0,0.0,0.0
6,per_pair,4,False,direct,0,384,0.9409388250240505,0.8820604265174621,0.9836660856649029,0.04996066162194564,0.012849608207206714,0.09917233737200595
6,per_pair,4,False,direct,1,256,0.9593927035179636,0.9256110240582708,0.9842973253699154,0.021351219639873503,0.005386236399205769,0.042733498571122505
6,per_pair,4,False,direct,2,128,0.9533852424071103,0.919423930526319,0.9788573414552575,0.03474828324171897,0.014307979579154303,0.06179655650678427
6,per_pair,4,False,direct,3,0,0.9953610173045779,0.9925740146604445,0.9976075712921438,0.0,0.0,0.0
6,per_pair,4,False,oracle,0,384,0.9984263345977558,0.997711141484737,0.9990251502499035,0.0,0.0,0.0
6,per_pair,4,False,oracle,1,256,0.9976140327811791,0.9963436165641506,0.9986027407709437,0.0,0.0,0.0
6,per_pair,4,False,oracle,2,128,0.9978225872649913,0.997002381328498,0.9985448628731657,0.0,0.0,0.0
6,per_pair,4,False,oracle,3,0,0.9962782969659678,0.9925798667857769,0.998960000090071,0.0,0.0,0.0
6,per_pair,4,False,fixed_homeostasis,0,384,0.8997145066241139,0.8159237442210558,0.9656240119758485,0.09388093595898309,0.02895827846789937,0.17657063053751074
6,per_pair,4,False,fixed_homeostasis,1,256,0.9232103460046692,0.8682136874585132,0.9666427240429901,0.0641890271517914,0.022186214557396586,0.1179036394660002
6,per_pair,4,False,fixed_homeostasis,2,128,0.9347096552974088,0.8820715368138602,0.9751701662827847,0.05663320316028293,0.017104989999334456,0.10868739024175576
6,per_pair,4,False,fixed_homeostasis,3,0,0.9817491041882322,0.9566542939007794,0.9960905693723363,0.0,0.0,0.0
6,per_pair,4,False,fixed_sham,0,384,0.9184517630852522,0.8595760573988853,0.9670472407191713,0.07508208712508255,0.028182443988227206,0.131525812428819
6,per_pair,4,False,fixed_sham,1,256,0.9245502536214081,0.8680193981756067,0.9687290942398036,0.06535172718377893,0.02186354819775116,0.12104279624238172
6,per_pair,4,False,fixed_sham,2,128,0.9371053466500615,0.8791519369478448,0.9759841662027389,0.0526635018477242,0.015802009183525263,0.10699066946547739
6,per_pair,4,False,fixed_sham,3,0,0.9828692111222285,0.9602985381097394,0.9958876423783032,0.0,0.0,0.0
6,per_pair,8,False,baseline6,0,896,0.7669282715898393,0.6541699784042296,0.8683575827679129,0.22635508725855855,0.12507657673451264,0.3388728269896032
6,per_pair,8,False,baseline6,1,768,0.8061415582472451,0.6933644094511822,0.9029198506200847,0.18505797024443363,0.08931883856132107,0.296718469294032
6,per_pair,8,False,baseline6,2,640,0.836041910716461,0.726855781956665,0.9281609218130112,0.15711496860190777,0.06507415203300422,0.2665221049868517
6,per_pair,8,False,baseline6,3,512,0.9178035824904127,0.8574579983659585,0.9667596980465138,0.06962039957387073,0.018747927938941058,0.12947209281448713
6,per_pair,8,False,baseline6,4,384,0.8778902464050129,0.8015147057355402,0.9389401943572292,0.10473047019352867,0.044959724839078945,0.18055493471287293
6,per_pair,8,False,baseline6,5,256,0.944566998962312,0.8850043164866835,0.9827923279140796,0.0369774043947924,0.007311652764126169,0.08202441107681069
6,per_pair,8,False,baseline6,6,128,0.9764894652199678,0.9604618864005295,0.9882661788649113,0.010719114912394887,-0.0009356763011256625,0.02618555133721411
6,per_pair,8,False,baseline6,7,0,0.9699009786815658,0.9228775244075824,0.995032371941992,0.0,0.0,0.0
6,per_pair,8,False,ordinary,0,896,0.7669282715898393,0.6541699784042296,0.8683575827679129,0.22635508725855855,0.12507657673451264,0.3388728269896032
6,per_pair,8,False,ordinary,1,768,0.8061415582472451,0.6933644094511822,0.9029198506200847,0.18505797024443363,0.08931883856132107,0.296718469294032
6,per_pair,8,False,ordinary,2,640,0.836041910716461,0.726855781956665,0.9281609218130112,0.15711496860190777,0.06507415203300422,0.2665221049868517
6,per_pair,8,False,ordinary,3,512,0.9178035824904127,0.8574579983659585,0.9667596980465138,0.06962039957387073,0.018747927938941058,0.12947209281448713
6,per_pair,8,False,ordinary,4,384,0.8778902464050129,0.8015147057355402,0.9389401943572292,0.10473047019352867,0.044959724839078945,0.18055493471287293
6,per_pair,8,False,ordinary,5,256,0.944566998962312,0.8850043164866835,0.9827923279140796,0.0369774043947924,0.007311652764126169,0.08202441107681069
6,per_pair,8,False,ordinary,6,128,0.9764894652199678,0.9604618864005295,0.9882661788649113,0.010719114912394887,-0.0009356763011256625,0.02618555133721411
6,per_pair,8,False,ordinary,7,0,0.9699009786815658,0.9228775244075824,0.995032371941992,0.0,0.0,0.0
6,per_pair,8,False,homeostasis,0,896,0.7589432585774848,0.6457702760703713,0.8608361655672547,0.23465218400561227,0.13348909515008467,0.34693140157315544
6,per_pair,8,False,homeostasis,1,768,0.7735261391223399,0.6526154601013764,0.8815804621860291,0.2138732340341208,0.10771814505254326,0.3330352318172495
6,per_pair,8,False,homeostasis,2,640,0.8294040924736583,0.720503094082409,0.9230034116039834,0.16193876598403328,0.06796398335937913,0.27167516968297145
6,per_pair,8,False,homeostasis,3,512,0.8860552055119872,0.8133777492163954,0.9478463614593211,0.09569389867624495,0.028813420739389067,0.1702112667301079
6,per_pair,8,False,homeostasis,4,384,0.8450596245298864,0.7576405880399539,0.918869019917716,0.12382532719483035,0.05539937913258468,0.20827600025341206
6,per_pair,8,False,homeostasis,5,256,0.9304961773984637,0.872534642991829,0.9760201610100445,0.054387468974573125,0.015049845536879183,0.10408261512648741
6,per_pair,8,False,homeostasis,6,128,0.969202122291405,0.9429424923710981,0.9885781209114514,0.018653903970179374,-0.00036415508088496784,0.04420693420501565
6,per_pair,8,False,homeostasis,7,0,0.9849876601028047,0.9710121134918712,0.9938838531978713,0.0,0.0,0.0
6,per_pair,8,False,sham,0,896,0.7888805889587553,0.6890064309426259,0.8773335058141227,0.20465326125157945,0.11761070445565547,0.3030046005299339
6,per_pair,8,False,sham,1,768,0.8206886666754745,0.7240916076390794,0.9024435513448626,0.16921331412971255,0.08940820965500303,0.2637678821110111
6,per_pair,8,False,sham,2,640,0.8499694184233608,0.7538520207309111,0.9300196213456075,0.13979943007442486,0.060881025986562746,0.23489924130170467
6,per_pair,8,False,sham,3,512,0.891716880480642,0.8316720683654335,0.9441288984163738,0.0911523306415865,0.03369232589192901,0.15269950481626932
6,per_pair,8,False,sham,4,384,0.8590715063040008,0.7755564302317974,0.9283613895484715,0.1175760329807458,0.051474080092347274,0.19988082769166038
6,per_pair,8,False,sham,5,256,0.9501034033530111,0.9028961696853702,0.9811135478735028,0.0365944703856996,0.009424144551797173,0.0770485110638268
6,per_pair,8,False,sham,6,128,0.9636061998723158,0.9330725795641972,0.988224066575814,0.027826689882705268,0.00616221057022541,0.054844960699092546
6,per_pair,8,False,sham,7,0,0.989069287604905,0.9819087527802342,0.9942597276629943,0.0,0.0,0.0
6,per_pair,8,False,random_ordinary,0,896,0.7392308953727968,0.6548874512284509,0.8179039178788414,0.24232590550985278,0.16782862789952901,0.3214494658161289
6,per_pair,8,False,random_ordinary,1,768,0.8301092021845902,0.7618115206309952,0.8930629230054242,0.14970051236540238,0.08912388769280942,0.2162175830426811
6,per_pair,8,False,random_ordinary,2,640,0.7416839053062747,0.6546984632383118,0.8204562526159305,0.23517696526605344,0.15782972807188048,0.3207120925153689
6,per_pair,8,False,random_ordinary,3,512,0.8555847981398388,0.7905543339641553,0.912428962009841,0.12136584113646019,0.059506634068470406,0.1904309255217019
6,per_pair,8,False,random_ordinary,4,384,0.836195906246618,0.7819948904940618,0.885751511239849,0.14117162515685489,0.0917101305159653,0.1950981253588122
6,per_pair,8,False,random_ordinary,5,256,0.8956328267676228,0.8387960492431205,0.9405267048665785,0.08353640524928954,0.03952792400696282,0.1378890710734367
6,per_pair,8,False,random_ordinary,6,128,0.9554635012872335,0.9365523184046487,0.9715241939790487,0.02777538948422705,0.012640905447603186,0.0460304694053918
6,per_pair,8,False,random_ordinary,7,0,0.979660011371096,0.9695564896148076,0.9870084455644086,0.0,0.0,0.0
6,per_pair,8,False,random_homeostasis,0,896,0.7467606379380988,0.660034517443331,0.8273365832344912,0.2349245789426852,0.1584721976689151,0.3169020217922937
6,per_pair,8,False,random_homeostasis,1,768,0.8303063519540973,0.7637019430439332,0.8914319423042641,0.15125940916121494,0.09185903398234228,0.21608356438255102
6,per_pair,8,False,random_homeostasis,2,640,0.7477170894093297,0.6660595753491892,0.8210223660061837,0.23267735928643896,0.16074284559707844,0.31201913051807967
6,per_pair,8,False,random_homeostasis,3,512,0.8457047399886524,0.7820807682299805,0.9017320562871448,0.13099123901519855,0.06961963418733035,0.19815878178159838
6,per_pair,8,False,random_homeostasis,4,384,0.8455597314736478,0.7937094606167415,0.8935771922072767,0.1306704013980009,0.08112444597747662,0.1836414491207132
6,per_pair,8,False,random_homeostasis,5,256,0.9035925065205137,0.8539993128794214,0.9431097181369054,0.07257737138295303,0.03281002577809644,0.12148131073589524
6,per_pair,8,False,random_homeostasis,6,128,0.9515961611557211,0.9285111065122363,0.9711376929742437,0.028347474474346726,0.010700895232805418,0.050255602794858203
6,per_pair,8,False,random_homeostasis,7,0,0.983356988913485,0.9786885499395006,0.987605617293242,0.0,0.0,0.0
6,per_pair,8,False,direct,0,896,0.8435448728642335,0.7431070718914028,0.9278356477491166,0.14735461378176254,0.0672399150554518,0.24314151198396594
6,per_pair,8,False,direct,1,768,0.8991053413027548,0.8243958948077773,0.9581274037603184,0.08163858185508233,0.03226229164260298,0.14706797547718617
6,per_pair,8,False,direct,2,640,0.8856958021334176,0.8087471569937822,0.9476294896032481,0.10243772351541154,0.040881900318023585,0.1791507122774265
6,per_pair,8,False,direct,3,512,0.9467980848861113,0.904445524891285,0.9772234563886404,0.04856293241846675,0.018758659834879548,0.08959592533033524
6,per_pair,8,False,direct,4,384,0.9449155600340788,0.906209926432532,0.9760897261745947,0.045222224749830356,0.015005072463539073,0.08321934481447192
6,per_pair,8,False,direct,5,256,0.9647204426769465,0.9278516385274809,0.9867171123901026,0.027066692425813343,0.004970378688583364,0.06304605876929303
6,per_pair,8,False,direct,6,128,0.9795681917650504,0.9591480395718153,0.9933887929607929,0.00965683289657365,0.0032000019001545634,0.018285132369639374
6,per_pair,8,False,direct,7,0,0.9912379681460348,0.9825568840558675,0.9964740214985571,0.0,0.0,0.0
6,per_pair,8,False,oracle,0,896,0.9984263345977558,0.997711141484737,0.9990251502499035,0.0,0.0,0.0
6,per_pair,8,False,oracle,1,768,0.9976140327811791,0.9963436165641506,0.9986027407709437,0.0,0.0,0.0
6,per_pair,8,False,oracle,2,640,0.9978225872649913,0.997002381328498,0.9985448628731657,0.0,0.0,0.0
6,per_pair,8,False,oracle,3,512,0.9962782969659678,0.9925798667857769,0.998960000090071,0.0,0.0,0.0
6,per_pair,8,False,oracle,4,384,0.9971255998784994,0.994699526285102,0.9986617419727668,0.0,0.0,0.0
6,per_pair,8,False,oracle,5,256,0.9969803277292633,0.9941887253031242,0.9986869381465056,0.0,0.0,0.0
6,per_pair,8,False,oracle,6,128,0.995721355738618,0.9918136071011086,0.9986583930772317,0.0,0.0,0.0
6,per_pair,8,False,oracle,7,0,0.9982505832182236,0.9971572574701172,0.9989711332350591,0.0,0.0,0.0
6,per_pair,8,False,fixed_homeostasis,0,896,0.7589432585774848,0.6457702760703713,0.8608361655672547,0.23465218400561227,0.13348909515008467,0.34693140157315544
6,per_pair,8,False,fixed_homeostasis,1,768,0.7735261391223399,0.6526154601013764,0.8815804621860291,0.2138732340341208,0.10771814505254326,0.3330352318172495
6,per_pair,8,False,fixed_homeostasis,2,640,0.8294040924736583,0.720503094082409,0.9230034116039834,0.16193876598403328,0.06796398335937913,0.27167516968297145
6,per_pair,8,False,fixed_homeostasis,3,512,0.8860552055119872,0.8133777492163954,0.9478463614593211,0.09569389867624495,0.028813420739389067,0.1702112667301079
6,per_pair,8,False,fixed_homeostasis,4,384,0.8450596245298864,0.7576405880399539,0.918869019917716,0.12382532719483035,0.05539937913258468,0.20827600025341206
6,per_pair,8,False,fixed_homeostasis,5,256,0.9304961773984637,0.872534642991829,0.9760201610100445,0.054387468974573125,0.015049845536879183,0.10408261512648741
6,per_pair,8,False,fixed_homeostasis,6,128,0.969202122291405,0.9429424923710981,0.9885781209114514,0.018653903970179374,-0.00036415508088496784,0.04420693420501565
6,per_pair,8,False,fixed_homeostasis,7,0,0.9849876601028047,0.9710121134918712,0.9938838531978713,0.0,0.0,0.0
6,per_pair,8,False,fixed_sham,0,896,0.7888805889587553,0.6890064309426259,0.8773335058141227,0.20465326125157945,0.11761070445565547,0.3030046005299339
6,per_pair,8,False,fixed_sham,1,768,0.8206886666754745,0.7240916076390794,0.9024435513448626,0.16921331412971255,0.08940820965500303,0.2637678821110111
6,per_pair,8,False,fixed_sham,2,640,0.8499694184233608,0.7538520207309111,0.9300196213456075,0.13979943007442486,0.060881025986562746,0.23489924130170467
6,per_pair,8,False,fixed_sham,3,512,0.891716880480642,0.8316720683654335,0.9441288984163738,0.0911523306415865,0.03369232589192901,0.15269950481626932
6,per_pair,8,False,fixed_sham,4,384,0.8590715063040008,0.7755564302317974,0.9283613895484715,0.1175760329807458,0.051474080092347274,0.19988082769166038
6,per_pair,8,False,fixed_sham,5,256,0.9501034033530111,0.9028961696853702,0.9811135478735028,0.0365944703856996,0.009424144551797173,0.0770485110638268
6,per_pair,8,False,fixed_sham,6,128,0.9636061998723158,0.9330725795641972,0.988224066575814,0.027826689882705268,0.00616221057022541,0.054844960699092546
6,per_pair,8,False,fixed_sham,7,0,0.989069287604905,0.9819087527802342,0.9942597276629943,0.0,0.0,0.0
6,per_pair,16,False,baseline6,0,1920,0.6832837179759832,0.5612297738437133,0.8002627764946699,0.3099996408724147,0.19302892745164021,0.43231040400859755
6,per_pair,16,False,baseline6,1,1792,0.7850379464326372,0.6787586857585826,0.8805627011860963,0.2061615820590415,0.1111503890492642,0.31222572946650723
6,per_pair,16,False,baseline6,2,1664,0.7033398832336599,0.5732323787792122,0.8245241468127817,0.2898169960847087,0.16794719668448585,0.4205716418092129
6,per_pair,16,False,baseline6,3,1536,0.6766687583821118,0.5617683420335149,0.7836778660299187,0.31075522368217157,0.2053626610054524,0.424341773396061
6,per_pair,16,False,baseline6,4,1408,0.692005738294671,0.5765504450550958,0.799164834333151,0.2906149783038705,0.1813796776034089,0.408543853610476
6,per_pair,16,False,baseline6,5,1280,0.8271694191520917,0.7384367117019858,0.9046493343083406,0.15437498420501275,0.07534945680293324,0.24505873951246085
6,per_pair,16,False,baseline6,6,1152,0.7482069736596773,0.6343077517214714,0.8506585766413053,0.2390016064726855,0.13905502485971769,0.3498576661693163
6,per_pair,16,False,baseline6,7,1024,0.6831449008770138,0.549573995227371,0.8081521497408418,0.2867560778045519,0.1597752649463982,0.4230109517717264
6,per_pair,16,False,baseline6,8,896,0.8039519756629823,0.708199903615143,0.8914738779134896,0.19118418030159612,0.10435733772175572,0.28618426509707484
6,per_pair,16,False,baseline6,9,768,0.7700569899377769,0.6607934910538429,0.8700193712592608,0.22061137748397538,0.12336717983886387,0.3274677804253767
6,per_pair,16,False,baseline6,10,640,0.8095366296148319,0.7218294430517948,0.8896661540689894,0.18006756316490044,0.1020404192239577,0.26583506143613056
6,per_pair,16,False,baseline6,11,512,0.872064561681036,0.7849961648015897,0.9440346610329057,0.11759750950574581,0.04966764241872329,0.1993688528902393
6,per_pair,16,False,baseline6,12,384,0.8271008272448697,0.7208530899581377,0.9177441570496683,0.15618952015311197,0.06884181577392674,0.25949416226598093
6,per_pair,16,False,baseline6,13,256,0.9269715529978155,0.851567206289991,0.981516168319512,0.06670302371187412,0.013337894912290527,0.14125240358686486
6,per_pair,16,False,baseline6,14,128,0.9338589667353547,0.8755133435260936,0.9810753881736064,0.056211540225444,0.013838268515265118,0.10834738248393506
6,per_pair,16,False,baseline6,15,0,0.9857685760304152,0.9686799902655482,0.9976427938008369,0.0,0.0,0.0
6,per_pair,16,False,ordinary,0,1920,0.6832837179759832,0.5612297738437133,0.8002627764946699,0.3099996408724147,0.19302892745164021,0.43231040400859755
6,per_pair,16,False,ordinary,1,1792,0.7850379464326372,0.6787586857585826,0.8805627011860963,0.2061615820590415,0.1111503890492642,0.31222572946650723
6,per_pair,16,False,ordinary,2,1664,0.7033398832336599,0.5732323787792122,0.8245241468127817,0.2898169960847087,0.16794719668448585,0.4205716418092129
6,per_pair,16,False,ordinary,3,1536,0.6766687583821118,0.5617683420335149,0.7836778660299187,0.31075522368217157,0.2053626610054524,0.424341773396061
6,per_pair,16,False,ordinary,4,1408,0.692005738294671,0.5765504450550958,0.799164834333151,0.2906149783038705,0.1813796776034089,0.408543853610476
6,per_pair,16,False,ordinary,5,1280,0.8271694191520917,0.7384367117019858,0.9046493343083406,0.15437498420501275,0.07534945680293324,0.24505873951246085
6,per_pair,16,False,ordinary,6,1152,0.7482069736596773,0.6343077517214714,0.8506585766413053,0.2390016064726855,0.13905502485971769,0.3498576661693163
6,per_pair,16,False,ordinary,7,1024,0.6831449008770138,0.549573995227371,0.8081521497408418,0.2867560778045519,0.1597752649463982,0.4230109517717264
6,per_pair,16,False,ordinary,8,896,0.8039519756629823,0.708199903615143,0.8914738779134896,0.19118418030159612,0.10435733772175572,0.28618426509707484
6,per_pair,16,False,ordinary,9,768,0.7700569899377769,0.6607934910538429,0.8700193712592608,0.22061137748397538,0.12336717983886387,0.3274677804253767
6,per_pair,16,False,ordinary,10,640,0.8095366296148319,0.7218294430517948,0.8896661540689894,0.18006756316490044,0.1020404192239577,0.26583506143613056
6,per_pair,16,False,ordinary,11,512,0.872064561681036,0.7849961648015897,0.9440346610329057,0.11759750950574581,0.04966764241872329,0.1993688528902393
6,per_pair,16,False,ordinary,12,384,0.8271008272448697,0.7208530899581377,0.9177441570496683,0.15618952015311197,0.06884181577392674,0.25949416226598093
6,per_pair,16,False,ordinary,13,256,0.9269715529978155,0.851567206289991,0.981516168319512,0.06670302371187412,0.013337894912290527,0.14125240358686486
6,per_pair,16,False,ordinary,14,128,0.9338589667353547,0.8755133435260936,0.9810753881736064,0.056211540225444,0.013838268515265118,0.10834738248393506
6,per_pair,16,False,ordinary,15,0,0.9857685760304152,0.9686799902655482,0.9976427938008369,0.0,0.0,0.0
6,per_pair,16,False,homeostasis,0,1920,0.697197437734153,0.5745900013861234,0.8125022951547065,0.296398004848944,0.18062341784840666,0.41938422753982557
6,per_pair,16,False,homeostasis,1,1792,0.7678730124370593,0.6632249827521837,0.863281123856646,0.2195263607194014,0.12630058963487759,0.3227902620113222
6,per_pair,16,False,homeostasis,2,1664,0.7256060346106552,0.5965119779196362,0.8443945070278522,0.2657368238470364,0.14663390423471936,0.39567242844710204
6,per_pair,16,False,homeostasis,3,1536,0.6332950992557351,0.5169664236881683,0.7445705594582731,0.3484540049324971,0.23544543976676072,0.4672351363608678
6,per_pair,16,False,homeostasis,4,1408,0.6736799934438342,0.544383061828367,0.792995400655036,0.29520495828088256,0.16457377195581557,0.43306463633405445
6,per_pair,16,False,homeostasis,5,1280,0.8254239978893746,0.7316550846888793,0.9059295628529292,0.15945964848366206,0.07721924072443768,0.2557207166069249
6,per_pair,16,False,homeostasis,6,1152,0.7378418700000063,0.6319781476215263,0.8367913656910856,0.2500141562615781,0.15100970715742346,0.3560425205993504
6,per_pair,16,False,homeostasis,7,1024,0.703907461592061,0.5766847683014364,0.8231550590675492,0.2810801985107438,0.16573998183557995,0.40409967701368954
6,per_pair,16,False,homeostasis,8,896,0.8175176319880223,0.722412170310187,0.9011006617750404,0.17670470051665627,0.09365203598552664,0.27128230351382593
6,per_pair,16,False,homeostasis,9,768,0.7912277322134824,0.6919731988075041,0.8811332119594125,0.20147699646245326,0.11276466744088631,0.2995068864829381
6,per_pair,16,False,homeostasis,10,640,0.7882085650546864,0.6977176388130174,0.8719317035918868,0.20178119278864215,0.11796399618282473,0.29148688453493593
6,per_pair,16,False,homeostasis,11,512,0.9025030494815833,0.8293539245725745,0.9584878233903592,0.08647789838934031,0.03252989032983694,0.15641404621506308
6,per_pair,16,False,homeostasis,12,384,0.7857039456440185,0.6676626133593236,0.8904655587944291,0.17808349085608152,0.08092350708663204,0.29171981543986314
6,per_pair,16,False,homeostasis,13,256,0.9278019450627626,0.8546121599514895,0.9770714457154315,0.06459212540486209,0.018429952407477523,0.13651347087300178
6,per_pair,16,False,homeostasis,14,128,0.9310171540496118,0.8738125609256848,0.9782671882410613,0.04949778251110085,0.011912037714477684,0.09423654946674377
6,per_pair,16,False,homeostasis,15,0,0.9758852976623282,0.9492212990188669,0.9955615597013049,0.0,0.0,0.0
6,per_pair,16,False,sham,0,1920,0.7123643100490513,0.6049533542978193,0.8119598643327435,0.2811695401612835,0.1819347994000983,0.3883452723855123
6,per_pair,16,False,sham,1,1792,0.7792831108135831,0.69402853122358,0.8577277659248125,0.2106188699916039,0.13260550770615354,0.29521532312058096
6,per_pair,16,False,sham,2,1664,0.7133833816542352,0.5932598518965453,0.8235549866447681,0.2763854668435505,0.16578492563872482,0.39649837504922397
6,per_pair,16,False,sham,3,1536,0.6729419250447102,0.5688487466883707,0.7713290310741096,0.3099272860775182,0.20927435635383237,0.41560400688378085
6,per_pair,16,False,sham,4,1408,0.7000912594856307,0.5896467204202489,0.8017683780723898,0.27655627979911585,0.17077373367514662,0.3905124561522923
6,per_pair,16,False,sham,5,1280,0.8127656432401599,0.7250344052388051,0.8891406888552054,0.17393223049855083,0.09751904454875669,0.2622974664254578
6,per_pair,16,False,sham,6,1152,0.7800298277490805,0.6897511882589326,0.8630192739001755,0.21140306200594053,0.12789056891390735,0.3021160527642932
6,per_pair,16,False,sham,7,1024,0.7234462761475482,0.6180665851218236,0.8209344631644955,0.2656230114573566,0.16743167236928888,0.37185945372378
6,per_pair,16,False,sham,8,896,0.8170992204554208,0.7287790729131999,0.8952659351372844,0.17470023048344785,0.09678911015236805,0.26278481401676573
6,per_pair,16,False,sham,9,768,0.7969931103393877,0.7016430017414951,0.8826910634232072,0.19503871172587647,0.11134967780407007,0.2878587382759249
6,per_pair,16,False,sham,10,640,0.8095231503445512,0.7238529996509886,0.8865657200889041,0.17088647193966733,0.0970435233194355,0.2535839628195576
6,per_pair,16,False,sham,11,512,0.8705975415859852,0.8039502168542139,0.9273614062703911,0.11483251287016949,0.06204990785345804,0.1768283600518577
6,per_pair,16,False,sham,12,384,0.80314276164243,0.7054465412337837,0.8892464365039638,0.17211543683815927,0.08914627917024627,0.2676613994671654
6,per_pair,16,False,sham,13,256,0.9240963579997694,0.8595085405704037,0.9707069008851562,0.06640771032478722,0.022855080465600724,0.12915341316981735
6,per_pair,16,False,sham,14,128,0.9484034828392973,0.9046617521066088,0.9830905462701317,0.044063597884421886,0.011942387187172207,0.08406954932775523
6,per_pair,16,False,sham,15,0,0.9803668537375718,0.955166918882099,0.9956200453622384,0.0,0.0,0.0
6,per_pair,16,False,random_ordinary,0,1920,0.6775470146447082,0.5823738496656574,0.7697134640195098,0.30400978623794134,0.21312951443577186,0.3990930498864947
6,per_pair,16,False,random_ordinary,1,1792,0.7106567819300129,0.6359863471088958,0.7825205484960582,0.26915293261997975,0.19748676501810591,0.34392990780062255
6,per_pair,16,False,random_ordinary,2,1664,0.6467836169894242,0.5525533880174835,0.7342911669539741,0.33007725358290374,0.240707262102787,0.4262776684711396
6,per_pair,16,False,random_ordinary,3,1536,0.6563904285183209,0.567100008125077,0.7417392603688228,0.32056021075797814,0.2303295494545912,0.4133099900591798
6,per_pair,16,False,random_ordinary,4,1408,0.6719802123691898,0.5761280297760296,0.7623835593969374,0.30538731903428296,0.2162743583952683,0.4001477814081874
6,per_pair,16,False,random_ordinary,5,1280,0.6987848093467207,0.6032761840198608,0.7868094112182787,0.28038442267019165,0.1927806575504142,0.3754267692607276
6,per_pair,16,False,random_ordinary,6,1152,0.6784103404733193,0.5849210295953517,0.766881703331099,0.3048285502981413,0.21630249702281276,0.3990226872605801
6,per_pair,16,False,random_ordinary,7,1024,0.7355647997767791,0.6324407355118361,0.8291704326893712,0.24409521159431694,0.15161512237631608,0.3466335465451576
6,per_pair,16,False,random_ordinary,8,896,0.7812722531570595,0.6905380946187379,0.8626542077711626,0.2026565408318857,0.12222863826622593,0.2928914265416982
6,per_pair,16,False,random_ordinary,9,768,0.7953196742657331,0.72284566815717,0.8603186094440183,0.18492858090204337,0.12393374309384149,0.2518477385082371
6,per_pair,16,False,random_ordinary,10,640,0.7729472065451516,0.6956320493998267,0.8456009084114793,0.20765991357369473,0.13675426223014342,0.28337674230918586
6,per_pair,16,False,random_ordinary,11,512,0.8393471529642671,0.7510523644317039,0.9128507716859082,0.14207260633113777,0.07116023992283617,0.2280162362113234
6,per_pair,16,False,random_ordinary,12,384,0.8150686742087961,0.7461385297770853,0.877857190106295,0.152345628734478,0.09061427769768395,0.22192044427533988
6,per_pair,16,False,random_ordinary,13,256,0.8877679107898844,0.8316402749196965,0.9348334732096499,0.09320756489726587,0.05031968686009299,0.1434481427240363
6,per_pair,16,False,random_ordinary,14,128,0.9279729276092394,0.89090630459297,0.9605225783344118,0.04738832272263602,0.01944377359817813,0.07973683284662565
6,per_pair,16,False,random_ordinary,15,0,0.982189782392785,0.9717486474882433,0.9900445802072391,0.0,0.0,0.0
6,per_pair,16,False,random_homeostasis,0,1920,0.6770277228024948,0.5832036431869161,0.7669407540518097,0.3046574940782892,0.21706531299590592,0.39710367446250405
6,per_pair,16,False,random_homeostasis,1,1792,0.7302227357159927,0.6522206008008212,0.8047662045328231,0.2513430253993195,0.17708738829259513,0.32921680557447813
6,per_pair,16,False,random_homeostasis,2,1664,0.6464251716244676,0.5534234748613904,0.7332130947065869,0.3339692770713011,0.24663424398735107,0.4273978444825848
6,per_pair,16,False,random_homeostasis,3,1536,0.6468413610147862,0.555764442155989,0.7347707947295244,0.3298546179890647,0.238510663986751,0.4244987769657044
6,per_pair,16,False,random_homeostasis,4,1408,0.6868842454945061,0.5905291433761102,0.7775942430486564,0.2893458873771426,0.19913943880308183,0.3855569527709539
6,per_pair,16,False,random_homeostasis,5,1280,0.7130429092397382,0.6196430528631997,0.798993550013068,0.26312696866372853,0.17600869076101894,0.3577893670406851
6,per_pair,16,False,random_homeostasis,6,1152,0.7014752559285012,0.6102717500208767,0.786747458459989,0.2784683797015667,0.1943158711624637,0.36936955803571775
6,per_pair,16,False,random_homeostasis,7,1024,0.744571732195145,0.6484501926063034,0.8301116050944501,0.2387852567183399,0.15398562854689896,0.3340043928781478
6,per_pair,16,False,random_homeostasis,8,896,0.7741046382471807,0.681054203106638,0.8579913824456408,0.20962710326968131,0.126832174235466,0.30220310151170127
6,per_pair,16,False,random_homeostasis,9,768,0.7798452980006514,0.7034221999039928,0.8496348453712126,0.20483026638196455,0.13667874723241258,0.2799138107533805
6,per_pair,16,False,random_homeostasis,10,640,0.7795041883444471,0.7041128920815123,0.8500054697086168,0.20145229221966654,0.1329843220498928,0.2752143876447498
6,per_pair,16,False,random_homeostasis,11,512,0.8464013419893377,0.7586304042471381,0.9202063716606556,0.13513206471377298,0.06377142734641159,0.22057817995306656
6,per_pair,16,False,random_homeostasis,12,384,0.812276827133522,0.7424256812990095,0.8763614332670365,0.1615806816121698,0.09883917357799747,0.23095844659706918
6,per_pair,16,False,random_homeostasis,13,256,0.8833528373706506,0.8337342002447242,0.9267125975390115,0.09771895759236898,0.059249922264983886,0.14029970484675366
6,per_pair,16,False,random_homeostasis,14,128,0.9304940930167398,0.8945583472401606,0.9620681812741908,0.04699744510689291,0.02064384461566114,0.07858419305594361
6,per_pair,16,False,random_homeostasis,15,0,0.9817293209396281,0.9719704886818831,0.9894643786476832,0.0,0.0,0.0
6,per_pair,16,False,direct,0,1920,0.6800578724340316,0.5531728338442101,0.7995563341935353,0.31084161421196443,0.19392691989413574,0.43500992526116034
6,per_pair,16,False,direct,1,1792,0.8571184100774021,0.7723307951374102,0.9305386096039009,0.12362551308043497,0.04289666115620218,0.21255012666273465
6,per_pair,16,False,direct,2,1664,0.7644075563823394,0.6516575970968235,0.8657679140314877,0.2237259692664898,0.1208672933984104,0.3375141851674846
6,per_pair,16,False,direct,3,1536,0.7142919101166341,0.5962572921159917,0.8227272281102855,0.281069107187944,0.17300201673313412,0.39842852289405634
6,per_pair,16,False,direct,4,1408,0.7339151520580265,0.6158677717336279,0.8396971851649108,0.25622263272588275,0.15030684260103352,0.374325482690606
6,per_pair,16,False,direct,5,1280,0.8177819159444716,0.731597902458605,0.8924953026520658,0.17400521915828815,0.09902119946313406,0.2607537309169934
6,per_pair,16,False,direct,6,1152,0.8356066302731784,0.7355564227101896,0.9217181727262376,0.1536183943884457,0.07348253876975235,0.24601399601696877
6,per_pair,16,False,direct,7,1024,0.8382981592584855,0.7383880313706874,0.9223864077593428,0.1529398088875492,0.07106569611794686,0.2507513941298955
6,per_pair,16,False,direct,8,896,0.8521597471801055,0.7723321556040108,0.9209741667091751,0.13166290809114695,0.07165359146176818,0.20044990948849736
6,per_pair,16,False,direct,9,768,0.8886659514523709,0.8209611963481566,0.9426587702141745,0.10669646049078559,0.05399219147786371,0.1733068369259828
6,per_pair,16,False,direct,10,640,0.9459684772677734,0.910447177869777,0.9741760414647885,0.035271207090788,0.014315444303723831,0.06123501360297001
6,per_pair,16,False,direct,11,512,0.8962255575189624,0.8114912893794892,0.9635203977553755,0.09430750810035908,0.028825598394743718,0.177372480367908
6,per_pair,16,False,direct,12,384,0.9256752637542425,0.8784726242277237,0.9640150661679737,0.05945239183834368,0.022307746062725668,0.10508540051078079
6,per_pair,16,False,direct,13,256,0.9833354566338206,0.9735032465369766,0.9913163237590187,0.013150332399370374,0.005288406087142581,0.022881675450972853
6,per_pair,16,False,direct,14,128,0.9604736625466204,0.9077181124945859,0.9927363760530031,0.02472621430414297,-0.0005181803037072361,0.06730538348596683
6,per_pair,16,False,direct,15,0,0.9899719146970853,0.9789966666608989,0.9964081143280061,0.0,0.0,0.0
6,per_pair,16,False,oracle,0,1920,0.9984263345977558,0.997711141484737,0.9990251502499035,0.0,0.0,0.0
6,per_pair,16,False,oracle,1,1792,0.9976140327811791,0.9963436165641506,0.9986027407709437,0.0,0.0,0.0
6,per_pair,16,False,oracle,2,1664,0.9978225872649913,0.997002381328498,0.9985448628731657,0.0,0.0,0.0
6,per_pair,16,False,oracle,3,1536,0.9962782969659678,0.9925798667857769,0.998960000090071,0.0,0.0,0.0
6,per_pair,16,False,oracle,4,1408,0.9971255998784994,0.994699526285102,0.9986617419727668,0.0,0.0,0.0
6,per_pair,16,False,oracle,5,1280,0.9969803277292633,0.9941887253031242,0.9986869381465056,0.0,0.0,0.0
6,per_pair,16,False,oracle,6,1152,0.995721355738618,0.9918136071011086,0.9986583930772317,0.0,0.0,0.0
6,per_pair,16,False,oracle,7,1024,0.9982505832182236,0.9971572574701172,0.9989711332350591,0.0,0.0,0.0
6,per_pair,16,False,oracle,8,896,0.9981956275270785,0.9973256830180054,0.9988903889210577,0.0,0.0,0.0
6,per_pair,16,False,oracle,9,768,0.9984024219607673,0.9976468390034334,0.9989980721194176,0.0,0.0,0.0
6,per_pair,16,False,oracle,10,640,0.9979777428433302,0.9969563099149099,0.9987647257090357,0.0,0.0,0.0
6,per_pair,16,False,oracle,11,512,0.9975351478206266,0.995820272903761,0.9988124174861607,0.0,0.0,0.0
6,per_pair,16,False,oracle,12,384,0.9964452714142862,0.9943100461661014,0.9979889720214543,0.0,0.0,0.0
6,per_pair,16,False,oracle,13,256,0.9980526215187931,0.9971666533479865,0.9987993899835802,0.0,0.0,0.0
6,per_pair,16,False,oracle,14,128,0.9966045900487182,0.9941685351601967,0.9984472124964227,0.0,0.0,0.0
6,per_pair,16,False,oracle,15,0,0.9971570611052403,0.9951273413765687,0.9987250051094743,0.0,0.0,0.0
6,per_pair,16,False,fixed_homeostasis,0,1920,0.697197437734153,0.5745900013861234,0.8125022951547065,0.296398004848944,0.18062341784840666,0.41938422753982557
6,per_pair,16,False,fixed_homeostasis,1,1792,0.7678730124370593,0.6632249827521837,0.863281123856646,0.2195263607194014,0.12630058963487759,0.3227902620113222
6,per_pair,16,False,fixed_homeostasis,2,1664,0.7256060346106552,0.5965119779196362,0.8443945070278522,0.2657368238470364,0.14663390423471936,0.39567242844710204
6,per_pair,16,False,fixed_homeostasis,3,1536,0.6332950992557351,0.5169664236881683,0.7445705594582731,0.3484540049324971,0.23544543976676072,0.4672351363608678
6,per_pair,16,False,fixed_homeostasis,4,1408,0.6736799934438342,0.544383061828367,0.792995400655036,0.29520495828088256,0.16457377195581557,0.43306463633405445
6,per_pair,16,False,fixed_homeostasis,5,1280,0.8254239978893746,0.7316550846888793,0.9059295628529292,0.15945964848366206,0.07721924072443768,0.2557207166069249
6,per_pair,16,False,fixed_homeostasis,6,1152,0.7378418700000063,0.6319781476215263,0.8367913656910856,0.2500141562615781,0.15100970715742346,0.3560425205993504
6,per_pair,16,False,fixed_homeostasis,7,1024,0.703907461592061,0.5766847683014364,0.8231550590675492,0.2810801985107438,0.16573998183557995,0.40409967701368954
6,per_pair,16,False,fixed_homeostasis,8,896,0.8175176319880223,0.722412170310187,0.9011006617750404,0.17670470051665627,0.09365203598552664,0.27128230351382593
6,per_pair,16,False,fixed_homeostasis,9,768,0.7912277322134824,0.6919731988075041,0.8811332119594125,0.20147699646245326,0.11276466744088631,0.2995068864829381
6,per_pair,16,False,fixed_homeostasis,10,640,0.7882085650546864,0.6977176388130174,0.8719317035918868,0.20178119278864215,0.11796399618282473,0.29148688453493593
6,per_pair,16,False,fixed_homeostasis,11,512,0.9025030494815833,0.8293539245725745,0.9584878233903592,0.08647789838934031,0.03252989032983694,0.15641404621506308
6,per_pair,16,False,fixed_homeostasis,12,384,0.7857039456440185,0.6676626133593236,0.8904655587944291,0.17808349085608152,0.08092350708663204,0.29171981543986314
6,per_pair,16,False,fixed_homeostasis,13,256,0.9278019450627626,0.8546121599514895,0.9770714457154315,0.06459212540486209,0.018429952407477523,0.13651347087300178
6,per_pair,16,False,fixed_homeostasis,14,128,0.9310171540496118,0.8738125609256848,0.9782671882410613,0.04949778251110085,0.011912037714477684,0.09423654946674377
6,per_pair,16,False,fixed_homeostasis,15,0,0.9758852976623282,0.9492212990188669,0.9955615597013049,0.0,0.0,0.0
6,per_pair,16,False,fixed_sham,0,1920,0.7123643100490513,0.6049533542978193,0.8119598643327435,0.2811695401612835,0.1819347994000983,0.3883452723855123
6,per_pair,16,False,fixed_sham,1,1792,0.7792831108135831,0.69402853122358,0.8577277659248125,0.2106188699916039,0.13260550770615354,0.29521532312058096
6,per_pair,16,False,fixed_sham,2,1664,0.7133833816542352,0.5932598518965453,0.8235549866447681,0.2763854668435505,0.16578492563872482,0.39649837504922397
6,per_pair,16,False,fixed_sham,3,1536,0.6729419250447102,0.5688487466883707,0.7713290310741096,0.3099272860775182,0.20927435635383237,0.41560400688378085
6,per_pair,16,False,fixed_sham,4,1408,0.7000912594856307,0.5896467204202489,0.8017683780723898,0.27655627979911585,0.17077373367514662,0.3905124561522923
6,per_pair,16,False,fixed_sham,5,1280,0.8127656432401599,0.7250344052388051,0.8891406888552054,0.17393223049855083,0.09751904454875669,0.2622974664254578
6,per_pair,16,False,fixed_sham,6,1152,0.7800298277490805,0.6897511882589326,0.8630192739001755,0.21140306200594053,0.12789056891390735,0.3021160527642932
6,per_pair,16,False,fixed_sham,7,1024,0.7234462761475482,0.6180665851218236,0.8209344631644955,0.2656230114573566,0.16743167236928888,0.37185945372378
6,per_pair,16,False,fixed_sham,8,896,0.8170992204554208,0.7287790729131999,0.8952659351372844,0.17470023048344785,0.09678911015236805,0.26278481401676573
6,per_pair,16,False,fixed_sham,9,768,0.7969931103393877,0.7016430017414951,0.8826910634232072,0.19503871172587647,0.11134967780407007,0.2878587382759249
6,per_pair,16,False,fixed_sham,10,640,0.8095231503445512,0.7238529996509886,0.8865657200889041,0.17088647193966733,0.0970435233194355,0.2535839628195576
6,per_pair,16,False,fixed_sham,11,512,0.8705975415859852,0.8039502168542139,0.9273614062703911,0.11483251287016949,0.06204990785345804,0.1768283600518577
6,per_pair,16,False,fixed_sham,12,384,0.80314276164243,0.7054465412337837,0.8892464365039638,0.17211543683815927,0.08914627917024627,0.2676613994671654
6,per_pair,16,False,fixed_sham,13,256,0.9240963579997694,0.8595085405704037,0.9707069008851562,0.06640771032478722,0.022855080465600724,0.12915341316981735
6,per_pair,16,False,fixed_sham,14,128,0.9484034828392973,0.9046617521066088,0.9830905462701317,0.044063597884421886,0.011942387187172207,0.08406954932775523
6,per_pair,16,False,fixed_sham,15,0,0.9803668537375718,0.955166918882099,0.9956200453622384,0.0,0.0,0.0
6,total,2,False,baseline6,0,256,0.9703725994156874,0.9501162592755701,0.9866235684291074,0.020047178589890333,0.006040003076643304,0.03801752124471941
6,total,2,False,baseline6,1,0,0.9968919906210019,0.995479296353825,0.9981134899609746,0.0,0.0,0.0
6,total,2,False,ordinary,0,256,0.9703725994156874,0.9501162592755701,0.9866235684291074,0.020047178589890333,0.006040003076643304,0.03801752124471941
6,total,2,False,ordinary,1,0,0.9968919906210019,0.995479296353825,0.9981134899609746,0.0,0.0,0.0
6,total,2,False,homeostasis,0,256,0.9561377094990249,0.91472691305207,0.9861562228913209,0.03248571844940177,0.004695505085469298,0.07080788167753319
6,total,2,False,homeostasis,1,0,0.9961061711951968,0.9933271814958661,0.9981746298749871,0.0,0.0,0.0
6,total,2,False,sham,0,256,0.9711464046503743,0.9504532932738262,0.9878960135494008,0.019354744771500284,0.0020773455948604616,0.040043688800461996
6,total,2,False,sham,1,0,0.9937539012907267,0.9891388719840414,0.9973686494950167,0.0,0.0,0.0
6,total,2,False,random_ordinary,0,256,0.9246192689319962,0.8802350286292682,0.9630471765563492,0.0567715010784804,0.023160710962692073,0.09677848033117345
6,total,2,False,random_ordinary,1,0,0.9854604640310581,0.9732283658501198,0.9933023968407851,0.0,0.0,0.0
6,total,2,False,random_homeostasis,0,256,0.9244719754150711,0.8820791760488937,0.9613839421640217,0.05681106729556497,0.023922517019972424,0.09605177171393599
6,total,2,False,random_homeostasis,1,0,0.9879519063168749,0.9800949447414586,0.9934970835355325,0.0,0.0,0.0
6,total,2,False,direct,0,256,0.9807664433615584,0.9652740061421061,0.9925682596949407,0.008333515519786283,0.0018537793342253714,0.016145206546153573
6,total,2,False,direct,1,0,0.9970720988061392,0.9953231405955355,0.998367283477409,0.0,0.0,0.0
6,total,2,False,oracle,0,256,0.9983693677944581,0.9976138283715846,0.9989787642889539,0.0,0.0,0.0
6,total,2,False,oracle,1,0,0.9988793617467808,0.9984758066267222,0.9992269490261034,0.0,0.0,0.0
6,total,2,False,fixed_homeostasis,0,256,0.9561377094990249,0.91472691305207,0.9861562228913209,0.03248571844940177,0.004695505085469298,0.07080788167753319
6,total,2,False,fixed_homeostasis,1,0,0.9961061711951968,0.9933271814958661,0.9981746298749871,0.0,0.0,0.0
6,total,2,False,fixed_sham,0,256,0.9711464046503743,0.9504532932738262,0.9878960135494008,0.019354744771500284,0.0020773455948604616,0.040043688800461996
6,total,2,False,fixed_sham,1,0,0.9937539012907267,0.9891388719840414,0.9973686494950167,0.0,0.0,0.0
6,total,4,False,baseline6,0,384,0.9164542409514049,0.8464146104781476,0.9717081212001679,0.07682911789699287,0.02262483278820901,0.1457264272440413
6,total,4,False,baseline6,1,256,0.9193072358304992,0.8459714680076178,0.9754039978022797,0.07189229266117948,0.015939186333703764,0.14499126385341482
6,total,4,False,baseline6,2,128,0.9450544506452843,0.898808936953481,0.9793755097736883,0.048102428673084535,0.013667796910936168,0.09427482467629239
6,total,4,False,baseline6,3,0,0.9874239820642834,0.9717235015800798,0.9968133295669034,0.0,0.0,0.0
6,total,4,False,ordinary,0,384,0.9164542409514049,0.8464146104781476,0.9717081212001679,0.07682911789699287,0.02262483278820901,0.1457264272440413
6,total,4,False,ordinary,1,256,0.9193072358304992,0.8459714680076178,0.9754039978022797,0.07189229266117948,0.015939186333703764,0.14499126385341482
6,total,4,False,ordinary,2,128,0.9450544506452843,0.898808936953481,0.9793755097736883,0.048102428673084535,0.013667796910936168,0.09427482467629239
6,total,4,False,ordinary,3,0,0.9874239820642834,0.9717235015800798,0.9968133295669034,0.0,0.0,0.0
6,total,4,False,homeostasis,0,384,0.8997145066241139,0.8159237442210558,0.9656240119758485,0.09388093595898309,0.02895827846789937,0.17657063053751074
6,total,4,False,homeostasis,1,256,0.9232103460046692,0.8682136874585132,0.9666427240429901,0.0641890271517914,0.022186214557396586,0.1179036394660002
6,total,4,False,homeostasis,2,128,0.9347096552974088,0.8820715368138602,0.9751701662827847,0.05663320316028293,0.017104989999334456,0.10868739024175576
6,total,4,False,homeostasis,3,0,0.9817491041882322,0.9566542939007794,0.9960905693723363,0.0,0.0,0.0
6,total,4,False,sham,0,384,0.9184517630852522,0.8595760573988853,0.9670472407191713,0.07508208712508255,0.028182443988227206,0.131525812428819
6,total,4,False,sham,1,256,0.9245502536214081,0.8680193981756067,0.9687290942398036,0.06535172718377893,0.02186354819775116,0.12104279624238172
6,total,4,False,sham,2,128,0.9371053466500615,0.8791519369478448,0.9759841662027389,0.0526635018477242,0.015802009183525263,0.10699066946547739
6,total,4,False,sham,3,0,0.9828692111222285,0.9602985381097394,0.9958876423783032,0.0,0.0,0.0
6,total,4,False,random_ordinary,0,384,0.869847778656457,0.7952326887575837,0.9323969648227572,0.11170902222619254,0.0522687250874924,0.18461330527793318
6,total,4,False,random_ordinary,1,256,0.8926558382684233,0.8404366892415879,0.9376817967602087,0.08715387628156927,0.04158219866278286,0.14019476668061773
6,total,4,False,random_ordinary,2,128,0.8697483594092164,0.801362534072498,0.9294823913404688,0.10711251116311166,0.05007929859308873,0.1729997224552199
6,total,4,False,random_ordinary,3,0,0.976950639276299,0.9583799954151331,0.9886849795086673,0.0,0.0,0.0
6,total,4,False,random_homeostasis,0,384,0.8779335635384665,0.812178792350655,0.9335467127256568,0.10375165334231748,0.050334670512960214,0.16813341161823003
6,total,4,False,random_homeostasis,1,256,0.8939992179984466,0.8404414683831867,0.9397606312542616,0.08756654311686557,0.04093654057941778,0.1423813997927226
6,total,4,False,random_homeostasis,2,128,0.8841449348005209,0.8176258124271593,0.9419081476376823,0.09624951389524772,0.04132964707390276,0.1599807099519157
6,total,4,False,random_homeostasis,3,0,0.976695979003851,0.9563682653815277,0.9890944710709155,0.0,0.0,0.0
6,total,4,False,direct,0,384,0.9409388250240505,0.8820604265174621,0.9836660856649029,0.04996066162194564,0.012849608207206714,0.09917233737200595
6,total,4,False,direct,1,256,0.9593927035179636,0.9256110240582708,0.9842973253699154,0.021351219639873503,0.005386236399205769,0.042733498571122505
6,total,4,False,direct,2,128,0.9533852424071103,0.919423930526319,0.9788573414552575,0.03474828324171897,0.014307979579154303,0.06179655650678427
6,total,4,False,direct,3,0,0.9953610173045779,0.9925740146604445,0.9976075712921438,0.0,0.0,0.0
6,total,4,False,oracle,0,384,0.9984263345977558,0.997711141484737,0.9990251502499035,0.0,0.0,0.0
6,total,4,False,oracle,1,256,0.9976140327811791,0.9963436165641506,0.9986027407709437,0.0,0.0,0.0
6,total,4,False,oracle,2,128,0.9978225872649913,0.997002381328498,0.9985448628731657,0.0,0.0,0.0
6,total,4,False,oracle,3,0,0.9962782969659678,0.9925798667857769,0.998960000090071,0.0,0.0,0.0
6,total,4,False,fixed_homeostasis,0,384,0.8997145066241139,0.8159237442210558,0.9656240119758485,0.09388093595898309,0.02895827846789937,0.17657063053751074
6,total,4,False,fixed_homeostasis,1,256,0.9232103460046692,0.8682136874585132,0.9666427240429901,0.0641890271517914,0.022186214557396586,0.1179036394660002
6,total,4,False,fixed_homeostasis,2,128,0.9347096552974088,0.8820715368138602,0.9751701662827847,0.05663320316028293,0.017104989999334456,0.10868739024175576
6,total,4,False,fixed_homeostasis,3,0,0.9817491041882322,0.9566542939007794,0.9960905693723363,0.0,0.0,0.0
6,total,4,False,fixed_sham,0,384,0.9184517630852522,0.8595760573988853,0.9670472407191713,0.07508208712508255,0.028182443988227206,0.131525812428819
6,total,4,False,fixed_sham,1,256,0.9245502536214081,0.8680193981756067,0.9687290942398036,0.06535172718377893,0.02186354819775116,0.12104279624238172
6,total,4,False,fixed_sham,2,128,0.9371053466500615,0.8791519369478448,0.9759841662027389,0.0526635018477242,0.015802009183525263,0.10699066946547739
6,total,4,False,fixed_sham,3,0,0.9828692111222285,0.9602985381097394,0.9958876423783032,0.0,0.0,0.0
6,total,8,False,baseline6,0,448,0.7973123996407376,0.6868534687493982,0.8933713344484612,0.1914654473914784,0.09696626574687302,0.29995157439749953
6,total,8,False,baseline6,1,384,0.8801715572935862,0.7864895756800255,0.9548048674295175,0.10901182157078276,0.034497561172094425,0.20275794687858523
6,total,8,False,baseline6,2,320,0.8624023423595915,0.7703577343809672,0.9366392185818927,0.1230660863198681,0.04809980968416464,0.21559870030502115
6,total,8,False,baseline6,3,256,0.8865430576554147,0.8131792877866415,0.9471594402970686,0.09663912774279314,0.0396827009410928,0.16733636688631834
6,total,8,False,baseline6,4,192,0.8917739583320947,0.8078083955815551,0.9562192195166599,0.09649028249448649,0.03212697437577626,0.18114054825663117
6,total,8,False,baseline6,5,128,0.9085284278017642,0.8541020456457492,0.9539689446025951,0.06340512629130272,0.020920663771516343,0.11541815473161644
6,total,8,False,baseline6,6,64,0.9520907929984697,0.9207143523285152,0.9773420218444403,0.01704933628860468,0.0015111517229400625,0.03905281403442342
6,total,8,False,baseline6,7,0,0.978242253025706,0.9673869015854737,0.987777689454217,0.0,0.0,0.0
6,total,8,False,ordinary,0,448,0.7973123996407376,0.6868534687493982,0.8933713344484612,0.1914654473914784,0.09696626574687302,0.29995157439749953
6,total,8,False,ordinary,1,384,0.8801715572935862,0.7864895756800255,0.9548048674295175,0.10901182157078276,0.034497561172094425,0.20275794687858523
6,total,8,False,ordinary,2,320,0.8624023423595915,0.7703577343809672,0.9366392185818927,0.1230660863198681,0.04809980968416464,0.21559870030502115
6,total,8,False,ordinary,3,256,0.8865430576554147,0.8131792877866415,0.9471594402970686,0.09663912774279314,0.0396827009410928,0.16733636688631834
6,total,8,False,ordinary,4,192,0.8917739583320947,0.8078083955815551,0.9562192195166599,0.09649028249448649,0.03212697437577626,0.18114054825663117
6,total,8,False,ordinary,5,128,0.9085284278017642,0.8541020456457492,0.9539689446025951,0.06340512629130272,0.020920663771516343,0.11541815473161644
6,total,8,False,ordinary,6,64,0.9520907929984697,0.9207143523285152,0.9773420218444403,0.01704933628860468,0.0015111517229400625,0.03905281403442342
6,total,8,False,ordinary,7,0,0.978242253025706,0.9673869015854737,0.987777689454217,0.0,0.0,0.0
6,total,8,False,homeostasis,0,448,0.800233271946573,0.7001921759152525,0.8858106185703383,0.18154876112823765,0.10062242099034494,0.2749143871703726
6,total,8,False,homeostasis,1,384,0.8450012659370848,0.743701891992713,0.9300128115593191,0.1439356788558903,0.059906570881559484,0.24404095218621738
6,total,8,False,homeostasis,2,320,0.8789210622533161,0.7916025950318641,0.9457686577282536,0.10722170012465057,0.04101025645828558,0.19409192388221863
6,total,8,False,homeostasis,3,256,0.8814124465073241,0.8075155404324076,0.9435366249010554,0.09747052000849958,0.041176787742124646,0.16520486101993384
6,total,8,False,homeostasis,4,192,0.8752495997345009,0.7829389742033648,0.9489820322773244,0.11334462986795621,0.03898581018386644,0.20639828076277242
6,total,8,False,homeostasis,5,128,0.8878844295900786,0.8158450766051472,0.9491290265781372,0.0827219856645512,0.019600221743480632,0.155764925828771
6,total,8,False,homeostasis,6,64,0.9635195734652642,0.9424345768939467,0.9808610442004552,0.014227599788419396,-0.0008679974371636606,0.03220054999829805
6,total,8,False,homeostasis,7,0,0.968814659736325,0.9501043314046208,0.9838016321977961,0.0,0.0,0.0
6,total,8,False,sham,0,448,0.8022593372541545,0.7097227437173684,0.8840330729725465,0.18499696401378177,0.10611358299739299,0.2736209924690094
6,total,8,False,sham,1,384,0.8746884666477373,0.7953022996003752,0.938831286726154,0.11386454188769415,0.04968463162143789,0.19304913535481918
6,total,8,False,sham,2,320,0.88154331763094,0.7941917735167823,0.9489978975859913,0.10555892274435091,0.039685461527073244,0.1907463034027605
6,total,8,False,sham,3,256,0.8787271848951839,0.8111101927884096,0.937542204282194,0.10543862359452301,0.04805341327639682,0.1719050399584766
6,total,8,False,sham,4,192,0.880325172431673,0.8053013268996372,0.9399274439434843,0.10466647098375714,0.0452089962277983,0.1797774170803928
6,total,8,False,sham,5,128,0.9216465125728708,0.8853339767888098,0.9545915065043878,0.05267700253249908,0.022393618024971588,0.08701466115771783
6,total,8,False,sham,6,64,0.9509106249807584,0.9136417972966752,0.9786165309869891,0.02497234767518957,0.005095313826255187,0.05142590873321862
6,total,8,False,sham,7,0,0.975427022318462,0.9605555631906739,0.9867673257504679,0.0,0.0,0.0
6,total,8,False,random_ordinary,0,448,0.7447869666134829,0.6588961346292012,0.8247858953016532,0.2302588196747678,0.15557172887847984,0.31109621023388295
6,total,8,False,random_ordinary,1,384,0.8577226224752204,0.7975508666882579,0.9102913310692742,0.11684176281344569,0.06527630058039297,0.1750363491459405
6,total,8,False,random_ordinary,2,320,0.7324424112012036,0.6404560545584753,0.8122733054074599,0.23867385985906803,0.16163657675564333,0.3283082007624707
6,total,8,False,random_ordinary,3,256,0.8268015469751232,0.7578110551557271,0.8881248555333185,0.14519747486357754,0.08257394284376803,0.21574304821029497
6,total,8,False,random_ordinary,4,192,0.844241002660508,0.8018132629807871,0.8853932579469566,0.1255221697629072,0.08487900394842054,0.16775723750337793
6,total,8,False,random_ordinary,5,128,0.8511044519503996,0.7840360225019246,0.9094719477233859,0.09784730075359394,0.04805520597027455,0.15691217274804728
6,total,8,False,random_ordinary,6,64,0.9331677563848748,0.9038928149198258,0.9589141763363259,0.027554710364512146,0.00953969324731928,0.05020152079879659
6,total,8,False,random_ordinary,7,0,0.9636591808022466,0.9487095033090646,0.9756636545061342,0.0,0.0,0.0
6,total,8,False,random_homeostasis,0,448,0.7534620946030954,0.6686104327778286,0.8311980066705636,0.2208128974456754,0.14829724534430466,0.30032874335264975
6,total,8,False,random_homeostasis,1,384,0.8733600777954675,0.8219562843165072,0.9185861327835306,0.10336044878509779,0.05904559483706091,0.15344233660971507
6,total,8,False,random_homeostasis,2,320,0.7507068052729502,0.6660317696428388,0.8237774843469171,0.2213137395612627,0.14899669388908232,0.3057925373089528
6,total,8,False,random_homeostasis,3,256,0.8374646145188958,0.7754862869333156,0.8923549225401368,0.13201781309995636,0.07787704723031542,0.19299285284992423
6,total,8,False,random_homeostasis,4,192,0.8419099748728205,0.7942081781174626,0.8865058152291111,0.12906168071708435,0.08630522698586349,0.17613609815609285
6,total,8,False,random_homeostasis,5,128,0.8640705897563058,0.8046883567158425,0.9156097192783185,0.08937695119159186,0.044750743888776694,0.14169735974555822
6,total,8,False,random_homeostasis,6,64,0.9297995881905685,0.8988029290393716,0.9565543057095952,0.03532193009739333,0.013587878213320019,0.06286170929180249
6,total,8,False,random_homeostasis,7,0,0.9653997454123333,0.9533986941809804,0.976311764749747,0.0,0.0,0.0
6,total,8,False,direct,0,448,0.9146816139434859,0.8412935081729669,0.9658150795705299,0.07800956475722638,0.02906533567074645,0.14839996689853585
6,total,8,False,direct,1,384,0.9217693416316978,0.8649097388466412,0.9687787529581888,0.07111298155155914,0.024859543682143822,0.12750944638564524
6,total,8,False,direct,2,320,0.8909969555240267,0.8217087891180154,0.9491988394219623,0.09294017797885978,0.03689773526216132,0.15982656075683016
6,total,8,False,direct,3,256,0.9543377387792774,0.927276309092579,0.9770264682854873,0.0373211567655618,0.015185509350039204,0.06391621212671829
6,total,8,False,direct,4,192,0.9560228497662167,0.9127624415140506,0.9835334990238737,0.0331947963671444,0.005730516674308774,0.07650494822731448
6,total,8,False,direct,5,128,0.9054862935120154,0.8469562445413394,0.9514796705239035,0.0439940853527023,-0.006268247593020464,0.0998980732065115
6,total,8,False,direct,6,64,0.9770590992443414,0.9595226225100931,0.9905945356972417,0.007051497109065441,-0.002136000719799901,0.019672268329571623
6,total,8,False,direct,7,0,0.9815340240722814,0.9708433385802813,0.9902993711081265,0.0,0.0,0.0
6,total,8,False,oracle,0,448,0.9967876974795848,0.9949873151822124,0.9982724144033532,0.0,0.0,0.0
6,total,8,False,oracle,1,384,0.9962467468221615,0.9936883330224716,0.9982430840611339,0.0,0.0,0.0
6,total,8,False,oracle,2,320,0.9971938765637534,0.9957071148194777,0.9984252547164985,0.0,0.0,0.0
6,total,8,False,oracle,3,256,0.9962174447883855,0.9943303512206756,0.9978339640957273,0.0,0.0,0.0
6,total,8,False,oracle,4,192,0.9964668699238399,0.9949036136507172,0.997745156439247,0.0,0.0,0.0
6,total,8,False,oracle,5,128,0.9955133365369685,0.994000178892945,0.9968874991641989,0.0,0.0,0.0
6,total,8,False,oracle,6,64,0.9931754705807045,0.9873096234355705,0.9972264712491047,0.0,0.0,0.0
6,total,8,False,oracle,7,0,0.9960394581557279,0.9943881642732814,0.997438663532354,0.0,0.0,0.0
6,total,8,False,fixed_homeostasis,0,448,0.800233271946573,0.7001921759152525,0.8858106185703383,0.18154876112823765,0.10062242099034494,0.2749143871703726
6,total,8,False,fixed_homeostasis,1,384,0.8450012659370848,0.743701891992713,0.9300128115593191,0.1439356788558903,0.059906570881559484,0.24404095218621738
6,total,8,False,fixed_homeostasis,2,320,0.8789210622533161,0.7916025950318641,0.9457686577282536,0.10722170012465057,0.04101025645828558,0.19409192388221863
6,total,8,False,fixed_homeostasis,3,256,0.8814124465073241,0.8075155404324076,0.9435366249010554,0.09747052000849958,0.041176787742124646,0.16520486101993384
6,total,8,False,fixed_homeostasis,4,192,0.8752495997345009,0.7829389742033648,0.9489820322773244,0.11334462986795621,0.03898581018386644,0.20639828076277242
6,total,8,False,fixed_homeostasis,5,128,0.8878844295900786,0.8158450766051472,0.9491290265781372,0.0827219856645512,0.019600221743480632,0.155764925828771
6,total,8,False,fixed_homeostasis,6,64,0.9635195734652642,0.9424345768939467,0.9808610442004552,0.014227599788419396,-0.0008679974371636606,0.03220054999829805
6,total,8,False,fixed_homeostasis,7,0,0.968814659736325,0.9501043314046208,0.9838016321977961,0.0,0.0,0.0
6,total,8,False,fixed_sham,0,448,0.8022593372541545,0.7097227437173684,0.8840330729725465,0.18499696401378177,0.10611358299739299,0.2736209924690094
6,total,8,False,fixed_sham,1,384,0.8746884666477373,0.7953022996003752,0.938831286726154,0.11386454188769415,0.04968463162143789,0.19304913535481918
6,total,8,False,fixed_sham,2,320,0.88154331763094,0.7941917735167823,0.9489978975859913,0.10555892274435091,0.039685461527073244,0.1907463034027605
6,total,8,False,fixed_sham,3,256,0.8787271848951839,0.8111101927884096,0.937542204282194,0.10543862359452301,0.04805341327639682,0.1719050399584766
6,total,8,False,fixed_sham,4,192,0.880325172431673,0.8053013268996372,0.9399274439434843,0.10466647098375714,0.0452089962277983,0.1797774170803928
6,total,8,False,fixed_sham,5,128,0.9216465125728708,0.8853339767888098,0.9545915065043878,0.05267700253249908,0.022393618024971588,0.08701466115771783
6,total,8,False,fixed_sham,6,64,0.9509106249807584,0.9136417972966752,0.9786165309869891,0.02497234767518957,0.005095313826255187,0.05142590873321862
6,total,8,False,fixed_sham,7,0,0.975427022318462,0.9605555631906739,0.9867673257504679,0.0,0.0,0.0
6,total,16,False,baseline6,0,480,0.7904686466845263,0.6877417258439992,0.8819152349589648,0.1703783658248195,0.07207952322351821,0.2787290015233109
6,total,16,False,baseline6,1,448,0.8081342146137838,0.7074506936638899,0.8956776199713841,0.14935722066812676,0.049584696769864496,0.2565455414547756
6,total,16,False,baseline6,2,416,0.7286262140094011,0.6038747234488892,0.8417637168340801,0.2422552052962364,0.1300232195053415,0.367019879793411
6,total,16,False,baseline6,3,384,0.7141792414261559,0.6135410792036791,0.8086328530640633,0.24805315012813411,0.1499590761601349,0.35264952211494827
6,total,16,False,baseline6,4,352,0.6478770056474132,0.5152826647971439,0.7731314772313643,0.2869969274534694,0.1535491811600647,0.4273765308527009
6,total,16,False,baseline6,5,320,0.8342725103860875,0.7501863572447701,0.9085881146196451,0.14356049193276738,0.06897507586263889,0.22853310639522625
6,total,16,False,baseline6,6,288,0.7613940469281375,0.6500580498687009,0.8611645445250482,0.2087611802528938,0.10699523974604679,0.3229893900237788
6,total,16,False,baseline6,7,256,0.7692983503957586,0.6574321842429808,0.87029819294744,0.201431081634035,0.10518634227863911,0.31006856771662317
6,total,16,False,baseline6,8,224,0.8403762094544283,0.7470062927395746,0.9199255379442645,0.10509395542486036,0.006107298721349958,0.21048223501182292
6,total,16,False,baseline6,9,192,0.7946359724291614,0.6889591083535249,0.8889118961076384,0.17570681623822712,0.08743942005366794,0.2764642443863332
6,total,16,False,baseline6,10,160,0.815501908627829,0.7106373429243588,0.9072018747072225,0.1645617738530017,0.0774433515380705,0.26554187963741044
6,total,16,False,baseline6,11,128,0.9059929800507169,0.8350673911203784,0.9627925416284694,0.05466888708347446,-0.006445735924064449,0.128268353716153
6,total,16,False,baseline6,12,96,0.8690835730857949,0.7920676379156705,0.9322256999984844,0.10367781240348878,0.046905566923480836,0.17569907212194247
6,total,16,False,baseline6,13,64,0.8811010850663701,0.802485661058628,0.9431940176781637,0.0843482484877965,0.02791597379957681,0.1603364997753919
6,total,16,False,baseline6,14,32,0.9605908892046922,0.9255107464313619,0.986833332825253,0.010467351897563378,-0.017746725910715893,0.038788225330196775
6,total,16,False,baseline6,15,0,0.9551245872609819,0.920913926190245,0.9819859029440997,0.0,0.0,0.0
6,total,16,False,ordinary,0,480,0.7904686466845263,0.6877417258439992,0.8819152349589648,0.1703783658248195,0.07207952322351821,0.2787290015233109
6,total,16,False,ordinary,1,448,0.8081342146137838,0.7074506936638899,0.8956776199713841,0.14935722066812676,0.049584696769864496,0.2565455414547756
6,total,16,False,ordinary,2,416,0.7286262140094011,0.6038747234488892,0.8417637168340801,0.2422552052962364,0.1300232195053415,0.367019879793411
6,total,16,False,ordinary,3,384,0.7141792414261559,0.6135410792036791,0.8086328530640633,0.24805315012813411,0.1499590761601349,0.35264952211494827
6,total,16,False,ordinary,4,352,0.6478770056474132,0.5152826647971439,0.7731314772313643,0.2869969274534694,0.1535491811600647,0.4273765308527009
6,total,16,False,ordinary,5,320,0.8342725103860875,0.7501863572447701,0.9085881146196451,0.14356049193276738,0.06897507586263889,0.22853310639522625
6,total,16,False,ordinary,6,288,0.7613940469281375,0.6500580498687009,0.8611645445250482,0.2087611802528938,0.10699523974604679,0.3229893900237788
6,total,16,False,ordinary,7,256,0.7692983503957586,0.6574321842429808,0.87029819294744,0.201431081634035,0.10518634227863911,0.31006856771662317
6,total,16,False,ordinary,8,224,0.8403762094544283,0.7470062927395746,0.9199255379442645,0.10509395542486036,0.006107298721349958,0.21048223501182292
6,total,16,False,ordinary,9,192,0.7946359724291614,0.6889591083535249,0.8889118961076384,0.17570681623822712,0.08743942005366794,0.2764642443863332
6,total,16,False,ordinary,10,160,0.815501908627829,0.7106373429243588,0.9072018747072225,0.1645617738530017,0.0774433515380705,0.26554187963741044
6,total,16,False,ordinary,11,128,0.9059929800507169,0.8350673911203784,0.9627925416284694,0.05466888708347446,-0.006445735924064449,0.128268353716153
6,total,16,False,ordinary,12,96,0.8690835730857949,0.7920676379156705,0.9322256999984844,0.10367781240348878,0.046905566923480836,0.17569907212194247
6,total,16,False,ordinary,13,64,0.8811010850663701,0.802485661058628,0.9431940176781637,0.0843482484877965,0.02791597379957681,0.1603364997753919
6,total,16,False,ordinary,14,32,0.9605908892046922,0.9255107464313619,0.986833332825253,0.010467351897563378,-0.017746725910715893,0.038788225330196775
6,total,16,False,ordinary,15,0,0.9551245872609819,0.920913926190245,0.9819859029440997,0.0,0.0,0.0
6,total,16,False,homeostasis,0,480,0.7716818355658916,0.6620817610450971,0.868069181205504,0.18576731480762138,0.08227963911927745,0.3001420476249151
6,total,16,False,homeostasis,1,448,0.8157190043885509,0.7144898516031953,0.9021732546404249,0.1337589610937424,0.03410006627798064,0.2430714362127249
6,total,16,False,homeostasis,2,416,0.7276120672446382,0.6177629806384491,0.8272395219315913,0.2444134893677856,0.14449598388222326,0.35443228154378925
6,total,16,False,homeostasis,3,384,0.7102111478608342,0.5976157271222224,0.8151367204172455,0.2596718407333875,0.1535873761802287,0.3750388280960245
6,total,16,False,homeostasis,4,352,0.6408722608907955,0.515627997298409,0.7586544238812838,0.27907568106045094,0.14431138897955514,0.4180574768466705
6,total,16,False,homeostasis,5,320,0.7992572279773278,0.7095243906636117,0.8788080537954654,0.17801390236152678,0.09927363334860778,0.26651728321378365
6,total,16,False,homeostasis,6,288,0.7506288140808794,0.6389400539155453,0.8508148640241704,0.22568976808348415,0.12340501885286459,0.33964302020247644
6,total,16,False,homeostasis,7,256,0.7367503364654471,0.6203530394834408,0.842704635466189,0.24312652046290983,0.13787751941882243,0.3588757241809397
6,total,16,False,homeostasis,8,224,0.8522442013347353,0.7722528804948213,0.9207439160847725,0.09555924366213728,0.00950648319950901,0.1854976762549055
6,total,16,False,homeostasis,9,192,0.8236222350567745,0.7269603496015373,0.9088984306478253,0.14869725862442845,0.0706473219094655,0.23848880150427834
6,total,16,False,homeostasis,10,160,0.8112085721459099,0.7253772913354919,0.8865800383308917,0.16358708875579964,0.09021870311700285,0.24762015370808188
6,total,16,False,homeostasis,11,128,0.9175822551074795,0.8641524662229564,0.9605686848000076,0.062058171287404505,0.01637794980115689,0.11804888252016572
6,total,16,False,homeostasis,12,96,0.8659235897120356,0.7884717448774734,0.9293964278699084,0.09848827101676721,0.04087376249027954,0.1719081715937927
6,total,16,False,homeostasis,13,64,0.8596721280715344,0.789135330234974,0.9210758419639655,0.07612665797245266,0.03233041083379687,0.13077885399844164
6,total,16,False,homeostasis,14,32,0.9304174467684887,0.8622970438948228,0.9862692633252712,0.02141587090158505,-0.023551086963401455,0.0736120545698755
6,total,16,False,homeostasis,15,0,0.9632788983657665,0.9394655893532264,0.9825369216054872,0.0,0.0,0.0
6,total,16,False,sham,0,480,0.7725998922792202,0.6712941739868166,0.8643748764782065,0.18478709182692782,0.08525922069767654,0.2925111381464338
6,total,16,False,sham,1,448,0.8140719888869782,0.7206225334871628,0.8955668350567706,0.15632390653281403,0.07361482994956926,0.24957020215819617
6,total,16,False,sham,2,416,0.7163444508904461,0.60198051385036,0.8205687444653444,0.25145580897398784,0.1467192678944708,0.3649415870423694
6,total,16,False,sham,3,384,0.7275217144616116,0.6379725823908077,0.8110397848297991,0.23133626226690196,0.14926381867946353,0.31944155762784276
6,total,16,False,sham,4,352,0.6831243009165638,0.5669373795899432,0.7915781015729096,0.26555283095536086,0.1477984889558969,0.3898325692345641
6,total,16,False,sham,5,320,0.8390221984206042,0.7647713860047602,0.9049335793787208,0.1359864202587956,0.07341995679169339,0.2071528471734145
6,total,16,False,sham,6,288,0.7751701857867909,0.6728874312575122,0.8669297657018751,0.2039557637100133,0.11031002863115515,0.3077960076618878
6,total,16,False,sham,7,256,0.7597935386851982,0.6566028780579691,0.8539257076873946,0.20881801621735135,0.12192781719728932,0.30506758916894827
6,total,16,False,sham,8,224,0.8309726228884273,0.7573248411835827,0.8960556513188306,0.12972283758485453,0.04995420640258566,0.21226392932699428
6,total,16,False,sham,9,192,0.8573172238595883,0.7773153468812272,0.9236467683379409,0.10752955763317959,0.051950381285499767,0.1765982701381667
6,total,16,False,sham,10,160,0.8355085201376978,0.7534372037327469,0.9048881647174177,0.14215853040325394,0.07458465948386815,0.22223632366586066
6,total,16,False,sham,11,128,0.9076878227949094,0.8440460675559819,0.9568412286368154,0.04893892398294178,-0.0016093611250081999,0.10997266012307925
6,total,16,False,sham,12,96,0.8444942070731363,0.7614362445987248,0.9152080046647739,0.12338000769768778,0.05914004931228149,0.20076512372414443
6,total,16,False,sham,13,64,0.890725452575202,0.8319903285629432,0.9395551853566635,0.06449086355299755,0.024515322205901708,0.11797431581924078
6,total,16,False,sham,14,32,0.9421521385826147,0.8884477087251818,0.9821862439702588,0.02673159392627312,-0.005560056053095381,0.06551965687477124
6,total,16,False,sham,15,0,0.9618584168841462,0.9451871142182575,0.9761661194913053,0.0,0.0,0.0
6,total,16,False,random_ordinary,0,480,0.689777054460289,0.6008607022393008,0.7737923165908426,0.2683871868777079,0.1844921060082769,0.3581536734480215
6,total,16,False,random_ordinary,1,448,0.7477071428972883,0.6801979034820812,0.8134302020975682,0.20549052038633658,0.14031449658438727,0.27228822391913354
6,total,16,False,random_ordinary,2,416,0.6665113223137265,0.5776615297779262,0.7490482552929559,0.29417019497254926,0.2107093228179195,0.3840480989202541
6,total,16,False,random_ordinary,3,384,0.676902053344949,0.5978420390808837,0.7533765854820215,0.26389181046144505,0.17857207391817478,0.3515582422169592
6,total,16,False,random_ordinary,4,352,0.6780506239798127,0.5993106467091657,0.7531324069719888,0.2552941154733732,0.17297407314423022,0.3385928256983685
6,total,16,False,random_ordinary,5,320,0.7317159598952158,0.6519223009806754,0.8066475778130142,0.20672589690122065,0.12835716154568064,0.29036009625364656
6,total,16,False,random_ordinary,6,288,0.6941200430650252,0.6076416048335582,0.7731447023749123,0.25932547884777535,0.17893113268803768,0.3473264941838571
6,total,16,False,random_ordinary,7,256,0.7274905330113051,0.6344531474147446,0.812347280225735,0.20881202289534223,0.12294108979807312,0.3033295634946686
6,total,16,False,random_ordinary,8,224,0.7864947002297926,0.7046023279788557,0.8570309694782912,0.14135684905210494,0.06560774944448985,0.22679285771691135
6,total,16,False,random_ordinary,9,192,0.8143502448028328,0.7565569282162824,0.8698479171615692,0.1341957824404159,0.08593748167896192,0.1850767132908519
6,total,16,False,random_ordinary,10,160,0.7854483058854195,0.7112775910927839,0.8519466216648339,0.17722810854472454,0.1107822753150284,0.2514275990078267
6,total,16,False,random_ordinary,11,128,0.8746778742828576,0.8001834012261788,0.9322070765574759,0.054095272501049514,-0.009985878913637444,0.12939241874473445
6,total,16,False,random_ordinary,12,96,0.79235615579951,0.7268437605166808,0.8534316626211682,0.14716394429246069,0.08835705711307998,0.21201474026558603
6,total,16,False,random_ordinary,13,64,0.8444489887588521,0.77986796314425,0.8995194341273605,0.06868902802997208,0.03440190895598027,0.10823051502703987
6,total,16,False,random_ordinary,14,32,0.8949830927185816,0.8358711050971491,0.9427276702565889,0.023774102659699214,0.0011887775484199312,0.04784591789086738
6,total,16,False,random_ordinary,15,0,0.9444714140443567,0.9226182073114474,0.9638561347148487,0.0,0.0,0.0
6,total,16,False,random_homeostasis,0,480,0.697906459951118,0.6074430128593407,0.7832385420856726,0.26189040085907356,0.17866434662914765,0.3513328598098336
6,total,16,False,random_homeostasis,1,448,0.751590724656851,0.6843078783151856,0.8164993542201854,0.2031495884616645,0.13847354790974473,0.26970676145375916
6,total,16,False,random_homeostasis,2,416,0.6583020065026011,0.5685433137932177,0.7435857817769865,0.30080581551986163,0.21450545779856098,0.39260151218183487
6,total,16,False,random_homeostasis,3,384,0.6820531476905392,0.5991707155526399,0.7603833595910217,0.2596595854868919,0.17336891657514839,0.3491049986423392
6,total,16,False,random_homeostasis,4,352,0.6835831269136433,0.59604458253126,0.7657221015786689,0.2505670996386413,0.16319815000295892,0.34306854781669294
6,total,16,False,random_homeostasis,5,320,0.7264830214265618,0.6488336639664959,0.7989634269479532,0.2172315804399231,0.14220682973094523,0.29600616547474173
6,total,16,False,random_homeostasis,6,288,0.6846177563690529,0.5954765786140227,0.7654036319058646,0.2654367933131869,0.1817142738281291,0.3568239511084988
6,total,16,False,random_homeostasis,7,256,0.7398976578019181,0.6497183221090521,0.8214332145088562,0.20622583851248966,0.12698728626363764,0.2947467526647857
6,total,16,False,random_homeostasis,8,224,0.7718865292758104,0.6883770156348872,0.8465390027122504,0.15244186100292945,0.076574295283976,0.23823464083426593
6,total,16,False,random_homeostasis,9,192,0.8105868335117017,0.7526761292834017,0.8657694096923505,0.13814388066723654,0.08780637390918207,0.19215115578626116
6,total,16,False,random_homeostasis,10,160,0.8154873287472761,0.7426920269609676,0.8796918418492008,0.14892986944135056,0.08604581891807175,0.22153959647905197
6,total,16,False,random_homeostasis,11,128,0.8713052890742852,0.7963120188060978,0.928759683764047,0.05963764310616632,-0.0004175843778722971,0.13223089406917363
6,total,16,False,random_homeostasis,12,96,0.803568755979534,0.7370716928429937,0.8643974174383354,0.13092793551653176,0.07674574557836678,0.1915837354837344
6,total,16,False,random_homeostasis,13,64,0.8387542684881168,0.7838605188565728,0.8863342204934721,0.07980383096025818,0.04355525816223462,0.12121634024215941
6,total,16,False,random_homeostasis,14,32,0.8943650683420232,0.8354658235803939,0.9426030011403729,0.030061194070422563,0.002032921854316293,0.062356968025582785
6,total,16,False,random_homeostasis,15,0,0.9445785116925396,0.9241331772146557,0.962861537663854,0.0,0.0,0.0
6,total,16,False,direct,0,480,0.7739404869163451,0.6763437572042464,0.8633258824992492,0.17302037688731947,0.07050079243195785,0.28013809169470005
6,total,16,False,direct,1,448,0.8757244708163734,0.812917609495632,0.9310228806771979,0.09122387861020151,0.03165530202240953,0.15781772978443753
6,total,16,False,direct,2,416,0.7896472745215464,0.6900306384491871,0.8773402128348607,0.18429790336882132,0.0963490537515553,0.28495797938102757
6,total,16,False,direct,3,384,0.8105518574242903,0.7245332646422382,0.8873459644911426,0.16136373504659657,0.09048113039273208,0.24186550419676348
6,total,16,False,direct,4,352,0.7165676380123207,0.6084779077494589,0.8162991861402816,0.24275464041106154,0.14357108293665574,0.35147643697790926
6,total,16,False,direct,5,320,0.863314116352993,0.8047370437854611,0.9158584145150673,0.10630655404847805,0.048442621856738574,0.16860655522064066
6,total,16,False,direct,6,288,0.868078899315394,0.7974787086627863,0.9279953309123553,0.11189461950217017,0.051579784824370256,0.1821878862926734
6,total,16,False,direct,7,256,0.8840288049656934,0.801300802711235,0.9486089009599447,0.09604318037600743,0.03252894391660594,0.17783553949950365
6,total,16,False,direct,8,224,0.8221896912068891,0.747035317455436,0.8930950176457362,0.13253406662990508,0.060115251289050396,0.2074396432312477
6,total,16,False,direct,9,192,0.8987440623106533,0.8210861259705567,0.9591954514548374,0.08662503363904325,0.02957193294232499,0.15904103524094967
6,total,16,False,direct,10,160,0.8830981037408943,0.8282115455372756,0.9321480523197454,0.10428438283092226,0.05760642258546771,0.15712256495495894
6,total,16,False,direct,11,128,0.9129054873824298,0.8501876180937982,0.962772681403974,0.043822999894159345,-0.01108084650925623,0.11149610645166654
6,total,16,False,direct,12,96,0.9118544311621597,0.844946051220506,0.9586776914320446,0.05600150931525201,0.021194343993061773,0.10205795118947923
6,total,16,False,direct,13,64,0.9360682214252811,0.873354922391533,0.9766697483720086,0.010576877210212984,-0.03896436408868704,0.06460305879311089
6,total,16,False,direct,14,32,0.9607633999168359,0.9365153744591138,0.9817888038517649,-0.006773100994802545,-0.03614322054607846,0.01730157740721571
6,total,16,False,direct,15,0,0.9423951514054874,0.8854656309816588,0.9795091402967867,0.0,0.0,0.0
6,total,16,False,oracle,0,480,0.9859601028700766,0.9747542783863589,0.9933143762409419,0.0,0.0,0.0
6,total,16,False,oracle,1,448,0.9873993240952401,0.9813030233534586,0.9923879309912357,0.0,0.0,0.0
6,total,16,False,oracle,2,416,0.988937116806333,0.9820369125616417,0.9944110434631821,0.0,0.0,0.0
6,total,16,False,oracle,3,384,0.9887739627507818,0.9783957806450178,0.9949821987572669,0.0,0.0,0.0
6,total,16,False,oracle,4,352,0.9816432974506832,0.9671893363739116,0.9912363709940127,0.0,0.0,0.0
6,total,16,False,oracle,5,320,0.9898849463826336,0.9847450804516532,0.9939650947974779,0.0,0.0,0.0
6,total,16,False,oracle,6,288,0.9857166618330471,0.979144351154589,0.991082830654259,0.0,0.0,0.0
6,total,16,False,oracle,7,256,0.9896636129151223,0.9842219477122286,0.9941240595677259,0.0,0.0,0.0
6,total,16,False,oracle,8,224,0.981665020563532,0.961221404947857,0.993066722803783,0.0,0.0,0.0
6,total,16,False,oracle,9,192,0.9917298643955081,0.9878565849354772,0.9945960765444606,0.0,0.0,0.0
6,total,16,False,oracle,10,160,0.9903831312686686,0.9859954036159337,0.9940044023439856,0.0,0.0,0.0
6,total,16,False,oracle,11,128,0.9857726298210026,0.9772695718444726,0.9919413128855321,0.0,0.0,0.0
6,total,16,False,oracle,12,96,0.988078852370998,0.9823389605316354,0.9924328610928349,0.0,0.0,0.0
6,total,16,False,oracle,13,64,0.9797498198170109,0.9702812118625733,0.9876209396611203,0.0,0.0,0.0
6,total,16,False,oracle,14,32,0.9895926325425735,0.9850965485977715,0.9932205136365978,0.0,0.0,0.0
6,total,16,False,oracle,15,0,0.9863372268540497,0.9801010167675114,0.9916071678692856,0.0,0.0,0.0
6,total,16,False,fixed_homeostasis,0,480,0.7716818355658916,0.6620817610450971,0.868069181205504,0.18576731480762138,0.08227963911927745,0.3001420476249151
6,total,16,False,fixed_homeostasis,1,448,0.8157190043885509,0.7144898516031953,0.9021732546404249,0.1337589610937424,0.03410006627798064,0.2430714362127249
6,total,16,False,fixed_homeostasis,2,416,0.7276120672446382,0.6177629806384491,0.8272395219315913,0.2444134893677856,0.14449598388222326,0.35443228154378925
6,total,16,False,fixed_homeostasis,3,384,0.7102111478608342,0.5976157271222224,0.8151367204172455,0.2596718407333875,0.1535873761802287,0.3750388280960245
6,total,16,False,fixed_homeostasis,4,352,0.6408722608907955,0.515627997298409,0.7586544238812838,0.27907568106045094,0.14431138897955514,0.4180574768466705
6,total,16,False,fixed_homeostasis,5,320,0.7992572279773278,0.7095243906636117,0.8788080537954654,0.17801390236152678,0.09927363334860778,0.26651728321378365
6,total,16,False,fixed_homeostasis,6,288,0.7506288140808794,0.6389400539155453,0.8508148640241704,0.22568976808348415,0.12340501885286459,0.33964302020247644
6,total,16,False,fixed_homeostasis,7,256,0.7367503364654471,0.6203530394834408,0.842704635466189,0.24312652046290983,0.13787751941882243,0.3588757241809397
6,total,16,False,fixed_homeostasis,8,224,0.8522442013347353,0.7722528804948213,0.9207439160847725,0.09555924366213728,0.00950648319950901,0.1854976762549055
6,total,16,False,fixed_homeostasis,9,192,0.8236222350567745,0.7269603496015373,0.9088984306478253,0.14869725862442845,0.0706473219094655,0.23848880150427834
6,total,16,False,fixed_homeostasis,10,160,0.8112085721459099,0.7253772913354919,0.8865800383308917,0.16358708875579964,0.09021870311700285,0.24762015370808188
6,total,16,False,fixed_homeostasis,11,128,0.9175822551074795,0.8641524662229564,0.9605686848000076,0.062058171287404505,0.01637794980115689,0.11804888252016572
6,total,16,False,fixed_homeostasis,12,96,0.8659235897120356,0.7884717448774734,0.9293964278699084,0.09848827101676721,0.04087376249027954,0.1719081715937927
6,total,16,False,fixed_homeostasis,13,64,0.8596721280715344,0.789135330234974,0.9210758419639655,0.07612665797245266,0.03233041083379687,0.13077885399844164
6,total,16,False,fixed_homeostasis,14,32,0.9304174467684887,0.8622970438948228,0.9862692633252712,0.02141587090158505,-0.023551086963401455,0.0736120545698755
6,total,16,False,fixed_homeostasis,15,0,0.9632788983657665,0.9394655893532264,0.9825369216054872,0.0,0.0,0.0
6,total,16,False,fixed_sham,0,480,0.7725998922792202,0.6712941739868166,0.8643748764782065,0.18478709182692782,0.08525922069767654,0.2925111381464338
6,total,16,False,fixed_sham,1,448,0.8140719888869782,0.7206225334871628,0.8955668350567706,0.15632390653281403,0.07361482994956926,0.24957020215819617
6,total,16,False,fixed_sham,2,416,0.7163444508904461,0.60198051385036,0.8205687444653444,0.25145580897398784,0.1467192678944708,0.3649415870423694
6,total,16,False,fixed_sham,3,384,0.7275217144616116,0.6379725823908077,0.8110397848297991,0.23133626226690196,0.14926381867946353,0.31944155762784276
6,total,16,False,fixed_sham,4,352,0.6831243009165638,0.5669373795899432,0.7915781015729096,0.26555283095536086,0.1477984889558969,0.3898325692345641
6,total,16,False,fixed_sham,5,320,0.8390221984206042,0.7647713860047602,0.9049335793787208,0.1359864202587956,0.07341995679169339,0.2071528471734145
6,total,16,False,fixed_sham,6,288,0.7751701857867909,0.6728874312575122,0.8669297657018751,0.2039557637100133,0.11031002863115515,0.3077960076618878
6,total,16,False,fixed_sham,7,256,0.7597935386851982,0.6566028780579691,0.8539257076873946,0.20881801621735135,0.12192781719728932,0.30506758916894827
6,total,16,False,fixed_sham,8,224,0.8309726228884273,0.7573248411835827,0.8960556513188306,0.12972283758485453,0.04995420640258566,0.21226392932699428
6,total,16,False,fixed_sham,9,192,0.8573172238595883,0.7773153468812272,0.9236467683379409,0.10752955763317959,0.051950381285499767,0.1765982701381667
6,total,16,False,fixed_sham,10,160,0.8355085201376978,0.7534372037327469,0.9048881647174177,0.14215853040325394,0.07458465948386815,0.22223632366586066
6,total,16,False,fixed_sham,11,128,0.9076878227949094,0.8440460675559819,0.9568412286368154,0.04893892398294178,-0.0016093611250081999,0.10997266012307925
6,total,16,False,fixed_sham,12,96,0.8444942070731363,0.7614362445987248,0.9152080046647739,0.12338000769768778,0.05914004931228149,0.20076512372414443
6,total,16,False,fixed_sham,13,64,0.890725452575202,0.8319903285629432,0.9395551853566635,0.06449086355299755,0.024515322205901708,0.11797431581924078
6,total,16,False,fixed_sham,14,32,0.9421521385826147,0.8884477087251818,0.9821862439702588,0.02673159392627312,-0.005560056053095381,0.06551965687477124
6,total,16,False,fixed_sham,15,0,0.9618584168841462,0.9451871142182575,0.9761661194913053,0.0,0.0,0.0
2,per_pair,16,True,baseline6,0,1920,0.6167472265593303,0.4981267143711519,0.7267009161847084,0.3809567747975504,0.27115053969429337,0.49936195868689187
2,per_pair,16,True,baseline6,1,1792,0.6708340922942555,0.553294923103056,0.7817592619903297,0.3094886836467832,0.20441838357308362,0.42226310798351274
2,per_pair,16,True,baseline6,2,1664,0.6108101957132378,0.4865142175955682,0.7295986347901788,0.38579175033970997,0.26634436632302577,0.5109217111962161
2,per_pair,16,True,baseline6,3,1536,0.6071371368225001,0.4657264367224903,0.7409583463506549,0.3764396176113972,0.2425287911153077,0.51808732810914
2,per_pair,16,True,baseline6,4,1408,0.7006729822790285,0.5780001758017556,0.8169550948506015,0.2685307739909834,0.1322041871680309,0.4035381217267343
2,per_pair,16,True,baseline6,5,1280,0.7102774366487621,0.5981833557745465,0.8133954414987663,0.2868420824824047,0.18344861673856344,0.39907814007013975
2,per_pair,16,True,baseline6,6,1152,0.7013484721392804,0.5712011080502418,0.8207055470780817,0.29330667782237374,0.17363456906332614,0.42402179617712654
2,per_pair,16,True,baseline6,7,1024,0.7298849092713942,0.6085261120948865,0.8444120082733192,0.2646992960298846,0.1516647383118633,0.38440433343993824
2,per_pair,16,True,baseline6,8,896,0.7844922885895539,0.6655046795552219,0.8892048297995212,0.2128881806112798,0.10795763842823256,0.3320375021369173
2,per_pair,16,True,baseline6,9,768,0.6612653677826608,0.5276910331775738,0.7898043695802274,0.33585614192800894,0.2080615307898778,0.4688487036978808
2,per_pair,16,True,baseline6,10,640,0.8725687347683736,0.7752197432398338,0.9530003750348961,0.12561876895813875,0.045248379397786795,0.22293818985093583
2,per_pair,16,True,baseline6,11,512,0.8750931467329734,0.7853118382967298,0.9494804367498657,0.11180638786354155,0.03659658112359132,0.20119325067213434
2,per_pair,16,True,baseline6,12,384,0.8832268703252057,0.7974619059977807,0.9524049762696022,0.11513882990187918,0.04648423289440687,0.20048708833493872
2,per_pair,16,True,baseline6,13,256,0.8950850235398669,0.7997815995549798,0.9711293964474667,0.09117614025704573,0.02566640041620063,0.17324357268869373
2,per_pair,16,True,baseline6,14,128,0.9678609659605216,0.9336330038250843,0.9918424100206559,0.026448246845537496,0.00316543850983205,0.06058928340338262
2,per_pair,16,True,baseline6,15,0,0.9880952653930567,0.9731827900900663,0.998487303147135,0.0,0.0,0.0
2,per_pair,16,True,ordinary,0,1920,0.6167472265593303,0.4981267143711519,0.7267009161847084,0.3809567747975504,0.27115053969429337,0.49936195868689187
2,per_pair,16,True,ordinary,1,1792,0.6708340922942555,0.553294923103056,0.7817592619903297,0.3094886836467832,0.20441838357308362,0.42226310798351274
2,per_pair,16,True,ordinary,2,1664,0.6108101957132378,0.4865142175955682,0.7295986347901788,0.38579175033970997,0.26634436632302577,0.5109217111962161
2,per_pair,16,True,ordinary,3,1536,0.6071371368225001,0.4657264367224903,0.7409583463506549,0.3764396176113972,0.2425287911153077,0.51808732810914
2,per_pair,16,True,ordinary,4,1408,0.7006729822790285,0.5780001758017556,0.8169550948506015,0.2685307739909834,0.1322041871680309,0.4035381217267343
2,per_pair,16,True,ordinary,5,1280,0.7102774366487621,0.5981833557745465,0.8133954414987663,0.2868420824824047,0.18344861673856344,0.39907814007013975
2,per_pair,16,True,ordinary,6,1152,0.7013484721392804,0.5712011080502418,0.8207055470780817,0.29330667782237374,0.17363456906332614,0.42402179617712654
2,per_pair,16,True,ordinary,7,1024,0.7298849092713942,0.6085261120948865,0.8444120082733192,0.2646992960298846,0.1516647383118633,0.38440433343993824
2,per_pair,16,True,ordinary,8,896,0.7844922885895539,0.6655046795552219,0.8892048297995212,0.2128881806112798,0.10795763842823256,0.3320375021369173
2,per_pair,16,True,ordinary,9,768,0.6612653677826608,0.5276910331775738,0.7898043695802274,0.33585614192800894,0.2080615307898778,0.4688487036978808
2,per_pair,16,True,ordinary,10,640,0.8725687347683736,0.7752197432398338,0.9530003750348961,0.12561876895813875,0.045248379397786795,0.22293818985093583
2,per_pair,16,True,ordinary,11,512,0.8750931467329734,0.7853118382967298,0.9494804367498657,0.11180638786354155,0.03659658112359132,0.20119325067213434
2,per_pair,16,True,ordinary,12,384,0.8832268703252057,0.7974619059977807,0.9524049762696022,0.11513882990187918,0.04648423289440687,0.20048708833493872
2,per_pair,16,True,ordinary,13,256,0.8950850235398669,0.7997815995549798,0.9711293964474667,0.09117614025704573,0.02566640041620063,0.17324357268869373
2,per_pair,16,True,ordinary,14,128,0.9678609659605216,0.9336330038250843,0.9918424100206559,0.026448246845537496,0.00316543850983205,0.06058928340338262
2,per_pair,16,True,ordinary,15,0,0.9880952653930567,0.9731827900900663,0.998487303147135,0.0,0.0,0.0
2,per_pair,16,True,homeostasis,0,1920,0.6523194079871661,0.5364591143530912,0.7603216427275479,0.3430186099378534,0.23480130821339248,0.4593118287324243
2,per_pair,16,True,homeostasis,1,1792,0.6981887946903771,0.5872226040119983,0.801951300327263,0.2851639213811641,0.17829444007997602,0.3997289724179521
2,per_pair,16,True,homeostasis,2,1664,0.5841305899555593,0.4538928255482798,0.7134350959728999,0.4110678379610929,0.2827581660420326,0.5403243549716155
2,per_pair,16,True,homeostasis,3,1536,0.6026011532585334,0.4565742107083991,0.7408309054427118,0.3887154153896818,0.25115678268107655,0.5338130901357034
2,per_pair,16,True,homeostasis,4,1408,0.7243145265802493,0.5957108114012089,0.8429966126807341,0.2688722662456202,0.15055063922353507,0.39699753027823254
2,per_pair,16,True,homeostasis,5,1280,0.7234244675077344,0.6003889031068801,0.8358926846638413,0.2729733965619605,0.16043854191466253,0.39555474371741983
2,per_pair,16,True,homeostasis,6,1152,0.7007761811048938,0.5762938035689547,0.8146798563121048,0.2928366620126512,0.1785486302422396,0.41781944776083635
2,per_pair,16,True,homeostasis,7,1024,0.7886807373003537,0.6826811001700248,0.883269211954474,0.20438574621985636,0.11270117856891017,0.3069753705144581
2,per_pair,16,True,homeostasis,8,896,0.8141000928983053,0.6969914714910233,0.9151652497438406,0.1833739100559592,0.0816835749936629,0.30070940319501255
2,per_pair,16,True,homeostasis,9,768,0.6682657999802255,0.5284036273770643,0.8002667494733874,0.3244994294201187,0.1936231479576296,0.462781561010993
2,per_pair,16,True,homeostasis,10,640,0.8568916406474545,0.7598936802657692,0.9367933885724495,0.13926713809213684,0.05936082356559357,0.23677921518004974
2,per_pair,16,True,homeostasis,11,512,0.9033141483933524,0.8222029303866003,0.9667702970366728,0.09213659578704195,0.030555990647351358,0.17091768903211133
2,per_pair,16,True,homeostasis,12,384,0.9039764148955485,0.8391511218455593,0.9563866922893248,0.09221608567299495,0.04053299300048301,0.15677405470445435
2,per_pair,16,True,homeostasis,13,256,0.8973600958287331,0.8052799552060989,0.9678947606103923,0.07283643554538559,0.019197104966395605,0.14735360703920547
2,per_pair,16,True,homeostasis,14,128,0.939168899613043,0.8838909001629024,0.9839946516781698,0.05579812242729604,0.010578612404026131,0.11200685069152604
2,per_pair,16,True,homeostasis,15,0,0.9952456104847883,0.9904689091134887,0.9988122544661567,0.0,0.0,0.0
2,per_pair,16,True,sham,0,1920,0.6423133776840324,0.5346085236821019,0.7411718410190482,0.35503168720794953,0.2565265637561138,0.46260693975619405
2,per_pair,16,True,sham,1,1792,0.7069679237732567,0.5980959967515191,0.8068494753999795,0.27568985413864205,0.1715614765254678,0.38722225589311143
2,per_pair,16,True,sham,2,1664,0.6443734286313458,0.5301208841998777,0.7505784503329422,0.35175211039827703,0.24585123681015075,0.4663046840794232
2,per_pair,16,True,sham,3,1536,0.639980233663678,0.5147777946117885,0.7595221321215574,0.3523763383631221,0.23429788372112076,0.4763431779710993
2,per_pair,16,True,sham,4,1408,0.704925436879863,0.5835249173267283,0.8186491217026778,0.29085727260706856,0.17779895059924405,0.4118851202668882
2,per_pair,16,True,sham,5,1280,0.6409693803287664,0.5296040272746152,0.7464578095226697,0.35694585358457603,0.2516117197059474,0.4680805093663464
2,per_pair,16,True,sham,6,1152,0.7127784995656807,0.6045027276095598,0.8111086141754817,0.27893638118350345,0.18292460555474815,0.3848563685337958
2,per_pair,16,True,sham,7,1024,0.7214460735381258,0.6055015169717585,0.8302378231498984,0.2703380348078799,0.16284678657496993,0.3851782520243683
2,per_pair,16,True,sham,8,896,0.7624362984916326,0.6519675240816003,0.8620240044245464,0.23608788396122443,0.13664446257579335,0.3464156640991137
2,per_pair,16,True,sham,9,768,0.6749839402733333,0.559084706573476,0.7873122234925722,0.3170422947450405,0.2038768748897879,0.4339125618369357
2,per_pair,16,True,sham,10,640,0.892247991299081,0.8389487503048427,0.9398199990650993,0.09620035097962283,0.0427887282463326,0.15313094363957433
2,per_pair,16,True,sham,11,512,0.8998575627904379,0.826926100125593,0.9600273666789187,0.09396153450539083,0.034668306375926584,0.1657946797575684
2,per_pair,16,True,sham,12,384,0.8714023212062705,0.7792670497480013,0.9454530353553663,0.12677947304144646,0.05275390959739659,0.21906542227089823
2,per_pair,16,True,sham,13,256,0.9084965487277663,0.8309128350656957,0.9680010868593503,0.07105552165031018,0.026649608810018186,0.12351768006895546
2,per_pair,16,True,sham,14,128,0.9701049736436751,0.9504352573588916,0.9863158602008034,0.021933623276136557,0.0049356283318879165,0.04215329778497492
2,per_pair,16,True,sham,15,0,0.9908153105174453,0.9775935396065736,0.998573853701197,0.0,0.0,0.0
2,per_pair,16,True,random_ordinary,0,1920,0.5779070914517416,0.4801883951000443,0.6728456063526255,0.41848762772106785,0.32338688853111247,0.516335600431662
2,per_pair,16,True,random_ordinary,1,1792,0.6173685817638092,0.5270074647761257,0.7066177778063182,0.3731210686276967,0.28487581484850283,0.46280601417352246
2,per_pair,16,True,random_ordinary,2,1664,0.62325534971159,0.5286344779393952,0.7156968809947677,0.36672693550476054,0.27686471495610754,0.4578863464037085
2,per_pair,16,True,random_ordinary,3,1536,0.6812166969063108,0.5839094033205489,0.7726101826439637,0.3106866623181016,0.21913902435836585,0.4078131671518556
2,per_pair,16,True,random_ordinary,4,1408,0.7332570948544704,0.6555450242686209,0.8080725532058808,0.2594707399417346,0.1857262645596769,0.3360871118938283
2,per_pair,16,True,random_ordinary,5,1280,0.7019883037352574,0.6147291373738056,0.7846582302561725,0.29235346442181,0.20987330003236546,0.37909350889455906
2,per_pair,16,True,random_ordinary,6,1152,0.7017717067584247,0.6084020257882928,0.78849466265379,0.28883570439420714,0.20381597397329515,0.3805509909657243
2,per_pair,16,True,random_ordinary,7,1024,0.7640140489230243,0.6709963147707616,0.8509704045954902,0.22711644596137903,0.13939728171840163,0.3216755749362216
2,per_pair,16,True,random_ordinary,8,896,0.7698274733678356,0.6715192189034889,0.8560642665023199,0.22613821053913036,0.13998952810002008,0.32428386049517294
2,per_pair,16,True,random_ordinary,9,768,0.659855145260511,0.5556204883569574,0.7581885664611002,0.3340545020196021,0.2368792320659249,0.4372695614062612
2,per_pair,16,True,random_ordinary,10,640,0.832944844276322,0.7631511569226629,0.8933309765938854,0.1612894738461586,0.10102198234045465,0.230348909001494
2,per_pair,16,True,random_ordinary,11,512,0.8966154284750365,0.8424839723401555,0.9415765530861655,0.09712896026519521,0.05347107656861832,0.1496458229947801
2,per_pair,16,True,random_ordinary,12,384,0.8790757672596105,0.8195304644068806,0.9331317817011431,0.11046899010387772,0.05772722285826735,0.16879748928598898
2,per_pair,16,True,random_ordinary,13,256,0.8626015302473939,0.8005021490408415,0.913732790910426,0.12128741164373696,0.07794299655244,0.16951956077777353
2,per_pair,16,True,random_ordinary,14,128,0.9588660569571332,0.9310201680221619,0.9803074447794979,0.035625323964410684,0.014946898262264826,0.062255968079916846
2,per_pair,16,True,random_ordinary,15,0,0.9882665827985657,0.9775731316041701,0.9963621635202647,0.0,0.0,0.0
2,per_pair,16,True,random_homeostasis,0,1920,0.5864590054356918,0.49252999085735605,0.6779142422079435,0.40991392413310823,0.31812765424046324,0.5040488841240648
2,per_pair,16,True,random_homeostasis,1,1792,0.5984540731095657,0.5050005299342394,0.6886062613669197,0.39272232485863895,0.3030184191174419,0.486228586799378
2,per_pair,16,True,random_homeostasis,2,1664,0.6654855619881872,0.5766673402926442,0.750546376593353,0.3275013779884981,0.24371910711253533,0.4143171910495147
2,per_pair,16,True,random_homeostasis,3,1536,0.6788396380560067,0.5952960532186338,0.7586782517137303,0.3124489076520824,0.23370886145222655,0.39468868934055207
2,per_pair,16,True,random_homeostasis,4,1408,0.7357190312794929,0.6487903282787533,0.8172171399583142,0.2582882606183735,0.17767097981442845,0.344182067646369
2,per_pair,16,True,random_homeostasis,5,1280,0.7396936726335309,0.6578220055101586,0.8146694062173298,0.25483406411776605,0.1796298255699969,0.336995989035204
2,per_pair,16,True,random_homeostasis,6,1152,0.6993010342030697,0.6100073924172864,0.7817035555203352,0.29122563721198447,0.21138669333042928,0.37737681142404456
2,per_pair,16,True,random_homeostasis,7,1024,0.7623363550986333,0.6705804257526486,0.8470299865628574,0.2294357100026163,0.14434434850836467,0.32233338542275775
2,per_pair,16,True,random_homeostasis,8,896,0.8013033190120314,0.7183101815444496,0.8774629241521247,0.19327931987499847,0.11698896102394733,0.2763111417964865
2,per_pair,16,True,random_homeostasis,9,768,0.6765409975670006,0.568991933547608,0.7772041916129233,0.31521156653088483,0.21675959094718902,0.42018576001769153
2,per_pair,16,True,random_homeostasis,10,640,0.8634334183576053,0.8044064724002278,0.9154396501847358,0.13180302465434363,0.07957035583423172,0.19089339068893107
2,per_pair,16,True,random_homeostasis,11,512,0.8781512487350212,0.8220378343935082,0.9281249623972145,0.11595331107445453,0.06697500852305613,0.17092614657535088
2,per_pair,16,True,random_homeostasis,12,384,0.8733481170607712,0.8148186720956333,0.9256754935434495,0.12076219054214227,0.0685824582075133,0.17953792980119695
2,per_pair,16,True,random_homeostasis,13,256,0.8280129906235474,0.7577401757190485,0.8897297652410253,0.16040436351398135,0.10229233750206239,0.22551713140227447
2,per_pair,16,True,random_homeostasis,14,128,0.934008259764618,0.8952454321602343,0.9677913024729042,0.06188459088387695,0.028482963405935938,0.10017925377665617
2,per_pair,16,True,random_homeostasis,15,0,0.9883211630910047,0.9777203397702803,0.9963783672170374,0.0,0.0,0.0
2,per_pair,16,True,direct,0,1920,0.63480397490957,0.49820409381011593,0.7648267987355399,0.36247173800865534,0.23310981209657797,0.498904223690239
2,per_pair,16,True,direct,1,1792,0.7614618987951638,0.648670460966404,0.861611166369524,0.22454648483425088,0.1232069762151487,0.33921065277671536
2,per_pair,16,True,direct,2,1664,0.7161818258684556,0.6001376561679511,0.8233880100805179,0.2811539222033794,0.17449131515740784,0.3965961635847022
2,per_pair,16,True,direct,3,1536,0.7051013896320004,0.5744839130204887,0.8245010813551865,0.29081371521518884,0.1720520619572558,0.42090641267907214
2,per_pair,16,True,direct,4,1408,0.708039023451015,0.580063737416939,0.8303820844816071,0.2880083142988087,0.16627028575781413,0.4152913555533912
2,per_pair,16,True,direct,5,1280,0.7792806922790965,0.6629207293428294,0.883241667567248,0.2179780278478981,0.11505200233157922,0.3332691964876901
2,per_pair,16,True,direct,6,1152,0.8334566846964677,0.7358179389000831,0.914413590013304,0.15972297516046036,0.07878942105382702,0.2572428178632821
2,per_pair,16,True,direct,7,1024,0.8799157318326072,0.7907900182367135,0.952186818314805,0.10053838229417172,0.02522041224681373,0.1925629228223676
2,per_pair,16,True,direct,8,896,0.8260156334830647,0.7256230611418085,0.9116698855189072,0.16928411785386405,0.08357791941689843,0.26980365078079466
2,per_pair,16,True,direct,9,768,0.7865263904839959,0.6671917755447532,0.8924829144842549,0.2038694785916538,0.10125636489762274,0.3197990286806211
2,per_pair,16,True,direct,10,640,0.9577927325526776,0.9254442739941955,0.9837210407285101,0.03873367082261558,0.012890643763766658,0.07104988866596589
2,per_pair,16,True,direct,11,512,0.9433180086217603,0.8981491856173378,0.9767485026042725,0.04837287946513902,0.019357428942341555,0.08876368346637772
2,per_pair,16,True,direct,12,384,0.971263698561898,0.9466645984258154,0.990240159513671,0.02334430802534111,0.007521352877980129,0.04497093069340901
2,per_pair,16,True,direct,13,256,0.9289635907868639,0.8546325359116101,0.9819515185355118,0.050267492195243756,0.016171058534653657,0.09142740613923674
2,per_pair,16,True,direct,14,128,0.971264500438938,0.937465159540011,0.9951607811922297,0.02232819176961728,0.0016977821549771985,0.05025199458101184
2,per_pair,16,True,direct,15,0,0.9811138512501707,0.9514636105005909,0.998586317957221,0.0,0.0,0.0
2,per_pair,16,True,oracle,0,1920,0.9984811495129744,0.9979560240075266,0.9989401509380071,0.0,0.0,0.0
2,per_pair,16,True,oracle,1,1792,0.9982615568045458,0.9974751502966578,0.9989171455148868,0.0,0.0,0.0
2,per_pair,16,True,oracle,2,1664,0.9977519592200556,0.9965061474679013,0.9987303287349286,0.0,0.0,0.0
2,per_pair,16,True,oracle,3,1536,0.9974187023183266,0.9957126813616948,0.9986913114817281,0.0,0.0,0.0
2,per_pair,16,True,oracle,4,1408,0.9974407311728545,0.9961458443505409,0.9985161773033439,0.0,0.0,0.0
2,per_pair,16,True,oracle,5,1280,0.997874185963114,0.9967212544052128,0.99877345039125,0.0,0.0,0.0
2,per_pair,16,True,oracle,6,1152,0.9982548860118845,0.9976545609413978,0.9987620968566842,0.0,0.0,0.0
2,per_pair,16,True,oracle,7,1024,0.998722874524623,0.9981005927156306,0.999237459070919,0.0,0.0,0.0
2,per_pair,16,True,oracle,8,896,0.998337904382621,0.9973332067006644,0.9990991450996897,0.0,0.0,0.0
2,per_pair,16,True,oracle,9,768,0.9985020580028092,0.997750874869816,0.999121909016541,0.0,0.0,0.0
2,per_pair,16,True,oracle,10,640,0.9984842059177556,0.9979249111381479,0.9989780474030472,0.0,0.0,0.0
2,per_pair,16,True,oracle,11,512,0.9986258157932326,0.9981084590207171,0.9990654692652885,0.0,0.0,0.0
2,per_pair,16,True,oracle,12,384,0.9975987089056507,0.9965995598327375,0.9984796803078244,0.0,0.0,0.0
2,per_pair,16,True,oracle,13,256,0.9973506111643845,0.9956624442046685,0.9985657348933056,0.0,0.0,0.0
2,per_pair,16,True,oracle,14,128,0.9980001644558214,0.9968896535337334,0.9989037829990156,0.0,0.0,0.0
2,per_pair,16,True,oracle,15,0,0.9977560123683362,0.9964869642560708,0.9987931900879962,0.0,0.0,0.0
2,per_pair,16,True,fixed_homeostasis,0,1920,0.6523194079871661,0.5364591143530912,0.7603216427275479,0.3430186099378534,0.23480130821339248,0.4593118287324243
2,per_pair,16,True,fixed_homeostasis,1,1792,0.6981887946903771,0.5872226040119983,0.801951300327263,0.2851639213811641,0.17829444007997602,0.3997289724179521
2,per_pair,16,True,fixed_homeostasis,2,1664,0.5841305899555593,0.4538928255482798,0.7134350959728999,0.4110678379610929,0.2827581660420326,0.5403243549716155
2,per_pair,16,True,fixed_homeostasis,3,1536,0.6026011532585334,0.4565742107083991,0.7408309054427118,0.3887154153896818,0.25115678268107655,0.5338130901357034
2,per_pair,16,True,fixed_homeostasis,4,1408,0.7243145265802493,0.5957108114012089,0.8429966126807341,0.2688722662456202,0.15055063922353507,0.39699753027823254
2,per_pair,16,True,fixed_homeostasis,5,1280,0.7234244675077344,0.6003889031068801,0.8358926846638413,0.2729733965619605,0.16043854191466253,0.39555474371741983
2,per_pair,16,True,fixed_homeostasis,6,1152,0.7007761811048938,0.5762938035689547,0.8146798563121048,0.2928366620126512,0.1785486302422396,0.41781944776083635
2,per_pair,16,True,fixed_homeostasis,7,1024,0.7886807373003537,0.6826811001700248,0.883269211954474,0.20438574621985636,0.11270117856891017,0.3069753705144581
2,per_pair,16,True,fixed_homeostasis,8,896,0.8141000928983053,0.6969914714910233,0.9151652497438406,0.1833739100559592,0.0816835749936629,0.30070940319501255
2,per_pair,16,True,fixed_homeostasis,9,768,0.6682657999802255,0.5284036273770643,0.8002667494733874,0.3244994294201187,0.1936231479576296,0.462781561010993
2,per_pair,16,True,fixed_homeostasis,10,640,0.8568916406474545,0.7598936802657692,0.9367933885724495,0.13926713809213684,0.05936082356559357,0.23677921518004974
2,per_pair,16,True,fixed_homeostasis,11,512,0.9033141483933524,0.8222029303866003,0.9667702970366728,0.09213659578704195,0.030555990647351358,0.17091768903211133
2,per_pair,16,True,fixed_homeostasis,12,384,0.9039764148955485,0.8391511218455593,0.9563866922893248,0.09221608567299495,0.04053299300048301,0.15677405470445435
2,per_pair,16,True,fixed_homeostasis,13,256,0.8973600958287331,0.8052799552060989,0.9678947606103923,0.07283643554538559,0.019197104966395605,0.14735360703920547
2,per_pair,16,True,fixed_homeostasis,14,128,0.939168899613043,0.8838909001629024,0.9839946516781698,0.05579812242729604,0.010578612404026131,0.11200685069152604
2,per_pair,16,True,fixed_homeostasis,15,0,0.9952456104847883,0.9904689091134887,0.9988122544661567,0.0,0.0,0.0
2,per_pair,16,True,fixed_sham,0,1920,0.6423133776840324,0.5346085236821019,0.7411718410190482,0.35503168720794953,0.2565265637561138,0.46260693975619405
2,per_pair,16,True,fixed_sham,1,1792,0.7069679237732567,0.5980959967515191,0.8068494753999795,0.27568985413864205,0.1715614765254678,0.38722225589311143
2,per_pair,16,True,fixed_sham,2,1664,0.6443734286313458,0.5301208841998777,0.7505784503329422,0.35175211039827703,0.24585123681015075,0.4663046840794232
2,per_pair,16,True,fixed_sham,3,1536,0.639980233663678,0.5147777946117885,0.7595221321215574,0.3523763383631221,0.23429788372112076,0.4763431779710993
2,per_pair,16,True,fixed_sham,4,1408,0.704925436879863,0.5835249173267283,0.8186491217026778,0.29085727260706856,0.17779895059924405,0.4118851202668882
2,per_pair,16,True,fixed_sham,5,1280,0.6409693803287664,0.5296040272746152,0.7464578095226697,0.35694585358457603,0.2516117197059474,0.4680805093663464
2,per_pair,16,True,fixed_sham,6,1152,0.7127784995656807,0.6045027276095598,0.8111086141754817,0.27893638118350345,0.18292460555474815,0.3848563685337958
2,per_pair,16,True,fixed_sham,7,1024,0.7214460735381258,0.6055015169717585,0.8302378231498984,0.2703380348078799,0.16284678657496993,0.3851782520243683
2,per_pair,16,True,fixed_sham,8,896,0.7624362984916326,0.6519675240816003,0.8620240044245464,0.23608788396122443,0.13664446257579335,0.3464156640991137
2,per_pair,16,True,fixed_sham,9,768,0.6749839402733333,0.559084706573476,0.7873122234925722,0.3170422947450405,0.2038768748897879,0.4339125618369357
2,per_pair,16,True,fixed_sham,10,640,0.892247991299081,0.8389487503048427,0.9398199990650993,0.09620035097962283,0.0427887282463326,0.15313094363957433
2,per_pair,16,True,fixed_sham,11,512,0.8998575627904379,0.826926100125593,0.9600273666789187,0.09396153450539083,0.034668306375926584,0.1657946797575684
2,per_pair,16,True,fixed_sham,12,384,0.8714023212062705,0.7792670497480013,0.9454530353553663,0.12677947304144646,0.05275390959739659,0.21906542227089823
2,per_pair,16,True,fixed_sham,13,256,0.9084965487277663,0.8309128350656957,0.9680010868593503,0.07105552165031018,0.026649608810018186,0.12351768006895546
2,per_pair,16,True,fixed_sham,14,128,0.9701049736436751,0.9504352573588916,0.9863158602008034,0.021933623276136557,0.0049356283318879165,0.04215329778497492
2,per_pair,16,True,fixed_sham,15,0,0.9908153105174453,0.9775935396065736,0.998573853701197,0.0,0.0,0.0
6,per_pair,16,True,baseline6,0,1920,0.5713662413423922,0.447136942208794,0.694373404027889,0.4135122139277905,0.2904606028636593,0.5384203577664808
6,per_pair,16,True,baseline6,1,1792,0.7605654390005382,0.6591923548781284,0.8505514276568337,0.21709637383632902,0.12573213293948585,0.3193983990733742
6,per_pair,16,True,baseline6,2,1664,0.6447435523326646,0.5193841828474394,0.7643333868708752,0.32358290685915464,0.20261334666635913,0.45130822025957673
6,per_pair,16,True,baseline6,3,1536,0.6246381817983779,0.4938208320634564,0.7490579733023037,0.35345236760680915,0.2236799372081565,0.4884498045389486
6,per_pair,16,True,baseline6,4,1408,0.6031562853148426,0.46947010744710976,0.7327623361221656,0.36998714407838845,0.24113645177041793,0.5040290742875247
6,per_pair,16,True,baseline6,5,1280,0.7634547253997397,0.6430913669927925,0.8713227200745747,0.2229493631005846,0.11578660397882226,0.34300092769704427
6,per_pair,16,True,baseline6,6,1152,0.6336600853369585,0.5044259122489936,0.7563600627749353,0.3506547020812393,0.2305204041579563,0.47670590636175214
6,per_pair,16,True,baseline6,7,1024,0.6748299445874558,0.5501116516929104,0.7906004954377022,0.30875382115868916,0.19316919004486954,0.43291073169467714
6,per_pair,16,True,baseline6,8,896,0.7226891044173247,0.5963565340551645,0.8397152498242435,0.2643742009372757,0.1508601058500597,0.38640470644104546
6,per_pair,16,True,baseline6,9,768,0.705800965046042,0.5930103305096841,0.8106094148214374,0.27823854140878523,0.17252036876567967,0.3921994855361909
6,per_pair,16,True,baseline6,10,640,0.8346420524665443,0.7405952776694305,0.9121542629042955,0.15517381245057082,0.077256257158086,0.24959953756891057
6,per_pair,16,True,baseline6,11,512,0.8099216689020178,0.7158159031579683,0.8917326468326721,0.17132441092505116,0.09002674891340756,0.2646916025325465
6,per_pair,16,True,baseline6,12,384,0.8052582353802599,0.692493734722775,0.9033874613800777,0.17287421473154557,0.07777446612350625,0.28352309302419426
6,per_pair,16,True,baseline6,13,256,0.90315392701764,0.8311501080317869,0.9583754711459201,0.08876456879945879,0.03398827417077663,0.16039827308981866
6,per_pair,16,True,baseline6,14,128,0.9570800487262013,0.9193193304950215,0.9855460661609683,0.02244283464720679,0.0009347525881042634,0.05498810161894476
6,per_pair,16,True,baseline6,15,0,0.9766928844831182,0.9551486736450139,0.9918229035463312,0.0,0.0,0.0
6,per_pair,16,True,ordinary,0,1920,0.5713662413423922,0.447136942208794,0.694373404027889,0.4135122139277905,0.2904606028636593,0.5384203577664808
6,per_pair,16,True,ordinary,1,1792,0.7605654390005382,0.6591923548781284,0.8505514276568337,0.21709637383632902,0.12573213293948585,0.3193983990733742
6,per_pair,16,True,ordinary,2,1664,0.6447435523326646,0.5193841828474394,0.7643333868708752,0.32358290685915464,0.20261334666635913,0.45130822025957673
6,per_pair,16,True,ordinary,3,1536,0.6246381817983779,0.4938208320634564,0.7490579733023037,0.35345236760680915,0.2236799372081565,0.4884498045389486
6,per_pair,16,True,ordinary,4,1408,0.6031562853148426,0.46947010744710976,0.7327623361221656,0.36998714407838845,0.24113645177041793,0.5040290742875247
6,per_pair,16,True,ordinary,5,1280,0.7634547253997397,0.6430913669927925,0.8713227200745747,0.2229493631005846,0.11578660397882226,0.34300092769704427
6,per_pair,16,True,ordinary,6,1152,0.6336600853369585,0.5044259122489936,0.7563600627749353,0.3506547020812393,0.2305204041579563,0.47670590636175214
6,per_pair,16,True,ordinary,7,1024,0.6748299445874558,0.5501116516929104,0.7906004954377022,0.30875382115868916,0.19316919004486954,0.43291073169467714
6,per_pair,16,True,ordinary,8,896,0.7226891044173247,0.5963565340551645,0.8397152498242435,0.2643742009372757,0.1508601058500597,0.38640470644104546
6,per_pair,16,True,ordinary,9,768,0.705800965046042,0.5930103305096841,0.8106094148214374,0.27823854140878523,0.17252036876567967,0.3921994855361909
6,per_pair,16,True,ordinary,10,640,0.8346420524665443,0.7405952776694305,0.9121542629042955,0.15517381245057082,0.077256257158086,0.24959953756891057
6,per_pair,16,True,ordinary,11,512,0.8099216689020178,0.7158159031579683,0.8917326468326721,0.17132441092505116,0.09002674891340756,0.2646916025325465
6,per_pair,16,True,ordinary,12,384,0.8052582353802599,0.692493734722775,0.9033874613800777,0.17287421473154557,0.07777446612350625,0.28352309302419426
6,per_pair,16,True,ordinary,13,256,0.90315392701764,0.8311501080317869,0.9583754711459201,0.08876456879945879,0.03398827417077663,0.16039827308981866
6,per_pair,16,True,ordinary,14,128,0.9570800487262013,0.9193193304950215,0.9855460661609683,0.02244283464720679,0.0009347525881042634,0.05498810161894476
6,per_pair,16,True,ordinary,15,0,0.9766928844831182,0.9551486736450139,0.9918229035463312,0.0,0.0,0.0
6,per_pair,16,True,homeostasis,0,1920,0.6039819962539189,0.4742355922615708,0.7306853588652079,0.3791299346096427,0.2530982510105485,0.5086447088066414
6,per_pair,16,True,homeostasis,1,1792,0.7846676889910704,0.6855835510184332,0.8713176039596141,0.1958166677314776,0.11132996940888248,0.292669740968653
6,per_pair,16,True,homeostasis,2,1664,0.6135982003934393,0.49256402406436056,0.7294116850649565,0.35435223435534624,0.2413388992879517,0.47331088386181075
6,per_pair,16,True,homeostasis,3,1536,0.5733986074605706,0.4446146850251564,0.6974384771990895,0.4068933497141227,0.2789782894268046,0.5392625724956788
6,per_pair,16,True,homeostasis,4,1408,0.6229816408922064,0.49889732762856126,0.7428201779188449,0.33793504791080103,0.20129966445613304,0.47354584589339666
6,per_pair,16,True,homeostasis,5,1280,0.7700041429477333,0.6474333660712768,0.879045361327875,0.21814451700644888,0.10889508706019144,0.3409120201250559
6,per_pair,16,True,homeostasis,6,1152,0.6484441552390882,0.5207297157019556,0.7688253620149123,0.33332747496066367,0.21602058981133593,0.45818112854027104
6,per_pair,16,True,homeostasis,7,1024,0.6852621179309064,0.5661124391681567,0.7962967180999204,0.298191709548958,0.186278049304677,0.4196686914591727
6,per_pair,16,True,homeostasis,8,896,0.7486186252283153,0.6330380928068535,0.852183304746301,0.23711879446333112,0.13793666826668247,0.347818251513216
6,per_pair,16,True,homeostasis,9,768,0.6829870419551163,0.5664227122453616,0.7924650529000515,0.30521396892399066,0.19551364642318914,0.42232693103065877
6,per_pair,16,True,homeostasis,10,640,0.8022117906631947,0.6850245778199999,0.9041252368915834,0.18481276891393364,0.08232308417491589,0.3025061931160856
6,per_pair,16,True,homeostasis,11,512,0.7915440685199349,0.682017979872249,0.8891131077081115,0.18791347263364314,0.09296925042238093,0.29471919557964577
6,per_pair,16,True,homeostasis,12,384,0.8088475985337014,0.6975698882334573,0.9051617087130456,0.1634276842292733,0.07452303795977795,0.267360953103186
6,per_pair,16,True,homeostasis,13,256,0.8955191420902636,0.8152281354201889,0.9578312804522587,0.09536396558431394,0.03338314583456816,0.17623598269449303
6,per_pair,16,True,homeostasis,14,128,0.9411598727791897,0.8975061396981163,0.9765833627054588,0.031202380210737738,0.00829357533744331,0.06501128780418305
6,per_pair,16,True,homeostasis,15,0,0.9814513581814726,0.9623002253299957,0.9932154120805459,0.0,0.0,0.0
6,per_pair,16,True,sham,0,1920,0.6301389634790164,0.5143530690165253,0.7417712703145273,0.355241284333643,0.2429454589662678,0.4723038227871797
6,per_pair,16,True,sham,1,1792,0.723042771516663,0.6257203036068824,0.8153547501882795,0.2543986105287253,0.16323649247820493,0.3511137323443692
6,per_pair,16,True,sham,2,1664,0.648998826959329,0.5397995287089986,0.7512120834919215,0.3323505857957528,0.23011102434017366,0.4421133529371617
6,per_pair,16,True,sham,3,1536,0.5640984628362065,0.44858855997920266,0.6753314861793126,0.41192497065100087,0.2989094189430014,0.5280360090455957
6,per_pair,16,True,sham,4,1408,0.6208503142182411,0.5238087056426592,0.7151956111861457,0.3499528702439603,0.2521619735893528,0.4516317964319609
6,per_pair,16,True,sham,5,1280,0.7523358742313165,0.6400728354008585,0.8543633838451768,0.2321647789980693,0.13194084438338796,0.34232535585053736
6,per_pair,16,True,sham,6,1152,0.6628541007520564,0.5534446126731778,0.7648615045979142,0.32465874889930013,0.22327616405055317,0.43289313332075635
6,per_pair,16,True,sham,7,1024,0.6547733074411952,0.5444115196613744,0.7608951765783888,0.32547101785257715,0.21758801475425432,0.43793916231144386
6,per_pair,16,True,sham,8,896,0.7482657882347468,0.6535552577571829,0.8344998548841706,0.23805723039915683,0.15413985276137307,0.3305735700984643
6,per_pair,16,True,sham,9,768,0.6887109346656258,0.5798674848650791,0.7908650104614596,0.2917185379644841,0.18429784609737931,0.4050708664418747
6,per_pair,16,True,sham,10,640,0.8181757706276047,0.7348533722666689,0.8902956376232634,0.16625309863321647,0.0937898113301096,0.24966358496434524
6,per_pair,16,True,sham,11,512,0.7869077102872648,0.6950442370388664,0.8681803227542905,0.18996492793739675,0.10750041047161896,0.2824221688010551
6,per_pair,16,True,sham,12,384,0.8310460847959739,0.7380212141705257,0.9104695578367337,0.1422555848711822,0.062405422272926704,0.23640905928234815
6,per_pair,16,True,sham,13,256,0.8665631593725489,0.7789390086586506,0.9402390381448315,0.12294561355976133,0.05158338552118555,0.20896273223604772
6,per_pair,16,True,sham,14,128,0.9550974416469136,0.9172855687076701,0.9838966760446163,0.02429914388608976,-0.0017704603138701458,0.05896445782004912
6,per_pair,16,True,sham,15,0,0.9846138241677759,0.9696290038342998,0.9941380699026852,0.0,0.0,0.0
6,per_pair,16,True,random_ordinary,0,1920,0.6390521802514139,0.5445855747787497,0.7305784280547829,0.3425609211804888,0.2510179690257723,0.43768235351371637
6,per_pair,16,True,random_ordinary,1,1792,0.7340832242140108,0.6571022098580002,0.8073662714776111,0.24497295203857344,0.17316775084332808,0.3204095369838434
6,per_pair,16,True,random_ordinary,2,1664,0.6381962945206187,0.5456265566826737,0.7263699186279782,0.34185079119569256,0.2532322336767785,0.43488688797573577
6,per_pair,16,True,random_ordinary,3,1536,0.6226674801321934,0.5139003388482238,0.725102865453874,0.3551158473461371,0.25149411930478766,0.465077094595037
6,per_pair,16,True,random_ordinary,4,1408,0.6522901984892782,0.5576584680903636,0.7435390517255726,0.3310555365095477,0.23946108632893431,0.4263629194818785
6,per_pair,16,True,random_ordinary,5,1280,0.720103813688721,0.6312479404290053,0.8030165794612939,0.25761213490780865,0.17606171080033114,0.34542421289607866
6,per_pair,16,True,random_ordinary,6,1152,0.7018466124596827,0.6236065408368238,0.7762690002161452,0.2779356930946505,0.20569379559463039,0.35501100958536863
6,per_pair,16,True,random_ordinary,7,1024,0.6721739998600152,0.5706530711760397,0.7656411023227973,0.30255018628871083,0.20817957913924326,0.404800281224131
6,per_pair,16,True,random_ordinary,8,896,0.7414034122625823,0.6374158257728134,0.8384016049256398,0.24054150184051662,0.14654822551326158,0.3415916170051914
6,per_pair,16,True,random_ordinary,9,768,0.7653278242602911,0.6811285136542006,0.8438951923291611,0.21986394212030483,0.1417815204364893,0.30331021800975316
6,per_pair,16,True,random_ordinary,10,640,0.7689668066793022,0.6984031715919247,0.835381576842085,0.21219691844332794,0.14596252492796527,0.2832479938259739
6,per_pair,16,True,random_ordinary,11,512,0.8244723997018808,0.7360946229840489,0.8967422853890474,0.15704804686633544,0.08883308618108589,0.24054983617856612
6,per_pair,16,True,random_ordinary,12,384,0.7918585288722247,0.7146585442914565,0.8600158488576022,0.17458443168416457,0.10649190008286231,0.25199409376344806
6,per_pair,16,True,random_ordinary,13,256,0.887359211158751,0.8267745458017932,0.9387748097134845,0.09556828600166295,0.0465257988731201,0.15389598286470751
6,per_pair,16,True,random_ordinary,14,128,0.9522687634515465,0.9231270575905791,0.9752751512670838,0.023583840643610115,0.0052818648351506845,0.05056009649714409
6,per_pair,16,True,random_ordinary,15,0,0.9865748529034054,0.9800570503187682,0.9918044651956034,0.0,0.0,0.0
6,per_pair,16,True,random_homeostasis,0,1920,0.6357605594093674,0.5377601664137437,0.7301707321975255,0.342268113327102,0.24907166695682942,0.44042178751261485
6,per_pair,16,True,random_homeostasis,1,1792,0.7264637234775561,0.6390762189823311,0.8094488410898439,0.2531850825171984,0.1695576887476162,0.34129735975017833
6,per_pair,16,True,random_homeostasis,2,1664,0.5884463733891752,0.5076192889887156,0.6696524828832652,0.3888019273405255,0.3104143537403734,0.46740954497746406
6,per_pair,16,True,random_homeostasis,3,1536,0.6254840194153299,0.5125627908541329,0.7308039760252153,0.3503907713699518,0.24248237677048604,0.46599427439568525
6,per_pair,16,True,random_homeostasis,4,1408,0.6423642661217963,0.534893071084694,0.7429303179434695,0.33031327470656974,0.22901087567789719,0.4389138179995011
6,per_pair,16,True,random_homeostasis,5,1280,0.7079454472096658,0.6252181519761008,0.7865608004653133,0.2686119881593757,0.19158510011765997,0.3506468160906462
6,per_pair,16,True,random_homeostasis,6,1152,0.7087898429178424,0.6310624200880974,0.7831899464460049,0.2675040640078431,0.1932670870286461,0.3457531424504072
6,per_pair,16,True,random_homeostasis,7,1024,0.6621596068808464,0.5588213342252702,0.7560908182518656,0.31921790002178363,0.22431488314625314,0.4238618535093489
6,per_pair,16,True,random_homeostasis,8,896,0.698759564618715,0.5991673125453038,0.790692430633955,0.27966249472342797,0.19097678157118766,0.3759331948846793
6,per_pair,16,True,random_homeostasis,9,768,0.7684760689280392,0.6790414926436064,0.8508047602380334,0.21463771687746658,0.13217075118880958,0.3044950921996096
6,per_pair,16,True,random_homeostasis,10,640,0.7811349064714261,0.7029440705367415,0.8501877460391281,0.19969766877906725,0.12973000755472117,0.27944088079388174
6,per_pair,16,True,random_homeostasis,11,512,0.8111384368161012,0.7302754534621985,0.8805281861287694,0.16865795170438747,0.10428019792074637,0.2434850289640657
6,per_pair,16,True,random_homeostasis,12,384,0.793794785293084,0.7173198184563905,0.8624803949057285,0.1733894893961895,0.10656348729924131,0.2485396919001855
6,per_pair,16,True,random_homeostasis,13,256,0.877394974671444,0.8001350204693638,0.9409204895252946,0.1075935714143847,0.04468028341954966,0.18416263259119167
6,per_pair,16,True,random_homeostasis,14,128,0.9303171612310345,0.894471973082579,0.9614349752535645,0.04329024740476997,0.016912195040321248,0.07602346975257906
6,per_pair,16,True,random_homeostasis,15,0,0.984862766520562,0.9775017428995275,0.9908989896968737,0.0,0.0,0.0
6,per_pair,16,True,direct,0,1920,0.6211757783782201,0.4929256029685408,0.7453779141543773,0.3693539492582185,0.24667964768660486,0.49649920856182933
6,per_pair,16,True,direct,1,1792,0.8538921952459129,0.7959387116584629,0.9072779369083241,0.13452857073573882,0.08096094968852505,0.19224112541898508
6,per_pair,16,True,direct,2,1664,0.7152411673578615,0.610578458771151,0.8121106196536753,0.2716303804847526,0.17226726651367869,0.37786726575406543
6,per_pair,16,True,direct,3,1536,0.6129344061188694,0.4770463433312551,0.7426041148001818,0.37985096439988025,0.24966827554938986,0.5163328911545555
6,per_pair,16,True,direct,4,1408,0.6967737261861526,0.5776183163499149,0.8051465784261795,0.2904564721799428,0.18117110685322776,0.4098693574313944
6,per_pair,16,True,direct,5,1280,0.7840098372596809,0.691140657724168,0.8670619936407845,0.20466216976368476,0.12206020164671048,0.2971590421776299
6,per_pair,16,True,direct,6,1152,0.7588121945635551,0.6516918761737751,0.8579487386964646,0.23287209055041921,0.13433475213079674,0.3392680032078559
6,per_pair,16,True,direct,7,1024,0.8041163374871729,0.6926091802635707,0.9007258088856266,0.18774370413096797,0.09174667554655441,0.2988959309478733
6,per_pair,16,True,direct,8,896,0.833881061079192,0.7517157926421694,0.9043068294048676,0.1584114662740601,0.08948265929121202,0.23905977447530075
6,per_pair,16,True,direct,9,768,0.8598596532112968,0.7817324554516928,0.9239381201501308,0.1340749119969249,0.07034678740375074,0.2118138078798931
6,per_pair,16,True,direct,10,640,0.9235481324246451,0.8809726438576135,0.9588304953950852,0.0630259087169081,0.027761243133566472,0.10571523291287399
6,per_pair,16,True,direct,11,512,0.901885656583149,0.8271153786270481,0.9618760030136653,0.08749778831512921,0.030108076204116742,0.15983411473504736
6,per_pair,16,True,direct,12,384,0.8914846744389237,0.827457908763193,0.9455400264923555,0.08223323719515585,0.03567046433834763,0.13796824165972826
6,per_pair,16,True,direct,13,256,0.9465157747711144,0.9025925790285428,0.9794016695372304,0.046128918196462955,0.014212529629236413,0.08850095651666683
6,per_pair,16,True,direct,14,128,0.9577248010783257,0.9042920190708942,0.9886907259620591,0.028071685783691888,8.011066434304346e-05,0.0770930180208088
6,per_pair,16,True,direct,15,0,0.9887605174159624,0.9794335209033643,0.994507922190576,0.0,0.0,0.0
6,per_pair,16,True,oracle,0,1920,0.9984263345977558,0.997711141484737,0.9990251502499035,0.0,0.0,0.0
6,per_pair,16,True,oracle,1,1792,0.9976140327811791,0.9963436165641506,0.9986027407709437,0.0,0.0,0.0
6,per_pair,16,True,oracle,2,1664,0.9978225872649913,0.997002381328498,0.9985448628731657,0.0,0.0,0.0
6,per_pair,16,True,oracle,3,1536,0.9962782969659678,0.9925798667857769,0.998960000090071,0.0,0.0,0.0
6,per_pair,16,True,oracle,4,1408,0.9971255998784994,0.994699526285102,0.9986617419727668,0.0,0.0,0.0
6,per_pair,16,True,oracle,5,1280,0.9969803277292633,0.9941887253031242,0.9986869381465056,0.0,0.0,0.0
6,per_pair,16,True,oracle,6,1152,0.995721355738618,0.9918136071011086,0.9986583930772317,0.0,0.0,0.0
6,per_pair,16,True,oracle,7,1024,0.9982505832182236,0.9971572574701172,0.9989711332350591,0.0,0.0,0.0
6,per_pair,16,True,oracle,8,896,0.9981956275270785,0.9973256830180054,0.9988903889210577,0.0,0.0,0.0
6,per_pair,16,True,oracle,9,768,0.9984024219607673,0.9976468390034334,0.9989980721194176,0.0,0.0,0.0
6,per_pair,16,True,oracle,10,640,0.9979777428433302,0.9969563099149099,0.9987647257090357,0.0,0.0,0.0
6,per_pair,16,True,oracle,11,512,0.9975351478206266,0.995820272903761,0.9988124174861607,0.0,0.0,0.0
6,per_pair,16,True,oracle,12,384,0.9964452714142862,0.9943100461661014,0.9979889720214543,0.0,0.0,0.0
6,per_pair,16,True,oracle,13,256,0.9980526215187931,0.9971666533479865,0.9987993899835802,0.0,0.0,0.0
6,per_pair,16,True,oracle,14,128,0.9966045900487182,0.9941685351601967,0.9984472124964227,0.0,0.0,0.0
6,per_pair,16,True,oracle,15,0,0.9971570611052403,0.9951273413765687,0.9987250051094743,0.0,0.0,0.0
6,per_pair,16,True,fixed_homeostasis,0,1920,0.6039819962539189,0.4742355922615708,0.7306853588652079,0.3791299346096427,0.2530982510105485,0.5086447088066414
6,per_pair,16,True,fixed_homeostasis,1,1792,0.7846676889910704,0.6855835510184332,0.8713176039596141,0.1958166677314776,0.11132996940888248,0.292669740968653
6,per_pair,16,True,fixed_homeostasis,2,1664,0.6135982003934393,0.49256402406436056,0.7294116850649565,0.35435223435534624,0.2413388992879517,0.47331088386181075
6,per_pair,16,True,fixed_homeostasis,3,1536,0.5733986074605706,0.4446146850251564,0.6974384771990895,0.4068933497141227,0.2789782894268046,0.5392625724956788
6,per_pair,16,True,fixed_homeostasis,4,1408,0.6229816408922064,0.49889732762856126,0.7428201779188449,0.33793504791080103,0.20129966445613304,0.47354584589339666
6,per_pair,16,True,fixed_homeostasis,5,1280,0.7700041429477333,0.6474333660712768,0.879045361327875,0.21814451700644888,0.10889508706019144,0.3409120201250559
6,per_pair,16,True,fixed_homeostasis,6,1152,0.6484441552390882,0.5207297157019556,0.7688253620149123,0.33332747496066367,0.21602058981133593,0.45818112854027104
6,per_pair,16,True,fixed_homeostasis,7,1024,0.6852621179309064,0.5661124391681567,0.7962967180999204,0.298191709548958,0.186278049304677,0.4196686914591727
6,per_pair,16,True,fixed_homeostasis,8,896,0.7486186252283153,0.6330380928068535,0.852183304746301,0.23711879446333112,0.13793666826668247,0.347818251513216
6,per_pair,16,True,fixed_homeostasis,9,768,0.6829870419551163,0.5664227122453616,0.7924650529000515,0.30521396892399066,0.19551364642318914,0.42232693103065877
6,per_pair,16,True,fixed_homeostasis,10,640,0.8022117906631947,0.6850245778199999,0.9041252368915834,0.18481276891393364,0.08232308417491589,0.3025061931160856
6,per_pair,16,True,fixed_homeostasis,11,512,0.7915440685199349,0.682017979872249,0.8891131077081115,0.18791347263364314,0.09296925042238093,0.29471919557964577
6,per_pair,16,True,fixed_homeostasis,12,384,0.8088475985337014,0.6975698882334573,0.9051617087130456,0.1634276842292733,0.07452303795977795,0.267360953103186
6,per_pair,16,True,fixed_homeostasis,13,256,0.8955191420902636,0.8152281354201889,0.9578312804522587,0.09536396558431394,0.03338314583456816,0.17623598269449303
6,per_pair,16,True,fixed_homeostasis,14,128,0.9411598727791897,0.8975061396981163,0.9765833627054588,0.031202380210737738,0.00829357533744331,0.06501128780418305
6,per_pair,16,True,fixed_homeostasis,15,0,0.9814513581814726,0.9623002253299957,0.9932154120805459,0.0,0.0,0.0
6,per_pair,16,True,fixed_sham,0,1920,0.6301389634790164,0.5143530690165253,0.7417712703145273,0.355241284333643,0.2429454589662678,0.4723038227871797
6,per_pair,16,True,fixed_sham,1,1792,0.723042771516663,0.6257203036068824,0.8153547501882795,0.2543986105287253,0.16323649247820493,0.3511137323443692
6,per_pair,16,True,fixed_sham,2,1664,0.648998826959329,0.5397995287089986,0.7512120834919215,0.3323505857957528,0.23011102434017366,0.4421133529371617
6,per_pair,16,True,fixed_sham,3,1536,0.5640984628362065,0.44858855997920266,0.6753314861793126,0.41192497065100087,0.2989094189430014,0.5280360090455957
6,per_pair,16,True,fixed_sham,4,1408,0.6208503142182411,0.5238087056426592,0.7151956111861457,0.3499528702439603,0.2521619735893528,0.4516317964319609
6,per_pair,16,True,fixed_sham,5,1280,0.7523358742313165,0.6400728354008585,0.8543633838451768,0.2321647789980693,0.13194084438338796,0.34232535585053736
6,per_pair,16,True,fixed_sham,6,1152,0.6628541007520564,0.5534446126731778,0.7648615045979142,0.32465874889930013,0.22327616405055317,0.43289313332075635
6,per_pair,16,True,fixed_sham,7,1024,0.6547733074411952,0.5444115196613744,0.7608951765783888,0.32547101785257715,0.21758801475425432,0.43793916231144386
6,per_pair,16,True,fixed_sham,8,896,0.7482657882347468,0.6535552577571829,0.8344998548841706,0.23805723039915683,0.15413985276137307,0.3305735700984643
6,per_pair,16,True,fixed_sham,9,768,0.6887109346656258,0.5798674848650791,0.7908650104614596,0.2917185379644841,0.18429784609737931,0.4050708664418747
6,per_pair,16,True,fixed_sham,10,640,0.8181757706276047,0.7348533722666689,0.8902956376232634,0.16625309863321647,0.0937898113301096,0.24966358496434524
6,per_pair,16,True,fixed_sham,11,512,0.7869077102872648,0.6950442370388664,0.8681803227542905,0.18996492793739675,0.10750041047161896,0.2824221688010551
6,per_pair,16,True,fixed_sham,12,384,0.8310460847959739,0.7380212141705257,0.9104695578367337,0.1422555848711822,0.062405422272926704,0.23640905928234815
6,per_pair,16,True,fixed_sham,13,256,0.8665631593725489,0.7789390086586506,0.9402390381448315,0.12294561355976133,0.05158338552118555,0.20896273223604772
6,per_pair,16,True,fixed_sham,14,128,0.9550974416469136,0.9172855687076701,0.9838966760446163,0.02429914388608976,-0.0017704603138701458,0.05896445782004912
6,per_pair,16,True,fixed_sham,15,0,0.9846138241677759,0.9696290038342998,0.9941380699026852,0.0,0.0,0.0
