overlap,regime,load,shift,method,metric,mean,lower95,upper95
2,per_pair,2,False,baseline6,retention,0.9789088139154909,0.9602303156208961,0.993801190486971
2,per_pair,2,False,baseline6,worst_pair,0.9580781144860773,0.9207783269631467,0.9878223003432777
2,per_pair,2,False,baseline6,new_learning,0.9936039877373662,0.9851300535432594,0.9984717808586109
2,per_pair,2,False,baseline6,forgetting,0.014695173821875329,0.0006815807803183336,0.03152075351437666
2,per_pair,2,False,baseline6,noise_retention,0.9712389525884776,0.9515949413505839,0.9874706320084379
2,per_pair,2,False,baseline6,reversal,0.9976039145802316,0.9954330873000841,0.9992161489937986
2,per_pair,2,False,baseline6,unchanged,0.8554339954141952,0.7565263073553141,0.939479523458611
2,per_pair,2,False,baseline6,below_chance,0.0,0.0,0.0
2,per_pair,2,False,ordinary,retention,0.9789088139154909,0.9602303156208961,0.993801190486971
2,per_pair,2,False,ordinary,worst_pair,0.9580781144860773,0.9207783269631467,0.9878223003432777
2,per_pair,2,False,ordinary,new_learning,0.9936039877373662,0.9851300535432594,0.9984717808586109
2,per_pair,2,False,ordinary,forgetting,0.014695173821875329,0.0006815807803183336,0.03152075351437666
2,per_pair,2,False,ordinary,noise_retention,0.9712389525884776,0.9515949413505839,0.9874706320084379
2,per_pair,2,False,ordinary,reversal,0.9976039145802316,0.9954330873000841,0.9992161489937986
2,per_pair,2,False,ordinary,unchanged,0.8554339954141952,0.7565263073553141,0.939479523458611
2,per_pair,2,False,ordinary,below_chance,0.0,0.0,0.0
2,per_pair,2,False,homeostasis,retention,0.9776032733612987,0.9546078738327756,0.9949282749440035
2,per_pair,2,False,homeostasis,worst_pair,0.955395837667489,0.9094405442102661,0.9900710073915407
2,per_pair,2,False,homeostasis,new_learning,0.9927149645632811,0.9829125756961102,0.9982517680295256
2,per_pair,2,False,homeostasis,forgetting,0.015111691201982325,0.0004477238728539687,0.03685860655362646
2,per_pair,2,False,homeostasis,noise_retention,0.966834758392662,0.9429488159358291,0.9855811261166931
2,per_pair,2,False,homeostasis,reversal,0.9863731216429991,0.9630015333668787,0.9991948003871491
2,per_pair,2,False,homeostasis,unchanged,0.8540275837220989,0.7467803074787375,0.9448631099605982
2,per_pair,2,False,homeostasis,below_chance,0.015625,0.0,0.046875
2,per_pair,2,False,sham,retention,0.9813072928962698,0.9644176772955331,0.9948424347947208
2,per_pair,2,False,sham,worst_pair,0.962904564643591,0.9291245188763385,0.9899449394786194
2,per_pair,2,False,sham,new_learning,0.9923430359891516,0.9813322513745915,0.9985018288292903
2,per_pair,2,False,sham,forgetting,0.011035743092881837,0.0005868735582517102,0.024818563741357186
2,per_pair,2,False,sham,noise_retention,0.969605830942182,0.9497210182965393,0.986021806387888
2,per_pair,2,False,sham,reversal,0.9959906852602289,0.9919532520951675,0.9989052896382015
2,per_pair,2,False,sham,unchanged,0.8823176374664501,0.7909843541430425,0.9576672836247647
2,per_pair,2,False,sham,below_chance,0.0,0.0,0.0
2,per_pair,2,False,random_ordinary,retention,0.9778085457373459,0.9640904455053603,0.9890473424984086
2,per_pair,2,False,random_ordinary,worst_pair,0.9575619187819995,0.9302169597284066,0.9798583813670714
2,per_pair,2,False,random_ordinary,new_learning,0.9945122034517149,0.992172299381537,0.9964197381647746
2,per_pair,2,False,random_ordinary,forgetting,0.016703657714368957,0.005630640188210535,0.030438073432499404
2,per_pair,2,False,random_ordinary,noise_retention,0.9610341321698825,0.9467615337021268,0.9736484261607881
2,per_pair,2,False,random_ordinary,reversal,0.9945999081212482,0.9917280607410811,0.9970511900837534
2,per_pair,2,False,random_ordinary,unchanged,0.8905296730443162,0.8454365362105252,0.9322534536578275
2,per_pair,2,False,random_ordinary,below_chance,0.015625,0.0,0.03645833333333333
2,per_pair,2,False,random_homeostasis,retention,0.9786440072235862,0.9656463316128834,0.9893351873789119
2,per_pair,2,False,random_homeostasis,worst_pair,0.9590022808312706,0.9330498193522665,0.9803153229945446
2,per_pair,2,False,random_homeostasis,new_learning,0.9935673030210702,0.9892782943914448,0.9964658075036669
2,per_pair,2,False,random_homeostasis,forgetting,0.014923295797483947,0.004731348873889795,0.027732963312080482
2,per_pair,2,False,random_homeostasis,noise_retention,0.9595989896479648,0.9445786631785019,0.9728961210442438
2,per_pair,2,False,random_homeostasis,reversal,0.995225074409834,0.9927211793924828,0.9973525143553601
2,per_pair,2,False,random_homeostasis,unchanged,0.8978268513853305,0.8531547927667241,0.9388789769448744
2,per_pair,2,False,random_homeostasis,below_chance,0.010416666666666666,0.0,0.026041666666666664
2,per_pair,2,False,direct,retention,0.9946434194639371,0.9860818824074831,0.999198384914308
2,per_pair,2,False,direct,worst_pair,0.9894085529474896,0.9723090638086019,0.9984787883303512
2,per_pair,2,False,direct,new_learning,0.9947435406580554,0.9861926113925106,0.9992772120074473
2,per_pair,2,False,direct,forgetting,0.00010012119411833414,-0.000167110229821649,0.00041089268920775217
2,per_pair,2,False,direct,noise_retention,0.9907145404692963,0.9796731409784418,0.9970810719275514
2,per_pair,2,False,direct,reversal,0.9952018768940067,0.9874598130774377,0.9996766080443232
2,per_pair,2,False,direct,unchanged,0.9654238037372553,0.9188593194058096,0.9944336326378009
2,per_pair,2,False,direct,below_chance,0.0,0.0,0.0
2,per_pair,2,False,oracle,retention,0.9983713531587601,0.9979205565461322,0.9987892054316042
2,per_pair,2,False,oracle,worst_pair,0.9975242065686036,0.9967432343069828,0.9982220137230733
2,per_pair,2,False,oracle,new_learning,0.9983713531587601,0.9979205565461322,0.9987892054316042
2,per_pair,2,False,oracle,forgetting,0.0,0.0,0.0
2,per_pair,2,False,oracle,noise_retention,0.9983713531587601,0.9979205565461322,0.9987892054316042
2,per_pair,2,False,oracle,reversal,0.9982797240314376,0.9972800278807571,0.999092097324142
2,per_pair,2,False,oracle,unchanged,0.9982615568045458,0.9974751502966578,0.9989171455148868
2,per_pair,2,False,oracle,below_chance,0.0,0.0,0.0
2,per_pair,2,False,fixed_homeostasis,retention,0.9776032733612987,0.9546078738327756,0.9949282749440035
2,per_pair,2,False,fixed_homeostasis,worst_pair,0.955395837667489,0.9094405442102661,0.9900710073915407
2,per_pair,2,False,fixed_homeostasis,new_learning,0.9927149645632811,0.9829125756961102,0.9982517680295256
2,per_pair,2,False,fixed_homeostasis,forgetting,0.015111691201982325,0.0004477238728539687,0.03685860655362646
2,per_pair,2,False,fixed_homeostasis,noise_retention,0.966834758392662,0.9429488159358291,0.9855811261166931
2,per_pair,2,False,fixed_homeostasis,reversal,0.9863731216429991,0.9630015333668787,0.9991948003871491
2,per_pair,2,False,fixed_homeostasis,unchanged,0.8540275837220989,0.7467803074787375,0.9448631099605982
2,per_pair,2,False,fixed_homeostasis,below_chance,0.015625,0.0,0.046875
2,per_pair,2,False,fixed_sham,retention,0.9813072928962698,0.9644176772955331,0.9948424347947208
2,per_pair,2,False,fixed_sham,worst_pair,0.962904564643591,0.9291245188763385,0.9899449394786194
2,per_pair,2,False,fixed_sham,new_learning,0.9923430359891516,0.9813322513745915,0.9985018288292903
2,per_pair,2,False,fixed_sham,forgetting,0.011035743092881837,0.0005868735582517102,0.024818563741357186
2,per_pair,2,False,fixed_sham,noise_retention,0.969605830942182,0.9497210182965393,0.986021806387888
2,per_pair,2,False,fixed_sham,reversal,0.9959906852602289,0.9919532520951675,0.9989052896382015
2,per_pair,2,False,fixed_sham,unchanged,0.8823176374664501,0.7909843541430425,0.9576672836247647
2,per_pair,2,False,fixed_sham,below_chance,0.0,0.0,0.0
2,per_pair,4,False,baseline6,retention,0.9586724069634185,0.9368078930540032,0.9775820112976578
2,per_pair,4,False,baseline6,worst_pair,0.8496250308848461,0.7638840718099841,0.9221018848083598
2,per_pair,4,False,baseline6,new_learning,0.9940374489249484,0.9887069980801638,0.9977530255112448
2,per_pair,4,False,baseline6,forgetting,0.03536504196152996,0.0180733135923796,0.05542529248370767
2,per_pair,4,False,baseline6,noise_retention,0.9362726602083206,0.916360260998201,0.9551083688021855
2,per_pair,4,False,baseline6,reversal,0.9183681094314604,0.8640027098316276,0.9633269478011547
2,per_pair,4,False,baseline6,unchanged,0.8461218157868308,0.7702161731919828,0.9131585807399075
2,per_pair,4,False,baseline6,below_chance,0.03125,0.0078125,0.0625
2,per_pair,4,False,ordinary,retention,0.9586724069634185,0.9368078930540032,0.9775820112976578
2,per_pair,4,False,ordinary,worst_pair,0.8496250308848461,0.7638840718099841,0.9221018848083598
2,per_pair,4,False,ordinary,new_learning,0.9940374489249484,0.9887069980801638,0.9977530255112448
2,per_pair,4,False,ordinary,forgetting,0.03536504196152996,0.0180733135923796,0.05542529248370767
2,per_pair,4,False,ordinary,noise_retention,0.9362726602083206,0.916360260998201,0.9551083688021855
2,per_pair,4,False,ordinary,reversal,0.9183681094314604,0.8640027098316276,0.9633269478011547
2,per_pair,4,False,ordinary,unchanged,0.8461218157868308,0.7702161731919828,0.9131585807399075
2,per_pair,4,False,ordinary,below_chance,0.03125,0.0078125,0.0625
2,per_pair,4,False,homeostasis,retention,0.957305162588045,0.9352480126590282,0.9766358949292447
2,per_pair,4,False,homeostasis,worst_pair,0.8514017674364303,0.7681056897684628,0.9226096956986959
2,per_pair,4,False,homeostasis,new_learning,0.99435046020186,0.988786596867216,0.9978156291423975
2,per_pair,4,False,homeostasis,forgetting,0.037045297613815024,0.019265815417696362,0.05788561908200852
2,per_pair,4,False,homeostasis,noise_retention,0.9315096798576348,0.9105314145169373,0.9509911211923409
2,per_pair,4,False,homeostasis,reversal,0.9160275330243496,0.8621136056470139,0.9612421772147398
2,per_pair,4,False,homeostasis,unchanged,0.8312927470257214,0.754650473826123,0.9028663317754424
2,per_pair,4,False,homeostasis,below_chance,0.0234375,0.0,0.0546875
2,per_pair,4,False,sham,retention,0.9571568279150804,0.9367360946496952,0.9743802697175444
2,per_pair,4,False,sham,worst_pair,0.8450325701454076,0.7652897864966947,0.9108712931211096
2,per_pair,4,False,sham,new_learning,0.9935896320348192,0.9872639788303947,0.9974663175777708
2,per_pair,4,False,sham,forgetting,0.03643280411973874,0.01968503867124462,0.056674158939411926
2,per_pair,4,False,sham,noise_retention,0.9332447065857952,0.9132617958206488,0.9514966340801664
2,per_pair,4,False,sham,reversal,0.9309920749548055,0.8868309752068094,0.9676103288762323
2,per_pair,4,False,sham,unchanged,0.8324172380312735,0.7544614045985737,0.9022280051969904
2,per_pair,4,False,sham,below_chance,0.018229166666666664,0.0026041666666666665,0.0390625
2,per_pair,4,False,random_ordinary,retention,0.9533355159705028,0.9368525227608264,0.9676558154048785
2,per_pair,4,False,random_ordinary,worst_pair,0.842052987634798,0.787290631978003,0.8903501224214261
2,per_pair,4,False,random_ordinary,new_learning,0.992685761663028,0.9900278814331641,0.9948489610998879
2,per_pair,4,False,random_ordinary,forgetting,0.03935024569252517,0.02577731221915227,0.05482890313928618
2,per_pair,4,False,random_ordinary,noise_retention,0.9235058377169865,0.9061227548888521,0.938923177405766
2,per_pair,4,False,random_ordinary,reversal,0.9402987765206452,0.9040133316660929,0.9701792273524378
2,per_pair,4,False,random_ordinary,unchanged,0.8224608455238424,0.77220311783741,0.8697446794897333
2,per_pair,4,False,random_ordinary,below_chance,0.0234375,0.0078125,0.041666666666666664
2,per_pair,4,False,random_homeostasis,retention,0.9532217232127036,0.9384942579222464,0.966826418973617
2,per_pair,4,False,random_homeostasis,worst_pair,0.841483871761614,0.7890265519103056,0.890017133439342
2,per_pair,4,False,random_homeostasis,new_learning,0.9921613591035278,0.9893083883832728,0.9945913919782411
2,per_pair,4,False,random_homeostasis,forgetting,0.03893963589082416,0.02585322456747525,0.05310862574933666
2,per_pair,4,False,random_homeostasis,noise_retention,0.9203616450453025,0.9041599374638039,0.9353533497227514
2,per_pair,4,False,random_homeostasis,reversal,0.9365437196290345,0.9006447180682073,0.9670338790854981
2,per_pair,4,False,random_homeostasis,unchanged,0.8310655106885769,0.7818802463802733,0.8775033197036989
2,per_pair,4,False,random_homeostasis,below_chance,0.02864583333333333,0.015625,0.041666666666666664
2,per_pair,4,False,direct,retention,0.9932805955043675,0.9877652572982195,0.9976441887664397
2,per_pair,4,False,direct,worst_pair,0.9758031595717163,0.9553039770938968,0.9920385575284644
2,per_pair,4,False,direct,new_learning,0.9956671856330603,0.9903417289315328,0.9990282945172118
2,per_pair,4,False,direct,forgetting,0.002386590128692869,-0.0008052596357969063,0.006692503432542943
2,per_pair,4,False,direct,noise_retention,0.9841454352805649,0.9757078408067899,0.9910344396479164
2,per_pair,4,False,direct,reversal,0.9529402870327368,0.9121839637356153,0.9858639536296373
2,per_pair,4,False,direct,unchanged,0.9459879806399504,0.8990558408794674,0.9830891927029075
2,per_pair,4,False,direct,below_chance,0.0,0.0,0.0
2,per_pair,4,False,oracle,retention,0.9979783419639756,0.9974608600789735,0.9984411030794239
2,per_pair,4,False,oracle,worst_pair,0.9949533392656342,0.9932133393997671,0.9964050677020868
2,per_pair,4,False,oracle,new_learning,0.9979783419639756,0.9974608600789735,0.9984411030794239
2,per_pair,4,False,oracle,forgetting,0.0,0.0,0.0
2,per_pair,4,False,oracle,noise_retention,0.9979783419639756,0.9974608600789735,0.9984411030794239
2,per_pair,4,False,oracle,reversal,0.9984547279262951,0.997855978846646,0.9989700237634297
2,per_pair,4,False,oracle,unchanged,0.9978401295614362,0.996960171896829,0.9985651797830364
2,per_pair,4,False,oracle,below_chance,0.0,0.0,0.0
2,per_pair,4,False,fixed_homeostasis,retention,0.957305162588045,0.9352480126590282,0.9766358949292447
2,per_pair,4,False,fixed_homeostasis,worst_pair,0.8514017674364303,0.7681056897684628,0.9226096956986959
2,per_pair,4,False,fixed_homeostasis,new_learning,0.99435046020186,0.988786596867216,0.9978156291423975
2,per_pair,4,False,fixed_homeostasis,forgetting,0.037045297613815024,0.019265815417696362,0.05788561908200852
2,per_pair,4,False,fixed_homeostasis,noise_retention,0.9315096798576348,0.9105314145169373,0.9509911211923409
2,per_pair,4,False,fixed_homeostasis,reversal,0.9160275330243496,0.8621136056470139,0.9612421772147398
2,per_pair,4,False,fixed_homeostasis,unchanged,0.8312927470257214,0.754650473826123,0.9028663317754424
2,per_pair,4,False,fixed_homeostasis,below_chance,0.0234375,0.0,0.0546875
2,per_pair,4,False,fixed_sham,retention,0.9571568279150804,0.9367360946496952,0.9743802697175444
2,per_pair,4,False,fixed_sham,worst_pair,0.8450325701454076,0.7652897864966947,0.9108712931211096
2,per_pair,4,False,fixed_sham,new_learning,0.9935896320348192,0.9872639788303947,0.9974663175777708
2,per_pair,4,False,fixed_sham,forgetting,0.03643280411973874,0.01968503867124462,0.056674158939411926
2,per_pair,4,False,fixed_sham,noise_retention,0.9332447065857952,0.9132617958206488,0.9514966340801664
2,per_pair,4,False,fixed_sham,reversal,0.9309920749548055,0.8868309752068094,0.9676103288762323
2,per_pair,4,False,fixed_sham,unchanged,0.8324172380312735,0.7544614045985737,0.9022280051969904
2,per_pair,4,False,fixed_sham,below_chance,0.018229166666666664,0.0026041666666666665,0.0390625
2,per_pair,8,False,baseline6,retention,0.8818614160730828,0.850369916860561,0.9125115182818254
2,per_pair,8,False,baseline6,worst_pair,0.4563212012082556,0.34561184340117324,0.5706807252492134
2,per_pair,8,False,baseline6,new_learning,0.9945273938702156,0.9916064691068028,0.9969406148880149
2,per_pair,8,False,baseline6,forgetting,0.11266597779713283,0.08283622178088448,0.1435192972211745
2,per_pair,8,False,baseline6,noise_retention,0.8568954646368858,0.8277078185962632,0.8851089795595589
2,per_pair,8,False,baseline6,reversal,0.9004273929040392,0.854551299988718,0.9410423226873468
2,per_pair,8,False,baseline6,unchanged,0.7613128665970433,0.7037522022306593,0.8172818988858745
2,per_pair,8,False,baseline6,below_chance,0.09375,0.0625,0.12890625
2,per_pair,8,False,ordinary,retention,0.8818614160730828,0.850369916860561,0.9125115182818254
2,per_pair,8,False,ordinary,worst_pair,0.4563212012082556,0.34561184340117324,0.5706807252492134
2,per_pair,8,False,ordinary,new_learning,0.9945273938702156,0.9916064691068028,0.9969406148880149
2,per_pair,8,False,ordinary,forgetting,0.11266597779713283,0.08283622178088448,0.1435192972211745
2,per_pair,8,False,ordinary,noise_retention,0.8568954646368858,0.8277078185962632,0.8851089795595589
2,per_pair,8,False,ordinary,reversal,0.9004273929040392,0.854551299988718,0.9410423226873468
2,per_pair,8,False,ordinary,unchanged,0.7613128665970433,0.7037522022306593,0.8172818988858745
2,per_pair,8,False,ordinary,below_chance,0.09375,0.0625,0.12890625
2,per_pair,8,False,homeostasis,retention,0.8862283126090342,0.8534003201963265,0.917241792279571
2,per_pair,8,False,homeostasis,worst_pair,0.4810837765894343,0.3587071102722755,0.6058019015198913
2,per_pair,8,False,homeostasis,new_learning,0.9917144085118454,0.9857654178591376,0.9963837636879525
2,per_pair,8,False,homeostasis,forgetting,0.10548609590281124,0.07406123115211823,0.13887887177366753
2,per_pair,8,False,homeostasis,noise_retention,0.8622223572455296,0.8326221897219162,0.8905579180213519
2,per_pair,8,False,homeostasis,reversal,0.9217980306288422,0.8860429794009944,0.9542533482043817
2,per_pair,8,False,homeostasis,unchanged,0.7674726357352848,0.7040327044013172,0.8279433215355695
2,per_pair,8,False,homeostasis,below_chance,0.08984375,0.0546875,0.12890625
2,per_pair,8,False,sham,retention,0.8938972096889292,0.8638992891797126,0.9225355006805662
2,per_pair,8,False,sham,worst_pair,0.47532199959060756,0.3571416514273008,0.5963948450621485
2,per_pair,8,False,sham,new_learning,0.9944005942019876,0.9908351659659104,0.9970576238855211
2,per_pair,8,False,sham,forgetting,0.10050338451305829,0.07232393058401439,0.13030812028086167
2,per_pair,8,False,sham,noise_retention,0.8688992593899496,0.8423206921145728,0.894530685808976
2,per_pair,8,False,sham,reversal,0.9016946913415045,0.8621137238704029,0.9382983308850171
2,per_pair,8,False,sham,unchanged,0.7531091291185403,0.6927420622448508,0.8123443392478604
2,per_pair,8,False,sham,below_chance,0.08723958333333333,0.057291666666666664,0.11848958333333334
2,per_pair,8,False,random_ordinary,retention,0.8596563004316315,0.8386163552354942,0.8794623088423635
2,per_pair,8,False,random_ordinary,worst_pair,0.37125713553181805,0.29730897047874866,0.44534972095865194
2,per_pair,8,False,random_ordinary,new_learning,0.9920347134165182,0.9892280734584421,0.9942176204143597
2,per_pair,8,False,random_ordinary,forgetting,0.13237841298488667,0.11329817238353751,0.15294350782701005
2,per_pair,8,False,random_ordinary,noise_retention,0.8254791545196777,0.8060530490293082,0.8441160892296018
2,per_pair,8,False,random_ordinary,reversal,0.8958523961327998,0.8613459912042851,0.9265836438564085
2,per_pair,8,False,random_ordinary,unchanged,0.7283445594606559,0.6895734466986153,0.7667861273151255
2,per_pair,8,False,random_ordinary,below_chance,0.11979166666666666,0.09635416666666666,0.14453125
2,per_pair,8,False,random_homeostasis,retention,0.8636783512274777,0.8401108512434191,0.8860718086998134
2,per_pair,8,False,random_homeostasis,worst_pair,0.39995698075601516,0.3189949145806775,0.4808627838373261
2,per_pair,8,False,random_homeostasis,new_learning,0.9916141075521079,0.9890607325929882,0.9937493401186498
2,per_pair,8,False,random_homeostasis,forgetting,0.12793575632463017,0.10627180738258678,0.15090116384218907
2,per_pair,8,False,random_homeostasis,noise_retention,0.8285699472318218,0.8081720196498152,0.8480967726893702
2,per_pair,8,False,random_homeostasis,reversal,0.8994714356098199,0.8680217422210482,0.9274935606459372
2,per_pair,8,False,random_homeostasis,unchanged,0.7360281984219181,0.6927688233424657,0.7781156030229106
2,per_pair,8,False,random_homeostasis,below_chance,0.10546875,0.07942708333333334,0.13151041666666669
2,per_pair,8,False,direct,retention,0.9484560137133629,0.9285438365407527,0.9663173706188818
2,per_pair,8,False,direct,worst_pair,0.6815950835119757,0.5646689353481147,0.7891407541634993
2,per_pair,8,False,direct,new_learning,0.993248979742693,0.9868310281130859,0.9982579351320031
2,per_pair,8,False,direct,forgetting,0.04479296602933006,0.028319281973225526,0.06360281193681999
2,per_pair,8,False,direct,noise_retention,0.9276772780974148,0.9087769593403662,0.9451161440120504
2,per_pair,8,False,direct,reversal,0.9345656106326525,0.9002560849767363,0.9649674023077648
2,per_pair,8,False,direct,unchanged,0.8544769608486451,0.8011395130718441,0.9027856442363251
2,per_pair,8,False,direct,below_chance,0.04296875,0.01953125,0.06640625
2,per_pair,8,False,oracle,retention,0.9980257556910472,0.9977061314561347,0.9983274933098879
2,per_pair,8,False,oracle,worst_pair,0.9930658692288047,0.9913049960506267,0.9946456576487439
2,per_pair,8,False,oracle,new_learning,0.9980257556910472,0.9977061314561347,0.9983274933098879
2,per_pair,8,False,oracle,forgetting,0.0,0.0,0.0
2,per_pair,8,False,oracle,noise_retention,0.9980257556910472,0.9977061314561347,0.9983274933098879
2,per_pair,8,False,oracle,reversal,0.9976776127261303,0.9966344368870019,0.9984971079990392
2,per_pair,8,False,oracle,unchanged,0.9980693299026522,0.997611892229224,0.9984819502317007
2,per_pair,8,False,oracle,below_chance,0.0,0.0,0.0
2,per_pair,8,False,fixed_homeostasis,retention,0.8862283126090342,0.8534003201963265,0.917241792279571
2,per_pair,8,False,fixed_homeostasis,worst_pair,0.4810837765894343,0.3587071102722755,0.6058019015198913
2,per_pair,8,False,fixed_homeostasis,new_learning,0.9917144085118454,0.9857654178591376,0.9963837636879525
2,per_pair,8,False,fixed_homeostasis,forgetting,0.10548609590281124,0.07406123115211823,0.13887887177366753
2,per_pair,8,False,fixed_homeostasis,noise_retention,0.8622223572455296,0.8326221897219162,0.8905579180213519
2,per_pair,8,False,fixed_homeostasis,reversal,0.9217980306288422,0.8860429794009944,0.9542533482043817
2,per_pair,8,False,fixed_homeostasis,unchanged,0.7674726357352848,0.7040327044013172,0.8279433215355695
2,per_pair,8,False,fixed_homeostasis,below_chance,0.08984375,0.0546875,0.12890625
2,per_pair,8,False,fixed_sham,retention,0.8938972096889292,0.8638992891797126,0.9225355006805662
2,per_pair,8,False,fixed_sham,worst_pair,0.47532199959060756,0.3571416514273008,0.5963948450621485
2,per_pair,8,False,fixed_sham,new_learning,0.9944005942019876,0.9908351659659104,0.9970576238855211
2,per_pair,8,False,fixed_sham,forgetting,0.10050338451305829,0.07232393058401439,0.13030812028086167
2,per_pair,8,False,fixed_sham,noise_retention,0.8688992593899496,0.8423206921145728,0.894530685808976
2,per_pair,8,False,fixed_sham,reversal,0.9016946913415045,0.8621137238704029,0.9382983308850171
2,per_pair,8,False,fixed_sham,unchanged,0.7531091291185403,0.6927420622448508,0.8123443392478604
2,per_pair,8,False,fixed_sham,below_chance,0.08723958333333333,0.057291666666666664,0.11848958333333334
2,per_pair,16,False,baseline6,retention,0.7928257760509045,0.7661833174237747,0.8199203982736107
2,per_pair,16,False,baseline6,worst_pair,0.14721762338762046,0.08536510209556569,0.21456258959319977
2,per_pair,16,False,baseline6,new_learning,0.9935052626480256,0.9903667510482542,0.9960748853004591
2,per_pair,16,False,baseline6,forgetting,0.20067948659712112,0.1732213189176619,0.22769603610566413
2,per_pair,16,False,baseline6,noise_retention,0.7582407019632769,0.7346352271781807,0.7819548232728869
2,per_pair,16,False,baseline6,reversal,0.8459916616599814,0.8112927854993769,0.8774733893945899
2,per_pair,16,False,baseline6,unchanged,0.6045086221094642,0.5597663559070725,0.6491662240589137
2,per_pair,16,False,baseline6,below_chance,0.18359375,0.1484375,0.21875
2,per_pair,16,False,ordinary,retention,0.7928257760509045,0.7661833174237747,0.8199203982736107
2,per_pair,16,False,ordinary,worst_pair,0.14721762338762046,0.08536510209556569,0.21456258959319977
2,per_pair,16,False,ordinary,new_learning,0.9935052626480256,0.9903667510482542,0.9960748853004591
2,per_pair,16,False,ordinary,forgetting,0.20067948659712112,0.1732213189176619,0.22769603610566413
2,per_pair,16,False,ordinary,noise_retention,0.7582407019632769,0.7346352271781807,0.7819548232728869
2,per_pair,16,False,ordinary,reversal,0.8459916616599814,0.8112927854993769,0.8774733893945899
2,per_pair,16,False,ordinary,unchanged,0.6045086221094642,0.5597663559070725,0.6491662240589137
2,per_pair,16,False,ordinary,below_chance,0.18359375,0.1484375,0.21875
2,per_pair,16,False,homeostasis,retention,0.7868774140140913,0.7631425202603843,0.8111340362502809
2,per_pair,16,False,homeostasis,worst_pair,0.1107125462320262,0.06052571003060124,0.17197272126102675
2,per_pair,16,False,homeostasis,new_learning,0.9918190560092052,0.9877102798764528,0.9953461226363671
2,per_pair,16,False,homeostasis,forgetting,0.20494164199511383,0.18109732385661648,0.22830201994442806
2,per_pair,16,False,homeostasis,noise_retention,0.7524334968773512,0.7311923217098913,0.7743398266256288
2,per_pair,16,False,homeostasis,reversal,0.8524386781416472,0.8168488481808502,0.884602020254523
2,per_pair,16,False,homeostasis,unchanged,0.6337381707154898,0.5968169752531566,0.6714391423127454
2,per_pair,16,False,homeostasis,below_chance,0.201171875,0.169921875,0.232421875
2,per_pair,16,False,sham,retention,0.7968354644816773,0.7744453304398915,0.8197438822411764
2,per_pair,16,False,sham,worst_pair,0.1077518942236178,0.06376755585089543,0.15968721451426662
2,per_pair,16,False,sham,new_learning,0.9943863875311238,0.9921157209526035,0.9963684791474271
2,per_pair,16,False,sham,forgetting,0.19755092304944652,0.17469347666217755,0.2200846179838436
2,per_pair,16,False,sham,noise_retention,0.7617594943854673,0.7426496993750771,0.7811507673706954
2,per_pair,16,False,sham,reversal,0.8380489307780383,0.8062454469941088,0.8676899152072889
2,per_pair,16,False,sham,unchanged,0.6052020501374462,0.567934434930262,0.6424203486238862
2,per_pair,16,False,sham,below_chance,0.18619791666666669,0.15755208333333331,0.21484375
2,per_pair,16,False,random_ordinary,retention,0.7689990999107268,0.7474447288289022,0.789160861179954
2,per_pair,16,False,random_ordinary,worst_pair,0.089206746439292,0.05950040647168538,0.12450576826278649
2,per_pair,16,False,random_ordinary,new_learning,0.9919821912207143,0.9899903125418903,0.993767640472979
2,per_pair,16,False,random_ordinary,forgetting,0.22298309130998767,0.202780792486896,0.2445276366893799
2,per_pair,16,False,random_ordinary,noise_retention,0.7300426457731577,0.7125523656564894,0.7466162779844527
2,per_pair,16,False,random_ordinary,reversal,0.7823786309592864,0.75490800388874,0.8095780189409816
2,per_pair,16,False,random_ordinary,unchanged,0.6456584428779142,0.6172899961343952,0.6737355256415072
2,per_pair,16,False,random_ordinary,below_chance,0.20572916666666666,0.18229166666666666,0.23046875000000003
2,per_pair,16,False,random_homeostasis,retention,0.7748807420586412,0.7522011242526436,0.7960496909306505
2,per_pair,16,False,random_homeostasis,worst_pair,0.10373071554485866,0.07244814208546603,0.13925810284506393
2,per_pair,16,False,random_homeostasis,new_learning,0.9911521058363113,0.9889219657637611,0.9931117422195228
2,per_pair,16,False,random_homeostasis,forgetting,0.21627136377767014,0.19514098939803623,0.2388453648959454
2,per_pair,16,False,random_homeostasis,noise_retention,0.734233658147632,0.7155787727903987,0.7519353061285244
2,per_pair,16,False,random_homeostasis,reversal,0.7848537372285217,0.7580965777801684,0.8113292382729691
2,per_pair,16,False,random_homeostasis,unchanged,0.6408396430942218,0.6140889425578185,0.6678513383007457
2,per_pair,16,False,random_homeostasis,below_chance,0.19270833333333331,0.16666666666666666,0.220703125
2,per_pair,16,False,direct,retention,0.8613399865329496,0.8401600283800452,0.8818747031152825
2,per_pair,16,False,direct,worst_pair,0.14207828704247194,0.08163011672400683,0.21218585447812446
2,per_pair,16,False,direct,new_learning,0.9942644753920944,0.9909657841796734,0.9969345499120899
2,per_pair,16,False,direct,forgetting,0.13292448885914476,0.11244698252617856,0.15404966558005279
2,per_pair,16,False,direct,noise_retention,0.833683718994072,0.8153259414355862,0.8517502186023649
2,per_pair,16,False,direct,reversal,0.8782283788005825,0.850467421762931,0.9056801667900916
2,per_pair,16,False,direct,unchanged,0.6789718239731323,0.6337611262137752,0.7236531866783104
2,per_pair,16,False,direct,below_chance,0.119140625,0.09375,0.14453125
2,per_pair,16,False,oracle,retention,0.9980538454074368,0.9978456366294345,0.9982546163894437
2,per_pair,16,False,oracle,worst_pair,0.9903928837232574,0.9886520636352508,0.9920340517329972
2,per_pair,16,False,oracle,new_learning,0.9980538454074368,0.9978456366294345,0.9982546163894437
2,per_pair,16,False,oracle,forgetting,0.0,0.0,0.0
2,per_pair,16,False,oracle,noise_retention,0.9980538454074368,0.9978456366294345,0.9982546163894437
2,per_pair,16,False,oracle,reversal,0.9979290869056541,0.9972895124780571,0.9984797659252899
2,per_pair,16,False,oracle,unchanged,0.9980639771174216,0.9977394156496568,0.9983714022180556
2,per_pair,16,False,oracle,below_chance,0.0,0.0,0.0
2,per_pair,16,False,fixed_homeostasis,retention,0.7868774140140913,0.7631425202603843,0.8111340362502809
2,per_pair,16,False,fixed_homeostasis,worst_pair,0.1107125462320262,0.06052571003060124,0.17197272126102675
2,per_pair,16,False,fixed_homeostasis,new_learning,0.9918190560092052,0.9877102798764528,0.9953461226363671
2,per_pair,16,False,fixed_homeostasis,forgetting,0.20494164199511383,0.18109732385661648,0.22830201994442806
2,per_pair,16,False,fixed_homeostasis,noise_retention,0.7524334968773512,0.7311923217098913,0.7743398266256288
2,per_pair,16,False,fixed_homeostasis,reversal,0.8524386781416472,0.8168488481808502,0.884602020254523
2,per_pair,16,False,fixed_homeostasis,unchanged,0.6337381707154898,0.5968169752531566,0.6714391423127454
2,per_pair,16,False,fixed_homeostasis,below_chance,0.201171875,0.169921875,0.232421875
2,per_pair,16,False,fixed_sham,retention,0.7968354644816773,0.7744453304398915,0.8197438822411764
2,per_pair,16,False,fixed_sham,worst_pair,0.1077518942236178,0.06376755585089543,0.15968721451426662
2,per_pair,16,False,fixed_sham,new_learning,0.9943863875311238,0.9921157209526035,0.9963684791474271
2,per_pair,16,False,fixed_sham,forgetting,0.19755092304944652,0.17469347666217755,0.2200846179838436
2,per_pair,16,False,fixed_sham,noise_retention,0.7617594943854673,0.7426496993750771,0.7811507673706954
2,per_pair,16,False,fixed_sham,reversal,0.8380489307780383,0.8062454469941088,0.8676899152072889
2,per_pair,16,False,fixed_sham,unchanged,0.6052020501374462,0.567934434930262,0.6424203486238862
2,per_pair,16,False,fixed_sham,below_chance,0.18619791666666669,0.15755208333333331,0.21484375
2,total,2,False,baseline6,retention,0.9879993671579986,0.9699441759977387,0.9988038734620783
2,total,2,False,baseline6,worst_pair,0.9761871382056211,0.9401705866103982,0.9977377743801024
2,total,2,False,baseline6,new_learning,0.9987092934413402,0.9977941938979661,0.9994618375919428
2,total,2,False,baseline6,forgetting,0.01070992628334151,8.674476501833954e-06,0.028658404014352122
2,total,2,False,baseline6,noise_retention,0.9836324217770601,0.9696133854835713,0.9936610746751647
2,total,2,False,baseline6,reversal,0.9949919015850598,0.9887059174656391,0.9990165513102375
2,total,2,False,baseline6,unchanged,0.9087013982347819,0.8311626128758445,0.9724715877936502
2,total,2,False,baseline6,below_chance,0.0,0.0,0.0
2,total,2,False,ordinary,retention,0.9879993671579986,0.9699441759977387,0.9988038734620783
2,total,2,False,ordinary,worst_pair,0.9761871382056211,0.9401705866103982,0.9977377743801024
2,total,2,False,ordinary,new_learning,0.9987092934413402,0.9977941938979661,0.9994618375919428
2,total,2,False,ordinary,forgetting,0.01070992628334151,8.674476501833954e-06,0.028658404014352122
2,total,2,False,ordinary,noise_retention,0.9836324217770601,0.9696133854835713,0.9936610746751647
2,total,2,False,ordinary,reversal,0.9949919015850598,0.9887059174656391,0.9990165513102375
2,total,2,False,ordinary,unchanged,0.9087013982347819,0.8311626128758445,0.9724715877936502
2,total,2,False,ordinary,below_chance,0.0,0.0,0.0
2,total,2,False,homeostasis,retention,0.9862257774213579,0.9648717882580726,0.9986048888647221
2,total,2,False,homeostasis,worst_pair,0.9728151779403941,0.9302754090230513,0.9974081455897361
2,total,2,False,homeostasis,new_learning,0.9979263915388004,0.9954122687503536,0.9994971473949924
2,total,2,False,homeostasis,forgetting,0.0117006141174425,-5.873280125526962e-05,0.032859136314026836
2,total,2,False,homeostasis,noise_retention,0.9796963801782661,0.9603403913954462,0.992367061246435
2,total,2,False,homeostasis,reversal,0.9930395081112775,0.9825901245410545,0.9989106132895361
2,total,2,False,homeostasis,unchanged,0.8901904692998588,0.7994361320572871,0.9651742048473637
2,total,2,False,homeostasis,below_chance,0.015625,0.0,0.046875
2,total,2,False,sham,retention,0.990916027822591,0.9797980929475615,0.9981436386359472
2,total,2,False,sham,worst_pair,0.9823832285546897,0.9607202937726679,0.996501648702376
2,total,2,False,sham,new_learning,0.9977597105365743,0.9959854424641496,0.999134050837415
2,total,2,False,sham,forgetting,0.006843682713983167,0.0002656271243931141,0.01766210593512888
2,total,2,False,sham,noise_retention,0.9831380950255333,0.9722364855329177,0.9915416004411762
2,total,2,False,sham,reversal,0.9966774188204428,0.9941533464214782,0.998772523009254
2,total,2,False,sham,unchanged,0.9098693454986659,0.8319355743510526,0.973201056784755
2,total,2,False,sham,below_chance,0.0,0.0,0.0
2,total,2,False,random_ordinary,retention,0.9749847405683276,0.9608573895379323,0.9870152657606619
2,total,2,False,random_ordinary,worst_pair,0.9510875303546504,0.9230795344600463,0.9749508567424473
2,total,2,False,random_ordinary,new_learning,0.9962581792596211,0.9941264411263024,0.9979501106583933
2,total,2,False,random_ordinary,forgetting,0.021273438691293424,0.010142354612755904,0.03450249482758481
2,total,2,False,random_ordinary,noise_retention,0.9628667415050578,0.948606557694558,0.974983258679449
2,total,2,False,random_ordinary,reversal,0.9944027719830361,0.990814133291882,0.997192010633647
2,total,2,False,random_ordinary,unchanged,0.9291839319839026,0.8991831687888672,0.95661747061569
2,total,2,False,random_ordinary,below_chance,0.020833333333333332,0.005208333333333333,0.041666666666666664
2,total,2,False,random_homeostasis,retention,0.975108944562829,0.9609220142030018,0.9873346421199085
2,total,2,False,random_homeostasis,worst_pair,0.9513057089585607,0.9232046097054358,0.9756127665339788
2,total,2,False,random_homeostasis,new_learning,0.9958852638637568,0.9928201637366267,0.9979705055700879
2,total,2,False,random_homeostasis,forgetting,0.020776319300927614,0.009842038019811894,0.033663495169316826
2,total,2,False,random_homeostasis,noise_retention,0.9612678188724073,0.9465705574774098,0.9737523885825892
2,total,2,False,random_homeostasis,reversal,0.9948757888196634,0.9919177043987997,0.9972379939707161
2,total,2,False,random_homeostasis,unchanged,0.9346208374655163,0.900356625972851,0.963979725128337
2,total,2,False,random_homeostasis,below_chance,0.010416666666666666,0.0,0.026041666666666664
2,total,2,False,direct,retention,0.9973883137984347,0.9947298190653256,0.999574355838653
2,total,2,False,direct,worst_pair,0.994896199821133,0.9896523889858931,0.9992146134826061
2,total,2,False,direct,new_learning,0.9984637261891789,0.9964677265654003,0.9997271557637103
2,total,2,False,direct,forgetting,0.001075412390744157,6.43875503998075e-05,0.0025162669653148438
2,total,2,False,direct,noise_retention,0.9932104663331087,0.9873273014945287,0.9979556296585906
2,total,2,False,direct,reversal,0.9981037683032592,0.9955957274786483,0.9997493670373733
2,total,2,False,direct,unchanged,0.9909112143320793,0.9756069403528826,0.9990608108272222
2,total,2,False,direct,below_chance,0.0,0.0,0.0
2,total,2,False,oracle,retention,0.998076903793722,0.9973438196500104,0.998680082394911
2,total,2,False,oracle,worst_pair,0.9968317386054657,0.9954230379929977,0.9979576596180724
2,total,2,False,oracle,new_learning,0.998076903793722,0.9973438196500104,0.998680082394911
2,total,2,False,oracle,forgetting,0.0,0.0,0.0
2,total,2,False,oracle,noise_retention,0.998076903793722,0.9973438196500104,0.998680082394911
2,total,2,False,oracle,reversal,0.9978851952610266,0.9964937228597134,0.9989942535804133
2,total,2,False,oracle,unchanged,0.9984784128908187,0.9978771905095517,0.9989704670995162
2,total,2,False,oracle,below_chance,0.0,0.0,0.0
2,total,2,False,fixed_homeostasis,retention,0.9862257774213579,0.9648717882580726,0.9986048888647221
2,total,2,False,fixed_homeostasis,worst_pair,0.9728151779403941,0.9302754090230513,0.9974081455897361
2,total,2,False,fixed_homeostasis,new_learning,0.9979263915388004,0.9954122687503536,0.9994971473949924
2,total,2,False,fixed_homeostasis,forgetting,0.0117006141174425,-5.873280125526962e-05,0.032859136314026836
2,total,2,False,fixed_homeostasis,noise_retention,0.9796963801782661,0.9603403913954462,0.992367061246435
2,total,2,False,fixed_homeostasis,reversal,0.9930395081112775,0.9825901245410545,0.9989106132895361
2,total,2,False,fixed_homeostasis,unchanged,0.8901904692998588,0.7994361320572871,0.9651742048473637
2,total,2,False,fixed_homeostasis,below_chance,0.015625,0.0,0.046875
2,total,2,False,fixed_sham,retention,0.990916027822591,0.9797980929475615,0.9981436386359472
2,total,2,False,fixed_sham,worst_pair,0.9823832285546897,0.9607202937726679,0.996501648702376
2,total,2,False,fixed_sham,new_learning,0.9977597105365743,0.9959854424641496,0.999134050837415
2,total,2,False,fixed_sham,forgetting,0.006843682713983167,0.0002656271243931141,0.01766210593512888
2,total,2,False,fixed_sham,noise_retention,0.9831380950255333,0.9722364855329177,0.9915416004411762
2,total,2,False,fixed_sham,reversal,0.9966774188204428,0.9941533464214782,0.998772523009254
2,total,2,False,fixed_sham,unchanged,0.9098693454986659,0.8319355743510526,0.973201056784755
2,total,2,False,fixed_sham,below_chance,0.0,0.0,0.0
2,total,4,False,baseline6,retention,0.9586724069634185,0.9368078930540032,0.9775820112976578
2,total,4,False,baseline6,worst_pair,0.8496250308848461,0.7638840718099841,0.9221018848083598
2,total,4,False,baseline6,new_learning,0.9940374489249484,0.9887069980801638,0.9977530255112448
2,total,4,False,baseline6,forgetting,0.03536504196152996,0.0180733135923796,0.05542529248370767
2,total,4,False,baseline6,noise_retention,0.9362726602083206,0.916360260998201,0.9551083688021855
2,total,4,False,baseline6,reversal,0.9183681094314604,0.8640027098316276,0.9633269478011547
2,total,4,False,baseline6,unchanged,0.8461218157868308,0.7702161731919828,0.9131585807399075
2,total,4,False,baseline6,below_chance,0.03125,0.0078125,0.0625
2,total,4,False,ordinary,retention,0.9586724069634185,0.9368078930540032,0.9775820112976578
2,total,4,False,ordinary,worst_pair,0.8496250308848461,0.7638840718099841,0.9221018848083598
2,total,4,False,ordinary,new_learning,0.9940374489249484,0.9887069980801638,0.9977530255112448
2,total,4,False,ordinary,forgetting,0.03536504196152996,0.0180733135923796,0.05542529248370767
2,total,4,False,ordinary,noise_retention,0.9362726602083206,0.916360260998201,0.9551083688021855
2,total,4,False,ordinary,reversal,0.9183681094314604,0.8640027098316276,0.9633269478011547
2,total,4,False,ordinary,unchanged,0.8461218157868308,0.7702161731919828,0.9131585807399075
2,total,4,False,ordinary,below_chance,0.03125,0.0078125,0.0625
2,total,4,False,homeostasis,retention,0.957305162588045,0.9352480126590282,0.9766358949292447
2,total,4,False,homeostasis,worst_pair,0.8514017674364303,0.7681056897684628,0.9226096956986959
2,total,4,False,homeostasis,new_learning,0.99435046020186,0.988786596867216,0.9978156291423975
2,total,4,False,homeostasis,forgetting,0.037045297613815024,0.019265815417696362,0.05788561908200852
2,total,4,False,homeostasis,noise_retention,0.9315096798576348,0.9105314145169373,0.9509911211923409
2,total,4,False,homeostasis,reversal,0.9160275330243496,0.8621136056470139,0.9612421772147398
2,total,4,False,homeostasis,unchanged,0.8312927470257214,0.754650473826123,0.9028663317754424
2,total,4,False,homeostasis,below_chance,0.0234375,0.0,0.0546875
2,total,4,False,sham,retention,0.9571568279150804,0.9367360946496952,0.9743802697175444
2,total,4,False,sham,worst_pair,0.8450325701454076,0.7652897864966947,0.9108712931211096
2,total,4,False,sham,new_learning,0.9935896320348192,0.9872639788303947,0.9974663175777708
2,total,4,False,sham,forgetting,0.03643280411973874,0.01968503867124462,0.056674158939411926
2,total,4,False,sham,noise_retention,0.9332447065857952,0.9132617958206488,0.9514966340801664
2,total,4,False,sham,reversal,0.9309920749548055,0.8868309752068094,0.9676103288762323
2,total,4,False,sham,unchanged,0.8324172380312735,0.7544614045985737,0.9022280051969904
2,total,4,False,sham,below_chance,0.018229166666666664,0.0026041666666666665,0.0390625
2,total,4,False,random_ordinary,retention,0.9533355159705028,0.9368525227608264,0.9676558154048785
2,total,4,False,random_ordinary,worst_pair,0.842052987634798,0.787290631978003,0.8903501224214261
2,total,4,False,random_ordinary,new_learning,0.992685761663028,0.9900278814331641,0.9948489610998879
2,total,4,False,random_ordinary,forgetting,0.03935024569252517,0.02577731221915227,0.05482890313928618
2,total,4,False,random_ordinary,noise_retention,0.9235058377169865,0.9061227548888521,0.938923177405766
2,total,4,False,random_ordinary,reversal,0.9402987765206452,0.9040133316660929,0.9701792273524378
2,total,4,False,random_ordinary,unchanged,0.8224608455238424,0.77220311783741,0.8697446794897333
2,total,4,False,random_ordinary,below_chance,0.0234375,0.0078125,0.041666666666666664
2,total,4,False,random_homeostasis,retention,0.9532217232127036,0.9384942579222464,0.966826418973617
2,total,4,False,random_homeostasis,worst_pair,0.841483871761614,0.7890265519103056,0.890017133439342
2,total,4,False,random_homeostasis,new_learning,0.9921613591035278,0.9893083883832728,0.9945913919782411
2,total,4,False,random_homeostasis,forgetting,0.03893963589082416,0.02585322456747525,0.05310862574933666
2,total,4,False,random_homeostasis,noise_retention,0.9203616450453025,0.9041599374638039,0.9353533497227514
2,total,4,False,random_homeostasis,reversal,0.9365437196290345,0.9006447180682073,0.9670338790854981
2,total,4,False,random_homeostasis,unchanged,0.8310655106885769,0.7818802463802733,0.8775033197036989
2,total,4,False,random_homeostasis,below_chance,0.02864583333333333,0.015625,0.041666666666666664
2,total,4,False,direct,retention,0.9932805955043675,0.9877652572982195,0.9976441887664397
2,total,4,False,direct,worst_pair,0.9758031595717163,0.9553039770938968,0.9920385575284644
2,total,4,False,direct,new_learning,0.9956671856330603,0.9903417289315328,0.9990282945172118
2,total,4,False,direct,forgetting,0.002386590128692869,-0.0008052596357969063,0.006692503432542943
2,total,4,False,direct,noise_retention,0.9841454352805649,0.9757078408067899,0.9910344396479164
2,total,4,False,direct,reversal,0.9529402870327368,0.9121839637356153,0.9858639536296373
2,total,4,False,direct,unchanged,0.9459879806399504,0.8990558408794674,0.9830891927029075
2,total,4,False,direct,below_chance,0.0,0.0,0.0
2,total,4,False,oracle,retention,0.9979783419639756,0.9974608600789735,0.9984411030794239
2,total,4,False,oracle,worst_pair,0.9949533392656342,0.9932133393997671,0.9964050677020868
2,total,4,False,oracle,new_learning,0.9979783419639756,0.9974608600789735,0.9984411030794239
2,total,4,False,oracle,forgetting,0.0,0.0,0.0
2,total,4,False,oracle,noise_retention,0.9979783419639756,0.9974608600789735,0.9984411030794239
2,total,4,False,oracle,reversal,0.9984547279262951,0.997855978846646,0.9989700237634297
2,total,4,False,oracle,unchanged,0.9978401295614362,0.996960171896829,0.9985651797830364
2,total,4,False,oracle,below_chance,0.0,0.0,0.0
2,total,4,False,fixed_homeostasis,retention,0.957305162588045,0.9352480126590282,0.9766358949292447
2,total,4,False,fixed_homeostasis,worst_pair,0.8514017674364303,0.7681056897684628,0.9226096956986959
2,total,4,False,fixed_homeostasis,new_learning,0.99435046020186,0.988786596867216,0.9978156291423975
2,total,4,False,fixed_homeostasis,forgetting,0.037045297613815024,0.019265815417696362,0.05788561908200852
2,total,4,False,fixed_homeostasis,noise_retention,0.9315096798576348,0.9105314145169373,0.9509911211923409
2,total,4,False,fixed_homeostasis,reversal,0.9160275330243496,0.8621136056470139,0.9612421772147398
2,total,4,False,fixed_homeostasis,unchanged,0.8312927470257214,0.754650473826123,0.9028663317754424
2,total,4,False,fixed_homeostasis,below_chance,0.0234375,0.0,0.0546875
2,total,4,False,fixed_sham,retention,0.9571568279150804,0.9367360946496952,0.9743802697175444
2,total,4,False,fixed_sham,worst_pair,0.8450325701454076,0.7652897864966947,0.9108712931211096
2,total,4,False,fixed_sham,new_learning,0.9935896320348192,0.9872639788303947,0.9974663175777708
2,total,4,False,fixed_sham,forgetting,0.03643280411973874,0.01968503867124462,0.056674158939411926
2,total,4,False,fixed_sham,noise_retention,0.9332447065857952,0.9132617958206488,0.9514966340801664
2,total,4,False,fixed_sham,reversal,0.9309920749548055,0.8868309752068094,0.9676103288762323
2,total,4,False,fixed_sham,unchanged,0.8324172380312735,0.7544614045985737,0.9022280051969904
2,total,4,False,fixed_sham,below_chance,0.018229166666666664,0.0026041666666666665,0.0390625
2,total,8,False,baseline6,retention,0.8828339295099465,0.8511299677623843,0.9127101333513976
2,total,8,False,baseline6,worst_pair,0.4498669312375313,0.33403577126653566,0.5673074961610258
2,total,8,False,baseline6,new_learning,0.9886251520133879,0.9840056400221153,0.992746294317179
2,total,8,False,baseline6,forgetting,0.10579122250344142,0.07581557166339058,0.137357169445002
2,total,8,False,baseline6,noise_retention,0.8594299802663414,0.8308031545218526,0.8869107133759209
2,total,8,False,baseline6,reversal,0.8976623240938427,0.8555049940709761,0.9354435985759656
2,total,8,False,baseline6,unchanged,0.7736781297229949,0.7110424426102016,0.8342507076013773
2,total,8,False,baseline6,below_chance,0.09375,0.05859375,0.1328125
2,total,8,False,ordinary,retention,0.8828339295099465,0.8511299677623843,0.9127101333513976
2,total,8,False,ordinary,worst_pair,0.4498669312375313,0.33403577126653566,0.5673074961610258
2,total,8,False,ordinary,new_learning,0.9886251520133879,0.9840056400221153,0.992746294317179
2,total,8,False,ordinary,forgetting,0.10579122250344142,0.07581557166339058,0.137357169445002
2,total,8,False,ordinary,noise_retention,0.8594299802663414,0.8308031545218526,0.8869107133759209
2,total,8,False,ordinary,reversal,0.8976623240938427,0.8555049940709761,0.9354435985759656
2,total,8,False,ordinary,unchanged,0.7736781297229949,0.7110424426102016,0.8342507076013773
2,total,8,False,ordinary,below_chance,0.09375,0.05859375,0.1328125
2,total,8,False,homeostasis,retention,0.8792552378918744,0.8434045207005334,0.9125343396682865
2,total,8,False,homeostasis,worst_pair,0.4881634122815884,0.37035835956177054,0.6052371268956434
2,total,8,False,homeostasis,new_learning,0.9832075404715959,0.9741582046712706,0.9907151252567138
2,total,8,False,homeostasis,forgetting,0.10395230257972146,0.07244582873220681,0.13646658578195586
2,total,8,False,homeostasis,noise_retention,0.8545693146083355,0.8236760110215707,0.8835957273596422
2,total,8,False,homeostasis,reversal,0.915200441130007,0.8790039243752976,0.9483808721769029
2,total,8,False,homeostasis,unchanged,0.771191662980607,0.7030708717078198,0.8353360607944345
2,total,8,False,homeostasis,below_chance,0.0859375,0.046875,0.12890625
2,total,8,False,sham,retention,0.8796206404628057,0.8454243446673598,0.9115570812767232
2,total,8,False,sham,worst_pair,0.4557056974891114,0.34633030772721535,0.5675907323392686
2,total,8,False,sham,new_learning,0.983553944888897,0.9762894626660965,0.9899411645986945
2,total,8,False,sham,forgetting,0.10393330442609122,0.07331581804157528,0.13587819483188793
2,total,8,False,sham,noise_retention,0.8541088711206548,0.8235810713725643,0.8827807243537287
2,total,8,False,sham,reversal,0.897618679503844,0.8589311503710946,0.9335600272579465
2,total,8,False,sham,unchanged,0.7415259433260284,0.6762996787727378,0.8041085946004232
2,total,8,False,sham,below_chance,0.11458333333333331,0.07421875,0.15885416666666669
2,total,8,False,random_ordinary,retention,0.868927525785897,0.8454833886250044,0.8916774823308816
2,total,8,False,random_ordinary,worst_pair,0.43627541480322674,0.3448713661773158,0.5270746359027298
2,total,8,False,random_ordinary,new_learning,0.9869257525290935,0.9831935945270189,0.9901345433830091
2,total,8,False,random_ordinary,forgetting,0.11799822674319636,0.0966587564774355,0.14007567754531688
2,total,8,False,random_ordinary,noise_retention,0.8298165852472098,0.8082065839592906,0.8508009539755094
2,total,8,False,random_ordinary,reversal,0.8998320282304435,0.8648907733888345,0.9311159811832315
2,total,8,False,random_ordinary,unchanged,0.7319535820439095,0.6896222344949192,0.7727749792912887
2,total,8,False,random_ordinary,below_chance,0.09895833333333334,0.07421875,0.12369791666666667
2,total,8,False,random_homeostasis,retention,0.8732165137029277,0.8503302870674261,0.8951341816668942
2,total,8,False,random_homeostasis,worst_pair,0.4469142723185081,0.3607727505092022,0.5326439260677027
2,total,8,False,random_homeostasis,new_learning,0.986700694203418,0.9837154379593217,0.9894862490656362
2,total,8,False,random_homeostasis,forgetting,0.11348418050049014,0.09262258044338625,0.1352256453253279
2,total,8,False,random_homeostasis,noise_retention,0.8330209473773932,0.8113863806340683,0.853821453695165
2,total,8,False,random_homeostasis,reversal,0.8975281648757293,0.8651224802223019,0.9266597724112019
2,total,8,False,random_homeostasis,unchanged,0.7294817055203481,0.6866611379415719,0.7707568557539047
2,total,8,False,random_homeostasis,below_chance,0.09505208333333334,0.06901041666666666,0.12239583333333333
2,total,8,False,direct,retention,0.9289963583589758,0.9011809609010824,0.9540516614578531
2,total,8,False,direct,worst_pair,0.6065293899208869,0.47320086374961506,0.7341838418103583
2,total,8,False,direct,new_learning,0.9798426166233147,0.9672553542064192,0.9903308706539059
2,total,8,False,direct,forgetting,0.05084625826433889,0.029186080479633662,0.07467252680680482
2,total,8,False,direct,noise_retention,0.9105214742750636,0.8843555074922084,0.9340369739310238
2,total,8,False,direct,reversal,0.9393402322592185,0.9062552785226913,0.9685107101257427
2,total,8,False,direct,unchanged,0.8475999754682912,0.7977965146575994,0.8938296800697263
2,total,8,False,direct,below_chance,0.0625,0.03125,0.09765625
2,total,8,False,oracle,retention,0.9964591808167569,0.9957212205646322,0.9970949806386702
2,total,8,False,oracle,worst_pair,0.9876717068431098,0.9833283496303303,0.9910164588713316
2,total,8,False,oracle,new_learning,0.9964591808167569,0.9957212205646322,0.9970949806386702
2,total,8,False,oracle,forgetting,0.0,0.0,0.0
2,total,8,False,oracle,noise_retention,0.9964591808167569,0.9957212205646322,0.9970949806386702
2,total,8,False,oracle,reversal,0.9973818384812653,0.9959161500401263,0.9984360842558484
2,total,8,False,oracle,unchanged,0.996637609106585,0.9958366020111161,0.9973325484626842
2,total,8,False,oracle,below_chance,0.0,0.0,0.0
2,total,8,False,fixed_homeostasis,retention,0.8792552378918744,0.8434045207005334,0.9125343396682865
2,total,8,False,fixed_homeostasis,worst_pair,0.4881634122815884,0.37035835956177054,0.6052371268956434
2,total,8,False,fixed_homeostasis,new_learning,0.9832075404715959,0.9741582046712706,0.9907151252567138
2,total,8,False,fixed_homeostasis,forgetting,0.10395230257972146,0.07244582873220681,0.13646658578195586
2,total,8,False,fixed_homeostasis,noise_retention,0.8545693146083355,0.8236760110215707,0.8835957273596422
2,total,8,False,fixed_homeostasis,reversal,0.915200441130007,0.8790039243752976,0.9483808721769029
2,total,8,False,fixed_homeostasis,unchanged,0.771191662980607,0.7030708717078198,0.8353360607944345
2,total,8,False,fixed_homeostasis,below_chance,0.0859375,0.046875,0.12890625
2,total,8,False,fixed_sham,retention,0.8796206404628057,0.8454243446673598,0.9115570812767232
2,total,8,False,fixed_sham,worst_pair,0.4557056974891114,0.34633030772721535,0.5675907323392686
2,total,8,False,fixed_sham,new_learning,0.983553944888897,0.9762894626660965,0.9899411645986945
2,total,8,False,fixed_sham,forgetting,0.10393330442609122,0.07331581804157528,0.13587819483188793
2,total,8,False,fixed_sham,noise_retention,0.8541088711206548,0.8235810713725643,0.8827807243537287
2,total,8,False,fixed_sham,reversal,0.897618679503844,0.8589311503710946,0.9335600272579465
2,total,8,False,fixed_sham,unchanged,0.7415259433260284,0.6762996787727378,0.8041085946004232
2,total,8,False,fixed_sham,below_chance,0.11458333333333331,0.07421875,0.15885416666666669
2,total,16,False,baseline6,retention,0.7916275731431761,0.7670744542202089,0.8159630143928857
2,total,16,False,baseline6,worst_pair,0.09751532193005898,0.04406094649698693,0.16229004388350793
2,total,16,False,baseline6,new_learning,0.9773695394262762,0.9694483095357632,0.9841653452203932
2,total,16,False,baseline6,forgetting,0.18574196628310025,0.16145472946508901,0.21019467629098906
2,total,16,False,baseline6,noise_retention,0.759186216951714,0.7351240875426134,0.7822767589840419
2,total,16,False,baseline6,reversal,0.8450944396336257,0.8079355771166343,0.8792931817455254
2,total,16,False,baseline6,unchanged,0.5826144760066196,0.5335548324759867,0.6315440393503325
2,total,16,False,baseline6,below_chance,0.181640625,0.150390625,0.2109375
2,total,16,False,ordinary,retention,0.7916275731431761,0.7670744542202089,0.8159630143928857
2,total,16,False,ordinary,worst_pair,0.09751532193005898,0.04406094649698693,0.16229004388350793
2,total,16,False,ordinary,new_learning,0.9773695394262762,0.9694483095357632,0.9841653452203932
2,total,16,False,ordinary,forgetting,0.18574196628310025,0.16145472946508901,0.21019467629098906
2,total,16,False,ordinary,noise_retention,0.759186216951714,0.7351240875426134,0.7822767589840419
2,total,16,False,ordinary,reversal,0.8450944396336257,0.8079355771166343,0.8792931817455254
2,total,16,False,ordinary,unchanged,0.5826144760066196,0.5335548324759867,0.6315440393503325
2,total,16,False,ordinary,below_chance,0.181640625,0.150390625,0.2109375
2,total,16,False,homeostasis,retention,0.7980662847983397,0.7747846450811767,0.8209164476482872
2,total,16,False,homeostasis,worst_pair,0.08392859785875717,0.0426060025937433,0.13242791467555254
2,total,16,False,homeostasis,new_learning,0.9779552372671569,0.9691454401434368,0.9854722904720034
2,total,16,False,homeostasis,forgetting,0.1798889524688171,0.15739821743415838,0.2024480010016969
2,total,16,False,homeostasis,noise_retention,0.7609229352600455,0.739617241420276,0.7810873443786361
2,total,16,False,homeostasis,reversal,0.8521824203173984,0.8159166225111196,0.8855632334673996
2,total,16,False,homeostasis,unchanged,0.6077304259888114,0.5651401175000637,0.6498424368478574
2,total,16,False,homeostasis,below_chance,0.18359375,0.15625,0.2109375
2,total,16,False,sham,retention,0.7966965595374188,0.773800606516379,0.8186923597541819
2,total,16,False,sham,worst_pair,0.08255547033354743,0.052186143137508044,0.11911695154214721
2,total,16,False,sham,new_learning,0.9785426502529133,0.9723370604982496,0.9842116664551852
2,total,16,False,sham,forgetting,0.18184609071549465,0.16047847136731755,0.2038081054015283
2,total,16,False,sham,noise_retention,0.762548441933599,0.7407371780921299,0.7833939707654388
2,total,16,False,sham,reversal,0.8378814531984842,0.8045404881400404,0.869352466312897
2,total,16,False,sham,unchanged,0.5912845616241336,0.5464319682658546,0.6369362462941096
2,total,16,False,sham,below_chance,0.18489583333333331,0.15950520833333331,0.2109375
2,total,16,False,random_ordinary,retention,0.7757412959202534,0.7549019542176808,0.7957747330678578
2,total,16,False,random_ordinary,worst_pair,0.11185812062880124,0.08179405556293873,0.1440528684582063
2,total,16,False,random_ordinary,new_learning,0.9721471490391267,0.9652002573038576,0.9784677203243564
2,total,16,False,random_ordinary,forgetting,0.19640585311887324,0.1777592663104716,0.21555150955398497
2,total,16,False,random_ordinary,noise_retention,0.7333853177311751,0.7160356864614493,0.7502125893032492
2,total,16,False,random_ordinary,reversal,0.7799287800325292,0.7513615415293197,0.8084735673223877
2,total,16,False,random_ordinary,unchanged,0.6245780197425924,0.5970703060640048,0.6517949784370423
2,total,16,False,random_ordinary,below_chance,0.197265625,0.17578125,0.21940104166666666
2,total,16,False,random_homeostasis,retention,0.7878047510530566,0.7674670517056802,0.8069398497437729
2,total,16,False,random_homeostasis,worst_pair,0.12730815268729034,0.09591341153226202,0.15987257723650003
2,total,16,False,random_homeostasis,new_learning,0.9738155143157159,0.9675500316670089,0.9794328825841412
2,total,16,False,random_homeostasis,forgetting,0.18601076326265945,0.1679027400751001,0.2047188427495461
2,total,16,False,random_homeostasis,noise_retention,0.7420325207169287,0.7250615629090167,0.7581589112730499
2,total,16,False,random_homeostasis,reversal,0.785820207050718,0.7583871889794659,0.8129210974872915
2,total,16,False,random_homeostasis,unchanged,0.625206829357543,0.5978029738829961,0.6523757898089827
2,total,16,False,random_homeostasis,below_chance,0.18033854166666666,0.15755208333333334,0.20377604166666669
2,total,16,False,direct,retention,0.8433248924361225,0.8234873427292253,0.8624775197645266
2,total,16,False,direct,worst_pair,0.10535467067319697,0.06365007128872638,0.1517245402929982
2,total,16,False,direct,new_learning,0.9747075634314911,0.9649614440054909,0.9830129819097538
2,total,16,False,direct,forgetting,0.1313826709953686,0.11203855972421384,0.15079394742087357
2,total,16,False,direct,noise_retention,0.8161384831216194,0.7988607663186073,0.8330446505153866
2,total,16,False,direct,reversal,0.8806104338403735,0.8531662982319609,0.9077507859420375
2,total,16,False,direct,unchanged,0.6592554275320148,0.6170688110743887,0.702243484199123
2,total,16,False,direct,below_chance,0.134765625,0.111328125,0.16015625
2,total,16,False,oracle,retention,0.9851607120845418,0.9824397918686337,0.9876442882585432
2,total,16,False,oracle,worst_pair,0.903958684983394,0.8719517911732058,0.9303767568166377
2,total,16,False,oracle,new_learning,0.9851607120845418,0.9824397918686337,0.9876442882585432
2,total,16,False,oracle,forgetting,0.0,0.0,0.0
2,total,16,False,oracle,noise_retention,0.9851607120845418,0.9824397918686337,0.9876442882585432
2,total,16,False,oracle,reversal,0.9979907144578213,0.9974622184213718,0.998445739511306
2,total,16,False,oracle,unchanged,0.9855752697172315,0.9822922795058208,0.988569959526792
2,total,16,False,oracle,below_chance,0.0,0.0,0.0
2,total,16,False,fixed_homeostasis,retention,0.7980662847983397,0.7747846450811767,0.8209164476482872
2,total,16,False,fixed_homeostasis,worst_pair,0.08392859785875717,0.0426060025937433,0.13242791467555254
2,total,16,False,fixed_homeostasis,new_learning,0.9779552372671569,0.9691454401434368,0.9854722904720034
2,total,16,False,fixed_homeostasis,forgetting,0.1798889524688171,0.15739821743415838,0.2024480010016969
2,total,16,False,fixed_homeostasis,noise_retention,0.7609229352600455,0.739617241420276,0.7810873443786361
2,total,16,False,fixed_homeostasis,reversal,0.8521824203173984,0.8159166225111196,0.8855632334673996
2,total,16,False,fixed_homeostasis,unchanged,0.6077304259888114,0.5651401175000637,0.6498424368478574
2,total,16,False,fixed_homeostasis,below_chance,0.18359375,0.15625,0.2109375
2,total,16,False,fixed_sham,retention,0.7966965595374188,0.773800606516379,0.8186923597541819
2,total,16,False,fixed_sham,worst_pair,0.08255547033354743,0.052186143137508044,0.11911695154214721
2,total,16,False,fixed_sham,new_learning,0.9785426502529133,0.9723370604982496,0.9842116664551852
2,total,16,False,fixed_sham,forgetting,0.18184609071549465,0.16047847136731755,0.2038081054015283
2,total,16,False,fixed_sham,noise_retention,0.762548441933599,0.7407371780921299,0.7833939707654388
2,total,16,False,fixed_sham,reversal,0.8378814531984842,0.8045404881400404,0.869352466312897
2,total,16,False,fixed_sham,unchanged,0.5912845616241336,0.5464319682658546,0.6369362462941096
2,total,16,False,fixed_sham,below_chance,0.18489583333333331,0.15950520833333331,0.2109375
6,per_pair,2,False,baseline6,retention,0.9802321660893161,0.958358977178721,0.9928636537198815
6,per_pair,2,False,baseline6,worst_pair,0.9637402525063716,0.9202720993149828,0.9884214890597676
6,per_pair,2,False,baseline6,new_learning,0.9922414436700382,0.9898519595872318,0.9943930990590141
6,per_pair,2,False,baseline6,forgetting,0.012009277580722233,-7.05239417297466e-05,0.033016029672622633
6,per_pair,2,False,baseline6,noise_retention,0.9507856778730017,0.9276883995832473,0.9676082254431194
6,per_pair,2,False,baseline6,reversal,0.9934977240618876,0.9892248445949753,0.9968497726062457
6,per_pair,2,False,baseline6,unchanged,0.9017489246323991,0.8241603164998716,0.9651919640552394
6,per_pair,2,False,baseline6,below_chance,0.015625,0.0,0.046875
6,per_pair,2,False,ordinary,retention,0.9802321660893161,0.958358977178721,0.9928636537198815
6,per_pair,2,False,ordinary,worst_pair,0.9637402525063716,0.9202720993149828,0.9884214890597676
6,per_pair,2,False,ordinary,new_learning,0.9922414436700382,0.9898519595872318,0.9943930990590141
6,per_pair,2,False,ordinary,forgetting,0.012009277580722233,-7.05239417297466e-05,0.033016029672622633
6,per_pair,2,False,ordinary,noise_retention,0.9507856778730017,0.9276883995832473,0.9676082254431194
6,per_pair,2,False,ordinary,reversal,0.9934977240618876,0.9892248445949753,0.9968497726062457
6,per_pair,2,False,ordinary,unchanged,0.9017489246323991,0.8241603164998716,0.9651919640552394
6,per_pair,2,False,ordinary,below_chance,0.015625,0.0,0.046875
6,per_pair,2,False,homeostasis,retention,0.9771381970292766,0.9551750783440524,0.9906798249254438
6,per_pair,2,False,homeostasis,worst_pair,0.9588055924478602,0.9158561183359673,0.9845233801955751
6,per_pair,2,False,homeostasis,new_learning,0.9904974078697788,0.9869182126553016,0.9935229696121977
6,per_pair,2,False,homeostasis,forgetting,0.013359210840502279,0.0009375703650525593,0.03413376023809186
6,per_pair,2,False,homeostasis,noise_retention,0.9421662059649436,0.9182450674280325,0.960586112231857
6,per_pair,2,False,homeostasis,reversal,0.98620131279226,0.9755069114503927,0.993917845248982
6,per_pair,2,False,homeostasis,unchanged,0.9097416820295043,0.830572097142724,0.970339220597491
6,per_pair,2,False,homeostasis,below_chance,0.015625,0.0,0.046875
6,per_pair,2,False,sham,retention,0.9787812117573367,0.9532104377835936,0.9931493148085405
6,per_pair,2,False,sham,worst_pair,0.9608087086202248,0.9101973760763054,0.9886611740614157
6,per_pair,2,False,sham,new_learning,0.9917179155077609,0.9889665298530449,0.9941973005548469
6,per_pair,2,False,sham,forgetting,0.012936703750424293,-8.374041681089557e-05,0.037035517536277464
6,per_pair,2,False,sham,noise_retention,0.9520518738721784,0.9271358057445408,0.9685579536282434
6,per_pair,2,False,sham,reversal,0.9931450563178539,0.9898991720314873,0.9958805856757424
6,per_pair,2,False,sham,unchanged,0.9036237573958337,0.8305750096047416,0.9637157480494616
6,per_pair,2,False,sham,below_chance,0.015625,0.0,0.046875
6,per_pair,2,False,random_ordinary,retention,0.9606388392188165,0.9404636764916603,0.9776921616708669
6,per_pair,2,False,random_ordinary,worst_pair,0.9325844291166536,0.8942126604835011,0.9644145607967288
6,per_pair,2,False,random_ordinary,new_learning,0.980683257716321,0.9704033458986948,0.9880088670553063
6,per_pair,2,False,random_ordinary,forgetting,0.020044418497504525,0.0063147256537887785,0.03765953781357711
6,per_pair,2,False,random_ordinary,noise_retention,0.9152617040310305,0.8935351834960509,0.9348713410187031
6,per_pair,2,False,random_ordinary,reversal,0.9779587380450072,0.96127125789077,0.9890053398866747
6,per_pair,2,False,random_ordinary,unchanged,0.917203880564596,0.868826660542225,0.956279031983196
6,per_pair,2,False,random_ordinary,below_chance,0.015625,0.0,0.03645833333333333
6,per_pair,2,False,random_homeostasis,retention,0.962498350813537,0.9416992360172705,0.9796232804359324
6,per_pair,2,False,random_homeostasis,worst_pair,0.9350184120848949,0.8948686372691927,0.9672642470464086
6,per_pair,2,False,random_homeostasis,new_learning,0.9816254889980482,0.9716567394357651,0.988618747422196
6,per_pair,2,False,random_homeostasis,forgetting,0.019127138184511144,0.004696628278734599,0.038586344631749626
6,per_pair,2,False,random_homeostasis,noise_retention,0.9140870434688901,0.891342999086617,0.9343936003151909
6,per_pair,2,False,random_homeostasis,reversal,0.977055419084933,0.9594465366683179,0.9887453274399887
6,per_pair,2,False,random_homeostasis,unchanged,0.9254727912227287,0.8746859901362949,0.9633420181124488
6,per_pair,2,False,random_homeostasis,below_chance,0.026041666666666664,0.0,0.057291666666666664
6,per_pair,2,False,direct,retention,0.9761054026545462,0.953518537853656,0.9945870988620347
6,per_pair,2,False,direct,worst_pair,0.9544533332767671,0.9092494021468968,0.9914347592945136
6,per_pair,2,False,direct,new_learning,0.9858217049019167,0.9715504034936092,0.9949953001684172
6,per_pair,2,False,direct,forgetting,0.00971630224737038,-0.0009688299864761597,0.026861038101341817
6,per_pair,2,False,direct,noise_retention,0.9649841587490896,0.9415578172045018,0.9839175637545664
6,per_pair,2,False,direct,reversal,0.9898397662900099,0.9823077958013346,0.9958399609162019
6,per_pair,2,False,direct,unchanged,0.9441042388958436,0.9021732369867743,0.9787031486375357
6,per_pair,2,False,direct,below_chance,0.0,0.0,0.0
6,per_pair,2,False,oracle,retention,0.9980201836894674,0.9973609651573838,0.9985944803082681
6,per_pair,2,False,oracle,worst_pair,0.9967747538231424,0.9955153267020808,0.9978153648934182
6,per_pair,2,False,oracle,new_learning,0.9980201836894674,0.9973609651573838,0.9985944803082681
6,per_pair,2,False,oracle,forgetting,0.0,0.0,0.0
6,per_pair,2,False,oracle,noise_retention,0.9980201836894674,0.9973609651573838,0.9985944803082681
6,per_pair,2,False,oracle,reversal,0.9986612140443656,0.9980570659393772,0.9991368254990242
6,per_pair,2,False,oracle,unchanged,0.9976140327811791,0.9963436165641506,0.9986027407709437
6,per_pair,2,False,oracle,below_chance,0.0,0.0,0.0
6,per_pair,2,False,fixed_homeostasis,retention,0.9771381970292766,0.9551750783440524,0.9906798249254438
6,per_pair,2,False,fixed_homeostasis,worst_pair,0.9588055924478602,0.9158561183359673,0.9845233801955751
6,per_pair,2,False,fixed_homeostasis,new_learning,0.9904974078697788,0.9869182126553016,0.9935229696121977
6,per_pair,2,False,fixed_homeostasis,forgetting,0.013359210840502279,0.0009375703650525593,0.03413376023809186
6,per_pair,2,False,fixed_homeostasis,noise_retention,0.9421662059649436,0.9182450674280325,0.960586112231857
6,per_pair,2,False,fixed_homeostasis,reversal,0.98620131279226,0.9755069114503927,0.993917845248982
6,per_pair,2,False,fixed_homeostasis,unchanged,0.9097416820295043,0.830572097142724,0.970339220597491
6,per_pair,2,False,fixed_homeostasis,below_chance,0.015625,0.0,0.046875
6,per_pair,2,False,fixed_sham,retention,0.9787812117573367,0.9532104377835936,0.9931493148085405
6,per_pair,2,False,fixed_sham,worst_pair,0.9608087086202248,0.9101973760763054,0.9886611740614157
6,per_pair,2,False,fixed_sham,new_learning,0.9917179155077609,0.9889665298530449,0.9941973005548469
6,per_pair,2,False,fixed_sham,forgetting,0.012936703750424293,-8.374041681089557e-05,0.037035517536277464
6,per_pair,2,False,fixed_sham,noise_retention,0.9520518738721784,0.9271358057445408,0.9685579536282434
6,per_pair,2,False,fixed_sham,reversal,0.9931450563178539,0.9898991720314873,0.9958805856757424
6,per_pair,2,False,fixed_sham,unchanged,0.9036237573958337,0.8305750096047416,0.9637157480494616
6,per_pair,2,False,fixed_sham,below_chance,0.015625,0.0,0.046875
6,per_pair,4,False,baseline6,retention,0.942059977372868,0.9093477243120692,0.9690895652708326
6,per_pair,4,False,baseline6,worst_pair,0.8290557723422172,0.7417769180496333,0.9045015301890086
6,per_pair,4,False,baseline6,new_learning,0.9912659371806821,0.9872320244664595,0.9940502682259484
6,per_pair,4,False,baseline6,forgetting,0.049205959807814226,0.022565127963804485,0.08129586457077997
6,per_pair,4,False,baseline6,noise_retention,0.9007706758503133,0.8710722731039924,0.9273887610748234
6,per_pair,4,False,baseline6,reversal,0.9308444468729379,0.8848737932472976,0.9697139335613161
6,per_pair,4,False,baseline6,unchanged,0.8607911035135741,0.7961986065510899,0.9197267242231002
6,per_pair,4,False,baseline6,below_chance,0.0390625,0.0078125,0.078125
6,per_pair,4,False,ordinary,retention,0.942059977372868,0.9093477243120692,0.9690895652708326
6,per_pair,4,False,ordinary,worst_pair,0.8290557723422172,0.7417769180496333,0.9045015301890086
6,per_pair,4,False,ordinary,new_learning,0.9912659371806821,0.9872320244664595,0.9940502682259484
6,per_pair,4,False,ordinary,forgetting,0.049205959807814226,0.022565127963804485,0.08129586457077997
6,per_pair,4,False,ordinary,noise_retention,0.9007706758503133,0.8710722731039924,0.9273887610748234
6,per_pair,4,False,ordinary,reversal,0.9308444468729379,0.8848737932472976,0.9697139335613161
6,per_pair,4,False,ordinary,unchanged,0.8607911035135741,0.7961986065510899,0.9197267242231002
6,per_pair,4,False,ordinary,below_chance,0.0390625,0.0078125,0.078125
6,per_pair,4,False,homeostasis,retention,0.9348459030286062,0.9012374199337101,0.9639462867572978
6,per_pair,4,False,homeostasis,worst_pair,0.8202896340577112,0.7324181378560676,0.8965942157589291
6,per_pair,4,False,homeostasis,new_learning,0.9885216945963704,0.9817646534671397,0.9932312409021582
6,per_pair,4,False,homeostasis,forgetting,0.05367579156776436,0.02566352077470131,0.0864571012211844
6,per_pair,4,False,homeostasis,noise_retention,0.891895017270781,0.8608318911056329,0.9200599637281609
6,per_pair,4,False,homeostasis,reversal,0.9344803150188394,0.894319217807165,0.9695100681785392
6,per_pair,4,False,homeostasis,unchanged,0.873556294044054,0.8184399014695173,0.9232301862815179
6,per_pair,4,False,homeostasis,below_chance,0.03125,0.0,0.0703125
6,per_pair,4,False,sham,retention,0.9407441436197376,0.9100629698039151,0.9665056930752693
6,per_pair,4,False,sham,worst_pair,0.832488442808037,0.7566506100193925,0.8997023513057942
6,per_pair,4,False,sham,new_learning,0.989018472658884,0.9828296732525268,0.9931352265648962
6,per_pair,4,False,sham,forgetting,0.04827432903914643,0.023771631005210552,0.07782588095051639
6,per_pair,4,False,sham,noise_retention,0.8964850347957551,0.8669725579943374,0.9234111965038327
6,per_pair,4,False,sham,reversal,0.9584804552960003,0.931857983040004,0.9797139333026474
6,per_pair,4,False,sham,unchanged,0.853462157652962,0.7949073670614112,0.9076469907474192
6,per_pair,4,False,sham,below_chance,0.03645833333333333,0.0078125,0.07552083333333333
6,per_pair,4,False,random_ordinary,retention,0.902300653902599,0.869638060654154,0.9314849240337264
6,per_pair,4,False,random_ordinary,worst_pair,0.7234713858172994,0.641265054689731,0.8006035280085335
6,per_pair,4,False,random_ordinary,new_learning,0.9787945063203173,0.9699440575627484,0.9859854752008419
6,per_pair,4,False,random_ordinary,forgetting,0.07649385241771836,0.048844264362202176,0.10761118364958457
6,per_pair,4,False,random_ordinary,noise_retention,0.8508342304641021,0.8215976147228069,0.8778629288280693
6,per_pair,4,False,random_ordinary,reversal,0.9454689779412487,0.9183362774850493,0.9690266416730711
6,per_pair,4,False,random_ordinary,unchanged,0.8256043357412481,0.7686244820966224,0.8788692399057074
6,per_pair,4,False,random_ordinary,below_chance,0.07552083333333333,0.041666666666666664,0.11458333333333333
6,per_pair,4,False,random_homeostasis,retention,0.9081934238353213,0.8781969696789704,0.935254666942827
6,per_pair,4,False,random_homeostasis,worst_pair,0.7304771500516958,0.6479670983284588,0.8081682767784197
6,per_pair,4,False,random_homeostasis,new_learning,0.9800853514239289,0.9712417601915231,0.9869458219729729
6,per_pair,4,False,random_homeostasis,forgetting,0.07189192758860768,0.046280292932875625,0.10047360648684832
6,per_pair,4,False,random_homeostasis,noise_retention,0.8528659313520441,0.8252719102563504,0.8785303862994219
6,per_pair,4,False,random_homeostasis,reversal,0.9500303778572661,0.9267485522466119,0.9708530207476115
6,per_pair,4,False,random_homeostasis,unchanged,0.8335116655518895,0.7791379752100047,0.8844055349235191
6,per_pair,4,False,random_homeostasis,below_chance,0.05989583333333333,0.031249999999999997,0.09114583333333333
6,per_pair,4,False,direct,retention,0.9622694470634257,0.9440378188527462,0.9773459874158795
6,per_pair,4,False,direct,worst_pair,0.878393019930993,0.8157373449205747,0.930551454925204
6,per_pair,4,False,direct,new_learning,0.9887844881893101,0.9811665074327973,0.9942878286935736
6,per_pair,4,False,direct,forgetting,0.026515041125884528,0.014097691334723184,0.041148639307394104
6,per_pair,4,False,direct,noise_retention,0.9361854206813723,0.9169304379045621,0.9537058014080961
6,per_pair,4,False,direct,reversal,0.8797816080277572,0.7934890745292654,0.9506503832770469
6,per_pair,4,False,direct,unchanged,0.9277723088108174,0.8891468974524432,0.9607841781903428
6,per_pair,4,False,direct,below_chance,0.0078125,0.0,0.0234375
6,per_pair,4,False,oracle,retention,0.9975353129024735,0.9964011984059807,0.9984205969932043
6,per_pair,4,False,oracle,worst_pair,0.9936514057485877,0.990079933177178,0.996382961459938
6,per_pair,4,False,oracle,new_learning,0.9975353129024735,0.9964011984059807,0.9984205969932043
6,per_pair,4,False,oracle,forgetting,0.0,0.0,0.0
6,per_pair,4,False,oracle,noise_retention,0.9975353129024735,0.9964011984059807,0.9984205969932043
6,per_pair,4,False,oracle,reversal,0.9984831602082542,0.9980916881195198,0.9988426286528043
6,per_pair,4,False,oracle,unchanged,0.9969461648735733,0.9949883014785874,0.9984568835697276
6,per_pair,4,False,oracle,below_chance,0.0,0.0,0.0
6,per_pair,4,False,fixed_homeostasis,retention,0.9348459030286062,0.9012374199337101,0.9639462867572978
6,per_pair,4,False,fixed_homeostasis,worst_pair,0.8202896340577112,0.7324181378560676,0.8965942157589291
6,per_pair,4,False,fixed_homeostasis,new_learning,0.9885216945963704,0.9817646534671397,0.9932312409021582
6,per_pair,4,False,fixed_homeostasis,forgetting,0.05367579156776436,0.02566352077470131,0.0864571012211844
6,per_pair,4,False,fixed_homeostasis,noise_retention,0.891895017270781,0.8608318911056329,0.9200599637281609
6,per_pair,4,False,fixed_homeostasis,reversal,0.9344803150188394,0.894319217807165,0.9695100681785392
6,per_pair,4,False,fixed_homeostasis,unchanged,0.873556294044054,0.8184399014695173,0.9232301862815179
6,per_pair,4,False,fixed_homeostasis,below_chance,0.03125,0.0,0.0703125
6,per_pair,4,False,fixed_sham,retention,0.9407441436197376,0.9100629698039151,0.9665056930752693
6,per_pair,4,False,fixed_sham,worst_pair,0.832488442808037,0.7566506100193925,0.8997023513057942
6,per_pair,4,False,fixed_sham,new_learning,0.989018472658884,0.9828296732525268,0.9931352265648962
6,per_pair,4,False,fixed_sham,forgetting,0.04827432903914643,0.023771631005210552,0.07782588095051639
6,per_pair,4,False,fixed_sham,noise_retention,0.8964850347957551,0.8669725579943374,0.9234111965038327
6,per_pair,4,False,fixed_sham,reversal,0.9584804552960003,0.931857983040004,0.9797139333026474
6,per_pair,4,False,fixed_sham,unchanged,0.853462157652962,0.7949073670614112,0.9076469907474192
6,per_pair,4,False,fixed_sham,below_chance,0.03645833333333333,0.0078125,0.07552083333333333
6,per_pair,8,False,baseline6,retention,0.8869703765391022,0.860270885349186,0.9128015556454971
6,per_pair,8,False,baseline6,worst_pair,0.4648628922393393,0.35014487241823183,0.5786303326865201
6,per_pair,8,False,baseline6,new_learning,0.9857923034365379,0.979149997939697,0.9906528876432936
6,per_pair,8,False,baseline6,forgetting,0.09882192689743582,0.07464095165131952,0.12401908134350535
6,per_pair,8,False,baseline6,noise_retention,0.8358040982145942,0.8119682036467513,0.8592423218742966
6,per_pair,8,False,baseline6,reversal,0.8699671624202516,0.8236476174723693,0.9124069568805993
6,per_pair,8,False,baseline6,unchanged,0.8108706813308773,0.7675867092056409,0.8528570735094598
6,per_pair,8,False,baseline6,below_chance,0.08984375,0.05859375,0.12109375
6,per_pair,8,False,ordinary,retention,0.8869703765391022,0.860270885349186,0.9128015556454971
6,per_pair,8,False,ordinary,worst_pair,0.4648628922393393,0.35014487241823183,0.5786303326865201
6,per_pair,8,False,ordinary,new_learning,0.9857923034365379,0.979149997939697,0.9906528876432936
6,per_pair,8,False,ordinary,forgetting,0.09882192689743582,0.07464095165131952,0.12401908134350535
6,per_pair,8,False,ordinary,noise_retention,0.8358040982145942,0.8119682036467513,0.8592423218742966
6,per_pair,8,False,ordinary,reversal,0.8699671624202516,0.8236476174723693,0.9124069568805993
6,per_pair,8,False,ordinary,unchanged,0.8108706813308773,0.7675867092056409,0.8528570735094598
6,per_pair,8,False,ordinary,below_chance,0.08984375,0.05859375,0.12109375
6,per_pair,8,False,homeostasis,retention,0.8722092850010037,0.8444975394801933,0.8986071498964705
6,per_pair,8,False,homeostasis,worst_pair,0.42920205083423013,0.32671695788455846,0.5353086303255298
6,per_pair,8,False,homeostasis,new_learning,0.9850873828559531,0.9784799001355632,0.9903471914407072
6,per_pair,8,False,homeostasis,forgetting,0.11287809785494926,0.08820255913994927,0.13863225020291808
6,per_pair,8,False,homeostasis,noise_retention,0.8229206542175103,0.8001823009848216,0.8450720145223192
6,per_pair,8,False,homeostasis,reversal,0.8822820393979969,0.841038942576121,0.9193830925339782
6,per_pair,8,False,homeostasis,unchanged,0.8014630930262437,0.7614877366093723,0.8409389731795175
6,per_pair,8,False,homeostasis,below_chance,0.11328125,0.078125,0.1484375
6,per_pair,8,False,sham,retention,0.8891382439590583,0.8638931927154183,0.9128566526464315
6,per_pair,8,False,sham,worst_pair,0.502980592233281,0.40615442624612,0.6007769814922858
6,per_pair,8,False,sham,new_learning,0.9874901851273649,0.9837964725172696,0.9906975314749318
6,per_pair,8,False,sham,forgetting,0.09835194116830676,0.07562923498073384,0.12265463834665016
6,per_pair,8,False,sham,noise_retention,0.8376781249949719,0.8151452773870296,0.8597124618930856
6,per_pair,8,False,sham,reversal,0.8895456323716219,0.850203828930062,0.9253317459112796
6,per_pair,8,False,sham,unchanged,0.8112265267395107,0.7727776674652624,0.8488394358789382
6,per_pair,8,False,sham,below_chance,0.08333333333333333,0.05598958333333333,0.11328125
6,per_pair,8,False,random_ordinary,retention,0.8541951308345089,0.8337223271462906,0.8744257698370378
6,per_pair,8,False,random_ordinary,worst_pair,0.4086557917926362,0.34696600554171325,0.471852649134382
6,per_pair,8,False,random_ordinary,new_learning,0.9793267113555264,0.9730606509587176,0.9845019069038817
6,per_pair,8,False,random_ordinary,forgetting,0.12513158052101755,0.10593418206130949,0.14489625242417767
6,per_pair,8,False,random_ordinary,noise_retention,0.798496503479817,0.7809471354099462,0.816547018260822
6,per_pair,8,False,random_ordinary,reversal,0.8539267660995526,0.8134506388082327,0.892113103272304
6,per_pair,8,False,random_ordinary,unchanged,0.7971238624979629,0.7743815613883059,0.8199395497672944
6,per_pair,8,False,random_ordinary,below_chance,0.109375,0.08854166666666666,0.13151041666666666
6,per_pair,8,False,random_homeostasis,retention,0.8568242759191933,0.8374359522520519,0.8759654739539762
6,per_pair,8,False,random_homeostasis,worst_pair,0.409710825302547,0.3460175300585206,0.47568487651716773
6,per_pair,8,False,random_homeostasis,new_learning,0.979505255126798,0.9727949345991946,0.9849845967577993
6,per_pair,8,False,random_homeostasis,forgetting,0.1226809792076048,0.10512068448944724,0.14104044541554336
6,per_pair,8,False,random_homeostasis,noise_retention,0.8010361880720169,0.7832729488943474,0.8191520668692529
6,per_pair,8,False,random_homeostasis,reversal,0.8662047581752675,0.8288428138001337,0.9009836986890924
6,per_pair,8,False,random_homeostasis,unchanged,0.7990584825699789,0.7695008050904448,0.8286720016369333
6,per_pair,8,False,random_homeostasis,below_chance,0.10807291666666666,0.08463541666666666,0.1328125
6,per_pair,8,False,direct,retention,0.9319482829760783,0.912551943784521,0.9501991702138728
6,per_pair,8,False,direct,worst_pair,0.6602719357573361,0.5541231041066985,0.7585632033298628
6,per_pair,8,False,direct,new_learning,0.989690733181446,0.9853417874930758,0.9931768129596469
6,per_pair,8,False,direct,forgetting,0.05774245020536757,0.04128917578271217,0.07545991354906655
6,per_pair,8,False,direct,noise_retention,0.8908716827326593,0.8725039964601015,0.9083732454952825
6,per_pair,8,False,direct,reversal,0.8890150319856527,0.8496804658601637,0.9257717812318741
6,per_pair,8,False,direct,unchanged,0.8842219587239399,0.8548228490194943,0.9116129210518847
6,per_pair,8,False,direct,below_chance,0.03515625,0.015625,0.05859375
6,per_pair,8,False,oracle,retention,0.9972773897718122,0.9965598659358545,0.9979330575278628
6,per_pair,8,False,oracle,worst_pair,0.9874729537773672,0.9825973754026884,0.991875426458566
6,per_pair,8,False,oracle,new_learning,0.9972773897718122,0.9965598659358545,0.9979330575278628
6,per_pair,8,False,oracle,forgetting,0.0,0.0,0.0
6,per_pair,8,False,oracle,noise_retention,0.9972773897718122,0.9965598659358545,0.9979330575278628
6,per_pair,8,False,oracle,reversal,0.9979036456862334,0.996844858905042,0.9985873851436575
6,per_pair,8,False,oracle,unchanged,0.9972808101736583,0.9962050108091345,0.9981935434898385
6,per_pair,8,False,oracle,below_chance,0.0,0.0,0.0
6,per_pair,8,False,fixed_homeostasis,retention,0.8722092850010037,0.8444975394801933,0.8986071498964705
6,per_pair,8,False,fixed_homeostasis,worst_pair,0.42920205083423013,0.32671695788455846,0.5353086303255298
6,per_pair,8,False,fixed_homeostasis,new_learning,0.9850873828559531,0.9784799001355632,0.9903471914407072
6,per_pair,8,False,fixed_homeostasis,forgetting,0.11287809785494926,0.08820255913994927,0.13863225020291808
6,per_pair,8,False,fixed_homeostasis,noise_retention,0.8229206542175103,0.8001823009848216,0.8450720145223192
6,per_pair,8,False,fixed_homeostasis,reversal,0.8822820393979969,0.841038942576121,0.9193830925339782
6,per_pair,8,False,fixed_homeostasis,unchanged,0.8014630930262437,0.7614877366093723,0.8409389731795175
6,per_pair,8,False,fixed_homeostasis,below_chance,0.11328125,0.078125,0.1484375
6,per_pair,8,False,fixed_sham,retention,0.8891382439590583,0.8638931927154183,0.9128566526464315
6,per_pair,8,False,fixed_sham,worst_pair,0.502980592233281,0.40615442624612,0.6007769814922858
6,per_pair,8,False,fixed_sham,new_learning,0.9874901851273649,0.9837964725172696,0.9906975314749318
6,per_pair,8,False,fixed_sham,forgetting,0.09835194116830676,0.07562923498073384,0.12265463834665016
6,per_pair,8,False,fixed_sham,noise_retention,0.8376781249949719,0.8151452773870296,0.8597124618930856
6,per_pair,8,False,fixed_sham,reversal,0.8895456323716219,0.850203828930062,0.9253317459112796
6,per_pair,8,False,fixed_sham,unchanged,0.8112265267395107,0.7727776674652624,0.8488394358789382
6,per_pair,8,False,fixed_sham,below_chance,0.08333333333333333,0.05598958333333333,0.11328125
6,per_pair,16,False,baseline6,retention,0.795510463619558,0.7666248298150049,0.8242097738743311
6,per_pair,16,False,baseline6,worst_pair,0.1354497779072965,0.08982802202085143,0.18615970826125341
6,per_pair,16,False,baseline6,new_learning,0.987763326371502,0.983580189637544,0.9910755405550917
6,per_pair,16,False,baseline6,forgetting,0.19225286275194406,0.16521809383113328,0.21919641261746042
6,per_pair,16,False,baseline6,noise_retention,0.7504964075964058,0.725539825264097,0.7761625498226316
6,per_pair,16,False,baseline6,reversal,0.8472927032259655,0.8113807881734006,0.8812115508480294
6,per_pair,16,False,baseline6,unchanged,0.6623902593800198,0.6219418548738701,0.7009180880804967
6,per_pair,16,False,baseline6,below_chance,0.18359375,0.150390625,0.21875
6,per_pair,16,False,ordinary,retention,0.795510463619558,0.7666248298150049,0.8242097738743311
6,per_pair,16,False,ordinary,worst_pair,0.1354497779072965,0.08982802202085143,0.18615970826125341
6,per_pair,16,False,ordinary,new_learning,0.987763326371502,0.983580189637544,0.9910755405550917
6,per_pair,16,False,ordinary,forgetting,0.19225286275194406,0.16521809383113328,0.21919641261746042
6,per_pair,16,False,ordinary,noise_retention,0.7504964075964058,0.725539825264097,0.7761625498226316
6,per_pair,16,False,ordinary,reversal,0.8472927032259655,0.8113807881734006,0.8812115508480294
6,per_pair,16,False,ordinary,unchanged,0.6623902593800198,0.6219418548738701,0.7009180880804967
6,per_pair,16,False,ordinary,below_chance,0.18359375,0.150390625,0.21875
6,per_pair,16,False,homeostasis,retention,0.792793139257461,0.7659775809790836,0.8184946922514126
6,per_pair,16,False,homeostasis,worst_pair,0.11815254864633118,0.07754344451386612,0.16316139042921907
6,per_pair,16,False,homeostasis,new_learning,0.9849486606833285,0.9801567095179841,0.9889338539443887
6,per_pair,16,False,homeostasis,forgetting,0.19215552142586761,0.16662807569891047,0.2184441227735364
6,per_pair,16,False,homeostasis,noise_retention,0.7417834860007979,0.720148591425127,0.7635375083452929
6,per_pair,16,False,homeostasis,reversal,0.8471979955546971,0.8142120712543122,0.876909778686339
6,per_pair,16,False,homeostasis,unchanged,0.664936378928309,0.6222046789809849,0.7068593245624227
6,per_pair,16,False,homeostasis,below_chance,0.18359375,0.15234375,0.21484375
6,per_pair,16,False,sham,retention,0.8027830133205258,0.7771888935779013,0.8284151897377114
6,per_pair,16,False,sham,worst_pair,0.14669781747201494,0.0991386846425723,0.19805280901565409
6,per_pair,16,False,sham,new_learning,0.9867617895018664,0.983279955963429,0.9898554478781204
6,per_pair,16,False,sham,forgetting,0.1839787761813406,0.15923070329806926,0.20871139723957488
6,per_pair,16,False,sham,noise_retention,0.7522841083124006,0.731262801971171,0.7737804811927362
6,per_pair,16,False,sham,reversal,0.8448016359235518,0.8124534150307691,0.8763166176530928
6,per_pair,16,False,sham,unchanged,0.6469868968088286,0.6045927373922801,0.6875208961942905
6,per_pair,16,False,sham,below_chance,0.17057291666666669,0.14192708333333331,0.19986979166666669
6,per_pair,16,False,random_ordinary,retention,0.767375224123837,0.7460952613098163,0.7881507226378008
6,per_pair,16,False,random_ordinary,worst_pair,0.09850604205420915,0.07061921210595162,0.1290897009511396
6,per_pair,16,False,random_ordinary,new_learning,0.9791724019231418,0.9732030320853479,0.9838627508700419
6,per_pair,16,False,random_ordinary,forgetting,0.21179717779930482,0.19269886846941878,0.23154803698066198
6,per_pair,16,False,random_ordinary,noise_retention,0.7204292117294867,0.7020494207897204,0.7386527336201765
6,per_pair,16,False,random_ordinary,reversal,0.8182599038343628,0.793129645549172,0.8429194825540776
6,per_pair,16,False,random_ordinary,unchanged,0.660859897033703,0.622768244240779,0.6967757769888298
6,per_pair,16,False,random_ordinary,below_chance,0.20572916666666669,0.18098958333333331,0.23046875
6,per_pair,16,False,random_homeostasis,retention,0.7708874799411118,0.7494484110696187,0.791808697142694
6,per_pair,16,False,random_homeostasis,worst_pair,0.12085273465050451,0.08810333332226113,0.15685207556507774
6,per_pair,16,False,random_homeostasis,new_learning,0.9800680873095662,0.9733468722227188,0.9851044522387786
6,per_pair,16,False,random_homeostasis,forgetting,0.20918060736845434,0.19029882688258443,0.22861590665086212
6,per_pair,16,False,random_homeostasis,noise_retention,0.7232422452623875,0.7048477291297549,0.741476131579766
6,per_pair,16,False,random_homeostasis,reversal,0.8192827328036478,0.792255065921724,0.8456057707252571
6,per_pair,16,False,random_homeostasis,unchanged,0.6656274285876407,0.6320080298932877,0.6967614350399652
6,per_pair,16,False,random_homeostasis,below_chance,0.189453125,0.166015625,0.212890625
6,per_pair,16,False,direct,retention,0.8552471023497219,0.8311846693618011,0.8782963490067208
6,per_pair,16,False,direct,worst_pair,0.24881233370783967,0.1742923581074825,0.32680064905544187
6,per_pair,16,False,direct,new_learning,0.9890793074260928,0.984703746223894,0.9925492857507745
6,per_pair,16,False,direct,forgetting,0.13383220507637097,0.1110044174367195,0.1578454835101246
6,per_pair,16,False,direct,noise_retention,0.8098059288136394,0.7895735578670207,0.8291157283679469
6,per_pair,16,False,direct,reversal,0.8830276872175722,0.8608066690113698,0.9039039907146021
6,per_pair,16,False,direct,unchanged,0.7154446307150442,0.6696379883166879,0.7591733680484175
6,per_pair,16,False,direct,below_chance,0.111328125,0.08203125,0.142578125
6,per_pair,16,False,oracle,retention,0.9974118501508336,0.9969805839794995,0.9978145909230544
6,per_pair,16,False,oracle,worst_pair,0.98375265291391,0.9792513905706216,0.987953671712161
6,per_pair,16,False,oracle,new_learning,0.9974118501508336,0.9969805839794995,0.9978145909230544
6,per_pair,16,False,oracle,forgetting,0.0,0.0,0.0
6,per_pair,16,False,oracle,noise_retention,0.9974118501508336,0.9969805839794995,0.9978145909230544
6,per_pair,16,False,oracle,reversal,0.9973639759508122,0.9964183472503709,0.9981482003922729
6,per_pair,16,False,oracle,unchanged,0.9975338116375077,0.9969031968701575,0.9980880176222237
6,per_pair,16,False,oracle,below_chance,0.0,0.0,0.0
6,per_pair,16,False,fixed_homeostasis,retention,0.792793139257461,0.7659775809790836,0.8184946922514126
6,per_pair,16,False,fixed_homeostasis,worst_pair,0.11815254864633118,0.07754344451386612,0.16316139042921907
6,per_pair,16,False,fixed_homeostasis,new_learning,0.9849486606833285,0.9801567095179841,0.9889338539443887
6,per_pair,16,False,fixed_homeostasis,forgetting,0.19215552142586761,0.16662807569891047,0.2184441227735364
6,per_pair,16,False,fixed_homeostasis,noise_retention,0.7417834860007979,0.720148591425127,0.7635375083452929
6,per_pair,16,False,fixed_homeostasis,reversal,0.8471979955546971,0.8142120712543122,0.876909778686339
6,per_pair,16,False,fixed_homeostasis,unchanged,0.664936378928309,0.6222046789809849,0.7068593245624227
6,per_pair,16,False,fixed_homeostasis,below_chance,0.18359375,0.15234375,0.21484375
6,per_pair,16,False,fixed_sham,retention,0.8027830133205258,0.7771888935779013,0.8284151897377114
6,per_pair,16,False,fixed_sham,worst_pair,0.14669781747201494,0.0991386846425723,0.19805280901565409
6,per_pair,16,False,fixed_sham,new_learning,0.9867617895018664,0.983279955963429,0.9898554478781204
6,per_pair,16,False,fixed_sham,forgetting,0.1839787761813406,0.15923070329806926,0.20871139723957488
6,per_pair,16,False,fixed_sham,noise_retention,0.7522841083124006,0.731262801971171,0.7737804811927362
6,per_pair,16,False,fixed_sham,reversal,0.8448016359235518,0.8124534150307691,0.8763166176530928
6,per_pair,16,False,fixed_sham,unchanged,0.6469868968088286,0.6045927373922801,0.6875208961942905
6,per_pair,16,False,fixed_sham,below_chance,0.17057291666666669,0.14192708333333331,0.19986979166666669
6,total,2,False,baseline6,retention,0.9836322950183446,0.9734285309739971,0.9918454696433051
6,total,2,False,baseline6,worst_pair,0.9692716075825565,0.9491979836636166,0.9852886950796829
6,total,2,False,baseline6,new_learning,0.9936558843132899,0.9907514366409951,0.9960612306577777
6,total,2,False,baseline6,forgetting,0.010023589294945167,0.003020001538321652,0.019008760622359705
6,total,2,False,baseline6,noise_retention,0.9495885131518641,0.9310272854590816,0.9655030592279918
6,total,2,False,baseline6,reversal,0.9947420045563466,0.9923385260309691,0.9968288791576999
6,total,2,False,baseline6,unchanged,0.9615645855754492,0.9238417346140327,0.9898355106998441
6,total,2,False,baseline6,below_chance,0.0,0.0,0.0
6,total,2,False,ordinary,retention,0.9836322950183446,0.9734285309739971,0.9918454696433051
6,total,2,False,ordinary,worst_pair,0.9692716075825565,0.9491979836636166,0.9852886950796829
6,total,2,False,ordinary,new_learning,0.9936558843132899,0.9907514366409951,0.9960612306577777
6,total,2,False,ordinary,forgetting,0.010023589294945167,0.003020001538321652,0.019008760622359705
6,total,2,False,ordinary,noise_retention,0.9495885131518641,0.9310272854590816,0.9655030592279918
6,total,2,False,ordinary,reversal,0.9947420045563466,0.9923385260309691,0.9968288791576999
6,total,2,False,ordinary,unchanged,0.9615645855754492,0.9238417346140327,0.9898355106998441
6,total,2,False,ordinary,below_chance,0.0,0.0,0.0
6,total,2,False,homeostasis,retention,0.9761219403471109,0.9554234219483082,0.9911028218582385
6,total,2,False,homeostasis,worst_pair,0.9540172369302627,0.9127886791098228,0.9837693985246272
6,total,2,False,homeostasis,new_learning,0.9923647995718118,0.9891744849396085,0.9952579275657728
6,total,2,False,homeostasis,forgetting,0.016242859224700885,0.002347752542734649,0.03540394083876659
6,total,2,False,homeostasis,noise_retention,0.9434644172987072,0.9214444845180941,0.9613538118699958
6,total,2,False,homeostasis,reversal,0.9912761519702828,0.9862055023201225,0.9952944972380162
6,total,2,False,homeostasis,unchanged,0.9723953635971017,0.9483020016762035,0.9902479932954472
6,total,2,False,homeostasis,below_chance,0.015625,0.0,0.046875
6,total,2,False,sham,retention,0.9824501529705505,0.971321605525444,0.9916048231516164
6,total,2,False,sham,worst_pair,0.9685407609469103,0.9480624990409166,0.9852752508879086
6,total,2,False,sham,new_learning,0.9921275253563007,0.9883622857346865,0.9953189862412499
6,total,2,False,sham,forgetting,0.009677372385750149,0.0010386727974302239,0.020021844400231012
6,total,2,False,sham,noise_retention,0.9510846397287527,0.9328716797729614,0.9669236946828003
6,total,2,False,sham,reversal,0.9913540640910146,0.9866577341914974,0.9953810566012121
6,total,2,False,sham,unchanged,0.9550023732220555,0.917245953650778,0.9835677535155958
6,total,2,False,sham,below_chance,0.0,0.0,0.0
6,total,2,False,random_ordinary,retention,0.9550398664815272,0.931987731561319,0.9753369606187634
6,total,2,False,random_ordinary,worst_pair,0.9175478126803037,0.8732619987266438,0.9563799890066617
6,total,2,False,random_ordinary,new_learning,0.9834256170207674,0.9738528662304197,0.9908268845817797
6,total,2,False,random_ordinary,forgetting,0.028385750539240192,0.011580355481346035,0.04838924016558671
6,total,2,False,random_ordinary,noise_retention,0.9129910556684553,0.8878401612399719,0.9361668092973198
6,total,2,False,random_ordinary,reversal,0.9786864257247718,0.9624176263208719,0.9895816686276505
6,total,2,False,random_ordinary,unchanged,0.9246356173722666,0.881377886646902,0.9609257184970884
6,total,2,False,random_ordinary,below_chance,0.026041666666666664,0.005208333333333333,0.046875
6,total,2,False,random_homeostasis,retention,0.956211940865973,0.9345785279212675,0.9752161166839677
6,total,2,False,random_homeostasis,worst_pair,0.9195260213167322,0.8775493965604585,0.9562023093918051
6,total,2,False,random_homeostasis,new_learning,0.9846174745137555,0.9765949496345085,0.9907260686166385
6,total,2,False,random_homeostasis,forgetting,0.028405533647782463,0.011961258509986195,0.04802588585696798
6,total,2,False,random_homeostasis,noise_retention,0.9087831431170732,0.8845065714142357,0.9315531045865235
6,total,2,False,random_homeostasis,reversal,0.9753002827407207,0.9565520162976174,0.9882445603438725
6,total,2,False,random_homeostasis,unchanged,0.9380112191683077,0.8953852035561927,0.9709774755216553
6,total,2,False,random_homeostasis,below_chance,0.020833333333333332,0.005208333333333333,0.041666666666666664
6,total,2,False,direct,retention,0.9889192710838488,0.9812729103667701,0.9947613035078646
6,total,2,False,direct,worst_pair,0.9792966149101601,0.9639854743109777,0.9909309013131715
6,total,2,False,direct,new_learning,0.993086028843742,0.9877680467585263,0.9967124965232286
6,total,2,False,direct,forgetting,0.0041667577598931416,0.0009268896671126857,0.008072603273076786
6,total,2,False,direct,noise_retention,0.973428071374157,0.9609172532376298,0.9838059897552914
6,total,2,False,direct,reversal,0.982265687771531,0.9626554654591392,0.9953153234336619
6,total,2,False,direct,unchanged,0.9886869745747272,0.9787040045845533,0.9955669565709403
6,total,2,False,direct,below_chance,0.0,0.0,0.0
6,total,2,False,oracle,retention,0.9986243647706194,0.9982154314668742,0.9989733784183807
6,total,2,False,oracle,worst_pair,0.9978143534420307,0.9970995854623828,0.9984088037051492
6,total,2,False,oracle,new_learning,0.9986243647706194,0.9982154314668742,0.9989733784183807
6,total,2,False,oracle,forgetting,0.0,0.0,0.0
6,total,2,False,oracle,noise_retention,0.9986243647706194,0.9982154314668742,0.9989733784183807
6,total,2,False,oracle,reversal,0.9987314205662834,0.9982757090228425,0.9991396196508142
6,total,2,False,oracle,unchanged,0.9988793617467808,0.9984758066267222,0.9992269490261034
6,total,2,False,oracle,below_chance,0.0,0.0,0.0
6,total,2,False,fixed_homeostasis,retention,0.9761219403471109,0.9554234219483082,0.9911028218582385
6,total,2,False,fixed_homeostasis,worst_pair,0.9540172369302627,0.9127886791098228,0.9837693985246272
6,total,2,False,fixed_homeostasis,new_learning,0.9923647995718118,0.9891744849396085,0.9952579275657728
6,total,2,False,fixed_homeostasis,forgetting,0.016242859224700885,0.002347752542734649,0.03540394083876659
6,total,2,False,fixed_homeostasis,noise_retention,0.9434644172987072,0.9214444845180941,0.9613538118699958
6,total,2,False,fixed_homeostasis,reversal,0.9912761519702828,0.9862055023201225,0.9952944972380162
6,total,2,False,fixed_homeostasis,unchanged,0.9723953635971017,0.9483020016762035,0.9902479932954472
6,total,2,False,fixed_homeostasis,below_chance,0.015625,0.0,0.046875
6,total,2,False,fixed_sham,retention,0.9824501529705505,0.971321605525444,0.9916048231516164
6,total,2,False,fixed_sham,worst_pair,0.9685407609469103,0.9480624990409166,0.9852752508879086
6,total,2,False,fixed_sham,new_learning,0.9921275253563007,0.9883622857346865,0.9953189862412499
6,total,2,False,fixed_sham,forgetting,0.009677372385750149,0.0010386727974302239,0.020021844400231012
6,total,2,False,fixed_sham,noise_retention,0.9510846397287527,0.9328716797729614,0.9669236946828003
6,total,2,False,fixed_sham,reversal,0.9913540640910146,0.9866577341914974,0.9953810566012121
6,total,2,False,fixed_sham,unchanged,0.9550023732220555,0.917245953650778,0.9835677535155958
6,total,2,False,fixed_sham,below_chance,0.0,0.0,0.0
6,total,4,False,baseline6,retention,0.942059977372868,0.9093477243120692,0.9690895652708326
6,total,4,False,baseline6,worst_pair,0.8290557723422172,0.7417769180496333,0.9045015301890086
6,total,4,False,baseline6,new_learning,0.9912659371806821,0.9872320244664595,0.9940502682259484
6,total,4,False,baseline6,forgetting,0.049205959807814226,0.022565127963804485,0.08129586457077997
6,total,4,False,baseline6,noise_retention,0.9007706758503133,0.8710722731039924,0.9273887610748234
6,total,4,False,baseline6,reversal,0.9308444468729379,0.8848737932472976,0.9697139335613161
6,total,4,False,baseline6,unchanged,0.8607911035135741,0.7961986065510899,0.9197267242231002
6,total,4,False,baseline6,below_chance,0.0390625,0.0078125,0.078125
6,total,4,False,ordinary,retention,0.942059977372868,0.9093477243120692,0.9690895652708326
6,total,4,False,ordinary,worst_pair,0.8290557723422172,0.7417769180496333,0.9045015301890086
6,total,4,False,ordinary,new_learning,0.9912659371806821,0.9872320244664595,0.9940502682259484
6,total,4,False,ordinary,forgetting,0.049205959807814226,0.022565127963804485,0.08129586457077997
6,total,4,False,ordinary,noise_retention,0.9007706758503133,0.8710722731039924,0.9273887610748234
6,total,4,False,ordinary,reversal,0.9308444468729379,0.8848737932472976,0.9697139335613161
6,total,4,False,ordinary,unchanged,0.8607911035135741,0.7961986065510899,0.9197267242231002
6,total,4,False,ordinary,below_chance,0.0390625,0.0078125,0.078125
6,total,4,False,homeostasis,retention,0.9348459030286062,0.9012374199337101,0.9639462867572978
6,total,4,False,homeostasis,worst_pair,0.8202896340577112,0.7324181378560676,0.8965942157589291
6,total,4,False,homeostasis,new_learning,0.9885216945963704,0.9817646534671397,0.9932312409021582
6,total,4,False,homeostasis,forgetting,0.05367579156776436,0.02566352077470131,0.0864571012211844
6,total,4,False,homeostasis,noise_retention,0.891895017270781,0.8608318911056329,0.9200599637281609
6,total,4,False,homeostasis,reversal,0.9344803150188394,0.894319217807165,0.9695100681785392
6,total,4,False,homeostasis,unchanged,0.873556294044054,0.8184399014695173,0.9232301862815179
6,total,4,False,homeostasis,below_chance,0.03125,0.0,0.0703125
6,total,4,False,sham,retention,0.9407441436197376,0.9100629698039151,0.9665056930752693
6,total,4,False,sham,worst_pair,0.832488442808037,0.7566506100193925,0.8997023513057942
6,total,4,False,sham,new_learning,0.989018472658884,0.9828296732525268,0.9931352265648962
6,total,4,False,sham,forgetting,0.04827432903914643,0.023771631005210552,0.07782588095051639
6,total,4,False,sham,noise_retention,0.8964850347957551,0.8669725579943374,0.9234111965038327
6,total,4,False,sham,reversal,0.9584804552960003,0.931857983040004,0.9797139333026474
6,total,4,False,sham,unchanged,0.853462157652962,0.7949073670614112,0.9076469907474192
6,total,4,False,sham,below_chance,0.03645833333333333,0.0078125,0.07552083333333333
6,total,4,False,random_ordinary,retention,0.902300653902599,0.869638060654154,0.9314849240337264
6,total,4,False,random_ordinary,worst_pair,0.7234713858172994,0.641265054689731,0.8006035280085335
6,total,4,False,random_ordinary,new_learning,0.9787945063203173,0.9699440575627484,0.9859854752008419
6,total,4,False,random_ordinary,forgetting,0.07649385241771836,0.048844264362202176,0.10761118364958457
6,total,4,False,random_ordinary,noise_retention,0.8508342304641021,0.8215976147228069,0.8778629288280693
6,total,4,False,random_ordinary,reversal,0.9454689779412487,0.9183362774850493,0.9690266416730711
6,total,4,False,random_ordinary,unchanged,0.8256043357412481,0.7686244820966224,0.8788692399057074
6,total,4,False,random_ordinary,below_chance,0.07552083333333333,0.041666666666666664,0.11458333333333333
6,total,4,False,random_homeostasis,retention,0.9081934238353213,0.8781969696789704,0.935254666942827
6,total,4,False,random_homeostasis,worst_pair,0.7304771500516958,0.6479670983284588,0.8081682767784197
6,total,4,False,random_homeostasis,new_learning,0.9800853514239289,0.9712417601915231,0.9869458219729729
6,total,4,False,random_homeostasis,forgetting,0.07189192758860768,0.046280292932875625,0.10047360648684832
6,total,4,False,random_homeostasis,noise_retention,0.8528659313520441,0.8252719102563504,0.8785303862994219
6,total,4,False,random_homeostasis,reversal,0.9500303778572661,0.9267485522466119,0.9708530207476115
6,total,4,False,random_homeostasis,unchanged,0.8335116655518895,0.7791379752100047,0.8844055349235191
6,total,4,False,random_homeostasis,below_chance,0.05989583333333333,0.031249999999999997,0.09114583333333333
6,total,4,False,direct,retention,0.9622694470634257,0.9440378188527462,0.9773459874158795
6,total,4,False,direct,worst_pair,0.878393019930993,0.8157373449205747,0.930551454925204
6,total,4,False,direct,new_learning,0.9887844881893101,0.9811665074327973,0.9942878286935736
6,total,4,False,direct,forgetting,0.026515041125884528,0.014097691334723184,0.041148639307394104
6,total,4,False,direct,noise_retention,0.9361854206813723,0.9169304379045621,0.9537058014080961
6,total,4,False,direct,reversal,0.8797816080277572,0.7934890745292654,0.9506503832770469
6,total,4,False,direct,unchanged,0.9277723088108174,0.8891468974524432,0.9607841781903428
6,total,4,False,direct,below_chance,0.0078125,0.0,0.0234375
6,total,4,False,oracle,retention,0.9975353129024735,0.9964011984059807,0.9984205969932043
6,total,4,False,oracle,worst_pair,0.9936514057485877,0.990079933177178,0.996382961459938
6,total,4,False,oracle,new_learning,0.9975353129024735,0.9964011984059807,0.9984205969932043
6,total,4,False,oracle,forgetting,0.0,0.0,0.0
6,total,4,False,oracle,noise_retention,0.9975353129024735,0.9964011984059807,0.9984205969932043
6,total,4,False,oracle,reversal,0.9984831602082542,0.9980916881195198,0.9988426286528043
6,total,4,False,oracle,unchanged,0.9969461648735733,0.9949883014785874,0.9984568835697276
6,total,4,False,oracle,below_chance,0.0,0.0,0.0
6,total,4,False,fixed_homeostasis,retention,0.9348459030286062,0.9012374199337101,0.9639462867572978
6,total,4,False,fixed_homeostasis,worst_pair,0.8202896340577112,0.7324181378560676,0.8965942157589291
6,total,4,False,fixed_homeostasis,new_learning,0.9885216945963704,0.9817646534671397,0.9932312409021582
6,total,4,False,fixed_homeostasis,forgetting,0.05367579156776436,0.02566352077470131,0.0864571012211844
6,total,4,False,fixed_homeostasis,noise_retention,0.891895017270781,0.8608318911056329,0.9200599637281609
6,total,4,False,fixed_homeostasis,reversal,0.9344803150188394,0.894319217807165,0.9695100681785392
6,total,4,False,fixed_homeostasis,unchanged,0.873556294044054,0.8184399014695173,0.9232301862815179
6,total,4,False,fixed_homeostasis,below_chance,0.03125,0.0,0.0703125
6,total,4,False,fixed_sham,retention,0.9407441436197376,0.9100629698039151,0.9665056930752693
6,total,4,False,fixed_sham,worst_pair,0.832488442808037,0.7566506100193925,0.8997023513057942
6,total,4,False,fixed_sham,new_learning,0.989018472658884,0.9828296732525268,0.9931352265648962
6,total,4,False,fixed_sham,forgetting,0.04827432903914643,0.023771631005210552,0.07782588095051639
6,total,4,False,fixed_sham,noise_retention,0.8964850347957551,0.8669725579943374,0.9234111965038327
6,total,4,False,fixed_sham,reversal,0.9584804552960003,0.931857983040004,0.9797139333026474
6,total,4,False,fixed_sham,unchanged,0.853462157652962,0.7949073670614112,0.9076469907474192
6,total,4,False,fixed_sham,below_chance,0.03645833333333333,0.0078125,0.07552083333333333
6,total,8,False,baseline6,retention,0.8946330986384206,0.8691387315137191,0.9181303097176922
6,total,8,False,baseline6,worst_pair,0.5171072013084773,0.40657649346469876,0.6247907402428682
6,total,8,False,baseline6,new_learning,0.9817740021508352,0.9766110753619076,0.9863410342259963
6,total,8,False,baseline6,forgetting,0.08714090351241453,0.06475361467963708,0.11117471274787082
6,total,8,False,baseline6,noise_retention,0.8360145766255589,0.8137336946177757,0.8575922984787435
6,total,8,False,baseline6,reversal,0.881568652771675,0.8345261264250241,0.9234576050135433
6,total,8,False,baseline6,unchanged,0.7839161441490733,0.7400635457264795,0.8256297515751964
6,total,8,False,baseline6,below_chance,0.0703125,0.04296875,0.1015625
6,total,8,False,ordinary,retention,0.8946330986384206,0.8691387315137191,0.9181303097176922
6,total,8,False,ordinary,worst_pair,0.5171072013084773,0.40657649346469876,0.6247907402428682
6,total,8,False,ordinary,new_learning,0.9817740021508352,0.9766110753619076,0.9863410342259963
6,total,8,False,ordinary,forgetting,0.08714090351241453,0.06475361467963708,0.11117471274787082
6,total,8,False,ordinary,noise_retention,0.8360145766255589,0.8137336946177757,0.8575922984787435
6,total,8,False,ordinary,reversal,0.881568652771675,0.8345261264250241,0.9234576050135433
6,total,8,False,ordinary,unchanged,0.7839161441490733,0.7400635457264795,0.8256297515751964
6,total,8,False,ordinary,below_chance,0.0703125,0.04296875,0.1015625
6,total,8,False,homeostasis,retention,0.8876295386463082,0.8636785730007666,0.910076881801713
6,total,8,False,homeostasis,worst_pair,0.48128048506567567,0.38081012483748317,0.5819853268558405
6,total,8,False,homeostasis,new_learning,0.9801883980760839,0.974750536989799,0.9851437927319581
6,total,8,False,homeostasis,forgetting,0.09255885942977561,0.07099994469801069,0.11578081419856967
6,total,8,False,homeostasis,noise_retention,0.8250277469925384,0.8047310935352517,0.8444373964507622
6,total,8,False,homeostasis,reversal,0.88648596006616,0.8475632643530674,0.9226127984822544
6,total,8,False,homeostasis,unchanged,0.7852410262783074,0.7422993159783047,0.8256389393133083
6,total,8,False,homeostasis,below_chance,0.0703125,0.04296875,0.09765625
6,total,8,False,sham,retention,0.8956909548414724,0.8729215894003305,0.9166671109937937
6,total,8,False,sham,worst_pair,0.532643745525134,0.43984226243583313,0.6224421174734363
6,total,8,False,sham,new_learning,0.9822128140204469,0.977537501297867,0.9865299047252502
6,total,8,False,sham,forgetting,0.08652185917897445,0.06615674656454056,0.10849086642846091
6,total,8,False,sham,noise_retention,0.8377818131420316,0.8174395195405804,0.8571370427557935
6,total,8,False,sham,reversal,0.887898152092626,0.8443284735269535,0.9261287036451996
6,total,8,False,sham,unchanged,0.7911433236918547,0.7543696405587943,0.8272355423389358
6,total,8,False,sham,below_chance,0.06380208333333333,0.041634114583334686,0.08854166666666666
6,total,8,False,random_ordinary,retention,0.8442407423828824,0.8215786201068206,0.8654606884779771
6,total,8,False,random_ordinary,worst_pair,0.41343177425578836,0.3500018702373584,0.47994733886934665
6,total,8,False,random_ordinary,new_learning,0.9669777546443665,0.9589303069620226,0.9737039136358699
6,total,8,False,random_ordinary,forgetting,0.12273701226148404,0.10185141971713513,0.1456902706904382
6,total,8,False,random_ordinary,noise_retention,0.7843163515365031,0.7660134373917669,0.8019559252180346
6,total,8,False,random_ordinary,reversal,0.8659811099330897,0.8306454679979047,0.8996866110740173
6,total,8,False,random_ordinary,unchanged,0.7707317359945408,0.7422370513305449,0.7996994107459889
6,total,8,False,random_ordinary,below_chance,0.1171875,0.09114583333333331,0.14583333333333331
6,total,8,False,random_homeostasis,retention,0.8520216863028046,0.8314043880363758,0.8705332301805837
6,total,8,False,random_homeostasis,worst_pair,0.44196825272725493,0.38128307599209776,0.5030934422645598
6,total,8,False,random_homeostasis,new_learning,0.9684298689150623,0.9592061183218966,0.975200779269167
6,total,8,False,random_homeostasis,forgetting,0.11640818261225772,0.09832733333911314,0.13719118024917606
6,total,8,False,random_homeostasis,noise_retention,0.7910018319783546,0.773540598157252,0.8077823542826635
6,total,8,False,random_homeostasis,reversal,0.8689834450645417,0.8331948183677474,0.9025872727613693
6,total,8,False,random_homeostasis,unchanged,0.7765910433707703,0.7463124217144037,0.80791354724975
6,total,8,False,random_homeostasis,below_chance,0.10026041666666666,0.07552083333333331,0.12760416666666669
6,total,8,False,direct,retention,0.9377359895591678,0.9218840508807723,0.9527057703073684
6,total,8,False,direct,worst_pair,0.7060293579945947,0.6183270833826187,0.7863659259934688
6,total,8,False,direct,new_learning,0.9831890220444328,0.9762101790091424,0.9882677241944303
6,total,8,False,direct,forgetting,0.0454530324852649,0.031525028911762995,0.06027147106275716
6,total,8,False,direct,noise_retention,0.8944923675506008,0.87861737905403,0.9094169678348863
6,total,8,False,direct,reversal,0.9179032095050436,0.885298245826579,0.9467317795953766
6,total,8,False,direct,unchanged,0.8877963403003597,0.8636447003529988,0.9106015874621322
6,total,8,False,direct,below_chance,0.03125,0.01171875,0.05078125
6,total,8,False,oracle,retention,0.9959551126063908,0.9950100333126044,0.9967698922578535
6,total,8,False,oracle,worst_pair,0.9853634490090001,0.9799324780955266,0.9894885182486018
6,total,8,False,oracle,new_learning,0.9959551126063908,0.9950100333126044,0.9967698922578535
6,total,8,False,oracle,forgetting,0.0,0.0,0.0
6,total,8,False,oracle,noise_retention,0.9959551126063908,0.9950100333126044,0.9967698922578535
6,total,8,False,oracle,reversal,0.9976590478666292,0.9966969246415154,0.9983659887815407
6,total,8,False,oracle,unchanged,0.996004246575811,0.9950951966924081,0.9968500361102425
6,total,8,False,oracle,below_chance,0.0,0.0,0.0
6,total,8,False,fixed_homeostasis,retention,0.8876295386463082,0.8636785730007666,0.910076881801713
6,total,8,False,fixed_homeostasis,worst_pair,0.48128048506567567,0.38081012483748317,0.5819853268558405
6,total,8,False,fixed_homeostasis,new_learning,0.9801883980760839,0.974750536989799,0.9851437927319581
6,total,8,False,fixed_homeostasis,forgetting,0.09255885942977561,0.07099994469801069,0.11578081419856967
6,total,8,False,fixed_homeostasis,noise_retention,0.8250277469925384,0.8047310935352517,0.8444373964507622
6,total,8,False,fixed_homeostasis,reversal,0.88648596006616,0.8475632643530674,0.9226127984822544
6,total,8,False,fixed_homeostasis,unchanged,0.7852410262783074,0.7422993159783047,0.8256389393133083
6,total,8,False,fixed_homeostasis,below_chance,0.0703125,0.04296875,0.09765625
6,total,8,False,fixed_sham,retention,0.8956909548414724,0.8729215894003305,0.9166671109937937
6,total,8,False,fixed_sham,worst_pair,0.532643745525134,0.43984226243583313,0.6224421174734363
6,total,8,False,fixed_sham,new_learning,0.9822128140204469,0.977537501297867,0.9865299047252502
6,total,8,False,fixed_sham,forgetting,0.08652185917897445,0.06615674656454056,0.10849086642846091
6,total,8,False,fixed_sham,noise_retention,0.8377818131420316,0.8174395195405804,0.8571370427557935
6,total,8,False,fixed_sham,reversal,0.887898152092626,0.8443284735269535,0.9261287036451996
6,total,8,False,fixed_sham,unchanged,0.7911433236918547,0.7543696405587943,0.8272355423389358
6,total,8,False,fixed_sham,below_chance,0.06380208333333333,0.041634114583334686,0.08854166666666666
6,total,16,False,baseline6,retention,0.8172910897044523,0.7910972511259938,0.8430488356887984
6,total,16,False,baseline6,worst_pair,0.18415760985292434,0.12481529249136712,0.2493093696577705
6,total,16,False,baseline6,new_learning,0.9641234939906334,0.956853041220087,0.97078364694988
6,total,16,False,baseline6,forgetting,0.14683240428618094,0.12243772071446306,0.1720501121755128
6,total,16,False,baseline6,noise_retention,0.7600357474992536,0.73759138183052,0.7827938815537174
6,total,16,False,baseline6,reversal,0.8597847309069073,0.8299238728316712,0.8885198027960192
6,total,16,False,baseline6,unchanged,0.6590138890090785,0.6175469297178621,0.699338426520572
6,total,16,False,baseline6,below_chance,0.1484375,0.12109375,0.177734375
6,total,16,False,ordinary,retention,0.8172910897044523,0.7910972511259938,0.8430488356887984
6,total,16,False,ordinary,worst_pair,0.18415760985292434,0.12481529249136712,0.2493093696577705
6,total,16,False,ordinary,new_learning,0.9641234939906334,0.956853041220087,0.97078364694988
6,total,16,False,ordinary,forgetting,0.14683240428618094,0.12243772071446306,0.1720501121755128
6,total,16,False,ordinary,noise_retention,0.7600357474992536,0.73759138183052,0.7827938815537174
6,total,16,False,ordinary,reversal,0.8597847309069073,0.8299238728316712,0.8885198027960192
6,total,16,False,ordinary,unchanged,0.6590138890090785,0.6175469297178621,0.699338426520572
6,total,16,False,ordinary,below_chance,0.1484375,0.12109375,0.177734375
6,total,16,False,homeostasis,retention,0.811042626314818,0.7844275381388625,0.8371814135472709
6,total,16,False,homeostasis,worst_pair,0.1874979168997071,0.11645013787331521,0.26732329730258086
6,total,16,False,homeostasis,new_learning,0.9620082538267858,0.9532222182765984,0.9700531325627985
6,total,16,False,homeostasis,forgetting,0.15096562751196768,0.1277966683984311,0.17447355146324986
6,total,16,False,homeostasis,noise_retention,0.7494344823662118,0.726594450166025,0.7725698614339743
6,total,16,False,homeostasis,reversal,0.8541283870450747,0.8188931559571034,0.8853078945113694
6,total,16,False,homeostasis,unchanged,0.6597298460301555,0.6171514198329108,0.7010772009430122
6,total,16,False,homeostasis,below_chance,0.138671875,0.10546875,0.171875
6,total,16,False,sham,retention,0.8223977921951959,0.7966940754084939,0.8475926297159064
6,total,16,False,sham,worst_pair,0.20269312515965363,0.14215626541282103,0.2691569632525822
6,total,16,False,sham,new_learning,0.9649708181654048,0.958010896211295,0.9714660545128079
6,total,16,False,sham,forgetting,0.14257302597020882,0.11964740138080998,0.16606170407375778
6,total,16,False,sham,noise_retention,0.7601658964788622,0.7390314694569892,0.7818325143208258
6,total,16,False,sham,reversal,0.8516760314858396,0.8194565407332549,0.8827230325524386
6,total,16,False,sham,unchanged,0.6450747233090811,0.6037937333557941,0.684613112853799
6,total,16,False,sham,below_chance,0.14322916666666666,0.11263020833333334,0.17447916666666669
6,total,16,False,random_ordinary,retention,0.7718440943431133,0.7501005350153115,0.7939259974201993
6,total,16,False,random_ordinary,worst_pair,0.15981404026567578,0.1270039490535579,0.1957894272905024
6,total,16,False,random_ordinary,new_learning,0.9411316139891245,0.9278905370335431,0.9521280518042858
6,total,16,False,random_ordinary,forgetting,0.16928751964601108,0.14953810811983018,0.1888699250314935
6,total,16,False,random_ordinary,noise_retention,0.715645352725826,0.6975291050542919,0.734110926930817
6,total,16,False,random_ordinary,reversal,0.8248450139341287,0.8010273963097968,0.8478262538726703
6,total,16,False,random_ordinary,unchanged,0.6392492429493759,0.6015502057127352,0.6753431536132406
6,total,16,False,random_ordinary,below_chance,0.18098958333333334,0.154296875,0.20833333333333331
6,total,16,False,random_homeostasis,retention,0.7734354054014732,0.7520046481064077,0.7945849971566681
6,total,16,False,random_homeostasis,worst_pair,0.16596230693915903,0.13020398658299628,0.20306766086493622
6,total,16,False,random_homeostasis,new_learning,0.9424924627137625,0.9294357864000294,0.9533749845389935
6,total,16,False,random_homeostasis,forgetting,0.16905705731228923,0.150550176610029,0.1879804633015861
6,total,16,False,random_homeostasis,noise_retention,0.719286090474382,0.7015727245235627,0.7372110506533711
6,total,16,False,random_homeostasis,reversal,0.8239275908743149,0.7982676035416039,0.8486921816821328
6,total,16,False,random_homeostasis,unchanged,0.642617541832962,0.6087591978587392,0.6747886206057262
6,total,16,False,random_homeostasis,below_chance,0.17578125,0.15104166666666666,0.201171875
6,total,16,False,direct,retention,0.8656170060547241,0.8422533506399253,0.8880673821634367
6,total,16,False,direct,worst_pair,0.3871182433630563,0.3037808855663996,0.47076216379982294
6,total,16,False,direct,new_learning,0.9652405471031834,0.9561899595337351,0.9735187230108192
6,total,16,False,direct,forgetting,0.09962354104845927,0.07927325165910175,0.12090510924821438
6,total,16,False,direct,noise_retention,0.8143797264911647,0.7932182517611291,0.8346665676849263
6,total,16,False,direct,reversal,0.893322281521232,0.8711814200667164,0.9142896397788891
6,total,16,False,direct,unchanged,0.715369032776922,0.6698639302195116,0.7588414163499082
6,total,16,False,direct,below_chance,0.09375,0.06640625,0.123046875
6,total,16,False,oracle,retention,0.9869555126710788,0.9849100166214725,0.9886425253557587
6,total,16,False,oracle,worst_pair,0.9293763968777958,0.9068466785141845,0.9476105957408723
6,total,16,False,oracle,new_learning,0.9869555126710788,0.9849100166214725,0.9886425253557587
6,total,16,False,oracle,forgetting,0.0,0.0,0.0
6,total,16,False,oracle,noise_retention,0.9869555126710788,0.9849100166214725,0.9886425253557587
6,total,16,False,oracle,reversal,0.9970392336525531,0.9951911644050562,0.9982962920417132
6,total,16,False,oracle,unchanged,0.9874139233789185,0.984966480499701,0.9896541441333787
6,total,16,False,oracle,below_chance,0.0,0.0,0.0
6,total,16,False,fixed_homeostasis,retention,0.811042626314818,0.7844275381388625,0.8371814135472709
6,total,16,False,fixed_homeostasis,worst_pair,0.1874979168997071,0.11645013787331521,0.26732329730258086
6,total,16,False,fixed_homeostasis,new_learning,0.9620082538267858,0.9532222182765984,0.9700531325627985
6,total,16,False,fixed_homeostasis,forgetting,0.15096562751196768,0.1277966683984311,0.17447355146324986
6,total,16,False,fixed_homeostasis,noise_retention,0.7494344823662118,0.726594450166025,0.7725698614339743
6,total,16,False,fixed_homeostasis,reversal,0.8541283870450747,0.8188931559571034,0.8853078945113694
6,total,16,False,fixed_homeostasis,unchanged,0.6597298460301555,0.6171514198329108,0.7010772009430122
6,total,16,False,fixed_homeostasis,below_chance,0.138671875,0.10546875,0.171875
6,total,16,False,fixed_sham,retention,0.8223977921951959,0.7966940754084939,0.8475926297159064
6,total,16,False,fixed_sham,worst_pair,0.20269312515965363,0.14215626541282103,0.2691569632525822
6,total,16,False,fixed_sham,new_learning,0.9649708181654048,0.958010896211295,0.9714660545128079
6,total,16,False,fixed_sham,forgetting,0.14257302597020882,0.11964740138080998,0.16606170407375778
6,total,16,False,fixed_sham,noise_retention,0.7601658964788622,0.7390314694569892,0.7818325143208258
6,total,16,False,fixed_sham,reversal,0.8516760314858396,0.8194565407332549,0.8827230325524386
6,total,16,False,fixed_sham,unchanged,0.6450747233090811,0.6037937333557941,0.684613112853799
6,total,16,False,fixed_sham,below_chance,0.14322916666666666,0.11263020833333334,0.17447916666666669
2,per_pair,16,True,baseline6,retention,0.7672125071762501,0.7399026125262161,0.7952671854842576
2,per_pair,16,True,baseline6,worst_pair,0.08856808822362956,0.04747594262367091,0.13722337153941114
2,per_pair,16,True,baseline6,new_learning,0.9912742792441576,0.9865188874204939,0.9950308215494957
2,per_pair,16,True,baseline6,forgetting,0.2240617720679074,0.195369533273269,0.2520917252035661
2,per_pair,16,True,baseline6,noise_retention,0.7275154153028474,0.7062132384756314,0.7499493655431971
2,per_pair,16,True,baseline6,reversal,0.786768184983716,0.7498640334466914,0.824604167130793
2,per_pair,16,True,baseline6,unchanged,0.5880492917907103,0.5467451666898361,0.6297421356018431
2,per_pair,16,True,baseline6,below_chance,0.20703125,0.171875,0.244140625
2,per_pair,16,True,ordinary,retention,0.7672125071762501,0.7399026125262161,0.7952671854842576
2,per_pair,16,True,ordinary,worst_pair,0.08856808822362956,0.04747594262367091,0.13722337153941114
2,per_pair,16,True,ordinary,new_learning,0.9912742792441576,0.9865188874204939,0.9950308215494957
2,per_pair,16,True,ordinary,forgetting,0.2240617720679074,0.195369533273269,0.2520917252035661
2,per_pair,16,True,ordinary,noise_retention,0.7275154153028474,0.7062132384756314,0.7499493655431971
2,per_pair,16,True,ordinary,reversal,0.786768184983716,0.7498640334466914,0.824604167130793
2,per_pair,16,True,ordinary,unchanged,0.5880492917907103,0.5467451666898361,0.6297421356018431
2,per_pair,16,True,ordinary,below_chance,0.20703125,0.171875,0.244140625
2,per_pair,16,True,homeostasis,retention,0.7782974100703949,0.752627993320325,0.8041637093703847
2,per_pair,16,True,homeostasis,worst_pair,0.07114746583370489,0.036971379209918484,0.11173999104412136
2,per_pair,16,True,homeostasis,new_learning,0.9924950083648207,0.9884181772505763,0.9956727714712077
2,per_pair,16,True,homeostasis,forgetting,0.21419759829442583,0.1876253422030176,0.24052391703310502
2,per_pair,16,True,homeostasis,noise_retention,0.7363082113030783,0.7144106718489823,0.7590437324583003
2,per_pair,16,True,homeostasis,reversal,0.81069000523563,0.7793238614734925,0.8419791723383034
2,per_pair,16,True,homeostasis,unchanged,0.6239869503067703,0.585314476303487,0.6643255488012956
2,per_pair,16,True,homeostasis,below_chance,0.197265625,0.16796875,0.228515625
2,per_pair,16,True,sham,retention,0.7740062063133994,0.7499614436665051,0.7987245511823524
2,per_pair,16,True,sham,worst_pair,0.06768080507988747,0.03598730679706635,0.10495284913487676
2,per_pair,16,True,sham,new_learning,0.9924429697165362,0.9889839434593114,0.9952524749305687
2,per_pair,16,True,sham,forgetting,0.2184367634031369,0.19366168902573855,0.24250050825196628
2,per_pair,16,True,sham,noise_retention,0.7339217989378957,0.7124379789246936,0.7560377601438556
2,per_pair,16,True,sham,reversal,0.803415433235224,0.773002630761455,0.8333009695368107
2,per_pair,16,True,sham,unchanged,0.5929079196844955,0.5542303890697818,0.6323293898967324
2,per_pair,16,True,sham,below_chance,0.20833333333333331,0.18098958333333331,0.23502604166666669
2,per_pair,16,True,random_ordinary,retention,0.7655519814216898,0.7447325750294972,0.7866241082720673
2,per_pair,16,True,random_ordinary,worst_pair,0.08429186952634085,0.05766367596344841,0.11473018507212314
2,per_pair,16,True,random_ordinary,new_learning,0.9919764515012441,0.9902502987615548,0.9935382702250014
2,per_pair,16,True,random_ordinary,forgetting,0.22642447007955432,0.20526491610980552,0.2475105675682287
2,per_pair,16,True,random_ordinary,noise_retention,0.7230649522869518,0.7057195290266479,0.7407076297398366
2,per_pair,16,True,random_ordinary,reversal,0.792050943751091,0.7593726160508701,0.8247385932173118
2,per_pair,16,True,random_ordinary,unchanged,0.6277983809095047,0.5962124604906067,0.6586581755328075
2,per_pair,16,True,random_ordinary,below_chance,0.220703125,0.193359375,0.248046875
2,per_pair,16,True,random_homeostasis,retention,0.7693379928759861,0.7481483807883922,0.7900247593668507
2,per_pair,16,True,random_homeostasis,worst_pair,0.08295950881512668,0.06013958247059758,0.10777508895981776
2,per_pair,16,True,random_homeostasis,new_learning,0.9928172787295955,0.9914330036556201,0.9941095451875948
2,per_pair,16,True,random_homeostasis,forgetting,0.22347928585360938,0.20272883820595916,0.2448367742924215
2,per_pair,16,True,random_homeostasis,noise_retention,0.7269108030466297,0.7080635501943168,0.7456253336502784
2,per_pair,16,True,random_homeostasis,reversal,0.7889803067655345,0.7630028161949441,0.8168090774703163
2,per_pair,16,True,random_homeostasis,unchanged,0.6198185707678027,0.5842561084474864,0.6536403908764848
2,per_pair,16,True,random_homeostasis,below_chance,0.20247395833333334,0.18033854166666669,0.22591145833333331
2,per_pair,16,True,direct,retention,0.8365312267277341,0.8164887581300356,0.855015175900545
2,per_pair,16,True,direct,worst_pair,0.11760973080935815,0.06987107626988852,0.17424819153910076
2,per_pair,16,True,direct,new_learning,0.9916208328893772,0.9876715273153889,0.9948485480224204
2,per_pair,16,True,direct,forgetting,0.155089606161643,0.13614083422801299,0.17548365578772454
2,per_pair,16,True,direct,noise_retention,0.8053428437938082,0.7882288172539261,0.8216221452189887
2,per_pair,16,True,direct,reversal,0.8378396401298192,0.8053447368732171,0.8698372500821777
2,per_pair,16,True,direct,unchanged,0.6683976596279043,0.6233884476369057,0.7129432866559147
2,per_pair,16,True,direct,below_chance,0.1328125,0.10546875,0.16015625
2,per_pair,16,True,oracle,retention,0.9980538454074368,0.9978456366294345,0.9982546163894437
2,per_pair,16,True,oracle,worst_pair,0.9903928837232574,0.9886520636352508,0.9920340517329972
2,per_pair,16,True,oracle,new_learning,0.9980538454074368,0.9978456366294345,0.9982546163894437
2,per_pair,16,True,oracle,forgetting,0.0,0.0,0.0
2,per_pair,16,True,oracle,noise_retention,0.9980538454074368,0.9978456366294345,0.9982546163894437
2,per_pair,16,True,oracle,reversal,0.9979290869056541,0.9972895124780571,0.9984797659252899
2,per_pair,16,True,oracle,unchanged,0.9980639771174216,0.9977394156496568,0.9983714022180556
2,per_pair,16,True,oracle,below_chance,0.0,0.0,0.0
2,per_pair,16,True,fixed_homeostasis,retention,0.7782974100703949,0.752627993320325,0.8041637093703847
2,per_pair,16,True,fixed_homeostasis,worst_pair,0.07114746583370489,0.036971379209918484,0.11173999104412136
2,per_pair,16,True,fixed_homeostasis,new_learning,0.9924950083648207,0.9884181772505763,0.9956727714712077
2,per_pair,16,True,fixed_homeostasis,forgetting,0.21419759829442583,0.1876253422030176,0.24052391703310502
2,per_pair,16,True,fixed_homeostasis,noise_retention,0.7363082113030783,0.7144106718489823,0.7590437324583003
2,per_pair,16,True,fixed_homeostasis,reversal,0.81069000523563,0.7793238614734925,0.8419791723383034
2,per_pair,16,True,fixed_homeostasis,unchanged,0.6239869503067703,0.585314476303487,0.6643255488012956
2,per_pair,16,True,fixed_homeostasis,below_chance,0.197265625,0.16796875,0.228515625
2,per_pair,16,True,fixed_sham,retention,0.7740062063133994,0.7499614436665051,0.7987245511823524
2,per_pair,16,True,fixed_sham,worst_pair,0.06768080507988747,0.03598730679706635,0.10495284913487676
2,per_pair,16,True,fixed_sham,new_learning,0.9924429697165362,0.9889839434593114,0.9952524749305687
2,per_pair,16,True,fixed_sham,forgetting,0.2184367634031369,0.19366168902573855,0.24250050825196628
2,per_pair,16,True,fixed_sham,noise_retention,0.7339217989378957,0.7124379789246936,0.7560377601438556
2,per_pair,16,True,fixed_sham,reversal,0.803415433235224,0.773002630761455,0.8333009695368107
2,per_pair,16,True,fixed_sham,unchanged,0.5929079196844955,0.5542303890697818,0.6323293898967324
2,per_pair,16,True,fixed_sham,below_chance,0.20833333333333331,0.18098958333333331,0.23502604166666669
6,per_pair,16,True,baseline6,retention,0.7494783338470073,0.7235159419062542,0.7751597932575187
6,per_pair,16,True,baseline6,worst_pair,0.09653436149163264,0.05423256249030694,0.14665359242534595
6,per_pair,16,True,baseline6,new_learning,0.9815521761313123,0.9763849992213264,0.9862266048042444
6,per_pair,16,True,baseline6,forgetting,0.23207384228430494,0.2080489575455789,0.25593362853081664
6,per_pair,16,True,baseline6,noise_retention,0.6986044007049578,0.6794929438144429,0.7175758135782326
6,per_pair,16,True,baseline6,reversal,0.8151379796472021,0.7872467586845526,0.8419770400504473
6,per_pair,16,True,baseline6,unchanged,0.6066769113081414,0.5624041286711262,0.6501275726717332
6,per_pair,16,True,baseline6,below_chance,0.208984375,0.17578125,0.2421875
6,per_pair,16,True,ordinary,retention,0.7494783338470073,0.7235159419062542,0.7751597932575187
6,per_pair,16,True,ordinary,worst_pair,0.09653436149163264,0.05423256249030694,0.14665359242534595
6,per_pair,16,True,ordinary,new_learning,0.9815521761313123,0.9763849992213264,0.9862266048042444
6,per_pair,16,True,ordinary,forgetting,0.23207384228430494,0.2080489575455789,0.25593362853081664
6,per_pair,16,True,ordinary,noise_retention,0.6986044007049578,0.6794929438144429,0.7175758135782326
6,per_pair,16,True,ordinary,reversal,0.8151379796472021,0.7872467586845526,0.8419770400504473
6,per_pair,16,True,ordinary,unchanged,0.6066769113081414,0.5624041286711262,0.6501275726717332
6,per_pair,16,True,ordinary,below_chance,0.208984375,0.17578125,0.2421875
6,per_pair,16,True,homeostasis,retention,0.7471673780037575,0.7245093743564953,0.769509760314412
6,per_pair,16,True,homeostasis,worst_pair,0.061571540549494055,0.033827775890477405,0.09278610697917773
6,per_pair,16,True,homeostasis,new_learning,0.9802201261785504,0.9753303141168777,0.9844731031310322
6,per_pair,16,True,homeostasis,forgetting,0.2330527481747928,0.21134754583434578,0.2551082154970991
6,per_pair,16,True,homeostasis,noise_retention,0.69356482986691,0.6758840644990026,0.7114959423518747
6,per_pair,16,True,homeostasis,reversal,0.8200699760926147,0.7934650815862503,0.8453090784233321
6,per_pair,16,True,homeostasis,unchanged,0.6358991561546945,0.5905439819518472,0.6789847896378589
6,per_pair,16,True,homeostasis,below_chance,0.21484375,0.1875,0.244140625
6,per_pair,16,True,sham,retention,0.74602958345203,0.7219624319166604,0.7700939650000252
6,per_pair,16,True,sham,worst_pair,0.08530817001538338,0.05281725070948353,0.1227981358966581
6,per_pair,16,True,sham,new_learning,0.9811331462366746,0.9767414297719219,0.985278506928325
6,per_pair,16,True,sham,forgetting,0.23510356278464478,0.21223868139908386,0.25799599955889585
6,per_pair,16,True,sham,noise_retention,0.7003560649955818,0.680633523577982,0.7202475373890255
6,per_pair,16,True,sham,reversal,0.8150303651161978,0.787442473618842,0.8420002306386938
6,per_pair,16,True,sham,unchanged,0.6199922330767225,0.5804587313773687,0.6581735612763046
6,per_pair,16,True,sham,below_chance,0.23372395833333331,0.20703125,0.259765625
6,per_pair,16,True,random_ordinary,retention,0.7561653501816199,0.7342699242343596,0.7782184905415006
6,per_pair,16,True,random_ordinary,worst_pair,0.10394515218592723,0.06875869806579395,0.14359243862248036
6,per_pair,16,True,random_ordinary,new_learning,0.9797304145667157,0.9750095654657126,0.9839906082811668
6,per_pair,16,True,random_ordinary,forgetting,0.22356506438509577,0.20258657509216482,0.24460667640358327
6,per_pair,16,True,random_ordinary,noise_retention,0.7013771688071824,0.6832320939290093,0.7198524613432824
6,per_pair,16,True,random_ordinary,reversal,0.8058811858007844,0.7837335844195709,0.8283585627011849
6,per_pair,16,True,random_ordinary,unchanged,0.6417126999129343,0.6059707502464076,0.6751688979023011
6,per_pair,16,True,random_ordinary,below_chance,0.21354166666666666,0.185546875,0.24153645833333331
6,per_pair,16,True,random_homeostasis,retention,0.7464557814607491,0.7218213989110792,0.7704897701549251
6,per_pair,16,True,random_homeostasis,worst_pair,0.10842622504608274,0.07305414087806537,0.14812091945737416
6,per_pair,16,True,random_homeostasis,new_learning,0.9781571728201268,0.9724666746454237,0.9832214256452527
6,per_pair,16,True,random_homeostasis,forgetting,0.23170139135937773,0.2093457184946008,0.25464622632034706
6,per_pair,16,True,random_homeostasis,noise_retention,0.6900961601470232,0.6700739817001868,0.7098757227461071
6,per_pair,16,True,random_homeostasis,reversal,0.8037259623973424,0.7812913302771763,0.8266554441237483
6,per_pair,16,True,random_homeostasis,unchanged,0.6370839978079972,0.6023375712859801,0.6714137591119842
6,per_pair,16,True,random_homeostasis,below_chance,0.22721354166666669,0.19596354166666669,0.2584798177083343
6,per_pair,16,True,direct,retention,0.8219134946000022,0.799420077339413,0.8440652349938308
6,per_pair,16,True,direct,worst_pair,0.193780994637897,0.12925409409492222,0.26476320559519656
6,per_pair,16,True,direct,new_learning,0.9888223832238733,0.9868985323551395,0.9904845204241919
6,per_pair,16,True,direct,forgetting,0.16690888862387113,0.14449293522737044,0.18978717221930996
6,per_pair,16,True,direct,noise_retention,0.7781028637254571,0.7596647580070938,0.7964290303541268
6,per_pair,16,True,direct,reversal,0.8567523177806912,0.830676450288428,0.8824741724002036
6,per_pair,16,True,direct,unchanged,0.6959144441455405,0.6525172746473048,0.7359117167422595
6,per_pair,16,True,direct,below_chance,0.138671875,0.109375,0.16796875
6,per_pair,16,True,oracle,retention,0.9974118501508336,0.9969805839794995,0.9978145909230544
6,per_pair,16,True,oracle,worst_pair,0.98375265291391,0.9792513905706216,0.987953671712161
6,per_pair,16,True,oracle,new_learning,0.9974118501508336,0.9969805839794995,0.9978145909230544
6,per_pair,16,True,oracle,forgetting,0.0,0.0,0.0
6,per_pair,16,True,oracle,noise_retention,0.9974118501508336,0.9969805839794995,0.9978145909230544
6,per_pair,16,True,oracle,reversal,0.9973639759508122,0.9964183472503709,0.9981482003922729
6,per_pair,16,True,oracle,unchanged,0.9975338116375077,0.9969031968701575,0.9980880176222237
6,per_pair,16,True,oracle,below_chance,0.0,0.0,0.0
6,per_pair,16,True,fixed_homeostasis,retention,0.7471673780037575,0.7245093743564953,0.769509760314412
6,per_pair,16,True,fixed_homeostasis,worst_pair,0.061571540549494055,0.033827775890477405,0.09278610697917773
6,per_pair,16,True,fixed_homeostasis,new_learning,0.9802201261785504,0.9753303141168777,0.9844731031310322
6,per_pair,16,True,fixed_homeostasis,forgetting,0.2330527481747928,0.21134754583434578,0.2551082154970991
6,per_pair,16,True,fixed_homeostasis,noise_retention,0.69356482986691,0.6758840644990026,0.7114959423518747
6,per_pair,16,True,fixed_homeostasis,reversal,0.8200699760926147,0.7934650815862503,0.8453090784233321
6,per_pair,16,True,fixed_homeostasis,unchanged,0.6358991561546945,0.5905439819518472,0.6789847896378589
6,per_pair,16,True,fixed_homeostasis,below_chance,0.21484375,0.1875,0.244140625
6,per_pair,16,True,fixed_sham,retention,0.74602958345203,0.7219624319166604,0.7700939650000252
6,per_pair,16,True,fixed_sham,worst_pair,0.08530817001538338,0.05281725070948353,0.1227981358966581
6,per_pair,16,True,fixed_sham,new_learning,0.9811331462366746,0.9767414297719219,0.985278506928325
6,per_pair,16,True,fixed_sham,forgetting,0.23510356278464478,0.21223868139908386,0.25799599955889585
6,per_pair,16,True,fixed_sham,noise_retention,0.7003560649955818,0.680633523577982,0.7202475373890255
6,per_pair,16,True,fixed_sham,reversal,0.8150303651161978,0.787442473618842,0.8420002306386938
6,per_pair,16,True,fixed_sham,unchanged,0.6199922330767225,0.5804587313773687,0.6581735612763046
6,per_pair,16,True,fixed_sham,below_chance,0.23372395833333331,0.20703125,0.259765625
