-0,-0,-0,-0,-0,-0,-0,-0,-0,-0,-0,-0,-0,-0,-0,-0,-0,-0,-0,-0,-0,-0,-0,-0,-0,-0,-0,-0,-0,-0,-0,-0
-0,-0,-0,-0,-0,-0,-0,-0,-0,-0,-0,-0,-0,-0,-0,-0,-0,-0,-0,-0,-0,-0,-0,-0,-0,-0,-0,-0,-0,-0,-0,-0
0.21436633282699086,0.8042573771461371,0.010778714358276235,0.055201416103662561,0.27558846325385133,-0,0.78971894345346683,0.084890209948087894,0.22246105279212985,0.80600437137421588,0.020980487579453991,0.049922016584699011,0.27453141946196424,-0,0.79403232229038645,0.084995322021972464,0.20927052927559125,0.81223573109173863,0.011429828648289725,0.049185128740143559,0.27167584833051101,-0,0.79469802857969352,0.081035085788946748,0.21037241362752374,0.78263934245530298,0.010311978540842775,0.050778746135737546,0.26960844327351396,-0,0.79551526786266846,0.09209200015094364
-0,-0,-0,-0,-0,-0,-0,-0,-0,-0,-0,-0,-0,-0,-0,-0,-0,-0,-0,-0,-0,-0,-0,-0,-0,-0,-0,-0,-0,-0,-0,-0
-0,0.25073679334410404,-0,-0,0.17113970778589305,-0,0.062853166707434946,-0,-0,0.2493840415140966,-0,-0,0.16496762816029778,-0,0.062756000398640335,-0,-0,0.24748808831460153,-0,-0,0.16562382380094973,-0,0.060841685995493791,-0,-0,0.23958283792416848,-0,-0,0.1757093045884677,-0,0.060223565346364832,-0
-0,0.038107183556241819,-0,0.15424620357936564,0.19212324134712139,-0,-0,0.065806106629349409,-0,0.033092954726709006,-0,0.15379234746639664,0.18418718794692604,-0,-0,0.051010513648917885,-0,0.046830567226994836,-0,0.15940775049374417,0.18397123716683916,-0,-0,0.071295296122097368,-0,0.051073009098371841,-0,0.14899551645838463,0.17572570397879111,-0,-0,0.08332441110617532
-0,-0,-0,-0,-0,-0,-0,-0,-0,-0,-0,-0,-0,-0,-0,-0,-0,-0,-0,-0,-0,-0,-0,-0,-0,-0,-0,-0,-0,-0,-0,-0
-0,-0,-0,-0,-0,-0,-0,-0,-0,-0,-0,-0,-0,-0,-0,-0,-0,-0,-0,-0,-0,-0,-0,-0,-0,-0,-0,-0,-0,-0,-0,-0
-0,-0,-0,-0,-0,-0,-0,-0,-0,-0,-0,-0,-0,-0,-0,-0,-0,-0,-0,-0,-0,-0,-0,-0,-0,-0,-0,-0,-0,-0,-0,-0
-0,-0,-0,-0,-0,-0,-0,-0,-0,-0,-0,-0,-0,-0,-0,-0,-0,-0,-0,-0,-0,-0,-0,-0,-0,-0,-0,-0,-0,-0,-0,-0
-0,-0,-0,-0,-0,-0,-0,-0,-0,-0,-0,-0,-0,-0,-0,-0,-0,-0,-0,-0,-0,-0,-0,-0,-0,-0,-0,-0,-0,-0,-0,-0
-0,-0,-0,-0,-0,-0,-0,-0,-0,-0,-0,-0,-0,-0,-0,-0,-0,-0,-0,-0,-0,-0,-0,-0,-0,-0,-0,-0,-0,-0,-0,-0
-0,-0,-0,-0,-0,-0,-0,-0,-0,-0,-0,-0,-0,-0,-0,-0,-0,-0,-0,-0,-0,-0,-0,-0,-0,-0,-0,-0,-0,-0,-0,-0
-0,-0,-0,-0,-0,-0,-0,-0,-0,-0,-0,-0,-0,-0,-0,-0,-0,-0,-0,-0,-0,-0,-0,-0,-0,-0,-0,-0,-0,-0,-0,-0
0.027395370497826615,-0,0.081054225542024599,0.16325162732199289,-0,-0,-0,-0,0.012618527833161683,-0,0.065347437759567931,0.16263781984263595,-0,-0,-0,-0,0.028871284032469816,-0,0.067560151924496756,0.17805224733500222,-0,-0,-0,-0,0.028907447625425246,-0,0.09043601840178439,0.16362781517465075,-0,-0,-0,-0
-0,-0,-0,-0,-0,-0,-0,-0,-0,-0,-0,-0,-0,-0,-0,-0,-0,-0,-0,-0,-0,-0,-0,-0,-0,-0,-0,-0,-0,-0,-0,-0
-0,-0,-0,-0,-0,-0,-0,-0,-0,-0,-0,-0,-0,-0,-0,-0,-0,-0,-0,-0,-0,-0,-0,-0,-0,-0,-0,-0,-0,-0,-0,-0
-0,-0,-0,-0,-0,-0,-0,-0,-0,-0,-0,-0,-0,-0,-0,-0,-0,-0,-0,-0,-0,-0,-0,-0,-0,-0,-0,-0,-0,-0,-0,-0
-0,-0,-0,-0,-0,-0,-0,-0,-0,-0,-0,-0,-0,-0,-0,-0,-0,-0,-0,-0,-0,-0,-0,-0,-0,-0,-0,-0,-0,-0,-0,-0
-0,-0,-0,-0,-0,-0,-0,-0,-0,-0,-0,-0,-0,-0,-0,-0,-0,-0,-0,-0,-0,-0,-0,-0,-0,-0,-0,-0,-0,-0,-0,-0
-0,-0,-0,-0,-0,-0,-0,-0,-0,-0,-0,-0,-0,-0,-0,-0,-0,-0,-0,-0,-0,-0,-0,-0,-0,-0,-0,-0,-0,-0,-0,-0
-0,-0,-0,-0,-0,-0,-0,-0,-0,-0,-0,-0,-0,-0,-0,-0,-0,-0,-0,-0,-0,-0,-0,-0,-0,-0,-0,-0,-0,-0,-0,-0
-0,-0,-0,-0,-0,-0,-0,-0,-0,-0,-0,-0,-0,-0,-0,-0,-0,-0,-0,-0,-0,-0,-0,-0,-0,-0,-0,-0,-0,-0,-0,-0
-0,-0,0.091105362393611611,0.13641040757956774,0.37766372358387823,-0,0.05893122425217804,-0,-0,-0,0.096029376690023163,0.13177590132850073,0.37673409672580238,-0,0.057100814512938684,-0,-0,-0,0.09456208087757427,0.13489783770659242,0.37879070937400333,-0,0.060302714964403599,-0,-0,-0,0.085823959648945236,0.12568582497603401,0.38080572021424569,-0,0.066303754236497037,-0
-0,-0,-0,-0,-0,-0,-0,-0,-0,-0,-0,-0,-0,-0,-0,-0,-0,-0,-0,-0,-0,-0,-0,-0,-0,-0,-0,-0,-0,-0,-0,-0
-0,-0,-0,-0,-0,-0,-0,-0,-0,-0,-0,-0,-0,-0,-0,-0,-0,-0,-0,-0,-0,-0,-0,-0,-0,-0,-0,-0,-0,-0,-0,-0
-0,-0,-0,-0,-0,-0,-0,-0,-0,-0,-0,-0,-0,-0,-0,-0,-0,-0,-0,-0,-0,-0,-0,-0,-0,-0,-0,-0,-0,-0,-0,-0
-0,-0,-0,-0,-0,-0,-0,-0,-0,-0,0.0038609056408955597,-0,-0,-0,-0,-0,-0,-0,-0,-0,-0,-0,-0,-0,-0,-0,-0,-0,-0,-0,-0,-0
-0,0.25960897386624143,-0,-0,-0,-0,0.0025202925846139921,-0,-0,0.27079809480848183,-0,-0,-0,-0,0.0086014394046599971,-0,-0,0.27091768276444445,-0,-0,-0,-0,0.0022804001683773409,-0,-0,0.24755211427163287,-0,-0,-0,-0,-0,-0
-0,0.26632523962470633,-0,-0,0.12703833351489899,-0,-0,-0,-0,0.26875204596485402,-0,-0,0.12168461966945965,-0,-0,-0,-0,0.2548609029973819,-0,-0,0.13059311058440651,-0,-0,-0,-0,0.26341771914105244,-0,-0,0.13435524347289912,-0,-0,-0
-0,-0,-0,-0,-0,-0,-0,-0,-0,-0,-0,-0,-0,-0,-0,-0,-0,-0,-0,-0,-0,-0,-0,-0,-0,-0,-0,-0,-0,-0,-0,-0
-0,-0,-0,-0,-0,-0,-0,-0,-0,-0,-0,-0,-0,-0,-0,-0,-0,-0,-0,-0,-0,-0,-0,-0,-0,-0,-0,-0,-0,-0,-0,-0
-0,-0,-0,-0,-0,-0,-0,-0,-0,-0,-0,-0,-0,-0,-0,-0,-0,-0,-0,-0,-0,-0,-0,-0,-0,-0,-0,-0,-0,-0,-0,-0
-0,-0,-0,-0,-0,-0,-0,-0,-0,-0,-0,-0,-0,-0,-0,-0,-0,-0,-0,-0,-0,-0,-0,-0,-0,-0,-0,-0,-0,-0,-0,-0
0.10268688573261429,-0,-0,0.06121869147892843,0.24362353410057963,-0,-0,-0,0.094296077040867329,-0,-0,0.064304429663652782,0.24536421088065319,-0,-0,-0,0.1136530755686941,-0,-0,0.066682393506209109,0.24327181738609338,-0,-0,-0,0.094515259494604251,0.0041298107805484178,-0,0.057470307196008111,0.24097356439715825,-0,-0,-0
-0,0.024359426944609325,-0,-0,-0,-0,-0,-0,-0,0.02040828162384295,-0,-0,-0,-0,-0,-0,-0,0.020720871905981732,-0,-0,-0,-0,-0,-0,-0,0.022607774046444807,-0,-0,-0,-0,-0,-0
-0,-0,-0,-0,-0,-0,-0,-0,-0,0.0032072807823624108,-0,-0,-0,-0,-0,-0,-0,0.0068607703640352832,-0,-0,-0,-0,-0,-0,-0,-0,-0,-0,-0,-0,-0,-0
0.091186723623757668,-0,-0,-0,-0,-0,-0,0.0032388316421305039,0.090253074089277074,-0,-0,-0,-0,-0,-0,-0,0.10234195712441156,-0,-0,-0,-0,-0,-0,0.0049875204409118622,0.094301746453650026,-0,-0,-0,-0,-0,-0,0.0094040067751430759
0.11214295675928854,0.070063609115291886,0.14520840437461491,0.15234987442237316,0.035486481756015216,-0,0.0071558390271466129,-0,0.10869108124038399,0.072993147818993673,0.13859723623297113,0.15130419850867105,0.035625591236306188,-0,0.010395681089222456,-0,0.10950635897043562,0.070140747280031543,0.14043709341396735,0.16819452050623235,0.031796891634319729,-0,0.0099947633183662277,-0,0.11396220408632403,0.071852010130318278,0.14980621164940264,0.15040274640235354,0.035098354133447869,-0,-0,-0
-0,-0,-0,-0,-0,-0,-0,-0,-0,-0,-0,-0,-0,-0,-0,-0,-0,-0,-0,-0,-0,-0,-0,-0,-0,-0,-0,-0,-0,-0,-0,-0
-0,0.16899809074857308,-0,-0,-0,-0,-0,-0,-0,0.16873627849428022,-0,-0,-0,-0,-0,-0,-0,0.1705212814510649,-0,-0,-0,-0,-0,-0,-0,0.16907917926425958,-0,-0,-0,-0,-0,-0
-0,-0,-0,-0,-0,-0,-0,-0,-0,-0,-0,-0,-0,-0,-0,-0,-0,-0,-0,-0,-0,-0,-0,-0,-0,-0,-0,-0,-0,-0,-0,-0
-0,-0,-0,-0,-0,-0,-0,-0,-0,-0,-0,-0,-0,-0,-0,-0,-0,-0,-0,-0,-0,-0,-0,-0,-0,-0,-0,-0,-0,-0,-0,-0
-0,-0,-0,-0,-0,-0,-0,-0,-0,-0,-0,-0,-0,-0,-0,-0,-0,-0,-0,-0,-0,-0,-0,-0,-0,-0,-0,-0,-0,-0,-0,-0
-0,-0,-0,-0,-0,-0,-0,-0,-0,-0,-0,-0,-0,-0,-0,-0,-0,-0,-0,-0,-0,-0,-0,-0,-0,-0,-0,-0,-0,-0,-0,-0
-0,-0,-0,-0,-0,-0,-0,-0,-0,-0,-0,-0,-0,-0,-0,-0,-0,-0,-0,-0,-0,-0,-0,-0,-0,-0,-0,-0,-0,-0,-0,-0
-0,-0,-0,-0,-0,-0,-0,-0,-0,-0,-0,-0,-0,-0,-0,-0,-0,-0,-0,-0,-0,-0,-0,-0,-0,-0,-0,-0,-0,-0,-0,-0
-0,-0,-0,-0,-0,-0,-0,-0,-0,-0,-0,-0,-0,-0,-0,-0,-0,-0,-0,-0,-0,-0,-0,-0,-0,-0,-0,-0,-0,-0,-0,-0
-0,-0,-0,-0,-0,-0,-0,-0,-0,-0,-0,-0,-0,-0,-0,-0,-0,-0,-0,-0,-0,-0,-0,-0,-0,-0,-0,-0,-0,-0,-0,-0
-0,-0,-0,-0,-0,-0,-0,-0,-0,-0,-0,-0,-0,-0,-0,-0,-0,-0,-0,-0,-0,-0,-0,-0,-0,-0,-0,-0,-0,-0,-0,-0
-0,-0,-0,-0,-0,-0,-0,-0,-0,-0,-0,-0,-0,-0,-0,-0,-0,-0,-0,-0,-0,-0,-0,-0,-0,-0,-0,-0,-0,-0,-0,-0
-0,0.10614834830217788,0.26328519354016672,0.31391005309919107,0.32387117347343747,0.12007511328210498,-0,-0,-0,0.10510644456587567,0.25547272119643455,0.31584905858705636,0.30873403984163333,0.12491566901197199,-0,-0,-0,0.095686565785161909,0.25699432152084506,0.31687932958024911,0.3220309633489446,0.1205276228522498,-0,-0,-0,0.11098673688033459,0.26694628827446198,0.31656210697813209,0.32487890110012974,0.11999736388550498,-0,-0
-0,-0,-0,-0,-0,-0,-0,-0,-0,-0,-0,-0,-0,-0,-0,-0,-0,-0,-0,-0,-0,-0,-0,-0,-0,-0,-0,-0,-0,-0,-0,-0
-0,-0,-0,-0,-0,-0,-0,-0,-0,-0,-0,-0,-0,-0,-0,-0,-0,-0,-0,-0,-0,-0,-0,-0,-0,-0,-0,-0,-0,-0,-0,-0
-0,-0,-0,-0,-0,-0,-0,-0,-0,-0,-0,-0,-0,-0,-0,-0,-0,-0,-0,-0,-0,-0,-0,-0,-0,-0,-0,-0,-0,-0,-0,-0
-0,-0,-0,-0,-0,-0,-0,-0,-0,-0,-0,-0,-0,-0,-0,-0,-0,-0,-0,-0,-0,-0,-0,-0,-0,-0,-0,-0,-0,-0,-0,-0
0.044928397326773388,0.18766439774600965,0.36524083580009531,0.11607626008755954,0.43491373440090569,-0,-0,-0,0.053779655279537146,0.1753812834811051,0.37163516860177992,0.12035030771696729,0.41557315657673949,-0,-0,-0,0.045052797883791046,0.18163073701882709,0.35906793856958324,0.11785933513055463,0.4354809200914001,-0,-0,-0,0.045019298311743207,0.19080365923286505,0.34852052781825538,0.10624478158705356,0.44087044862088431,-0,-0,-0
-0,-0,-0,-0,-0,-0,-0,-0,-0,-0,-0,-0,-0,-0,-0,-0,-0,-0,-0,-0,-0,-0,-0,-0,-0,-0,-0,-0,-0,-0,-0,-0
-0,-0,-0,-0,-0,-0,-0,-0,-0,-0,-0,-0,-0,-0,-0,-0,-0,-0,-0,-0,-0,-0,-0,-0,-0,-0,-0,-0,-0,-0,-0,-0
0.17436520829685442,0.46139378909263001,0.66751903884741248,0.34562741394402408,0.38205912198450753,0.16338560853969489,0.42041991821312924,0.11463531271719868,0.17678298850920571,0.46495067265891127,0.66898595664969385,0.33131335347526741,0.37714075429090144,0.16831082992695515,0.42519463839503563,0.10312833051318834,0.17015176627203499,0.46404732645972602,0.66308090507154693,0.33533326875598601,0.37633320287275968,0.17506527483322382,0.42076572620714275,0.11013207582097279,0.17853884055194966,0.44440097928671363,0.66309722582134856,0.35351519415954513,0.37455714990795602,0.16074184843652947,0.42584406265330443,0.12126619704134628
0.16398213654688903,-0,-0,-0,0.29024085215122436,-0,-0,-0,0.14273968971013715,-0,-0,-0,0.30527327767535689,-0,-0,-0,0.16046099277903939,-0,-0,-0,0.29479712852012935,-0,-0,-0,0.16661784899621404,-0,-0,-0,0.29949175376960419,-0,-0,-0
-0,-0,-0,-0,-0,-0,-0,-0,-0,-0,-0,-0,-0,-0,-0,-0,-0,-0,-0,0.0028056957462315965,-0,-0,-0,-0,-0,-0,-0,-0,-0,-0,-0,-0
-0,-0,-0,-0,-0,-0,-0,-0,-0,-0,-0,-0,-0,-0,-0,-0,-0,-0,-0,-0,-0,-0,-0,-0,-0,-0,-0,-0,-0,-0,-0,-0
-0,-0,-0,-0,-0,-0,-0,-0,-0,-0,-0,-0,-0,-0,-0,-0,-0,-0,-0,-0,-0,-0,-0,-0,-0,-0,-0,-0,-0,-0,-0,-0
-0,-0,-0,-0,-0,-0,-0,-0,-0,-0,-0,-0,-0,-0,-0,-0,-0,-0,-0,-0,-0,-0,-0,-0,-0,-0,-0,-0,-0,-0,-0,-0
-0,-0,-0,-0,-0,-0,-0,-0,-0,-0,-0,-0,-0,-0,-0,-0,-0,-0,-0,-0,-0,-0,-0,-0,-0,-0,-0,-0,-0,-0,-0,-0
-0,-0,-0,-0,-0,-0,-0,-0,-0,-0,-0,-0,-0,-0,-0,-0,-0,-0,-0,-0,-0,-0,-0,-0,-0,-0,-0,-0,-0,-0,-0,-0
-0,0.12020983905202881,-0,-0,-0,-0,0.23332318946548514,-0,-0,0.12363629100064084,-0,-0,-0,-0,0.23876342044974649,-0,-0,0.12503067813693991,-0,-0,-0,-0,0.23586401807502963,-0,-0,0.11474130940701227,-0,-0,-0,-0,0.22825044398274819,-0
-0,0.0076726149915883786,-0,-0,-0,-0,-0,-0,-0,0.0080883645650205813,-0,-0,-0,-0,-0,-0,-0,0.011549889904995862,-0,-0,-0,-0,-0,-0,-0,0.0017321121831392343,-0,-0,-0,-0,-0,-0
-0,-0,-0,-0,-0,-0,-0,-0,-0,-0,-0,-0,-0,-0,-0,-0,-0,-0,-0,-0,-0,-0,-0,-0,-0,-0,-0,-0,-0,-0,-0,-0
-0,-0,-0,-0,-0,-0,-0,-0,-0,-0,-0,-0,-0,-0,-0,-0,-0,-0,-0,-0,-0,-0,-0,-0,-0,-0,-0,-0,-0,-0,-0,-0
-0,-0,-0,-0,-0,-0,-0,-0,-0,-0,-0,-0,-0,-0,-0,-0,-0,-0,-0,-0,-0,-0,-0,-0,-0,-0,-0,-0,-0,-0,-0,-0
-0,-0,-0,-0,-0,-0,-0,-0,-0,-0,-0,-0,-0,-0,-0,-0,-0,-0,-0,-0,-0,-0,-0,-0,-0,-0,-0,-0,-0,-0,-0,-0
-0,-0,-0,-0,-0,-0,-0,-0,-0,-0,-0,-0,-0,-0,-0,-0,-0,-0,-0,-0,-0,-0,-0,-0,-0,-0,-0,-0,-0,-0,-0,-0
-0,-0,-0,-0,-0,-0,-0,-0,-0,-0,-0,-0,-0,-0,-0,-0,-0,-0,-0,-0,-0,-0,-0,-0,-0,-0,-0,-0,-0,-0,-0,-0
-0,-0,-0,-0,-0,-0,-0,-0,-0,-0,-0,-0,-0,-0,-0,-0,-0,-0,-0,-0,-0,-0,-0,-0,-0,-0,-0,-0,-0,-0,-0,-0
-0,-0,-0,-0,-0,-0,-0,-0,-0,-0,-0,-0,-0,-0,-0,-0,-0,-0,-0,-0,-0,-0,-0,-0,-0,-0,-0,-0,-0,-0,-0,-0
-0,-0,-0,-0,-0,-0,-0,-0,-0,-0,-0,-0,-0,-0,-0,-0,-0,-0,-0,-0,-0,-0,-0,-0,-0,-0,-0,-0,-0,-0,-0,-0
-0,-0,-0,-0,-0,-0,-0,-0,-0,-0,-0,-0,-0,-0,-0,-0,-0,-0,-0,-0,-0,-0,-0,-0,-0,-0,-0,-0,-0,-0,-0,-0
-0,-0,-0,-0,0.025481906693872465,-0,-0,-0,-0,-0,-0,-0,0.015191384125766634,-0,-0,-0,-0,-0,-0,-0,0.03197886565381778,-0,-0,-0,-0,-0,-0,-0,0.033096432929283111,-0,-0,-0
-0,-0,-0,-0,-0,-0,-0,-0,-0,-0,-0,-0,-0,-0,-0,-0,-0,-0,-0,-0,-0,-0,-0,-0,-0,-0,-0,-0,-0,-0,-0,-0
0.1604537620466569,0.01417244623392871,0.27920892332589564,0.35194392705666738,0.31164598636968871,-0,-0,-0,0.1584588345048176,0.015902863509803508,0.26799912927251279,0.34639666617657899,0.30221709927869211,-0,-0,-0,0.15384443941629233,0.019856144133164826,0.27116791915351163,0.35535059840037736,0.31347512832482721,-0,-0,-0,0.1579317968541773,0.0064299326383930851,0.27149513854593205,0.35453938222912801,0.31149458873166536,-0,-0,-0
-0,-0,-0,-0,-0,-0,-0,-0,-0,-0,-0,-0,-0,-0,-0,-0,-0,-0,-0,-0,-0,-0,-0,-0,-0,-0,-0,-0,-0,-0,-0,-0
-0,-0,-0,-0,-0,-0,-0,-0,-0,-0,-0,-0,-0,-0,-0,-0,-0,-0,-0,-0,-0,-0,-0,-0,-0,-0,-0,-0,-0,-0,-0,-0
-0,-0,-0,-0,-0,-0,-0,-0,-0,-0,-0,-0,-0,-0,-0,-0,-0,-0,-0,-0,-0,-0,-0,-0,-0,-0,-0,-0,-0,-0,-0,-0
-0,-0,-0,-0,-0,-0,-0,-0,-0,-0,-0,-0,-0,-0,-0,-0,-0,-0,-0,-0,-0,-0,-0,-0,-0,-0,-0,-0,-0,-0,-0,-0
-0,0.05423506298320966,-0,-0,0.15734014183697789,-0,0.11428676843322765,0.10533572497165966,-0,0.057325285396642278,0.021182796283382908,-0,0.15861915928099232,-0,0.10950336297657963,0.10113625314324227,-0,0.060210182977799495,-0,-0,0.15773322670514883,-0,0.10933247816221685,0.10561489142502804,-0,0.043531562559725935,-0,-0,0.16350707862140892,-0,0.11742576274688583,0.09423718880050623
-0,-0,0.09790083120359952,-0,-0,-0,-0,-0,-0,-0,0.094997919692703922,-0,-0,-0,-0,-0,-0,-0,0.098617106466621571,-0,-0,-0,-0,-0,-0,-0,0.095243074070680167,-0,-0,-0,-0,-0
-0,-0,-0,-0,-0,-0,-0,-0,-0,-0,-0,-0,-0,-0,-0,-0,-0,-0,-0,-0,-0,-0,-0,-0,-0,-0,-0,-0,-0,-0,-0,-0
-0,-0,-0,-0,-0,-0,-0,-0,-0,-0,-0,-0,-0,-0,-0,-0,-0,-0,-0,-0,-0,-0,-0,-0,-0,-0,-0,-0,-0,-0,-0,-0
-0,-0,-0,-0,-0,-0,-0,-0,-0,-0,-0,-0,-0,-0,-0,-0,-0,-0,-0,-0,-0,-0,-0,-0,-0,-0,-0,-0,-0,-0,-0,-0
-0,-0,-0,-0,-0,-0,0.040213860100201705,-0,-0,-0,-0,-0,-0,-0,0.045874361382644405,-0,-0,-0,-0,-0,-0,-0,0.040068836045037248,-0,-0,-0,-0,-0,-0,-0,0.033812033462547832,-0
-0,-0,-0,-0,0.2189352817536119,-0,0.071626006641458406,-0,-0,-0,-0,-0,0.22795108323551144,-0,0.065794055665739426,-0,-0,-0,-0,-0,0.22468933166549837,-0,0.072337979750113801,-0,-0,-0,-0,-0,0.23290728451872442,-0,0.075560396390918161,-0
-0,-0,-0,-0,-0,-0,-0,-0,-0,-0,-0,-0,-0,-0,-0,-0,-0,-0,-0,-0,-0,-0,-0,-0,-0,-0,-0,-0,-0,-0,-0,-0
-0,-0,-0,-0,-0,-0,-0,-0,-0,-0,-0,-0,-0,-0,-0,-0,-0,-0,-0,-0,-0,-0,-0,-0,-0,-0,-0,-0,-0,-0,-0,-0
-0,0.16657180188316947,0.0096941145148361531,0.19702256684153122,0.080218603410594586,-0,0.14278182235132594,0.056829215030774496,-0,0.16761974972236626,0.015562436386423911,0.19400487311054379,0.079332066265932963,-0,0.14206878634533748,0.050087417529553514,-0,0.17469588712106399,0.012391755301008934,0.20640172506252666,0.085191615958414638,-0,0.1465433478008237,0.058501354777892818,-0,0.16241960478809112,0.01027493017843396,0.19008819374220196,0.073807609042360639,-0,0.14535433456864752,0.056042247444483939
-0,-0,-0,-0,-0,-0,-0,-0,-0,-0,-0,-0,-0,-0,-0,-0,-0,-0,-0,-0,-0,-0,-0,-0,-0,-0,-0,-0,-0,-0,-0,-0
-0,-0,-0,-0,-0,-0,-0,-0,-0,-0,-0,-0,-0,-0,-0,-0,-0,-0,-0,-0,-0,-0,-0,-0,-0,-0,-0,-0,-0,-0,-0,-0
-0,-0,-0,-0,-0,-0,-0,-0,-0,-0,-0,-0,-0,-0,-0,-0,-0,-0,-0,-0,-0,-0,-0,-0,-0,-0,-0,-0,-0,-0,-0,-0
-0,-0,-0,-0,-0,-0,-0,-0,-0,-0,-0,-0,-0,-0,-0,-0,-0,-0,-0,-0,-0,-0,-0,-0,-0,-0,-0,-0,-0,-0,-0,-0
-0,-0,-0,-0,-0,-0,-0,-0,-0,-0,-0,-0,-0,-0,-0,-0,-0,-0,-0,-0,-0,-0,-0,-0,-0,-0,-0,-0,-0,-0,-0,-0
-0,-0,-0,-0,-0,-0,-0,-0,-0,-0,-0,-0,-0,-0,-0,-0,-0,-0,-0,-0,-0,-0,-0,-0,-0,-0,-0,-0,-0,-0,-0,-0
-0,-0,-0,-0,-0,-0,-0,-0,-0,-0,-0,-0,-0,-0,-0,-0,-0,-0,-0,-0,-0,-0,-0,-0,-0,-0,-0,-0,-0,-0,-0,-0
-0,-0,-0,-0,-0,-0,-0,-0,-0,-0,-0,-0,-0,-0,-0,-0,-0,-0,-0,-0,-0,-0,-0,-0,-0,-0,-0,-0,-0,-0,-0,-0
-0,-0,0.061110700906301607,0.0072022054353896364,-0,-0,-0,0.14625177663701969,-0,-0,0.060379610464471864,0.00051407567050468987,-0,-0,-0,0.13719054602405564,-0,-0,0.060341828382783957,0.012474083211920589,-0,-0,-0,0.15148748722091099,-0,-0,0.065887607144183763,0.0091179902006161811,-0,-0,-0,0.15613692135631177
-0,-0,-0,-0,-0,-0,-0,-0,-0,-0,-0,-0,-0,-0,-0,-0,-0,-0,-0,-0,-0,-0,-0,-0,-0,-0,-0,-0,-0,-0,-0,-0
-0,-0,-0,-0,-0,-0,-0,-0,-0,-0,-0,-0,-0,-0,-0,-0,-0,-0,-0,-0,-0,-0,-0,-0,-0,-0,-0,-0,-0,-0,-0,-0
-0,-0,-0,-0,-0,-0,-0,-0,-0,-0,-0,-0,-0,-0,-0,-0,-0,-0,-0,-0,-0,-0,-0,-0,-0,-0,-0,-0,-0,-0,-0,-0
-0,-0,0.15640239139451231,-0,0.096167825718851477,0.097513551073691501,-0,-0,-0,-0,0.14675638036187919,-0,0.10077664373756556,0.09048278452393646,-0,-0,-0,-0,0.15156569742928733,-0,0.092825575123587564,0.09517047598240444,-0,-0,-0,-0,0.15948428431168279,-0,0.098029649670055716,0.098583159491782632,-0,-0
-0,-0,-0,-0,-0,-0,-0,-0,-0,-0,-0,-0,-0,-0,-0,-0,-0,-0,-0,-0,-0,-0,-0,-0,-0,-0,-0,-0,-0,-0,-0,-0
-0,-0,-0,-0,-0,-0,-0,-0,-0,-0,-0,-0,-0,-0,-0,-0,-0,-0,-0,-0,-0,-0,-0,-0,-0,-0,-0,-0,-0,-0,-0,-0
-0,-0,-0,-0,-0,-0,-0,-0,-0,-0,-0,-0,-0,-0,-0,-0,-0,-0,-0,-0,-0,-0,-0,-0,-0,-0,-0,-0,-0,-0,-0,-0
-0,-0,-0,-0,-0,-0,-0,-0,-0,-0,-0,-0,-0,-0,-0,-0,-0,-0,-0,-0,-0,-0,-0,-0,-0,-0,-0,-0,-0,-0,-0,-0
-0,-0,-0,-0,-0,-0,-0,-0,-0,-0,-0,-0,-0,-0,-0,-0,-0,-0,-0,-0,-0,-0,-0,-0,-0,-0,-0,-0,-0,-0,-0,-0
-0,-0,-0,-0,-0,-0,-0,-0,-0,-0,-0,-0,-0,-0,-0,-0,-0,-0,-0,-0,-0,-0,-0,-0,-0,-0,-0,-0,-0,-0,-0,-0
-0,-0,-0,-0,-0,-0,-0,-0,-0,-0,-0,-0,-0,-0,-0,-0,-0,-0,-0,-0,-0,-0,-0,-0,-0,-0,-0,-0,-0,-0,-0,-0
-0,0.023436943477677063,-0,-0,-0,-0,-0,-0,-0,0.01988987604337317,-0,-0,-0,-0,-0,-0,-0,0.01636698702647248,-0,-0,-0,-0,-0,-0,-0,0.023948152271245651,-0,-0,-0,-0,-0,-0
-0,-0,-0,-0,-0,-0,-0,-0,-0,-0,-0,-0,-0,-0,-0,-0,-0,-0,-0,-0,-0,-0,-0,-0,-0,-0,-0,-0,-0,-0,-0,-0
-0,-0,-0,-0,-0,-0,-0,-0,-0,-0,-0,-0,-0,-0,-0,-0,-0,-0,-0,-0,-0,-0,-0,-0,-0,-0,-0,-0,-0,-0,-0,-0
-0,-0,0.74969915508349538,0.5137522356149673,0.41978173911738875,0.05388058322570393,-0,-0,-0,-0,0.74761692955494052,0.51802714942502159,0.40114594752987176,0.053145091256751077,-0,-0,-0,-0,0.74310937309783254,0.51267066348101042,0.41649645155761666,0.058645228489897887,-0,-0,-0,-0,0.74142235277179047,0.50336747961288875,0.41439813272297849,0.057036703351891323,-0,-0
-0,0.2426308047731979,0.17900548447751746,-0,0.34353428825051247,-0,0.16454294629793162,-0,-0,0.2301087363783744,0.19470078241646521,-0,0.33459899791485498,-0,0.16349664302710026,-0,-0,0.23965150106877245,0.17664126303611155,-0,0.33998673064664059,-0,0.16231753630448884,-0,-0,0.24073086057790172,0.16883732194214612,-0,0.3505300867636203,-0,0.16798144433723666,-0
0.014061492829933591,0.051236949623289195,-0,0.095886819420893402,0.51378442064675456,0.077088474358615211,0.17678053540127026,-0,0.0053178453488349781,0.051209752021315981,-0,0.094476320786113982,0.5264731121492966,0.07278599484856238,0.17032757308104993,-0,0.015933899243288082,0.064513458284815139,-0,0.08610508657713753,0.51539622398509188,0.066318067853239959,0.17960849333363071,-0,0.018096210627466292,0.041204646537074924,-0,0.093544674352762133,0.51708596010602215,0.079496650518613002,0.18173754126312905,-0
-0,-0,-0,-0,-0,-0,-0,-0,-0,-0,-0,-0,-0,-0,-0,-0,-0,-0,-0,-0,-0,-0,-0,-0,-0,-0,-0,-0,-0,-0,-0,-0
-0,-0,-0,-0,-0,-0,-0,-0,-0,-0,-0,-0,-0,-0,-0,-0,-0,-0,-0,-0,-0,-0,-0,-0,-0,-0,-0,-0,-0,-0,-0,-0
-0,-0,-0,-0,-0,-0,-0,-0,-0,-0,-0,-0,-0,-0,-0,-0,-0,-0,-0,-0,-0,-0,-0,-0,-0,-0,-0,-0,-0,-0,-0,-0
0.10346632422721994,0.28583866689917081,0.064333558230452489,0.35713060291385168,0.090280565725944853,0.25246177948016235,0.43801772871578831,0.13588399890874783,0.10277370998559575,0.29444272543276728,0.061273430420198213,0.35680629771236205,0.092791562071030023,0.25059073345455979,0.44013664800652913,0.12716083545267803,0.10487162387292635,0.28673199313285469,0.065068276939260455,0.36742064436652927,0.094583690496866976,0.25270722639682935,0.4459873520842888,0.13897467369351654,0.10835855904129033,0.27680042692575535,0.074651568312936359,0.35939769138254951,0.091430463628487613,0.25225835437444061,0.43234704049644446,0.13664531655731141
-0,-0,-0,-0,-0,-0,-0,-0,-0,-0,-0,-0,-0,-0,-0,-0,-0,-0,-0,-0,-0,-0,-0,-0,-0,-0,-0,-0,-0,-0,-0,-0
-0,-0,-0,-0,-0,-0,-0,-0,-0,-0,-0,-0,-0,-0,-0,-0,-0,-0,-0,-0,-0,-0,-0,-0,-0,-0,-0,-0,-0,-0,-0,-0
0.05798322628362345,0.63099652091148695,0.18851024452890336,0.29478118059421182,0.30013714522615909,0.12244796951402122,0.67268005103563511,0.31284600404993818,0.063002143089740018,0.63202013660689593,0.18821469110778705,0.28406069508201981,0.2890485957501947,0.12819011745999581,0.67958930521742289,0.30612990651065719,0.057800621384834473,0.64161313229545858,0.18747438501551358,0.28822692978219233,0.30033885866984639,0.13438247124745789,0.66933244586213281,0.30523379756594299,0.06419907823250165,0.61390791183596694,0.1801519859647718,0.29548011990911621,0.29197095597011086,0.11769401231149376,0.67529555395397978,0.3170266318214956
-0,-0,-0,-0,-0,-0,-0,-0,-0,-0,-0,-0,-0,-0,-0,-0,-0,-0,-0,-0,-0,-0,-0,-0,-0,-0,-0,-0,-0,-0,-0,-0
-0,0.63458885669468557,-0,0.0071694414033840999,0.097495363374895047,-0,0.3361608290243987,-0,-0,0.6404366005602925,-0,0.00123086523748039,0.093803737493188447,-0,0.33801847915516742,-0,-0,0.64466363375921643,-0,0.012669825695386164,0.1057067088133611,-0,0.33755764429074808,-0,-0,0.61713633532770973,-0,0.0068597027183400191,0.097350570826075941,-0,0.34676114180078355,-0
-0,-0,-0,0.07925719820272166,-0,-0,-0,-0,-0,-0,-0,0.084462673410807237,-0,-0,-0,-0,-0,-0,-0,0.10066496547277484,-0,-0,-0,-0,-0,-0,-0,0.065478981087822616,-0,-0,-0,-0
-0,-0,-0,-0,-0,-0,-0,-0,-0,-0,-0,-0,-0,-0,-0,-0,-0,-0,-0,-0,-0,-0,-0,-0,-0,-0,-0,-0,-0,-0,-0,-0
-0,-0,-0,-0,-0,-0,-0,-0,-0,-0,-0,-0,-0,-0,-0,-0,-0,-0,-0,-0,-0,-0,-0,-0,-0,-0,-0,-0,-0,-0,-0,-0
-0,-0,-0,-0,-0,-0,-0,-0,-0,-0,-0,-0,-0,-0,-0,-0,-0,-0,-0,-0,-0,-0,-0,-0,-0,-0,-0,-0,-0,-0,-0,-0
-0,-0,-0,-0,-0,-0,-0,-0,-0,-0,-0,-0,-0,-0,-0,-0,-0,-0,-0,-0,-0,-0,-0,-0,-0,-0,-0,-0,-0,-0,-0,-0
-0,-0,-0,-0,-0,-0,-0,-0,-0,-0,-0,-0,-0,-0,-0,-0,-0,-0,-0,-0,-0,-0,-0,-0,-0,-0,-0,-0,-0,-0,-0,-0
0.040262825939968085,-0,-0,-0,-0,-0,-0,-0,0.030869578093463121,-0,-0,-0,-0,-0,-0,-0,0.045818292957015332,-0,-0,-0,-0,-0,-0,-0,0.042528856784899823,-0,-0,-0,-0,-0,-0,-0
-0,-0,-0,-0,-0,-0,-0,-0,-0,-0,-0,-0,-0,-0,-0,-0,-0,-0,-0,-0,-0,-0,-0,-0,-0,-0,-0,-0,-0,-0,-0,-0
-0,-0,-0,-0,-0,-0,-0,-0,-0,-0,-0,-0,-0,-0,-0,-0,-0,-0,-0,-0,-0,-0,-0,-0,-0,-0,-0,-0,-0,-0,-0,-0
-0,0.30937673848610697,-0,-0,-0,-0,-0,-0,-0,0.31441588640367901,-0,-0,-0,-0,-0,-0,-0,0.30147824242360782,-0,-0,-0,-0,-0,-0,-0,0.30089256991364793,-0,-0,-0,-0,-0,-0
-0,-0,-0,-0,-0,-0,-0,-0,-0,-0,-0,-0,-0,-0,-0,-0,-0,-0,-0,-0,-0,-0,-0,-0,-0,-0,-0,-0,-0,-0,-0,-0
-0,-0,-0,-0,-0,-0,-0,-0,-0,-0,-0,-0,-0,-0,-0,-0,-0,-0,-0,-0,-0,-0,-0,-0,-0,-0,-0,-0,-0,-0,-0,-0
-0,-0,-0,-0,-0,-0,-0,-0,-0,-0,-0,-0,-0,-0,-0,-0,-0,-0,-0,-0,-0,-0,-0,-0,-0,-0,-0,-0,-0,-0,-0,-0
-0,0.32362072884467807,0.19378058719270028,-0,0.035480638030562395,-0,-0,-0,-0,0.32719829984061566,0.18817463760895634,-0,0.031781506599723112,-0,-0,-0,-0,0.32124334837628921,0.19134373300829791,-0,0.030594675662490078,-0,-0,-0,-0,0.31883449067861369,0.2011915009974248,-0,0.037637641527269686,-0,-0,-0
-0,-0,-0,-0,-0,-0,-0,-0,-0,-0,-0,-0,-0,-0,-0,-0,-0,-0,-0,-0,-0,-0,-0,-0,-0,-0,-0,-0,-0,-0,-0,-0
-0,-0,-0,-0,-0,-0,-0,-0,-0,-0,-0,-0,-0,-0,-0,-0,-0,-0,-0,-0,-0,-0,-0,-0,-0,-0,-0,-0,-0,-0,-0,-0
-0,-0,-0,-0,-0,-0,-0,-0,-0,-0,-0,-0,-0,-0,-0,-0,-0,-0,-0,-0,-0,-0,-0,-0,-0,-0,-0,-0,-0,-0,-0,-0
-0,-0,-0,0.024439949113111981,0.0081963086101457579,-0,0.035946589329898443,-0,-0,-0,-0,0.02968537712315731,0.0023781042816994409,-0,0.034570889699052448,-0,-0,-0,-0,0.018533729276070932,0.011359607061092642,-0,0.034291245958706244,-0,-0,-0,-0,0.016029011614259663,0.019437614339394373,-0,0.021453401915561676,-0
-0,-0,0.29436105797886075,0.12406104652414131,0.13961754495985812,-0,0.012077063653704504,0.14303818343685099,-0,-0,0.29387757916414348,0.1138752075024262,0.13653072728491586,-0,0.014799793865690384,0.12913450999560988,-0,-0,0.29119146398567153,0.12933131655274485,0.12932452744965414,-0,0.011522117632575386,0.14929800406248836,-0,-0,0.29870377305513096,0.1285857052531777,0.12986892889368135,-0,0.01428310928976291,0.15522713449718739
-0,-0,-0,-0,-0,-0,-0,-0,-0,-0,-0,-0,-0,-0,-0,-0,-0,-0,-0,-0,-0,-0,-0,-0,-0,-0,-0,-0,-0,-0,-0,-0
-0,-0,-0,-0,-0,-0,0.010203315030001677,-0,-0,-0,-0,-0,-0,-0,0.011101713675007239,-0,-0,-0,-0,-0,-0,-0,0.012529240857286079,-0,-0,-0,-0,-0,-0,-0,0.014905959937677045,-0
-0,-0,-0,-0,-0,-0,-0,-0,-0,-0,-0,-0,-0,-0,-0,-0,-0,-0,-0,-0,-0,-0,-0,-0,-0,-0,-0,-0,-0,-0,-0,-0
-0,0.23685422560486008,0.23022274638997259,0.25250142820509047,0.34053064122797427,-0,0.50449424748584992,0.20838463435629975,-0,0.23076033377744529,0.23551084108563425,0.23722750994620831,0.33239435055077465,-0,0.51151135553198601,0.20032486925725848,-0,0.23953528057948204,0.22863646895947806,0.26142678785648754,0.32475376657098115,-0,0.50355959420659535,0.21583034507580248,-0,0.22475955610052067,0.23189905838923275,0.24592421898994934,0.32990202372385485,-0,0.50767218644953338,0.22528258689047917
-0,0.010522976139186898,-0,-0,-0,-0,-0,-0,-0,0.0094597427399491611,-0,-0,-0,-0,-0,-0,-0,-0,-0,-0,-0,-0,-0,-0,-0,0.0066985060422560683,-0,-0,-0,-0,-0,-0
-0,-0,-0,-0,0.023775969146086762,-0,-0,-0,-0,-0,-0,-0,0.01941024556766386,-0,-0,-0,-0,-0,-0,-0,0.025873563868830596,-0,-0,-0,-0,-0,-0,-0,0.023208330364391832,-0,-0,-0
-0,-0,-0,-0,-0,-0,-0,-0,-0,-0,-0,-0,-0,-0,-0,-0,-0,-0,-0,-0,-0,-0,-0,-0,-0,-0,-0,-0,-0,-0,-0,-0
-0,-0,-0,-0,-0,-0,-0,-0,-0,-0,-0,-0,-0,-0,-0,-0,-0,-0,-0,-0,-0,-0,-0,-0,-0,-0,-0,-0,-0,-0,-0,-0
-0,-0,-0,-0,-0,-0,-0,-0,-0,-0,-0,-0,-0,-0,-0,-0,-0,-0,-0,-0,-0,-0,-0,-0,-0,-0,-0,-0,-0,-0,-0,-0
-0,-0,-0,-0,-0,-0,-0,-0,-0,-0,-0,-0,-0,-0,-0,-0,-0,-0,-0,-0,-0,-0,-0,-0,-0,-0,-0,-0,-0,-0,-0,-0
-0,-0,-0,-0,-0,-0,-0,-0,-0,-0,-0,-0,-0,-0,-0,-0,-0,-0,-0,-0,-0,-0,-0,-0,-0,-0,-0,-0,-0,-0,-0,-0
0.020036672688310598,0.011560866372753361,-0,-0,0.11588584190601921,0.34218734096456532,-0,-0,0.0091221225995176802,0.011759197519161779,-0,-0,0.12011073127561209,0.33411064655580558,-0,-0,0.014631767887084856,0.021635909708933986,-0,-0,0.11481618110022654,0.34029426223323528,-0,-0,0.01853668159416965,0.014919484484747406,-0,-0,0.11154379545173647,0.34241645463794501,-0,-0
-0,-0,-0,-0,-0,-0,-0,-0,-0,-0,-0,-0,-0,-0,-0,-0,-0,-0,-0,-0,-0,-0,-0,-0,-0,-0,-0,-0,-0,-0,-0,-0
0.25454350461046543,-0,-0,-0,-0,0.025375572818414203,-0,-0,0.25204761610930393,-0,-0,-0,-0,0.028312846141819895,-0,-0,0.24118306570773612,-0,-0,-0,-0,0.022013823730412798,-0,-0,0.25003634875834302,-0,-0,-0,-0,0.032278568992662487,-0,-0
-0,-0,-0,-0,-0,0.11549679540205762,-0,-0,-0,-0,-0,-0,-0,0.1096900585586042,-0,-0,-0,-0,-0,-0,-0,0.11704888855643161,-0,-0,-0,-0,-0,-0,-0,0.11959630894086933,-0,-0
-0,-0,-0,-0,-0,-0,-0,-0,-0,-0,-0,-0,-0,-0,-0,-0,-0,-0,-0,-0,-0,-0,-0,-0,-0,-0,-0,-0,-0,-0,-0,-0
-0,-0,-0,-0,-0,-0,-0,-0,-0,-0,-0,-0,-0,-0,-0,-0,-0,-0,-0,-0,-0,-0,-0,-0,-0,-0,-0,-0,-0,-0,-0,-0
-0,-0,-0,-0,-0,-0,-0,-0,-0,-0,-0,-0,-0,-0,-0,-0,-0,-0,-0,-0,-0,-0,-0,-0,-0,-0,-0,-0,-0,-0,-0,-0
-0,-0,-0,-0,-0,-0,-0,-0,-0,-0,-0,-0,-0,-0,-0,-0,-0,-0,-0,-0,-0,-0,-0,-0,-0,-0,-0,-0,-0,-0,-0,-0
-0,-0,-0,-0,-0,-0,-0,-0,-0,-0,-0,-0,-0,-0,-0,-0,-0,-0,-0,-0,-0,-0,-0,-0,-0,-0,-0,-0,-0,-0,-0,-0
-0,-0,-0,-0,-0,-0,-0,-0,-0,-0,-0,-0,-0,-0,-0,-0,-0,-0,-0,-0,-0,-0,-0,-0,-0,-0,-0,-0,-0,-0,-0,-0
-0,-0,-0,-0,-0,-0,-0,-0,-0,-0,-0,-0,-0,-0,-0,-0,-0,-0,-0,-0,-0,-0,-0,-0,-0,-0,-0,-0,-0,-0,-0,-0
-0,-0,-0,-0,-0,-0,-0,-0,-0,-0,-0,-0,-0,-0,-0,-0,-0,-0,-0,-0,-0,-0,-0,-0,-0,-0,-0,-0,-0,-0,-0,-0
-0,-0,0.35334606907704591,0.17707942564211157,0.24651717332423345,0.24619432400390237,-0,-0,-0,-0,0.34392577045089245,0.18181147427306385,0.23735224296947849,0.23680302005999768,-0,-0,-0,-0,0.34703262491936276,0.17533467045391127,0.24145533703865568,0.25090303450401163,-0,-0,-0,-0,0.35618902661424989,0.18411294214989674,0.24404641591088561,0.25347287455308393,-0,-0
-0,-0,-0,-0,-0,-0,-0,-0,-0,-0,-0,-0,-0,-0,-0,-0,-0,-0,-0,-0,-0,-0,-0,-0,-0,-0,-0,-0,-0,-0,-0,-0
-0,-0,-0,0.0075700202233485551,-0,-0,-0,-0,-0,-0,-0,0.013205771130242945,-0,-0,-0,-0,-0,-0,-0,0.021816197406314075,-0,-0,-0,-0,-0,-0,-0,0.0054622633811116719,-0,-0,-0,-0
-0,-0,-0,-0,-0,-0,-0,-0,-0,-0,-0,-0,-0,-0,-0,-0,-0,-0,-0,-0,-0,-0,-0,-0,-0,-0,-0,-0,-0,-0,-0,-0
-0,-0,-0,-0,-0,-0,-0,-0,-0,-0,-0,-0,-0,-0,-0,-0,-0,-0,-0,-0,-0,-0,-0,-0,-0,-0,-0,-0,-0,-0,-0,-0
-0,-0,-0,-0,-0,-0,-0,-0,-0,-0,-0,-0,-0,-0,-0,-0,-0,-0,-0,-0,-0,-0,-0,-0,-0,-0,-0,-0,-0,-0,-0,-0
-0,-0,-0,-0,-0,-0,-0,-0,-0,-0,-0,-0,-0,-0,-0,-0,-0,-0,-0,-0,-0,-0,-0,-0,-0,-0,-0,-0,-0,-0,-0,-0
-0,-0,-0,-0,-0,-0,-0,-0,-0,-0,-0,-0,-0,-0,-0,-0,-0,-0,-0,-0,-0,-0,-0,-0,-0,-0,-0,-0,-0,-0,-0,-0
-0,-0,-0,-0,-0,-0,-0,-0,-0,-0,-0,-0,-0,-0,-0,-0,-0,-0,-0,-0,-0,-0,-0,-0,-0,-0,-0,-0,-0,-0,-0,-0
-0,-0,-0,-0,-0,-0,-0,-0,-0,-0,-0,-0,-0,-0,-0,-0,-0,-0,-0,-0,-0,-0,-0,-0,-0,-0,-0,-0,-0,-0,-0,-0
-0,-0,-0,-0,-0,-0,-0,-0,-0,-0,-0,-0,-0,-0,-0,-0,-0,-0,-0,-0,-0,-0,-0,-0,-0,-0,-0,-0,-0,-0,-0,-0
-0,-0,-0,-0,-0,-0,-0,-0,-0,-0,-0,-0,-0,-0,-0,-0,-0,-0,-0,-0,-0,-0,-0,-0,-0,-0,-0,-0,-0,-0,-0,-0
-0,-0,-0,0.15002755788994604,0.10718699856119968,-0,-0,-0,-0,-0,-0,0.1503974202397004,0.10996907440642043,-0,-0,-0,-0,-0,-0,0.15411317451247569,0.11358891756648738,-0,-0,-0,-0,-0,-0,0.15079275306752821,0.11704694583028005,-0,-0,-0
-0,-0,-0,-0,-0,-0,-0,-0,-0,-0,-0,-0,-0,-0,-0,-0,-0,-0,-0,-0,-0,-0,-0,-0,-0,-0,-0,-0,-0,-0,-0,-0
-0,-0,-0,-0,-0,-0,-0,-0,-0,-0,-0,-0,-0,-0,-0,-0,-0,-0,-0,-0,-0,-0,-0,-0,-0,-0,-0,-0,-0,-0,-0,-0
-0,-0,-0,-0,-0,-0,-0,-0,-0,-0,-0,-0,-0,-0,-0,-0,-0,-0,-0,-0,-0,-0,-0,-0,-0,-0,-0,-0,-0,-0,-0,-0
-0,-0,-0,-0,-0,-0,-0,-0,-0,-0,-0,-0,-0,-0,-0,-0,-0,-0,-0,-0,-0,-0,-0,-0,-0,-0,-0,-0,-0,-0,-0,-0
-0,-0,0.020698051374356135,-0,-0,-0,-0,-0,-0,-0,0.018033009970877027,-0,-0,-0,-0,-0,-0,-0,0.015621902041726627,-0,-0,-0,-0,-0,-0,-0,0.017102007620935885,-0,-0,-0,-0,-0
-0,-0,-0,-0,-0,-0,-0,-0,-0,-0,-0,-0,-0,-0,-0,-0,-0,-0,-0,-0,-0,-0,-0,-0,-0,-0,-0,-0,-0,-0,-0,-0
-0,-0,-0,-0,-0,-0,-0,-0,-0,-0,-0,-0,-0,-0,-0,-0,-0,-0,-0,-0,-0,-0,-0,-0,-0,-0,-0,-0,-0,-0,-0,-0
-0,0.43228105310861054,-0,-0,0.15263892766567083,-0,0.49889048121544921,-0,-0,0.43371028762553115,-0,-0,0.15081540532453103,-0,0.50329488596900263,-0,-0,0.44418738682966818,-0,-0,0.14789662775612669,-0,0.49650123297130067,-0,-0,0.42165731258624378,-0,-0,0.15503630360701329,-0,0.49212663251360378,-0
0.021325913551979218,-0,-0,-0,-0,-0,-0,-0,0.0065044762298209977,-0,-0,-0,-0,-0,-0,-0,0.02666472834999304,-0,-0,-0,-0,-0,-0,-0,0.019660235062480703,-0,-0,-0,-0,-0,-0,-0
-0,-0,-0,-0,-0,-0,-0,-0,-0,-0,-0,-0,-0,-0,-0,-0,-0,-0,-0,-0,-0,-0,-0,-0,-0,-0,-0,-0,-0,-0,-0,-0
0.020494012011037795,0.0070674707826388237,-0,-0,-0,-0,-0,-0,0.016317341448850681,0.011338263975712573,-0,-0,-0,-0,-0,-0,0.034286678659659155,0.0083691528573941656,-0,-0,-0,-0,-0,-0,0.01305118238581866,0.014238637413379707,-0,-0,-0,-0,-0,-0
-0,-0,-0,-0,-0,-0,-0,-0,-0,-0,-0,-0,-0,-0,-0,-0,-0,-0,-0,-0,-0,-0,-0,-0,-0,-0,-0,-0,-0,-0,-0,-0
-0,-0,-0,-0,-0,-0,-0,-0,-0,-0,-0,-0,-0,-0,-0,-0,-0,-0,-0,-0,-0,-0,-0,-0,-0,-0,-0,-0,-0,-0,-0,-0
-0,-0,-0,0.059459138160231698,-0,-0,-0,-0,-0,-0,-0,0.059166669507859024,-0,-0,-0,-0,-0,-0,-0,0.055537158943470451,-0,-0,-0,-0,-0,-0,-0,0.062123452495985762,-0,-0,-0,-0
-0,-0,-0,-0,-0,-0,-0,-0,-0,-0,-0,-0,-0,-0,-0,-0,-0,-0,-0,-0,-0,-0,-0,-0,-0,-0,-0,-0,-0,-0,-0,-0
-0,-0,-0,-0,-0,-0,-0,-0,-0,-0,-0,-0,-0,-0,-0,-0,-0,-0,-0,-0,-0,-0,-0,-0,-0,-0,-0,-0,-0,-0,-0,-0
0.13079799060812825,0.34758463709890736,0.47496127485817835,0.35987266783897515,0.30817196937488517,-0,0.1128956345157993,-0,0.13885502468789895,0.34291451784909383,0.47132067489615248,0.3552846572751609,0.29635081245578393,-0,0.11565322878527026,-0,0.12564105955118909,0.35157531789660901,0.47372225265800716,0.36211388888591972,0.30805178074144801,-0,0.11303836225121125,-0,0.12788576939231217,0.34361012269113472,0.46295608419688211,0.3519234234066751,0.30083305166601415,-0,0.1223982666012649,-0
-0,-0,-0,0.24042043446497097,0.20849923963066444,0.072348072870659363,-0,-0,-0,-0,-0,0.2460739761786849,0.19566218389698953,0.077689606663938454,-0,-0,-0,-0,-0,0.2338806608709863,0.2083398687537695,0.080213460634858888,-0,-0,-0,-0,-0,0.24327573070542446,0.20609957092425696,0.070254064880586345,-0,-0
-0,-0,-0,-0,-0,-0,-0,-0,-0,-0,-0,-0,-0,-0,-0,-0,-0,-0,-0,-0,-0,-0,-0,-0,-0,-0,-0,-0,-0,-0,-0,-0
-0,0.16027923351091422,-0,-0,-0,-0,-0,-0,-0,0.16275633197693687,-0,-0,-0,-0,-0,-0,-0,0.16707537416211474,-0,-0,-0,-0,-0,-0,-0,0.15488193288480495,-0,-0,-0,-0,-0,-0
-0,-0,-0,-0,-0,-0,-0,0.068189508107317304,-0,-0,-0,-0,-0,-0,-0,0.068850221630820149,-0,-0,-0,-0,-0,-0,-0,0.072152467468886067,-0,-0,-0,-0,-0,-0,-0,0.0619907664885017
-0,-0,-0,-0,-0,-0,-0,-0,-0,-0,-0,-0,-0,-0,-0,-0,-0,-0,-0,-0,-0,-0,-0,-0,-0,-0,-0,-0,-0,-0,-0,-0
-0,-0,-0,-0,-0,-0,-0,-0,-0,-0,-0,-0,-0,-0,-0,-0,-0,-0,-0,-0,-0,-0,-0,-0,-0,-0,-0,-0,-0,-0,-0,-0
-0,-0,-0,-0,-0,-0,-0,-0,-0,-0,-0,-0,-0,-0,-0,-0,-0,-0,-0,-0,-0,-0,-0,-0,-0,-0,-0,-0,-0,-0,-0,-0
-0,-0,-0,-0,-0,-0,-0,-0,-0,-0,-0,-0,-0,-0,-0,-0,-0,-0,-0,-0,-0,-0,-0,-0,-0,-0,-0,-0,-0,-0,-0,-0
-0,0.17578552897615715,0.10050557453975459,-0,-0,0.21747306056885707,-0,-0,-0,0.17601180563888283,0.094222064272128744,-0,-0,0.20830995983551767,-0,-0,-0,0.16701400733662705,0.099347628189356982,-0,-0,0.21818236148799561,-0,-0,-0,0.17833787580836646,0.10171894336143267,-0,0.0023706025605033368,0.224123401059623,-0,-0
-0,-0,0.034499235731399076,0.07898597513784282,0.023294592097876668,-0,-0,-0,-0,-0,0.024281659779723491,0.088104729906587895,0.023500028128998911,-0,-0,-0,-0,-0,0.020859264013562522,0.086446211224114569,0.015185800093627053,-0,-0,-0,-0,-0,0.033041861628666652,0.058948522462459442,0.021791705547646718,-0,-0,-0
-0,-0,-0,-0,-0,-0,-0,-0,-0,-0,-0,-0,-0,-0,-0,-0,-0,-0,-0,-0,-0,-0,-0,-0,-0,-0,-0,-0,-0,-0,-0,-0
-0,-0,-0,-0,-0,-0,-0,-0,-0,-0,-0,-0,-0,-0,-0,-0,-0,-0,-0,-0,-0,-0,-0,-0,-0,-0,-0,-0,-0,-0,-0,-0
-0,-0,-0,-0,-0,-0,-0,-0,-0,-0,-0,-0,-0,-0,-0,-0,-0,-0,-0,-0,-0,-0,-0,-0,-0,-0,-0,-0,-0,-0,-0,-0
-0,-0,-0,-0,-0,-0,-0,-0,-0,-0,-0,-0,-0,-0,-0,-0,-0,-0,-0,-0,-0,-0,-0,-0,-0,-0,-0,-0,-0,-0,-0,-0
-0,0.22851905123356264,-0,-0,-0,-0,-0,0.056225124760775208,-0,0.23068513858997888,-0,-0,-0,-0,-0,0.042347713116900387,-0,0.23456918417610942,-0,-0,-0,-0,-0,0.061814121843184099,-0,0.22702647536013684,-0,-0,-0,-0,-0,0.066033292844342825
-0,-0,-0,-0,-0,-0,-0,-0,-0,-0,-0,-0,-0,-0,-0,-0,-0,-0,-0,-0,-0,-0,-0,-0,-0,-0,-0,-0,-0,-0,-0,-0
-0,-0,-0,-0,-0,-0,-0,-0,-0,-0,-0,-0,-0,-0,-0,-0,-0,-0,-0,-0,-0,-0,-0,-0,-0,-0,-0,-0,-0,-0,-0,-0
-0,-0,-0,-0,-0,-0,-0,-0,-0,-0,-0,-0,-0,-0,-0,-0,-0,-0,-0,-0,-0,-0,-0,-0,-0,-0,-0,-0,-0,-0,-0,-0
-0,-0,-0,-0,-0,-0,-0,-0,-0,-0,-0,-0,-0,-0,-0,-0,-0,-0,-0,-0,-0,-0,-0,-0,-0,-0,-0,-0,-0,-0,-0,-0
-0,-0,-0,-0,-0,-0,-0,-0,-0,-0,-0,-0,-0,-0,-0,-0,-0,-0,-0,-0,-0,-0,-0,-0,-0,-0,-0,-0,-0,-0,-0,-0
-0,-0,-0,-0,-0,-0,-0,-0,-0,-0,-0,-0,-0,-0,-0,-0,-0,-0,-0,-0,-0,-0,-0,-0,-0,-0,-0,-0,-0,-0,-0,-0
-0,-0,-0,-0,-0,-0,-0,-0,-0,-0,-0,-0,-0,-0,-0,-0,-0,-0,-0,-0,-0,-0,-0,-0,-0,-0,-0,-0,-0,-0,-0,-0
-0,-0,-0,-0,-0,-0,-0,-0,-0,-0,-0,-0,-0,-0,-0,-0,-0,-0,-0,-0,-0,-0,-0,-0,-0,-0,-0,-0,-0,-0,-0,-0
-0,-0,-0,-0,-0,-0,-0,-0,-0,-0,-0,-0,-0,-0,-0,-0,-0,-0,-0,-0,-0,-0,-0,-0,-0,-0,-0,-0,-0,-0,-0,-0
-0,0.39278899501393366,-0,0.020133673449076732,0.03765446360964151,-0,0.2009618671777742,-0,-0,0.40013692559680381,-0,0.018679924299137445,0.030925934094262492,-0,0.20535442251575686,-0,-0,0.4061327952981863,-0,0.02910556492640794,0.038344959710229429,-0,0.20428543185646794,-0,-0,0.37334531122288234,-0,0.022613346998767818,0.039418604710122526,-0,0.19749079503133424,-0
-0,-0,-0,-0,-0,-0,-0,-0,-0,-0,-0,-0,-0,-0,-0,-0,-0,-0,-0,-0,-0,-0,-0,-0,-0,-0,-0,-0,-0,-0,-0,-0
-0,-0,-0,-0,-0,-0,-0,-0,-0,-0,-0,-0,-0,-0,-0,-0,-0,-0,-0,-0,-0,-0,-0,-0,-0,-0,-0,-0,-0,-0,-0,-0
-0,0.14450925681112436,-0,0.19844163374558399,-0,0.17312898176049094,0.14203514315445182,-0,-0,0.15536631408369145,-0,0.20229479654832849,-0,0.17422718859858713,0.15036824894866882,-0,-0,0.14818918126370645,-0,0.21604700606436189,0.00074920672048946137,0.17583012366162909,0.14918902177780577,-0,-0,0.13948720269337489,-0,0.20403921507684536,-0,0.18161377774030171,0.13377078290373007,-0
-0,-0,-0,-0,-0,-0,-0,-0,-0,-0,-0,-0,-0,-0,-0,-0,-0,-0,-0,-0,-0,-0,-0,-0,-0,-0,-0,-0,-0,-0,-0,-0
-0,-0,-0,-0,0.034077933514752787,-0,0.35467013773794615,-0,-0,-0,-0,-0,0.0263392764010397,-0,0.36032768523982728,-0,-0,-0,-0,-0,0.033439246469629175,-0,0.35743409916181818,-0,-0,-0,-0,-0,0.025990852140187048,-0,0.3545585396875528,-0
-0,-0,-0,-0,-0,-0,-0,-0,-0,-0,-0,-0,-0,-0,-0,-0,-0,-0,-0,-0,-0,-0,-0,-0,-0,-0,-0,-0,-0,-0,-0,-0
-0,-0,-0,0.0038628485037402074,-0,-0,-0,-0,-0,-0,-0,0.00555245178803143,-0,-0,-0,-0,-0,-0,-0,0.01048813148605862,-0,-0,-0,-0,-0,-0,-0,-0,-0,-0,-0,-0
-0,-0,-0,-0,-0,-0,-0,-0,-0,-0,-0,-0,-0,-0,-0,-0,-0,-0,-0,-0,-0,-0,-0,-0,-0,-0,-0,-0,-0,-0,-0,-0
0.04029002080668858,0.3156305719948776,0.17676157469284107,0.29421552993781791,0.37128278702278134,-0,0.3644595568060649,0.21867880599083644,0.038859941932700606,0.31319158708038486,0.18154561440747224,0.29088370636586852,0.3638044204041318,-0,0.36908280944482585,0.20860546424290766,0.040281090613523175,0.32549681939398462,0.16882361211703509,0.29229688801279152,0.36720157272475262,-0,0.36197349378992055,0.21831604463236629,0.041686513485817998,0.31956564596691045,0.17438813219043781,0.29240343642893141,0.35864472196687552,-0,0.36384639753882397,0.22321907382721856
0.015360196801503986,-0,0.0070610912731490219,0.11636409472836083,-0,0.10674239272124157,-0,-0,0.019077763705706834,-0,0.0019967173820651506,0.11956960933227981,-0,0.10488607001320567,-0,-0,0.010650243940105674,-0,0.0036118513830050072,0.12372247886355554,-0,0.10408158452370454,-0,-0,0.009637123571901135,-0,0.009872790645731374,0.11720613107114528,-0,0.10813227914291432,-0,-0
-0,-0,-0,-0,-0,-0,-0,-0,-0,-0,-0,-0,-0,-0,-0,-0,-0,-0,-0,-0,-0,-0,-0,-0,-0,-0,-0,-0,-0,-0,-0,-0
-0,-0,-0,-0,-0,-0,-0,-0,-0,-0,-0,-0,-0,-0,-0,-0,-0,-0,-0,-0,-0,-0,-0,-0,-0,-0,-0,-0,-0,-0,-0,-0
-0,-0,-0,-0,-0,-0,-0,-0,-0,-0,-0,-0,-0,-0,-0,-0,-0,-0,-0,-0,-0,-0,-0,-0,-0,-0,-0,-0,-0,-0,-0,-0
-0,0.06827185592607804,-0,-0,-0,-0,-0,-0,-0,0.072394465667574251,-0,-0,-0,-0,-0,-0,-0,0.057526570113878135,-0,-0,-0,-0,-0,-0,-0,0.064478534990001474,-0,-0,-0,-0,-0,-0
-0,-0,-0,-0,-0,-0,-0,-0,-0,-0,-0,-0,-0,-0,-0,-0,-0,-0,-0,-0,-0,-0,-0,-0,-0,-0,-0,-0,-0,-0,-0,-0
-0,-0,-0,-0,-0,-0,-0,-0,-0,-0,-0,-0,-0,-0,-0,-0,-0,-0,-0,-0,-0,-0,-0,-0,-0,-0,-0,-0,-0,-0,-0,-0
-0,-0,-0,-0,-0,-0,-0,-0,-0,-0,-0,-0,-0,-0,-0,-0,-0,-0,-0,-0,-0,-0,-0,-0,-0,-0,-0,-0,-0,-0,-0,-0
-0,-0,-0,-0,-0,-0,-0,-0,-0,-0,-0,-0,-0,-0,-0,-0,-0,-0,-0,-0,-0,-0,-0,-0,-0,-0,-0,-0,-0,-0,-0,-0
-0,-0,-0,-0,-0,-0,-0,-0,-0,-0,-0,-0,-0,-0,-0,-0,-0,-0,-0,-0,-0,-0,-0,-0,-0,-0,-0,-0,-0,-0,-0,-0
-0,-0,-0,-0,-0,-0,-0,-0,-0,-0,-0,-0,-0,-0,-0,-0,-0,-0,-0,-0,-0,-0,-0,-0,-0,-0,-0,-0,-0,-0,-0,-0
-0,-0,-0,-0,-0,-0,-0,-0,-0,-0,-0,-0,-0,-0,-0,-0,-0,-0,-0,-0,-0,-0,-0,-0,-0,-0,-0,-0,-0,-0,-0,-0
-0,-0,-0,-0,-0,-0,-0,-0,-0,-0,-0,-0,-0,-0,-0,-0,-0,-0,-0,-0,-0,-0,-0,-0,-0,-0,-0,-0,-0,-0,-0,-0
-0,-0,-0,-0,-0,-0,-0,-0,-0,-0,-0,-0,-0,-0,-0,-0,-0,-0,-0,-0,-0,-0,-0,-0,-0,-0,-0,-0,-0,-0,-0,-0
-0,-0,-0,-0,-0,-0,-0,-0,-0,-0,-0,-0,-0,-0,-0,-0,-0,-0,-0,-0,-0,-0,-0,-0,-0,-0,-0,-0,-0,-0,-0,-0
-0,-0,-0,-0,-0,-0,-0,-0,-0,-0,-0,-0,-0,-0,-0,-0,-0,-0,-0,-0,-0,-0,-0,-0,-0,-0,-0,-0,-0,-0,-0,-0
0.048789044047915606,0.016657582397863007,-0,0.43791514113667029,0.15773259999164396,-0,0.008985544638776391,-0,0.056655653665291378,0.026026539571075275,-0,0.43847313801884036,0.15365725183866302,-0,0.011741177164154779,-0,0.044605469542676891,0.025985881259837855,-0,0.46508337021185397,0.16550238386243496,-0,0.02024745233379192,-0,0.049823735827851559,0.0051771211782888687,-0,0.44171341494189742,0.1553183543821694,-0,0.0015904309758539466,-0
0.072355790091478661,-0,-0,0.073217844215742262,0.023597236208749633,-0,-0,-0,0.065678821373870946,-0,-0,0.079467373963946389,0.017205857203134042,-0,-0,-0,0.064393265461636318,-0,-0,0.085110044104229454,0.027872275572224291,-0,-0,-0,0.067539309600992192,-0,-0,0.070641225391245996,0.028675016505824474,-0,-0,-0
-0,-0,-0,-0,-0,-0,-0,-0,-0,-0,-0,-0,-0,-0,-0,-0,-0,-0,-0,-0,-0,-0,-0,-0,-0,-0,-0,-0,-0,-0,-0,-0
-0,-0,-0,-0,-0,-0,-0,-0,-0,-0,-0,-0,-0,-0,-0,-0,-0,-0,-0,-0,-0,-0,-0,-0,-0,-0,-0,-0,-0,-0,-0,-0
-0,-0,-0,-0,-0,-0,-0,-0,-0,-0,-0,-0,-0,-0,-0,-0,-0,-0,-0,-0,-0,-0,-0,-0,-0,-0,-0,-0,-0,-0,-0,-0
-0,-0,-0,-0,-0,-0,-0,-0,-0,-0,-0,-0,-0,-0,-0,-0,-0,-0,-0,-0,-0,-0,-0,-0,-0,-0,-0,-0,-0,-0,-0,-0
-0,-0,-0,0.020233270135073499,-0,-0,-0,-0,-0,-0,-0,0.022297578105390972,-0,-0,-0,-0,-0,-0,-0,0.018514323030331608,0.0017389553713030238,-0,-0,-0,-0,-0,-0,0.020133652686063916,0.0018518038616856737,-0,-0,-0
-0,-0,-0,-0,-0,-0,-0,-0,-0,-0,-0,-0,-0,-0,-0,-0,-0,-0,-0,-0,-0,-0,-0,-0,-0,-0,-0,-0,-0,-0,-0,-0
0.47497522126639263,0.25524506365388627,0.14902576456230451,0.092352354099344017,0.58007833689022026,0.12892321228865666,0.11938775248611362,0.07428869668322706,0.46469936554121616,0.24395442984781149,0.14996067171627694,0.0912084790746263,0.57915536062897643,0.12216136801363114,0.12228039039550609,0.069474724913457714,0.46528625941704099,0.25026406674021079,0.13750430177572384,0.091760684569061238,0.5808412197226035,0.1233646084094543,0.11090318905403784,0.076664114442457923,0.47436396640701167,0.26500563265462512,0.1399946077752405,0.083965403866250399,0.58305611463408402,0.12564386422206808,0.11334949466523674,0.079181366130580147
-0,0.078541410740166837,-0,0.018899800255747598,0.15995613746059473,-0,-0,-0,-0,0.077928228978405609,-0,0.024324754789272429,0.14876662361797757,-0,-0,-0,-0,0.08155967941298739,-0,0.020934333432968057,0.16422812869138886,-0,-0,-0,-0,0.078502632447072548,-0,0.019676331396932107,0.16419814635328508,-0,-0,-0
-0,-0,-0,-0,-0,-0,-0,-0,-0,-0,-0,-0,-0,-0,-0,-0,-0,-0,-0,-0,-0,-0,-0,-0,-0,-0,-0,-0,-0,-0,-0,-0
-0,-0,-0,-0,-0,-0,0.089091153022364714,-0,-0,-0,-0,-0,-0,-0,0.089030305930115752,-0,-0,-0,-0,-0,-0,-0,0.097297728587312962,-0,-0,-0,-0,-0,-0,-0,0.087395142109953555,-0
-0,-0,-0,-0,-0,-0,-0,-0,-0,-0,-0,-0,-0,-0,-0,-0,-0,-0,-0,-0,-0,-0,-0,-0,-0,-0,-0,-0,-0,-0,-0,-0
-0,-0,-0,0.013431394824405607,0.31142366992110498,-0,-0,-0,-0,-0,-0,0.0069201288401606071,0.31573132526087488,-0,-0,-0,-0,-0,-0,0.012134963477219129,0.30712811835813658,-0,-0,-0,-0,-0,-0,0.014307233151373571,0.31385942734813077,-0,-0,-0
-0,-0,-0,-0,-0,-0,-0,-0,-0,-0,-0,-0,-0,-0,-0,-0,-0,-0,-0,-0,-0,-0,-0,-0,-0,-0,-0,-0,-0,-0,-0,-0
-0,-0,-0,-0,-0,-0,-0,-0,-0,-0,-0,-0,-0,-0,-0,-0,-0,-0,-0,-0,-0,-0,-0,-0,-0,-0,-0,-0,-0,-0,-0,-0
-0,-0,-0,-0,-0,-0,-0,-0,-0,-0,-0,-0,-0,-0,-0,-0,-0,-0,-0,-0,-0,-0,-0,-0,-0,-0,-0,-0,-0,-0,-0,-0
-0,0.62703357269944404,-0,0.072521857224609659,-0,-0,0.1185164897257862,0.43001336034813753,-0,0.63304512815450298,-0,0.081315589973974811,-0,-0,0.12426904520835684,0.42143706934394376,-0,0.64038294841450916,-0,0.088176190675544483,-0,-0,0.11498636564016819,0.43435584619856349,-0,0.62423146266912388,-0,0.06541772580345051,-0,-0,0.11993564716944058,0.43693058224546422
-0,-0,-0,-0,-0,-0,-0,-0,-0,-0,-0,-0,-0,-0,-0,-0,-0,-0,-0,-0,-0,-0,-0,-0,-0,-0,-0,-0,-0,-0,-0,-0
-0,-0,0.0040462341641383879,0.016972747583663152,0.21554292531921856,-0,-0,-0,-0,-0,0.01407898774005323,0.025073068548080363,0.21173320574871227,-0,-0,-0,-0,-0,9.4657231184642676e-05,0.022025297387945893,0.21799456505700246,-0,-0,-0,-0,-0,-0,2.0439776471310689e-05,0.2258432734176293,-0,-0,-0
-0,-0,-0,-0,-0,-0,-0,-0,-0,-0,-0,-0,-0,-0,-0,-0,-0,-0,-0,-0,-0,-0,-0,-0,-0,-0,-0,-0,-0,-0,-0,-0
-0,-0,-0,-0,-0,-0,-0,-0,-0,-0,-0,-0,-0,-0,-0,-0,-0,-0,-0,-0,-0,-0,-0,-0,-0,-0,-0,-0,-0,-0,-0,-0
-0,-0,-0,-0,-0,-0,-0,-0,-0,-0,-0,-0,-0,-0,-0,-0,-0,-0,-0,-0,-0,-0,-0,-0,-0,-0,-0,-0,-0,-0,-0,-0
-0,-0,-0,-0,-0,-0,-0,-0,-0,-0,-0,-0,-0,-0,-0,-0,-0,-0,-0,-0,-0,-0,-0,-0,-0,-0,-0,-0,-0,-0,-0,-0
-0,-0,-0,-0,-0,-0,-0,-0,-0,-0,-0,-0,-0,-0,-0,-0,-0,-0,-0,-0,-0,-0,-0,-0,-0,-0,-0,-0,-0,-0,-0,-0
-0,-0,-0,-0,-0,-0,-0,-0,-0,-0,-0,-0,-0,-0,-0,-0,-0,-0,-0,-0,-0,-0,-0,-0,-0,-0,-0,-0,-0,-0,-0,-0
-0,-0,-0,-0,-0,-0,-0,-0,-0,-0,-0,-0,-0,-0,-0,-0,-0,-0,-0,-0,-0,-0,-0,-0,-0,-0,-0,-0,-0,-0,-0,-0
-0,-0,-0,-0,-0,-0,-0,-0,-0,-0,-0,-0,-0,-0,-0,-0,-0,-0,-0,-0,-0,-0,-0,-0,-0,-0,-0,-0,-0,-0,-0,-0
-0,-0,-0,-0,-0,-0,-0,-0,-0,-0,-0,-0,-0,-0,-0,-0,-0,-0,-0,-0,-0,-0,-0,-0,-0,-0,-0,-0,-0,-0,-0,-0
-0,-0,-0,-0,-0,-0,-0,-0,-0,-0,-0,-0,-0,-0,-0,-0,-0,-0,-0,-0,-0,-0,-0,-0,-0,-0,-0,-0,-0,-0,-0,-0
-0,-0,-0,-0,-0,-0,-0,-0,-0,-0,-0,-0,-0,-0,-0,-0,-0,-0,-0,-0,-0,-0,-0,-0,-0,-0,-0,-0,-0,-0,-0,-0
0.041202209844681301,-0,0.073602317385353666,0.0091882015007938474,0.066963689747367702,-0,-0,-0,0.043270089494788784,-0,0.066440002095545778,0.0082386674884049969,0.055349541286335478,-0,-0,-0,0.036626289482686779,-0,0.072308548527430086,0.021303694991825054,0.065814678409944011,-0,-0,-0,0.039618335688617931,-0,0.070889943475209161,0.010632523581812225,0.067869970348512915,-0,-0,-0
-0,-0,-0,-0,-0,-0,-0,-0,-0,-0,-0,-0,-0,-0,-0,-0,-0,-0,-0,-0,-0,-0,-0,-0,-0,-0,-0,-0,-0,-0,-0,-0
-0,-0,-0,-0,-0,-0,-0,-0,-0,-0,-0,-0,-0,-0,-0,-0,-0,-0,-0,-0,-0,-0,-0,-0,-0,-0,-0,-0,-0,-0,-0,-0
-0,-0,-0,-0,-0,-0,-0,-0,-0,-0,-0,-0,-0,-0,-0,-0,-0,-0,-0,-0,-0,-0,-0,-0,-0,-0,-0,-0,-0,-0,-0,-0
-0,-0,-0,-0,-0,-0,-0,-0,-0,-0,-0,-0,-0,-0,-0,-0,-0,-0,-0,-0,-0,-0,-0,-0,-0,-0,-0,-0,-0,-0,-0,-0
-0,-0,-0,-0,-0,-0,-0,-0,-0,-0,-0,-0,-0,-0,-0,-0,-0,-0,-0,-0,-0,-0,-0,-0,-0,-0,-0,-0,-0,-0,-0,-0
-0,-0,-0,-0,-0,-0,-0,-0,-0,-0,-0,-0,-0,-0,-0,-0,-0,-0,-0,-0,-0,-0,-0,-0,-0,-0,-0,-0,-0,-0,-0,-0
-0,-0,-0,-0,-0,-0,-0,-0,-0,-0,-0,-0,-0,-0,-0,-0,-0,-0,-0,-0,-0,-0,-0,-0,-0,-0,-0,-0,-0,-0,-0,-0
-0,-0,-0,-0,-0,-0,-0,-0,-0,-0,-0,-0,-0,-0,-0,-0,-0,-0,-0,-0,-0,-0,-0,-0,-0,-0,-0,-0,-0,-0,-0,-0
-0,-0,-0,-0,-0,-0,-0,-0,-0,-0,-0,-0,-0,-0,-0,-0,-0,-0,-0,-0,-0,-0,-0,-0,-0,-0,-0,-0,-0,-0,-0,-0
-0,-0,-0,-0,-0,-0,-0,-0,-0,-0,-0,-0,-0,-0,-0,-0,-0,-0,-0,-0,-0,-0,-0,-0,-0,-0,-0,-0,-0,-0,-0,-0
-0,-0,-0,-0,-0,-0,-0,-0,-0,-0,-0,-0,-0,-0,-0,-0,-0,-0,-0,-0,-0,-0,-0,-0,-0,-0,-0,-0,-0,-0,-0,-0
-0,-0,-0,-0,-0,-0,-0,-0,-0,-0,-0,-0,-0,-0,-0,-0,-0,-0,-0,-0,-0,-0,-0,-0,-0,-0,-0,-0,-0,-0,-0,-0
-0,-0,-0,0.011762085322996361,-0,-0,-0,-0,-0,-0,-0,0.019483901535514915,-0,-0,-0,-0,-0,-0,-0,0.028936997456055012,-0,-0,-0,-0,-0,-0,-0,0.0012474993276088092,-0,-0,-0,-0
-0,-0,-0,-0,-0,-0,-0,-0,-0,-0,-0,-0,-0,-0,-0,-0,-0,-0,-0,-0,-0,-0,-0,-0,-0,-0,-0,-0,-0,-0,-0,-0
-0,-0,-0,-0,-0,-0,-0,-0,-0,-0,-0,-0,-0,-0,-0,-0,-0,-0,-0,-0,-0,-0,-0,-0,-0,-0,-0,-0,-0,-0,-0,-0
-0,-0,-0,-0,-0,-0,-0,-0,-0,-0,-0,-0,-0,-0,-0,-0,-0,-0,-0,-0,-0,-0,-0,-0,-0,-0,-0,-0,-0,-0,-0,-0
-0,-0,-0,-0,-0,-0,-0,-0,-0,-0,-0,-0,-0,-0,-0,-0,-0,-0,-0,-0,-0,-0,-0,-0,-0,-0,-0,-0,-0,-0,-0,-0
-0,-0,-0,-0,-0,-0,-0,-0,-0,-0,-0,-0,-0,-0,-0,-0,-0,-0,-0,-0,-0,-0,-0,-0,-0,-0,-0,-0,-0,-0,-0,-0
-0,-0,-0,-0,-0,-0,-0,-0,-0,-0,-0,-0,-0,-0,-0,-0,-0,-0,-0,-0,-0,-0,-0,-0,-0,-0,-0,-0,-0,-0,-0,-0
-0,-0,-0,-0,-0,-0,-0,-0,-0,-0,-0,-0,-0,-0,-0,-0,-0,-0,-0,-0,-0,-0,-0,-0,-0,-0,-0,-0,-0,-0,-0,-0
-0,-0,-0,-0,-0,-0,-0,-0,-0,-0,-0,-0,-0,-0,-0,-0,-0,-0,-0,-0,-0,-0,-0,-0,-0,-0,-0,-0,-0,-0,-0,-0
-0,-0,-0,-0,-0,-0,-0,-0,-0,-0,-0,-0,-0,-0,-0,-0,-0,-0,-0,-0,-0,-0,-0,-0,-0,-0,-0,-0,-0,-0,-0,-0
-0,-0,-0,-0,-0,-0,-0,-0,-0,-0,-0,-0,-0,-0,-0,-0,-0,-0,-0,-0,-0,-0,-0,-0,-0,-0,-0,-0,-0,-0,-0,-0
-0,-0,-0,-0,-0,-0,-0,-0,-0,-0,-0,-0,-0,-0,-0,-0,-0,-0,-0,-0,-0,-0,-0,-0,-0,-0,-0,-0,-0,-0,-0,-0
-0,-0,-0,-0,-0,-0,0.10347918518299321,-0,-0,-0,-0,-0,-0,-0,0.11007861540249195,-0,-0,-0,-0,-0,-0,-0,0.10262975886449786,-0,-0,-0,-0,-0,-0,-0,0.10160608646312982,-0
-0,-0,-0,-0,-0,-0,-0,-0,-0,-0,-0,-0,-0,-0,-0,-0,-0,-0,-0,-0,-0,-0,-0,-0,-0,-0,-0,-0,-0,-0,-0,-0
-0,-0,-0,-0,-0,-0,-0,-0,-0,-0,-0,-0,-0,-0,-0,-0,-0,-0,-0,-0,-0,-0,-0,-0,-0,-0,-0,-0,-0,-0,-0,-0
-0,-0,-0,-0,-0,-0,-0,-0,-0,-0,-0,-0,-0,-0,-0,-0,-0,-0,-0,-0,-0,-0,-0,-0,-0,-0,-0,-0,-0,-0,-0,-0
-0,-0,-0,-0,-0,-0,-0,-0,-0,-0,-0,-0,-0,-0,-0,-0,-0,-0,-0,-0,-0,-0,-0,-0,-0,-0,-0,-0,-0,-0,-0,-0
-0,-0,-0,-0,-0,-0,-0,-0,-0,-0,-0,-0,-0,-0,-0,-0,-0,-0,-0,-0,-0,-0,-0,-0,-0,-0,-0,-0,-0,-0,-0,-0
-0,-0,-0,-0,-0,-0,-0,-0,-0,-0,-0,-0,-0,-0,-0,-0,-0,-0,-0,-0,-0,-0,-0,-0,-0,-0,-0,-0,-0,-0,-0,-0
-0,-0,-0,-0,-0,-0,-0,-0,-0,-0,-0,-0,-0,-0,-0,-0,-0,-0,-0,-0,-0,-0,-0,-0,-0,-0,-0,-0,-0,-0,-0,-0
0.32238279924331192,-0,-0,0.18068658898965551,0.36914230372463347,-0,-0,-0,0.30787994822688142,-0,-0,0.18215371455698492,0.36724174169707141,-0,-0,-0,0.32681675207667527,-0,-0,0.19135053954933121,0.36869756060877462,-0,-0,-0,0.32581993992965663,-0,-0,0.18098673122149264,0.3690605101889366,-0,-0,-0
-0,-0,-0,-0,-0,-0,-0,-0,-0,-0,-0,-0,-0,-0,-0,-0,-0,-0,-0,-0,-0,-0,-0,-0,-0,-0,-0,-0,-0,-0,-0,-0
-0,-0,-0,-0,-0,-0,-0,-0,-0,-0,-0,-0,-0,-0,-0,-0,-0,-0,-0,-0,-0,-0,-0,-0,-0,-0,-0,-0,-0,-0,-0,-0
-0,-0,-0,-0,-0,-0,-0,-0,-0,-0,-0,-0,-0,-0,-0,-0,-0,-0,-0,-0,-0,-0,-0,-0,-0,-0,-0,-0,-0,-0,-0,-0
-0,-0,-0,0.044786468472404264,-0,-0,-0,-0,-0,-0,-0,0.052089814962393094,-0,-0,-0,-0,-0,-0,-0,0.04058614475943207,-0,-0,-0,-0,-0,-0,-0,0.035356253839617199,-0,-0,-0,-0
-0,-0,-0,-0,-0,-0,-0,-0,-0,-0,-0,-0,-0,-0,-0,-0,-0,-0,-0,-0,-0,-0,-0,-0,-0,-0,-0,-0,-0,-0,-0,-0
-0,-0,-0,-0,-0,-0,-0,-0,-0,-0,-0,-0,-0,-0,-0,-0,-0,-0,-0,-0,-0,-0,-0,-0,-0,-0,-0,-0,-0,-0,-0,-0
-0,-0,-0,-0,-0,-0,-0,-0,-0,-0,-0,-0,-0,-0,-0,-0,-0,-0,-0,-0,-0,-0,-0,-0,-0,-0,-0,-0,-0,-0,-0,-0
-0,-0,-0,0.15230701732445523,0.037611166193704137,-0,-0,-0,-0,-0,-0,0.15264025746180834,0.028071424121167917,-0,-0,-0,-0,0.003070297486649463,-0,0.16642058643830229,0.037886340100009304,-0,-0,-0,-0,-0,-0,0.152808232162815,0.032981304365720276,-0,-0,-0
-0,-0,-0,0.567934527709123,0.67571475676385306,0.24453413815449632,0.46775622704749986,-0,-0,-0,-0,0.57532941942614624,0.65003646010911198,0.24759963431615883,0.47585878025445572,-0,-0,-0,-0,0.5560540191600426,0.66881633670319363,0.2476924164542689,0.4726845815145917,-0,-0,-0,-0,0.57383537480965285,0.66798886049184669,0.24915677819655543,0.4597540205249534,-0
-0,-0,-0,-0,0.06071568781300981,-0,-0,-0,-0,-0,-0,-0,0.046489286635402076,-0,-0,-0,-0,-0,-0,-0,0.060512832208809542,-0,-0,-0,-0,-0,-0,-0,0.051118904131933242,-0,-0,-0
-0,-0,-0,-0,-0,-0,-0,-0,-0,-0,-0,-0,-0,-0,-0,-0,-0,-0,-0,-0,-0,-0,-0,-0,-0,-0,-0,-0,-0,-0,-0,-0
-0,-0,-0,-0,-0,-0,-0,-0,-0,-0,-0,-0,-0,-0,-0,-0,-0,-0,-0,-0,-0,-0,-0,-0,-0,-0,-0,-0,-0,-0,-0,-0
-0,-0,-0,-0,-0,-0,-0,-0,-0,-0,-0,-0,-0,-0,-0,-0,-0,-0,-0,-0,-0,-0,-0,-0,-0,-0,-0,-0,-0,-0,-0,-0
-0,-0,-0,-0,-0,-0,-0,-0,-0,-0,-0,-0,-0,-0,-0,-0,-0,-0,-0,-0,-0,-0,-0,-0,-0,-0,-0,-0,-0,-0,-0,-0
-0,-0,-0,-0,-0,-0,-0,-0,-0,-0,-0,-0,-0,-0,-0,-0,-0,-0,-0,-0,-0,-0,-0,-0,-0,-0,-0,-0,-0,-0,-0,-0
-0,-0,-0,-0,-0,-0,-0,-0,-0,-0,-0,-0,-0,-0,-0,-0,-0,-0,-0,-0,-0,-0,-0,-0,-0,-0,-0,-0,-0,-0,-0,-0
-0,-0,-0,-0,0.076477804285647127,-0,-0,-0,-0,-0,-0,-0,0.077389150429986744,-0,-0,-0,-0,-0,-0,-0,0.075806443156128014,-0,-0,-0,-0,-0,-0,-0,0.082524292337799871,-0,-0,-0
-0,-0,-0,-0,-0,-0,-0,-0,-0,-0,-0,-0,-0,-0,-0,-0,-0,-0,-0,-0,-0,-0,-0,-0,-0,-0,-0,-0,-0,-0,-0,-0
-0,-0,-0,-0,-0,-0,-0,-0,-0,-0,-0,-0,-0,-0,-0,-0,-0,-0,-0,-0,-0,-0,-0,-0,-0,-0,-0,-0,-0,-0,-0,-0
-0,-0,-0,-0,0.1773422649023392,-0,-0,-0,-0,-0,-0,-0,0.18121655517451332,-0,-0,-0,-0,-0,-0,-0,0.17829370386982762,-0,-0,-0,-0,-0,-0,-0,0.18611976633200955,-0,-0,-0
-0,-0,-0,-0,-0,-0,-0,-0,-0,-0,-0,-0,-0,-0,-0,-0,-0,-0,-0,-0,-0,-0,-0,-0,-0,-0,-0,-0,-0,-0,-0,-0
-0,-0,-0,-0,-0,-0,-0,-0,-0,-0,-0,-0,-0,-0,-0,-0,-0,-0,-0,-0,-0,-0,-0,-0,-0,-0,-0,-0,-0,-0,-0,-0
-0,-0,0.022503490596404822,0.21835628493784812,0.15940386808096385,0.12458093074360976,-0,-0,-0,-0,0.016986819038900192,0.22322131485896793,0.14201198745557331,0.1255242190621019,-0,-0,-0,-0,0.017128347569703158,0.21124991061309037,0.15973948023319146,0.12427815977458635,-0,-0,-0,-0,0.018121465654513474,0.22144977099899249,0.15739749405399703,0.12720295021417438,-0,-0
-0,-0,-0,-0,-0,-0,-0,-0,-0,-0,-0,-0,-0,-0,-0,-0,-0,-0,-0,-0,-0,-0,-0,-0,-0,-0,-0,-0,-0,-0,-0,-0
-0,-0,-0,-0,-0,-0,-0,-0,-0,-0,-0,-0,-0,-0,-0,-0,-0,-0,-0,-0,-0,-0,-0,-0,-0,-0,-0,-0,-0,-0,-0,-0
-0,-0,-0,-0,-0,-0,-0,-0,-0,-0,-0,-0,-0,-0,-0,-0,-0,-0,-0,-0,-0,-0,-0,-0,-0,-0,-0,-0,-0,-0,-0,-0
0.75597314926541226,0.36235608071227016,0.26248559126725773,0.28699061089817035,0.39550758613853909,0.84040419857224802,0.28397606821062332,0.21610732184208092,0.74543487531725927,0.3611706784839997,0.26109174542729136,0.28715677785334004,0.40462959823577177,0.83294711336838412,0.28797940664914756,0.21390337693758923,0.75442909931315505,0.36206745164938969,0.25547694759707712,0.2813415458293641,0.39978810738806914,0.82616368302657439,0.27918334675869139,0.21282797486361993,0.75283686568389496,0.36564304995671704,0.25996155717904762,0.27508538305437968,0.39596755911738429,0.83726698454150628,0.28444631412290566,0.21151048746491616
-0,-0,-0,-0,-0,-0,-0,-0,-0,-0,-0,-0,-0,-0,-0,-0,-0,-0,-0,-0,-0,-0,-0,-0,-0,-0,-0,-0,-0,-0,-0,-0
-0,-0,-0,-0,-0,-0,-0,-0,-0,-0,-0,-0,-0,-0,-0,-0,-0,-0,-0,-0,-0,-0,-0,-0,-0,-0,-0,-0,-0,-0,-0,-0
-0,0.11359041894522511,-0,-0,0.0015054679219636835,0.1017533732532859,0.12513641863777469,-0,-0,0.10854300708965577,-0,0.001139540379016952,-0,0.096575934405822225,0.12987663988505965,-0,-0,0.11724552402491371,-0,-0,-0,0.10632186175476123,0.12052747698710528,-0,-0,0.11718635924650327,-0,-0,0.0036419147934933539,0.097041348834293648,0.11208256391284101,-0
-0,-0,-0,-0,-0,-0,0.015352942717797869,-0,-0,-0,-0,-0,-0,-0,0.022146752206011429,-0,-0,-0,-0,-0,-0,-0,0.016111884730814225,-0,-0,-0,-0,-0,-0,-0,0.0081570965376512612,-0
-0,-0,-0,-0,-0,-0,-0,-0,-0,-0,-0,-0,-0,-0,-0,-0,-0,-0,-0,-0,-0,-0,-0,-0,-0,-0,-0,-0,-0,-0,-0,-0
-0,-0,-0,-0,-0,-0,-0,-0,-0,-0,-0,-0,-0,-0,-0,-0,-0,-0,-0,-0,-0,-0,-0,-0,-0,-0,-0,-0,-0,-0,-0,-0
-0,-0,-0,0.098845487350827002,0.0095181008110623265,0.030068695374441293,0.21612933811208229,-0,-0,-0,-0,0.10078619126526583,-0,0.032584777214902515,0.22506702325822509,-0,-0,-0,-0,0.095937982230906674,0.00078542636481699756,0.039099159011544427,0.21340288642920513,-0,-0,-0,-0,0.092627609015718815,0.0095200908606638112,0.029177573359163014,0.20342415862460686,-0
-0,-0,-0,-0,-0,-0,-0,-0,-0,-0,-0,-0,-0,-0,-0,-0,-0,-0,-0,-0,-0,-0,-0,-0,-0,-0,-0,-0,-0,-0,-0,-0
-0,-0,-0,-0,-0,-0,-0,-0,-0,-0,-0,-0,-0,-0,-0,-0,-0,-0,-0,-0,-0,-0,-0,-0,-0,-0,-0,-0,-0,-0,-0,-0
-0,-0,-0,-0,-0,-0,-0,-0,-0,-0,-0,-0,-0,-0,-0,-0,-0,-0,-0,-0,-0,-0,-0,-0,-0,-0,-0,-0,-0,-0,-0,-0
-0,-0,-0,-0,-0,-0,-0,-0,-0,-0,-0,-0,-0,-0,-0,-0,-0,-0,-0,-0,-0,-0,-0,-0,-0,-0,-0,-0,-0,-0,-0,-0
-0,-0,-0,-0,0.014470405231596198,-0,-0,-0,-0,-0,-0,-0,0.020246426409261133,-0,-0,-0,-0,-0,-0,-0,0.018998621419875562,-0,-0,-0,-0,-0,-0,-0,0.01891930494008557,-0,-0,-0
-0,-0,-0,-0,-0,-0,-0,-0,-0,-0,-0,-0,-0,-0,-0,-0,-0,-0,-0,-0,-0,-0,-0,-0,-0,-0,-0,-0,-0,-0,-0,-0
-0,-0,-0,-0,-0,-0,-0,-0,-0,-0,-0,-0,-0,-0,-0,-0,-0,-0,-0,-0,-0,-0,-0,-0,-0,-0,-0,-0,-0,-0,-0,-0
-0,-0,-0,-0,-0,-0,-0,-0,-0,-0,-0,-0,-0,-0,-0,-0,-0,-0,-0,-0,-0,-0,-0,-0,-0,-0,-0,-0,-0,-0,-0,-0
-0,-0,-0,-0,-0,-0,-0,-0,-0,-0,-0,-0,-0,-0,-0,-0,-0,-0,-0,-0,-0,-0,-0,-0,-0,-0,-0,-0,-0,-0,-0,-0
-0,0.08791151596048033,-0,-0,-0,0.071037608784921075,-0,-0,-0,0.08774127987001748,-0,-0,-0,0.062818503021262934,-0,-0,-0,0.096022691346583922,-0,-0,-0,0.067925429425171255,-0,-0,-0,0.08641288483562018,-0,-0,-0,0.072867947580833217,-0,-0
-0,-0,-0,-0,-0,-0,-0,-0,-0,-0,-0,-0,-0,-0,-0,-0,-0,-0,-0,-0,-0,-0,-0,-0,-0,-0,-0,-0,-0,-0,-0,-0
-0,-0,-0,-0,-0,-0,-0,-0,-0,-0,-0,-0,-0,-0,-0,-0,-0,-0,-0,-0,-0,-0,-0,-0,-0,-0,-0,-0,-0,-0,-0,-0
-0,-0,-0,-0,-0,-0,-0,-0,-0,-0,-0,-0,-0,-0,-0,-0,-0,-0,-0,-0,-0,-0,-0,-0,-0,-0,-0,-0,-0,-0,-0,-0
-0,-0,-0,-0,-0,-0,-0,-0,-0,-0,-0,-0,-0,-0,-0,-0,-0,-0,-0,-0,-0,-0,-0,-0,-0,-0,-0,-0,-0,-0,-0,-0
-0,-0,-0,-0,-0,-0,-0,-0,-0,-0,-0,-0,-0,-0,-0,-0,-0,-0,-0,-0,-0,-0,-0,-0,-0,-0,-0,-0,-0,-0,-0,-0
-0,-0,-0,-0,-0,-0,-0,-0,-0,-0,-0,-0,-0,-0,-0,-0,-0,-0,-0,-0,-0,-0,-0,-0,-0,-0,-0,-0,-0,-0,-0,-0
-0,-0,-0,-0,-0,-0,-0,-0,-0,-0,-0,-0,-0,-0,-0,-0,-0,-0,-0,-0,-0,-0,-0,-0,-0,-0,-0,-0,-0,-0,-0,-0
0.041332591703565777,-0,-0,-0,-0,-0,-0,-0,0.030203062700545187,-0,-0,-0,-0,-0,-0,-0,0.051662837469385388,-0,-0,-0,-0,-0,-0,-0,0.034371017460466335,-0,-0,-0,-0,-0,-0,-0
-0,-0,-0,0.19027582717419195,-0,-0,0.16745897947767258,-0,-0,-0,-0,0.19325121100094739,-0,-0,0.17266286641419365,-0,-0,0.0019496430504627709,-0,0.20665555828887966,-0,-0,0.17275720740579317,-0,-0,-0,-0,0.19515949545116551,-0,-0,0.16031988301348643,-0
-0,-0,-0,-0,-0,-0,-0,-0,-0,-0,-0,-0,-0,-0,-0,-0,-0,-0,-0,-0,-0,-0,-0,-0,-0,-0,-0,-0,-0,-0,-0,-0
-0,-0,0.042418839944462994,-0,-0,-0,-0,-0,-0,-0,0.043038201646895181,-0,-0,-0,-0,-0,-0,-0,0.042097383021480299,-0,-0,-0,-0,-0,-0,-0,0.042158468590713385,-0,-0,-0,-0,-0
-0,-0,-0,-0,-0,-0,-0,-0,-0,-0,-0,-0,-0,-0,-0,-0,-0,-0,-0,-0,-0,-0,-0,-0,-0,-0,-0,-0,-0,-0,-0,-0
0.14026797483716638,-0,0.14028398392888392,0.14869228861286599,0.35920146425698857,-0,-0,-0,0.13445632546476488,-0,0.13801823508801989,0.15080880252512624,0.35488931639067695,-0,-0,-0,0.14031307958029507,-0,0.13589649754208477,0.14144982260116565,0.36252605209998923,-0,-0,-0,0.13988969993144645,-0,0.13579441359134525,0.15265864937637244,0.35821261887223022,-0,-0,-0
-0,-0,-0,-0,-0,-0,-0,-0,-0,-0,-0,-0,-0,-0,-0,-0,-0,-0,-0,-0,-0,-0,-0,-0,-0,-0,-0,-0,-0,-0,-0,-0
-0,-0,-0,-0,-0,-0,-0,-0,-0,-0,-0,-0,-0,-0,-0,-0,-0,-0,-0,-0,-0,-0,-0,-0,-0,-0,-0,-0,-0,-0,-0,-0
-0,-0,-0,-0,-0,-0,-0,-0,-0,-0,-0,-0,-0,-0,-0,-0,-0,-0,-0,-0,-0,-0,-0,-0,-0,-0,-0,-0,-0,-0,-0,-0
-0,-0,-0,-0,-0,-0,-0,-0,-0,-0,-0,-0,-0,-0,-0,-0,-0,-0,-0,-0,-0,-0,-0,-0,-0,-0,-0,-0,-0,-0,-0,-0
-0,-0,-0,-0,-0,-0,-0,-0,-0,-0,-0,-0,-0,-0,-0,-0,-0,-0,-0,-0,-0,-0,-0,-0,-0,-0,-0,-0,-0,-0,-0,-0
-0,-0,-0,-0,-0,-0,-0,-0,-0,-0,-0,-0,-0,-0,-0,-0,-0,-0,-0,-0,-0,-0,-0,-0,-0,-0,-0,-0,-0,-0,-0,-0
-0,-0,-0,-0,-0,-0,-0,-0,-0,-0,-0,-0,-0,-0,-0,-0,-0,-0,-0,-0,-0,-0,-0,-0,-0,-0,-0,-0,-0,-0,-0,-0
-0,-0,-0,-0,-0,-0,-0,-0,-0,-0,-0,-0,-0,-0,-0,-0,-0,-0,-0,-0,-0,-0,-0,-0,-0,-0,-0,-0,-0,-0,-0,-0
-0,0.70870853634773279,0.17827511331206169,-0,0.25758518987766649,-0,0.13035743345426681,-0,-0,0.7083351338818672,0.16594241142939184,-0,0.24624328493991779,-0,0.13297012601880009,-0,-0,0.70153431417640244,0.16266682139636943,-0,0.25043976241899663,-0,0.12783293718938726,-0,-0,0.71499694980276884,0.17786239668863296,-0,0.26357161362950854,-0,0.11736920428691662,-0
-0,-0,-0,-0,-0,-0,-0,-0,-0,-0,-0,-0,-0,-0,-0,-0,-0,-0,-0,-0,-0,-0,-0,-0,-0,-0,-0,-0,-0,-0,-0,-0
-0,-0,-0,-0,-0,-0,-0,-0,-0,-0,-0,-0,-0,-0,-0,-0,-0,-0,-0,-0,-0,-0,-0,-0,-0,-0,-0,-0,-0,-0,-0,-0
-0,-0,-0,-0,-0,-0,-0,-0,-0,-0,-0,-0,-0,-0,-0,-0,-0,-0,-0,-0,-0,-0,-0,-0,-0,-0,-0,-0,-0,-0,-0,-0
0.013103202182156104,0.012125808615605296,-0,0.19465312135138543,0.11273445543369434,-0,0.061609334524076485,-0,0.019012744845743283,0.01550140124571946,-0,0.19246875057885898,0.11100057070457804,-0,0.062143038423730451,-0,0.010406613748682039,0.01642272382905911,-0,0.20803591557204085,0.11545928677009,-0,0.067629870078565968,-0,0.012840518694998363,0.0045408327744016538,-0,0.19623181207905482,0.11239956282350984,-0,0.061599222619103229,-0
-0,-0,-0,-0,-0,-0,-0,-0,-0,-0,-0,-0,-0,-0,-0,-0,-0,-0,-0,-0,-0,-0,-0,-0,-0,-0,-0,-0,-0,-0,-0,-0
-0,-0,-0,-0,-0,-0,-0,-0,-0,-0,-0,-0,-0,-0,-0,-0,-0,-0,-0,-0,-0,-0,-0,-0,-0,-0,-0,-0,-0,-0,-0,-0
-0,-0,-0,-0,-0,-0,-0,-0,-0,-0,-0,-0,-0,-0,-0,-0,-0,-0,-0,-0,-0,-0,-0,-0,-0,-0,-0,-0,-0,-0,-0,-0
-0,-0,-0,-0,-0,-0,-0,-0,-0,-0,-0,-0,-0,-0,-0,-0,-0,-0,-0,-0,-0,-0,-0,-0,-0,-0,-0,-0,-0,-0,-0,-0
-0,-0,-0,-0,-0,-0,-0,-0,-0,-0,-0,-0,-0,-0,-0,-0,-0,-0,-0,-0,-0,-0,-0,-0,-0,-0,-0,-0,-0,-0,-0,-0
-0,-0,0.054042289654035042,0.05191165817261615,0.32297082507731578,-0,-0,-0,-0,-0,0.063006109103944954,0.052542943316867596,0.32743525151317199,-0,-0,-0,-0,-0,0.05479285787001769,0.049089141620116253,0.32804937158912273,-0,-0,-0,-0,-0,0.050855473796713228,0.04879619080686922,0.33340576012204848,-0,-0,-0
-0,0.17528935982144225,-0,-0,-0,-0,0.035020589722709362,-0,-0,0.17474077655721357,-0,-0,-0,-0,0.041301950682833793,-0,-0,0.18196779245111508,-0,-0,-0,-0,0.034682713071061869,-0,-0,0.170225617524287,-0,-0,-0,-0,0.036983825081818654,-0
-0,-0,-0,-0,-0,-0,-0,-0,-0,-0,-0,-0,-0,-0,-0,-0,-0,-0,-0,-0,-0,-0,-0,-0,-0,-0,-0,-0,-0,-0,-0,-0
-0,0.16738122129318009,-0,-0,0.057807432009610381,-0,-0,-0,-0,0.16615503886695857,-0,-0,0.053306266946507606,-0,-0,-0,-0,0.17327820279002049,-0,-0,0.061732820301884192,-0,-0,-0,-0,0.16431141341074618,-0,-0,0.062267505345551248,-0,-0,-0
-0,-0,-0,-0,-0,-0,-0,-0,-0,-0,-0,-0,-0,-0,-0,-0,-0,-0,-0,-0,-0,-0,-0,-0,-0,-0,-0,-0,-0,-0,-0,-0
-0,-0,-0,0.015152548544838841,0.10746033855480037,-0,-0,-0,-0,-0,-0,0.019600314900196151,0.10232653884996143,-0,-0,-0,-0,-0,-0,0.014703949349890045,0.10888477176579361,-0,-0,-0,-0,-0,-0,0.010976165539049707,0.11095972928975441,-0,-0,-0
-0,0.013486794731487135,0.033286476006970843,-0,-0,-0,-0,-0,-0,0.011008659697346154,0.029267616659791412,-0,-0,-0,-0,-0,-0,0.018915911716930044,0.03822918649536447,-0,-0,-0,-0,-0,-0,0.012444398698630166,0.029291458502911757,-0,-0,-0,-0,-0
-0,0.095065031702793817,-0,0.31234116091603475,0.49802076882594387,-0,0.081051662847029346,-0,-0,0.087827854049956633,-0,0.31441021717092821,0.48292236179374726,-0,0.083320393953243962,-0,-0,0.10302988172701615,-0,0.32194489585742186,0.495867520193565,-0,0.078819832109742333,-0,-0,0.090224498445399912,-0,0.30657571985634974,0.49747103078626137,-0,0.079663755191977895,-0
-0,-0,-0,-0,-0,-0,-0,-0,-0,-0,-0,-0,-0,-0,-0,-0,-0,-0,-0,-0,-0,-0,-0,-0,-0,-0,-0,-0,-0,-0,-0,-0
-0,-0,-0,-0,-0,-0,-0,-0,-0,-0,-0,-0,-0,-0,-0,-0,-0,-0,-0,-0,-0,-0,-0,-0,-0,-0,-0,-0,-0,-0,-0,-0
-0,-0,-0,-0,-0,-0,-0,-0,-0,-0,-0,-0,-0,-0,-0,-0,-0,-0,-0,-0,-0,-0,-0,-0,-0,-0,-0,-0,-0,-0,-0,-0
-0,-0,-0,-0,-0,-0,-0,-0,-0,-0,-0,-0,-0,-0,-0,-0,-0,-0,-0,-0,-0,-0,-0,-0,-0,-0,-0,-0,-0,-0,-0,-0
-0,-0,-0,-0,-0,-0,-0,-0,-0,-0,-0,-0,-0,-0,-0,-0,-0,-0,-0,-0,-0,-0,-0,-0,-0,-0,-0,-0,-0,-0,-0,-0
-0,-0,-0,-0,-0,-0,-0,-0,-0,-0,-0,-0,-0,-0,-0,-0,-0,-0,-0,-0,-0,-0,-0,-0,-0,-0,-0,-0,-0,-0,-0,-0
-0,-0,-0,-0,-0,-0,-0,-0,-0,-0,-0,-0,-0,-0,-0,-0,-0,-0,-0,-0,-0,-0,-0,-0,-0,-0,-0,-0,-0,-0,-0,-0
-0,-0,-0,-0,-0,-0,-0,-0,-0,-0,-0,-0,-0,-0,-0,-0,-0,-0,-0,-0,-0,-0,-0,-0,-0,-0,-0,-0,-0,-0,-0,-0
-0,-0,-0,-0,-0,-0,-0,-0,-0,-0,-0,-0,-0,-0,-0,-0,-0,-0,-0,-0,-0,-0,-0,-0,-0,-0,-0,-0,-0,-0,-0,-0
-0,-0,-0,-0,-0,-0,-0,-0,-0,-0,-0,-0,-0,-0,-0,-0,-0,-0,-0,-0,-0,-0,-0,-0,-0,-0,-0,-0,-0,-0,-0,-0
-0,-0,-0,-0,-0,-0,-0,-0,-0,-0,-0,-0,-0,-0,-0,-0,-0,-0,-0,-0,-0,-0,-0,-0,-0,-0,-0,-0,-0,-0,-0,-0
-0,-0,-0,-0,-0,-0,-0,-0,-0,-0,-0,-0,-0,-0,-0,-0,-0,-0,-0,-0,-0,-0,-0,-0,-0,-0,-0,-0,-0,-0,-0,-0
-0,-0,-0,-0,-0,-0,-0,-0,-0,-0,-0,-0,-0,-0,-0,-0,-0,-0,-0,-0,-0,-0,-0,-0,-0,-0,-0,-0,-0,-0,-0,-0
-0,-0,-0,-0,-0,-0,-0,-0,-0,-0,-0,-0,-0,-0,-0,-0,-0,-0,-0,-0,-0,-0,-0,-0,-0,-0,-0,-0,-0,-0,-0,-0
-0,-0,-0,-0,-0,-0,-0,-0,-0,-0,-0,-0,-0,-0,-0,-0,-0,-0,-0,-0,-0,-0,-0,-0,-0,-0,-0,-0,-0,-0,-0,-0
-0,-0,-0,-0,-0,-0,-0,-0,-0,-0,-0,-0,-0,-0,-0,-0,-0,-0,-0,-0,-0,-0,-0,-0,-0,-0,-0,-0,-0,-0,-0,-0
-0,-0,-0,-0,-0,-0,-0,-0,-0,-0,-0,-0,-0,-0,-0,-0,-0,-0,-0,-0,-0,-0,-0,-0,-0,-0,-0,-0,-0,-0,-0,-0
-0,-0,-0,-0,-0,-0,-0,-0,-0,-0,-0,-0,-0,-0,-0,-0,-0,-0,-0,-0,-0,-0,-0,-0,-0,-0,-0,-0,-0,-0,-0,-0
-0,-0,-0,-0,-0,-0,-0,-0,-0,-0,-0,-0,-0,-0,-0,-0,-0,-0,-0,-0,-0,-0,-0,-0,-0,-0,-0,-0,-0,-0,-0,-0
-0,-0,-0,-0,-0,-0,-0,-0,-0,-0,-0,-0,-0,-0,-0,-0,-0,-0,-0,-0,-0,-0,-0,-0,-0,-0,-0,-0,-0,-0,-0,-0
-0,-0,-0,-0,0.18335998734614961,-0,0.053947654024292829,-0,-0,-0,-0,-0,0.1832087414324611,-0,0.052678905529834903,-0,-0,-0,-0,-0,0.18097556450799121,-0,0.054683129989182171,-0,-0,-0,-0,-0,0.18789431730184886,-0,0.056632602374868689,-0
-0,-0,-0,-0,-0,-0,-0,-0,-0,-0,-0,-0,-0,-0,-0,-0,-0,-0,-0,-0,-0,-0,-0,-0,-0,-0,-0,-0,-0,-0,-0,-0
-0,-0,-0,-0,-0,-0,-0,0.20014001608671073,-0,-0,-0,-0,-0,-0,-0,0.19131679529513751,-0,-0,-0,-0,-0,-0,-0,0.20662515070583976,-0,-0,-0,-0,-0,-0,-0,0.20293366010914515
-0,-0,-0,-0,-0,-0,-0,-0,-0,-0,-0,-0,-0,-0,-0,-0,-0,-0,-0,-0,-0,-0,-0,-0,-0,-0,-0,-0,-0,-0,-0,-0
-0,-0,-0,-0,-0,-0,-0,-0,-0,-0,-0,-0,-0,-0,-0,-0,-0,-0,-0,-0,-0,-0,-0,-0,-0,-0,-0,-0,-0,-0,-0,-0
-0,-0,-0,-0,-0,-0,-0,-0,-0,-0,-0,-0,-0,-0,-0,-0,-0,-0,-0,-0,-0,-0,-0,-0,-0,-0,-0,-0,-0,-0,-0,-0
-0,-0,-0,-0,-0,-0,-0,-0,-0,-0,-0,-0,-0,-0,-0,-0,-0,-0,-0,-0,-0,-0,-0,-0,-0,-0,-0,-0,-0,-0,-0,-0
-0,-0,-0,-0,-0,-0,-0,-0,-0,-0,-0,-0,-0,-0,-0,-0,-0,-0,-0,-0,-0,-0,-0,-0,-0,-0,-0,-0,-0,-0,-0,-0
-0,-0,-0,-0,-0,0.32601253059623048,-0,-0,-0,-0,-0,-0,-0,0.32038133033133392,-0,-0,-0,-0,-0,-0,-0,0.32238717741708228,-0,-0,-0,-0,-0,-0,-0,0.33155939079064362,-0,-0
-0,-0,-0,-0,-0,-0,-0,-0,-0,-0,-0,-0,-0,-0,-0,-0,-0,-0,-0,-0,-0,-0,-0,-0,-0,-0,-0,-0,-0,-0,-0,-0
-0,-0,-0,-0,-0,-0,-0,-0,-0,-0,-0,-0,-0,-0,-0,-0,-0,-0,-0,-0,-0,-0,-0,-0,-0,-0,-0,-0,-0,-0,-0,-0
-0,-0,-0,-0,-0,-0,-0,-0,-0,-0,-0,-0,-0,-0,-0,-0,-0,-0,-0,-0,-0,-0,-0,-0,-0,-0,-0,-0,-0,-0,-0,-0
-0,-0,-0,-0,-0,-0,-0,-0,-0,-0,-0,-0,-0,-0,-0,-0,-0,-0,-0,-0,-0,-0,-0,-0,-0,-0,-0,-0,-0,-0,-0,-0
-0,-0,-0,-0,-0,-0,-0,-0,-0,-0,-0,-0,-0,-0,-0,-0,-0,-0,-0,-0,-0,-0,-0,-0,-0,-0,-0,-0,-0,-0,-0,-0
-0,-0,-0,-0,-0,-0,-0,-0,-0,-0,-0,-0,-0,-0,-0,-0,-0,-0,-0,-0,-0,-0,-0,-0,-0,-0,-0,-0,-0,-0,-0,-0
-0,-0,-0,-0,-0,-0,-0,-0,-0,-0,-0,-0,-0,-0,-0,-0,-0,-0,-0,-0,-0,-0,-0,-0,-0,-0,-0,-0,-0,-0,-0,-0
-0,-0,-0,-0,-0,-0,-0,-0,-0,-0,-0,-0,-0,-0,-0,-0,-0,-0,-0,-0,-0,-0,-0,-0,-0,-0,-0,-0,-0,-0,-0,-0
-0,-0,-0,-0,-0,-0,-0,-0,-0,-0,-0,-0,-0,-0,-0,-0,-0,-0,-0,-0,-0,-0,-0,-0,-0,-0,-0,-0,-0,-0,-0,-0
-0,0.25666938409802292,-0,-0,-0,-0,-0,-0,-0,0.26479264882110493,-0,-0,-0,-0,-0,-0,-0,0.26782476807838651,-0,-0,-0,-0,-0,-0,-0,0.24568872994948568,-0,-0,-0,-0,-0,-0
-0,-0,-0,-0,-0,-0,-0,-0,-0,-0,-0,-0,-0,-0,-0,-0,-0,-0,-0,-0,-0,-0,-0,-0,-0,-0,-0,-0,-0,-0,-0,-0
-0,-0,-0,-0,-0,-0,-0,-0,-0,-0,-0,-0,-0,-0,-0,-0,-0,-0,-0,-0,-0,-0,-0,-0,-0,-0,-0,-0,-0,-0,-0,-0
-0,-0,-0,-0,-0,-0,-0,-0,-0,-0,-0,-0,-0,-0,-0,-0,-0,-0,-0,-0,-0,-0,-0,-0,-0,-0,-0,-0,-0,-0,-0,-0
-0,-0,-0,-0,-0,-0,-0,-0,-0,-0,-0,-0,-0,-0,-0,-0,-0,-0,-0,-0,-0,-0,-0,-0,-0,-0,-0,-0,-0,-0,-0,-0
-0,-0,-0,-0,-0,-0,-0,-0,-0,-0,-0,-0,-0,-0,-0,-0,-0,-0,-0,-0,-0,-0,-0,-0,-0,-0,-0,-0,-0,-0,-0,-0
0.42954799335431432,0.071378950292589352,-0,0.048929642242965407,0.14524904529853866,0.1604483184566422,0.046127674996571118,0.09768692000862185,0.4201270778570772,0.072602894369002885,-0,0.041378876195742209,0.15196152056024945,0.16774781764805763,0.053660736346711362,0.095788740525625429,0.42713814080306822,0.073519932910640656,-0,0.045906144559373772,0.14969697259383416,0.15477283927562077,0.038199214762227783,0.095564317882627037,0.43166455257747072,0.066377148627892929,-0,0.044016215643202461,0.14126138660523854,0.15394027668273752,0.046266954664746215,0.091885345554787765
-0,-0,-0,-0,-0,-0,-0,-0,-0,-0,-0,-0,-0,-0,-0,-0,-0,-0,-0,-0,-0,-0,-0,-0,-0,-0,-0,-0,-0,-0,-0,-0
-0,-0,-0,-0,-0,-0,-0,-0,-0,-0,-0,-0,-0,-0,-0,-0,-0,-0,-0,-0,-0,-0,-0,-0,-0,-0,-0,-0,-0,-0,-0,-0
-0,-0,-0,-0,0.022997515646905279,-0,-0,-0,-0,-0,-0,-0,0.021761925710122178,-0,-0,-0,-0,-0,-0,-0,0.022920259121424529,-0,-0,-0,-0,-0,-0,-0,0.023568420354436816,-0,-0,-0
-0,-0,-0,-0,-0,-0,-0,-0,-0,-0,-0,-0,-0,-0,-0,-0,-0,-0,-0,-0,-0,-0,-0,-0,-0,-0,-0,-0,-0,-0,-0,-0
-0,0.051297433107246104,-0,-0,-0,-0,-0,-0,-0,0.063299806959591517,-0,-0,-0,-0,-0,-0,-0,0.069260245295553538,-0,-0,-0,-0,-0,-0,-0,0.023549428898364692,-0,-0,-0,-0,-0,-0
-0,-0,-0,-0,-0,-0,-0,-0,-0,-0,-0,-0,-0,-0,-0,-0,-0,-0,-0,-0,-0,-0,-0,-0,-0,-0,-0,-0,-0,-0,-0,-0
-0,-0,-0,0.30729640398766139,-0,0.18081636641972448,0.38227987795270685,-0,-0,-0,-0,0.3041397329457019,-0,0.19292416056765158,0.39009280267094909,-0,-0,-0,-0,0.29702049593564905,-0,0.18671594662997029,0.37872317184082649,-0,-0,-0,-0,0.30670953578474403,-0,0.17387801446437454,0.36655498904353651,-0
-0,-0,-0,-0,-0,-0,-0,-0,-0,-0,-0,-0,-0,-0,-0,-0,-0,-0,-0,-0,-0,-0,-0,-0,-0,-0,-0,-0,-0,-0,-0,-0
-0,-0,-0,-0,-0,-0,-0,-0,-0,-0,-0,-0,-0,-0,-0,-0,-0,-0,-0,-0,-0,-0,-0,-0,-0,-0,-0,-0,-0,-0,-0,-0
-0,-0,-0,0.010893775879265618,-0,-0,-0,-0,-0,-0,-0,0.018749208100995202,-0,-0,-0,-0,-0,-0,-0,0.017829929656318261,-0,-0,-0,-0,-0,-0,-0,0.0068552661192536318,-0,-0,-0,-0
-0,-0,-0,-0,-0,-0,-0,-0,-0,-0,-0,-0,-0,-0,-0,-0,-0,-0,-0,-0,-0,-0,-0,-0,-0,-0,-0,-0,-0,-0,-0,-0
-0,-0,-0,-0,-0,-0,-0,-0,-0,-0,-0,-0,-0,-0,-0,-0,-0,-0,-0,-0,-0,-0,-0,-0,-0,-0,-0,-0,-0,-0,-0,-0
-0,-0,-0,-0,-0,-0,-0,-0,-0,-0,-0,-0,-0,-0,-0,-0,-0,-0,-0,-0,-0,-0,-0,-0,-0,-0,-0,-0,-0,-0,-0,-0
-0,-0,-0,-0,-0,-0,-0,-0,-0,-0,-0,-0,-0,-0,-0,-0,-0,-0,-0,-0,-0,-0,-0,-0,-0,-0,-0,-0,-0,-0,-0,-0
-0,0.25702204554086927,-0,-0,-0,-0,0.14137971746534408,0.03430560542753016,-0,0.26174971359345439,-0,-0,-0,-0,0.14839168097650998,0.033145703498347202,-0,0.26119836628045351,-0,-0,-0,-0,0.13869328687363991,0.027082449325308924,-0,0.24697267965697975,-0,-0,-0,-0,0.14399157239539112,0.031202207876511723
-0,0.04683341601917794,-0,-0,-0,-0,-0,-0,-0,0.049710627240082544,-0,-0,-0,-0,-0,-0,-0,0.050666040379298428,-0,-0,-0,-0,-0,-0,-0,0.038163595034476978,-0,-0,-0,-0,-0,-0
-0,-0,-0,-0,-0,-0,-0,-0,-0,-0,-0,-0,-0,-0,-0,-0,-0,-0,-0,-0,-0,-0,-0,-0,-0,-0,-0,-0,-0,-0,-0,-0
-0,0.006330156466029164,0.1316071019553034,-0,-0,-0,-0,-0,-0,-0,0.1362191618053408,-0,-0,-0,-0,-0,-0,-0,0.13097328483073192,-0,-0,-0,-0,-0,-0,0.0061191156337168416,0.13651170014596764,-0,-0,-0,-0,-0
-0,-0,-0,-0,-0,-0,-0,-0,-0,-0,-0,-0,-0,-0,-0,-0,-0,-0,-0,-0,-0,-0,-0,-0,-0,-0,-0,-0,-0,-0,-0,-0
-0,-0,-0,-0,-0,-0,-0,-0,-0,-0,-0,-0,-0,-0,-0,-0,-0,-0,-0,-0,-0,-0,-0,-0,-0,-0,-0,-0,-0,-0,-0,-0
-0,-0,-0,-0,-0,-0,-0,-0,-0,-0,-0,-0,-0,-0,-0,-0,-0,-0,-0,-0,-0,-0,-0,-0,-0,-0,-0,-0,-0,-0,-0,-0
-0,-0,-0,-0,-0,-0,-0,-0,-0,-0,-0,-0,-0,-0,-0,-0,-0,-0,-0,-0,-0,-0,-0,-0,-0,-0,-0,-0,-0,-0,-0,-0
-0,-0,-0,-0,-0,-0,-0,-0,-0,-0,-0,-0,-0,-0,-0,-0,-0,-0,-0,-0,-0,-0,-0,-0,-0,-0,-0,-0,-0,-0,-0,-0
-0,-0,-0,-0,-0,-0,-0,-0,-0,-0,-0,-0,-0,-0,-0,-0,-0,-0,-0,-0,-0,-0,-0,-0,-0,-0,-0,-0,-0,-0,-0,-0
-0,-0,-0,-0,-0,-0,-0,-0,-0,-0,-0,-0,-0,-0,-0,-0,-0,-0,-0,-0,-0,-0,-0,-0,-0,-0,-0,-0,-0,-0,-0,-0
0.12032046751937885,-0,-0,0.10463746895140687,0.028386221000892144,0.21490003282127262,0.039167180265094088,-0,0.10356437475204637,-0,-0,0.10889231070878858,0.030982968462376023,0.21575363845511344,0.043482040596784094,-0,0.11946832711515096,-0,-0,0.10350611350837077,0.023002978668309745,0.21976813374556672,0.038461756459651456,-0,0.11788232648053229,-0,-0,0.099751864523521611,0.029587694449787909,0.21126084590765806,0.023308375782309196,-0
-0,-0,-0,-0,-0,-0,-0,-0,-0,-0,-0,-0,-0,-0,-0,-0,-0,-0,-0,-0,-0,-0,-0,-0,-0,-0,-0,-0,-0,-0,-0,-0
-0,-0,-0,-0,-0,-0,-0,-0,-0,-0,-0,-0,-0,-0,-0,-0,-0,-0,-0,-0,-0,-0,-0,-0,-0,-0,-0,-0,-0,-0,-0,-0
-0,-0,-0,-0,-0,-0,-0,-0,-0,-0,-0,-0,-0,-0,-0,-0,-0,-0,-0,-0,-0,-0,-0,-0,-0,-0,-0,-0,-0,-0,-0,-0
-0,-0,-0,-0,-0,-0,-0,-0,-0,-0,-0,-0,-0,-0,-0,-0,-0,-0,-0,-0,-0,-0,-0,-0,-0,-0,-0,-0,-0,-0,-0,-0
-0,-0,-0,-0,-0,-0,-0,-0,-0,-0,-0,-0,-0,-0,-0,-0,-0,-0,-0,-0,-0,-0,-0,-0,-0,-0,-0,-0,-0,-0,-0,-0
-0,-0,-0,-0,-0,-0,-0,-0,-0,-0,-0,-0,-0,-0,-0,-0,-0,-0,-0,-0,-0,-0,-0,-0,-0,-0,-0,-0,-0,-0,-0,-0
-0,-0,-0,-0,-0,-0,-0,-0,-0,-0,-0,-0,-0,-0,-0,-0,-0,-0,-0,-0,-0,-0,-0,-0,-0,-0,-0,-0,-0,-0,-0,-0
0.026339437069480706,-0,-0,0.11770060504136065,0.080742097622389639,-0,-0,-0,0.026674027404817575,-0,-0,0.11998022107699956,0.066215670406608557,-0,-0,-0,0.033851140224328786,-0,-0,0.12631698283731457,0.081533360876399341,-0,-0,-0,0.023235859898453295,-0,-0,0.11813542664124085,0.081285227724622267,-0,-0,-0
-0,-0,-0,-0,-0,-0,-0,-0,-0,-0,-0,-0,-0,-0,-0,-0,-0,-0,-0,-0,-0,-0,-0,-0,-0,-0,-0,-0,-0,-0,-0,-0
-0,0.24822240258145895,-0,-0,-0,-0,0.25304497890795902,-0,-0,0.25576215603291924,-0,-0,-0,-0,0.25602675458226265,-0,-0,0.24878882067998326,-0,-0,-0,-0,0.26209649879154007,-0,-0,0.23188912674755924,-0,-0,-0,-0,0.2503850261855044,-0
-0,-0,-0,-0,-0,-0,-0,-0,-0,-0,-0,-0,-0,-0,-0,-0,-0,-0,-0,-0,-0,-0,-0,-0,-0,-0,-0,-0,-0,-0,-0,-0
-0,-0,-0,-0,-0,-0,-0,-0,-0,-0,-0,-0,-0,-0,-0,-0,-0,-0,-0,-0,-0,-0,-0,-0,-0,-0,-0,-0,-0,-0,-0,-0
-0,-0,-0,-0,-0,-0,-0,-0,-0,-0,-0,-0,-0,-0,-0,-0,-0,-0,-0,-0,-0,-0,-0,-0,-0,-0,-0,-0,-0,-0,-0,-0
-0,-0,-0,-0,-0,-0,-0,-0,-0,-0,-0,-0,-0,-0,-0,-0,-0,-0,-0,-0,-0,-0,-0,-0,-0,-0,-0,-0,-0,-0,-0,-0
-0,-0,-0,-0,-0,-0,-0,-0,-0,-0,-0,-0,-0,-0,-0,-0,-0,-0,-0,-0,-0,-0,-0,-0,-0,-0,-0,-0,-0,-0,-0,-0
0.056820546656922891,0.025148123192735204,-0,-0,-0,-0,0.16253692179494042,-0,0.064825870289938192,0.03302910489684923,-0,-0,-0,-0,0.16378243272004409,-0,0.058791987997003456,0.02622815237248018,-0,-0,-0,-0,0.16599291216859771,-0,0.05142816174890126,0.014208516416790166,-0,-0,-0,-0,0.16192571837749126,-0
-0,-0,0.002202460506086675,-0,-0,-0,-0,-0,-0,-0,0.0024554166210168831,-0,-0,-0,-0,-0,-0,-0,0.0013086343293412671,-0,-0,-0,-0,-0,-0,-0,0.0050465806910982075,-0,-0,-0,-0,-0
-0,-0,0.24158453009791164,0.34933430744996175,0.28671116149152842,0.12577467360826125,0.074618016758111555,0.043534714691180157,-0,-0,0.23456832745067549,0.3487063583246871,0.27779178727287085,0.13106508404799339,0.08267511104479458,0.035768259503424736,-0,-0,0.22930390632978101,0.35032515244067391,0.27396871008367246,0.13786199527542559,0.066944754165674303,0.049402551660621991,-0,-0,0.24462855586311547,0.34997468749652344,0.28301054113306617,0.12139913361931957,0.057726130403659322,0.057178672874127257
0.081742203753517512,0.19108674701435996,0.24931242857299787,0.097220164988707503,0.1606788135430309,0.15463153433609519,-0,0.17239035408945047,0.084586196359662996,0.19852200749987525,0.2508279445417172,0.095369485964721237,0.16088134694243378,0.15632089622448772,-0,0.16169936403667409,0.091214842990475054,0.18727474442899275,0.24673973021291837,0.10988404907877801,0.15309150475460842,0.15696475422292033,-0,0.18306696753733337,0.088245765118966993,0.18823637462759016,0.26067045582616349,0.10080070899744392,0.16311108999492385,0.15342663613387339,-0,0.17573655052644632
-0,-0,-0,-0,-0,-0,-0,-0,-0,-0,-0,-0,-0,-0,-0,-0,-0,-0,-0,-0,-0,-0,-0,-0,-0,-0,-0,-0,-0,-0,-0,-0
0.091589822938383206,-0,-0,0.039405276773136266,-0,0.22859906399328536,-0,-0,0.087876761129537809,-0,-0,0.033827958248564854,-0,0.22654962121404368,-0,-0,0.087408039850596003,-0,-0,0.034115293960380016,-0,0.21854141361847673,-0,-0,0.094684389954056578,-0,-0,0.041126246842844355,-0,0.22698146212844378,-0,-0
0.036676201971862193,-0,-0,-0,0.072630639143232603,-0,-0,-0,0.035622009005887759,-0,-0,-0,0.068361132827341992,-0,-0,-0,0.046062425765619294,-0,-0,-0,0.059033142958045785,-0,-0,-0,0.042190234768121941,-0,-0,-0,0.067195984820820398,-0,-0,-0
-0,-0,-0,-0,-0,-0,-0,-0,-0,-0,-0,-0,-0,-0,-0,-0,-0,-0,-0,-0,-0,-0,-0,-0,-0,-0,-0,-0,-0,-0,-0,-0
-0,-0,-0,-0,-0,-0,-0,-0,-0,-0,-0,-0,-0,-0,-0,-0,-0,-0,-0,-0,-0,-0,-0,-0,-0,-0,-0,-0,-0,-0,-0,-0
-0,-0,-0,-0,-0,-0,-0,-0,-0,-0,-0,-0,-0,-0,-0,-0,-0,-0,-0,-0,-0,-0,-0,-0,-0,-0,-0,-0,-0,-0,-0,-0
-0,-0,-0,-0,-0,-0,-0,-0,-0,-0,-0,-0,-0,-0,-0,-0,-0,-0,-0,-0,-0,-0,-0,-0,-0,-0,-0,-0,-0,-0,-0,-0
-0,-0,-0,-0,-0,-0,-0,-0,-0,-0,-0,-0,-0,-0,-0,-0,-0,-0,-0,-0,-0,-0,-0,-0,-0,-0,-0,-0,-0,-0,-0,-0
-0,-0,-0,-0,-0,-0,-0,-0,-0,-0,-0,-0,-0,-0,-0,-0,-0,-0,-0,-0,-0,-0,-0,-0,-0,-0,-0,-0,-0,-0,-0,-0
-0,-0,-0,-0,-0,-0,-0,-0,-0,-0,-0,-0,-0,-0,-0,-0,-0,-0,-0,-0,-0,-0,-0,-0,-0,-0,-0,-0,-0,-0,-0,-0
-0,-0,-0,-0,-0,-0,-0,-0,-0,-0,-0,-0,-0,-0,-0,-0,-0,-0,-0,-0,-0,-0,-0,-0,-0,-0,-0,-0,-0,-0,-0,-0
-0,-0,-0,-0,-0,-0,-0,-0,-0,-0,-0,-0,-0,-0,-0,-0,-0,-0,-0,-0,-0,-0,-0,-0,-0,-0,-0,-0,-0,-0,-0,-0
-0,-0,-0,-0,-0,-0,-0,-0,-0,-0,-0,-0,-0,-0,-0,-0,-0,-0,-0,-0,-0,-0,-0,-0,-0,-0,-0,-0,-0,-0,-0,-0
-0,0.015306735543347766,-0,-0,-0,-0,-0,-0,-0,0.017718601277796807,-0,-0,-0,-0,-0,-0,-0,0.015412991925724652,-0,-0,-0,-0,-0,-0,-0,0.0052022139075581031,-0,-0,-0,-0,-0,-0
-0,0.01339555094785486,0.22516769979053461,0.16544889089025092,0.025663601881453092,0.059477082166323005,-0,-0,-0,0.01987753497646761,0.23255950130595299,0.16320145800207625,0.023959414707653923,0.051267364154212652,-0,-0,-0,0.016720853449478705,0.22331770579712629,0.16465265412128888,0.02986339683084038,0.058610205253488465,-0,-0,-0,0.0061213419416709701,0.23393423528220358,0.17288011272700407,0.028442529332610617,0.06278578290343495,-0,-0
-0,-0,-0,-0,-0,-0,-0,-0,-0,-0,-0,-0,-0,-0,-0,-0,-0,-0,-0,-0,-0,-0,-0,-0,-0,-0,-0,-0,-0,-0,-0,-0
-0,-0,-0,-0,-0,-0,-0,-0,-0,-0,-0,-0,-0,-0,-0,-0,-0,-0,-0,-0,-0,-0,-0,-0,-0,-0,-0,-0,-0,-0,-0,-0
-0,-0,-0,-0,-0,-0,-0,-0,-0,-0,-0,-0,-0,-0,-0,-0,-0,-0,-0,-0,-0,-0,-0,-0,-0,-0,-0,-0,-0,-0,-0,-0
-0,-0,0.13893038821919043,0.13346119016634764,0.189995271289078,-0,-0,-0,-0,-0,0.13902690693336719,0.14038064011132517,0.17422367489581739,-0,-0,-0,-0,-0,0.13458552043186348,0.14493859569399831,0.19454422230651114,-0,-0,-0,-0,-0,0.12991946578457941,0.13017289694768322,0.19014431603897078,-0,-0,-0
-0,-0,-0,-0,-0,-0,-0,-0,-0,-0,-0,-0,-0,-0,-0,-0,-0,-0,-0,-0,-0,-0,-0,-0,-0,-0,-0,-0,-0,-0,-0,-0
-0,-0,-0,-0,-0,-0,-0,-0,-0,-0,-0,-0,-0,-0,-0,-0,-0,-0,-0,-0,-0,-0,-0,-0,-0,-0,-0,-0,-0,-0,-0,-0
-0,-0,-0,-0,-0,-0,-0,-0,-0,-0,-0,-0,-0,-0,-0,-0,-0,-0,-0,-0,-0,-0,-0,-0,-0,-0,-0,-0,-0,-0,-0,-0
-0,-0,-0,-0,0.10732949245737854,-0,-0,-0,-0,-0,-0,-0,0.09685572336000646,-0,-0,-0,-0,-0,-0,-0,0.10347456057274285,-0,-0,-0,-0,-0,-0,-0,0.10588732913202407,-0,-0,-0
-0,-0,-0,-0,-0,-0,-0,-0,-0,-0,-0,-0,-0,-0,-0,-0,-0,-0,-0,-0,-0,-0,-0,-0,-0,-0,-0,-0,-0,-0,-0,-0
0.45322629873212628,0.65691699989784347,0.54991443088144776,0.90913726506362103,0.80656756212715008,0.34876439452036212,0.15317641641531599,0.028196392234876268,0.45142075729048337,0.65303670429083416,0.52515609082385295,0.92123463115756621,0.78830541810028054,0.34927501782318965,0.16051841536172565,0.027685771849849314,0.45125787458513233,0.6735597166035433,0.54113878842399765,0.92562378920158495,0.8075728551328708,0.35313169615072121,0.15090601568778694,0.031016056646124727,0.44432088865678954,0.66593345914043367,0.54376625879850293,0.89747391266130683,0.79842301681048078,0.34377456278861901,0.14380952376711548,0.029315592976304278
-0,-0,-0,-0,-0,-0,-0,-0,-0,-0,-0,-0,-0,-0,-0,-0,-0,-0,-0,-0,-0,-0,-0,-0,-0,-0,-0,-0,-0,-0,-0,-0
-0,0.33950045794768163,-0,-0,-0,-0,0.011401515281437092,-0,-0,0.33494280158604062,-0,-0,-0,-0,0.015114102504374269,-0,-0,0.34405420253176983,-0,-0,-0,-0,0.0097724452188619176,-0,-0,0.3316964264596835,-0,-0,-0,-0,0.022050552069437075,-0
-0,-0,-0,-0,-0,-0,-0,-0,-0,-0,-0,-0,-0,-0,-0,-0,-0,-0,-0,-0,-0,-0,-0,-0,-0,-0,-0,-0,-0,-0,-0,-0
-0,-0,-0,-0,-0,-0,-0,-0,-0,-0,-0,-0,-0,-0,-0,-0,-0,-0,-0,-0,-0,-0,-0,-0,-0,-0,-0,-0,-0,-0,-0,-0
-0,-0,0.2697456527739267,-0,0.13507315120114219,-0,-0,-0,-0,-0,0.27395995114858501,-0,0.12846153372483107,-0,-0,-0,-0,-0,0.26916991259414758,-0,0.12613569238292829,-0,-0,-0,-0,-0,0.26654009886936891,-0,0.13156754970087181,-0,-0,-0
-0,-0,-0,-0,-0,-0,-0,-0,-0,-0,-0,-0,-0,-0,-0,-0,-0,-0,-0,-0,-0,-0,-0,-0,-0,-0,-0,-0,-0,-0,-0,-0
-0,-0,-0,0.13474307483882542,0.37306487541171629,-0,0.33132595890665911,-0,-0,-0,-0,0.12665257292647369,0.37733809896103948,-0,0.33199105198921253,-0,-0,-0,-0,0.13093183788740118,0.36999259054800682,-0,0.33010277629128953,-0,-0,-0,-0,0.13204861828479555,0.3758257089727029,-0,0.3306026609656299,-0
-0,-0,-0,-0,-0,-0,-0,-0,-0,-0,-0,-0,-0,-0,-0,-0,-0,-0,-0,-0,-0,-0,-0,-0,-0,-0,-0,-0,-0,-0,-0,-0
0.018747825075908175,-0,-0,-0,-0,-0,-0,-0,0.017344170971938688,-0,-0,-0,-0,-0,-0,-0,0.0090060439550372403,-0,-0,-0,-0,-0,-0,-0,0.012643783729268873,-0,-0,-0,-0,-0,-0,-0
-0,-0,-0,0.012203627517958273,0.059580321914650639,-0,-0,-0,-0,-0,-0,0.020440434376936344,0.044154905027918412,-0,-0,-0,-0,-0,-0,0.019451643496931102,0.059727998279029304,-0,-0,-0,-0,-0,-0,0.009271061705026503,0.056127056718822586,-0,-0,-0
-0,-0,-0,-0,0.024535564974865507,-0,-0,-0,-0,-0,-0,-0,0.028954946073620185,-0,-0,-0,-0,-0,-0,-0,0.029061554079477747,-0,-0,-0,-0,-0,-0,-0,0.027227261603819584,-0,-0,-0
-0,0.053817938823300854,0.19626001274564922,0.19102043134091354,0.1642566924834768,-0,-0,-0,-0,0.049425593450581388,0.18925324478291064,0.19951150165293943,0.16583736882475805,-0,-0,-0,-0,0.060584577428697245,0.18653168403801443,0.19349309342241403,0.16097219126231249,-0,-0,-0,-0,0.066521915783437066,0.19161573016021069,0.17346562306493199,0.16697505583258695,-0,-0,-0
-0,-0,-0,-0,-0,-0,-0,-0,-0,-0,-0,-0,-0,-0,-0,-0,-0,-0,-0,-0,-0,-0,-0,-0,-0,-0,-0,-0,-0,-0,-0,-0
-0,-0,-0,-0,-0,-0,-0,-0,-0,-0,-0,-0,-0,-0,-0,-0,-0,-0,-0,-0,-0,-0,-0,-0,-0,-0,-0,-0,-0,-0,-0,-0
-0,-0,-0,0.058388717680322361,-0,0.026237936967160657,0.20751187067003934,-0,-0,-0,-0,0.056537386536029688,-0,0.026202959977458265,0.21069020669713739,-0,-0,-0,-0,0.060187926763659243,-0,0.024674506369643391,0.21694686865956359,-0,-0,-0,-0,0.058786044483023131,-0,0.026764349781477334,0.20139064276196422,-0
-0,-0,-0,-0,-0,-0,-0,-0,-0,-0,-0,-0,-0,-0,-0,-0,-0,-0,-0,-0,-0,-0,-0,-0,-0,-0,-0,-0,-0,-0,-0,-0
-0,-0,-0,-0,-0,-0,-0,-0,-0,-0,-0,-0,-0,-0,-0,-0,-0,-0,-0,-0,-0,-0,-0,-0,-0,-0,-0,-0,-0,-0,-0,-0
-0,-0,-0,0.050731216786450463,0.15761007698972332,-0,-0,-0,-0,-0,-0,0.059627243712241026,0.15716168245114728,-0,-0,-0,-0,-0,-0,0.047357310022232986,0.15815438195824252,-0,-0,-0,-0,-0,-0,0.038640179909260775,0.15902282595512371,-0,-0,-0
-0,0.50016389135656925,0.042239456029053712,0.5689436956306857,0.61074847703944435,-0,0.019556628085469069,0.15408628595522686,-0,0.49648847440936955,0.026284662337894255,0.58151474748220333,0.59324821641954506,-0,0.024178883494696286,0.14425264892352924,-0,0.51043643636739,0.034727377736092094,0.58530654934636206,0.6115741545504455,-0,0.01801211279653412,0.16496275231538529,-0,0.50983393363766705,0.048313598627336293,0.56381602749883253,0.60083855815181531,-0,0.0072444730820676578,0.16150904469189964
0.4190654493344676,0.40504031027789283,0.23769102895910457,0.52838805980170422,0.20323552724387398,0.20832574684354255,0.37068509112443354,0.11148820645929931,0.42340217243708156,0.41981811171442468,0.23317154591294073,0.52146574312600291,0.21365291475853848,0.20427351073609468,0.37200758608834383,0.101798034317307,0.4117272261033047,0.41167238639418702,0.23590492852881242,0.55180703963502331,0.21277735612843549,0.20365025420380431,0.38061817875819676,0.11504526133006958,0.42432277402421309,0.39322833656501249,0.24555599785467042,0.53105670137214778,0.20356544616898486,0.20603149440299073,0.36390670807987729,0.09886376045896314
-0,-0,-0,-0,-0,-0,-0,-0,-0,-0,-0,-0,-0,-0,-0,-0,-0,-0,-0,-0,-0,-0,-0,-0,-0,-0,-0,-0,-0,-0,-0,-0
-0,-0,-0,-0,-0,-0,-0,-0,-0,-0,-0,-0,-0,-0,-0,-0,-0,-0,-0,-0,-0,-0,-0,-0,-0,-0,-0,-0,-0,-0,-0,-0
-0,-0,-0,-0,-0,-0,-0,-0,-0,-0,-0,-0,-0,-0,-0,-0,-0,-0,-0,-0,-0,-0,-0,-0,-0,-0,-0,-0,-0,-0,-0,-0
-0,-0,-0,-0,-0,-0,-0,-0,-0,-0,-0,-0,-0,-0,-0,-0,-0,-0,-0,-0,-0,-0,-0,-0,-0,-0,-0,-0,-0,-0,-0,-0
0.0033986436693665286,0.058167651107820829,0.049287159518449697,0.13422548282522867,-0,-0,-0,-0,0.0037415465046230297,0.059182181739434958,0.04436617519211157,0.14153049402539045,-0,-0,-0,-0,0.0012632471783832692,0.061901544291070053,0.045776696305892373,0.15097812239520911,-0,-0,-0,-0,-0,0.065356395846000559,0.044998646192654951,0.1171693749799045,-0,-0,-0,-0
-0,0.21374464302802132,-0,-0,-0,-0,-0,-0,-0,0.22181943021256526,-0,-0,-0,-0,-0,-0,-0,0.22778326577969751,-0,-0,-0,-0,-0,-0,-0,0.19902118628229426,-0,-0,-0,-0,-0,-0
0.10585494869123963,-0,-0,-0,-0,-0,-0,-0,0.1039448793976489,-0,-0,-0,-0,-0,-0,-0,0.10291539593349772,-0,-0,-0,-0,-0,-0,-0,0.094209175305974946,-0,-0,-0,-0,-0,-0,-0
-0,-0,-0,-0,-0,-0,-0,-0,-0,-0,-0,-0,-0,-0,-0,-0,-0,-0,-0,-0,-0,-0,-0,-0,-0,-0,-0,-0,-0,-0,-0,-0
-0,-0,-0,-0,-0,-0,-0,-0,-0,-0,-0,-0,-0,-0,-0,-0,-0,-0,-0,-0,-0,-0,-0,-0,-0,-0,-0,-0,-0,-0,-0,-0
-0,-0,-0,-0,-0,-0,-0,-0,-0,-0,-0,-0,-0,-0,-0,-0,-0,-0,-0,-0,-0,-0,-0,-0,-0,-0,-0,-0,-0,-0,-0,-0
-0,-0,-0,-0,-0,-0,-0,-0,-0,-0,-0,-0,-0,-0,-0,-0,-0,-0,-0,-0,-0,-0,-0,-0,-0,-0,-0,-0,-0,-0,-0,-0
-0,-0,-0,-0,-0,-0,0.12428480635701378,-0,-0,-0,-0,-0,-0,-0,0.12656778120042125,-0,-0,-0,-0,-0,-0,-0,0.12731128545235304,-0,-0,-0,-0,-0,-0,-0,0.12947805608130097,-0
-0,-0,-0,-0,-0,-0,-0,-0,-0,-0,-0,-0,-0,-0,-0,-0,-0,-0,-0,-0,-0,-0,-0,-0,-0,-0,-0,-0,-0,-0,-0,-0
-0,-0,-0,-0,-0,-0,-0,-0,-0,-0,-0,-0,-0,-0,-0,-0,-0,-0,-0,-0,-0,-0,-0,-0,-0,-0,-0,-0,-0,-0,-0,-0
-0,-0,-0,-0,-0,-0,-0,-0,-0,-0,-0,-0,-0,-0,-0,-0,-0,-0,-0,-0,-0,-0,-0,-0,-0,-0,-0,-0,-0,-0,-0,-0
-0,-0,-0,-0,-0,-0,-0,-0,-0,-0,-0,-0,-0,-0,-0,-0,-0,-0,-0,-0,-0,-0,-0,-0,-0,-0,-0,-0,-0,-0,-0,-0
-0,-0,-0,-0,-0,-0,-0,-0,-0,-0,-0,-0,-0,-0,-0,-0,-0,-0,-0,-0,-0,-0,-0,-0,-0,-0,-0,-0,-0,-0,-0,-0
-0,-0,-0,-0,-0,-0,-0,-0,-0,-0,-0,-0,-0,-0,-0,-0,-0,-0,-0,-0,-0,-0,-0,-0,-0,-0,-0,-0,-0,-0,-0,-0
0.0083102811575974499,-0,-0,0.011702145086568231,-0,-0,-0,-0,-0,-0,-0,0.011943786420816945,-0,-0,-0,-0,0.019601710614244771,-0,-0,0.024052196725655398,-0,-0,-0,-0,0.0083269153338514802,-0,-0,0.015674250794578071,-0,-0,-0,-0
-0,-0,-0,-0,-0,-0,-0,-0,-0,-0,-0,-0,-0,-0,-0,-0,-0,-0,-0,-0,-0,-0,-0,-0,-0,-0,-0,-0,-0,-0,-0,-0
-0,-0,-0,-0,-0,-0,-0,-0,-0,-0,-0,-0,-0,-0,-0,-0,-0,-0,-0,-0,-0,-0,-0,-0,-0,-0,-0,-0,-0,-0,-0,-0
-0,-0,-0,-0,-0,-0,-0,-0,-0,-0,-0,-0,-0,-0,-0,-0,-0,-0,-0,-0,-0,-0,-0,-0,-0,-0,-0,-0,-0,-0,-0,-0
-0,-0,-0,-0,-0,-0,-0,-0,-0,-0,-0,-0,-0,-0,-0,-0,-0,-0,-0,-0,-0,-0,-0,-0,-0,-0,-0,-0,-0,-0,-0,-0
-0,-0,-0,-0,-0,0.01594249327050452,-0,-0,-0,-0,-0,-0,-0,0.01161267660955788,-0,-0,-0,-0,-0,-0,-0,0.0076650297313386826,-0,-0,-0,-0,-0,-0,-0,0.016676198498051985,-0,-0
-0,-0,-0,-0,-0,-0,-0,-0,-0,-0,-0,-0,-0,-0,-0,-0,-0,-0,-0,-0,-0,-0,-0,-0,-0,-0,-0,-0,-0,-0,-0,-0
-0,-0,-0,-0,-0,-0,-0,-0,-0,-0,-0,-0,-0,-0,-0,-0,-0,-0,-0,-0,-0,-0,-0,-0,-0,-0,-0,-0,-0,-0,-0,-0
-0,-0,-0,-0,-0,-0,-0,-0,-0,-0,-0,-0,-0,-0,-0,-0,-0,-0,-0,-0,-0,-0,-0,-0,-0,-0,-0,-0,-0,-0,-0,-0
-0,-0,-0,0.24269496061500637,0.041476870970154268,-0,-0,-0,-0,-0,-0,0.2440758386014045,0.038019081447791592,-0,-0,-0,-0,-0,-0,0.24940796904681639,0.045895303111788813,-0,-0,-0,-0,-0,-0,0.24196510437383442,0.042151612835817059,-0,-0,-0
-0,-0,-0,-0,-0,-0,-0,-0,-0,-0,-0,-0,-0,-0,-0,-0,-0,-0,-0,-0,-0,-0,-0,-0,-0,-0,-0,-0,-0,-0,-0,-0
-0,0.024419897005442292,-0,-0,-0,-0,-0,-0,-0,0.027077272075715711,-0,-0,-0,-0,-0,-0,-0,0.040212333928822064,-0,-0,-0,-0,-0,-0,-0,0.022340308101198313,-0,-0,-0,-0,-0,-0
-0,-0,-0,-0,-0,-0,-0,-0,-0,-0,-0,-0,-0,-0,-0,-0,-0,-0,-0,-0,-0,-0,-0,-0,-0,-0,-0,-0,-0,-0,-0,-0
-0,-0,-0,-0,-0,-0,-0,-0,-0,-0,-0,-0,-0,-0,-0,-0,-0,-0,-0,-0,-0,-0,-0,-0,-0,-0,-0,-0,-0,-0,-0,-0
-0,-0,-0,-0,-0,-0,-0,-0,-0,-0,-0,-0,-0,-0,-0,-0,-0,-0,-0,-0,-0,-0,-0,-0,-0,-0,-0,-0,-0,-0,-0,-0
-0,-0,-0,0.046325982005386929,0.23215813338028546,-0,-0,-0,-0,-0,-0,0.049329375330178851,0.22592767507653391,-0,-0,-0,-0,-0,-0,0.048970771991282018,0.23249186722450088,-0,-0,-0,-0,-0,-0,0.050376431445212429,0.23125398512246206,-0,-0,-0
-0,-0,-0,-0,-0,-0,-0,-0,-0,-0,-0,-0,-0,-0,-0,-0,-0,-0,-0,-0,-0,-0,-0,-0,-0,-0,-0,-0,-0,-0,-0,-0
-0,-0,-0,-0,-0,-0,-0,-0,-0,-0,-0,-0,-0,-0,-0,-0,-0,-0,-0,-0,-0,-0,-0,-0,-0,-0,-0,-0,-0,-0,-0,-0
-0,-0,-0,-0,-0,-0,-0,-0,-0,-0,-0,-0,-0,-0,-0,-0,-0,-0,-0,-0,-0,-0,-0,-0,-0,-0,-0,-0,-0,-0,-0,-0
0.26114170512389623,0.22696215060536534,-0,-0,0.31447168366351902,-0,0.38798111520687667,-0,0.26952948010389693,0.2212671995015171,-0,-0,0.30688518564944695,-0,0.39030758980094327,-0,0.25365837290957044,0.22581934969692585,-0,-0,0.31252623347219743,-0,0.39119557371230557,-0,0.25716894542560009,0.21679094274527458,-0,-0,0.31159096698988598,-0,0.39482315373498161,-0
-0,-0,-0,-0,-0,-0,-0,-0,-0,-0,-0,-0,-0,-0,-0,-0,-0,-0,-0,-0,-0,-0,-0,-0,-0,-0,-0,-0,-0,-0,-0,-0
-0,-0,-0,-0,-0,-0,-0,-0,-0,-0,-0,-0,-0,-0,-0,-0,-0,-0,-0,-0,-0,-0,-0,-0,-0,-0,-0,-0,-0,-0,-0,-0
-0,-0,-0,-0,-0,-0,-0,-0,-0,-0,-0,-0,-0,-0,-0,-0,-0,-0,-0,-0,-0,-0,-0,-0,-0,-0,-0,-0,-0,-0,-0,-0
-0,-0,-0,-0,-0,-0,-0,-0,-0,-0,-0,-0,-0,-0,-0,-0,-0,-0,-0,-0,-0,-0,-0,-0,-0,-0,-0,-0,-0,-0,-0,-0
-0,-0,-0,-0,-0,-0,-0,-0,-0,-0,-0,-0,-0,-0,-0,-0,-0,-0,-0,-0,-0,-0,-0,-0,-0,-0,-0,-0,-0,-0,-0,-0
0.28113205514317013,0.25690974021119761,0.24064338515406966,0.25235156916324791,0.33100317817956409,-0,-0,-0,0.2852764929212328,0.245902391297699,0.23503593520251809,0.25581165306521836,0.31722747494932196,-0,-0,-0,0.27806984440997362,0.25828046110962422,0.23880177092009372,0.26234605487792845,0.3347982984672318,-0,-0,-0,0.27601431854411046,0.25871831735298023,0.22737383820097759,0.23646143442115689,0.32996338723891006,-0,-0,-0
-0,-0,-0,-0,-0,-0,-0,-0,-0,-0,-0,-0,-0,-0,-0,-0,-0,-0,-0,-0,-0,-0,-0,-0,-0,-0,-0,-0,-0,-0,-0,-0
-0,-0,-0,-0,-0,-0,-0,-0,-0,-0,-0,-0,-0,-0,-0,-0,-0,-0,-0,-0,-0,-0,-0,-0,-0,-0,-0,-0,-0,-0,-0,-0
-0,-0,-0,-0,-0,-0,-0,-0,-0,-0,-0,-0,-0,-0,-0,-0,-0,-0,-0,-0,-0,-0,-0,-0,-0,-0,-0,-0,-0,-0,-0,-0
-0,-0,-0,-0,-0,-0,-0,-0,-0,-0,-0,-0,-0,-0,-0,-0,-0,-0,-0,-0,-0,-0,-0,-0,-0,-0,-0,-0,-0,-0,-0,-0
-0,0.17604710048893255,-0,-0,-0,-0,-0,0.02382362410286527,-0,0.17850250416966829,-0,-0,-0,-0,-0,0.016545140581404445,-0,0.17160071206895378,-0,-0,-0,-0,-0,0.030748764733365089,-0,0.17919253138930943,-0,-0,0.0061781062611680282,-0,-0,0.024336446993002255
-0,-0,-0,-0,-0,-0,-0,-0,-0,-0,-0,-0,-0,-0,-0,-0,-0,-0,-0,-0,-0,-0,-0,-0,-0,-0,-0,-0,-0,-0,-0,-0
-0,-0,-0,-0,-0,-0,-0,-0,-0,-0,-0,-0,-0,-0,-0,-0,-0,-0,-0,-0,-0,-0,-0,-0,-0,-0,-0,-0,-0,-0,-0,-0
-0,-0,-0,-0,-0,-0,-0,-0,-0,-0,-0,-0,-0,-0,-0,-0,-0,-0,-0,-0,-0,-0,-0,-0,-0,-0,-0,-0,-0,-0,-0,-0
-0,-0,-0,-0,-0,-0,-0,-0,-0,-0,-0,-0,-0,-0,-0,-0,-0,-0,-0,-0,-0,-0,-0,-0,-0,-0,-0,-0,-0,-0,-0,-0
-0,0.20687778805150861,0.070058604664148913,0.080614615447173327,0.18173281616801504,-0,0.066902700533365125,-0,-0,0.20897338705298507,0.067568123948401781,0.078504458890048159,0.18169367947753604,-0,0.065349995059415203,-0,-0,0.20151729470028007,0.066959329737638393,0.090903777185336446,0.18243805768196877,-0,0.071264690167223615,-0,-0,0.20468910312023045,0.075431635563872224,0.080565512917720183,0.18785312896741013,-0,0.0595071517241854,-0
-0,-0,-0,-0,-0,-0,-0,-0,-0,-0,-0,-0,-0,-0,-0,-0,-0,-0,-0,-0,-0,-0,-0,-0,-0,-0,-0,-0,-0,-0,-0,-0
-0,-0,-0,-0,-0,-0,-0,-0,-0,-0,-0,-0,-0,-0,-0,-0,-0,-0,-0,-0,-0,-0,-0,-0,-0,-0,-0,-0,-0,-0,-0,-0
-0,-0,-0,-0,-0,-0,-0,-0,-0,-0,-0,-0,-0,-0,-0,-0,-0,-0,-0,-0,-0,-0,-0,-0,-0,-0,-0,-0,-0,-0,-0,-0
-0,0.098735109839192134,0.012683567839751398,0.037493215861862779,0.12033698738804478,0.198481801923655,-0,-0,-0,0.095568226025211478,0.00092861633472729563,0.039823002626955421,0.11032013737979456,0.19540542242508926,-0,-0,-0,0.10112067113656185,0.01352496180030156,0.035086228451793822,0.12202122405120426,0.19726534005450741,-0,-0,-0,0.099612990030833057,0.0093345018698332803,0.037214114146838194,0.11858250083644439,0.19936929171015733,-0,-0
0.16505576771992819,0.10020432858476006,-0,0.24981371531915353,0.062371189791843896,0.51342414521117863,0.32982680743516057,-0,0.15513727580809528,0.10094124754624761,-0,0.25543029489235103,0.059579832553762035,0.51184179488700909,0.33659317628599661,-0,0.16403242588027209,0.095947637567070337,-0,0.24392370047725534,0.062716014801229805,0.51612930443384331,0.33067898206166801,-0,0.15809881616964916,0.11280073083192922,-0,0.24315302836067179,0.063656380709021826,0.51179270185060088,0.31240853471664604,-0
-0,-0,-0,-0,-0,-0,-0,-0,-0,-0,-0,-0,-0,-0,-0,-0,-0,-0,-0,-0,-0,-0,-0,-0,-0,-0,-0,-0,-0,-0,-0,-0
0.09761012105006342,-0,-0,-0,-0,0.0265807237064439,-0,-0,0.088541690802631134,-0,-0,-0,-0,0.032074836861288814,-0,-0,0.1124281065928453,-0,-0,-0,-0,0.026768747244060011,-0,-0,0.10263925686875899,-0,-0,-0,-0,0.023579395151250352,-0,-0
-0,-0,-0,-0,-0,-0,-0,-0,-0,-0,-0,-0,-0,-0,-0,-0,-0,-0,-0,-0,-0,-0,-0,-0,-0,-0,-0,-0,-0,-0,-0,-0
-0,-0,-0,-0,-0,-0,-0,-0,-0,-0,-0,-0,-0,-0,-0,-0,-0,-0,-0,-0,-0,-0,-0,-0,-0,-0,-0,-0,-0,-0,-0,-0
-0,0.03674884232961461,-0,-0,-0,-0,-0,-0,-0,0.044512324074358893,-0,-0,-0,-0,-0,-0,-0,0.041493488970498829,-0,-0,-0,-0,-0,-0,-0,0.028058600520308657,-0,-0,-0,-0,-0,-0
-0,-0,-0,-0,-0,-0,-0,-0,-0,-0,-0,-0,-0,-0,-0,-0,-0,-0,-0,-0,-0,-0,-0,-0,-0,-0,-0,-0,-0,-0,-0,-0
-0,-0,-0,-0,-0,-0,-0,-0,-0,-0,-0,-0,-0,-0,-0,-0,-0,-0,-0,-0,-0,-0,-0,-0,-0,-0,-0,-0,-0,-0,-0,-0
0.28053994488590522,0.26769975988133882,-0,0.66954314524593683,0.8325446339283461,-0,0.16379433610066299,0.060051213567738251,0.28320734023626187,0.25500004330275039,-0,0.67625079437773816,0.80869264956639053,-0,0.16749600470547668,0.062729172099911745,0.27456712833899005,0.2802714905197341,-0,0.68499357085636758,0.83274795838679538,-0,0.15676415597115093,0.069520443230137965,0.27436090656861439,0.26805970055140327,-0,0.65536195719281254,0.83096456323938972,-0,0.16097585543133353,0.066971361573458218
-0,-0,-0,-0,-0,-0,-0,-0,-0,-0,-0,-0,-0,-0,-0,-0,-0,-0,-0,-0,-0,-0,-0,-0,-0,-0,-0,-0,-0,-0,-0,-0
-0,0.18851809571520556,-0,0.15161910802630849,0.16923769044529327,-0,0.070238208429790727,0.064754811915197594,-0,0.18677470592731571,-0,0.15594507067528388,0.16472264270998974,-0,0.070665111632115946,0.0587861310208143,-0,0.18766658464584304,-0,0.16794379561489331,0.16844171062589045,-0,0.072107558353423334,0.075566758826076316,-0,0.19049299618799889,-0,0.14354547940819201,0.16948515188671864,-0,0.068591790131525887,0.06145761993078766
0.068646992297943674,0.062599374876820713,0.0048708423916101586,0.088937481113879474,0.05951078771691045,-0,-0,0.085219075619252529,0.061594583876296537,0.065600257892534694,-0,0.086684659355149546,0.059129072679797806,-0,-0,0.082917657145110013,0.078290317115163044,0.059718626201702568,-0,0.097031405859382844,0.056898787641807586,-0,-0,0.08636883307369797,0.067887597882124159,0.073819277164569139,0.0055081412081454395,0.088664877302861975,0.054237154344042283,-0,-0,0.086987345375031375
-0,0.14991486675633789,-0,-0,-0,-0,0.1970392527461535,-0,-0,0.14933687035000109,-0,-0,-0,-0,0.20433277791674961,-0,-0,0.1534618358601704,-0,-0,-0,-0,0.19745351115051321,-0,-0,0.13318053249091416,-0,-0,-0,-0,0.20237592970707974,-0
-0,-0,-0,-0,-0,-0,-0,-0,-0,-0,-0,-0,-0,-0,-0,-0,-0,-0,-0,-0,-0,-0,-0,-0,-0,-0,-0,-0,-0,-0,-0,-0
-0,-0,-0,-0,-0,-0,-0,-0,-0,-0,-0,-0,-0,-0,-0,-0,-0,-0,-0,-0,-0,-0,-0,-0,-0,-0,-0,-0,-0,-0,-0,-0
-0,0.23155985048703925,0.41128377229205232,0.10534467120522732,0.10322251725239025,0.16477508265815247,0.010839657297668443,-0,-0,0.23814620486794338,0.40127166933213959,0.10830990406073829,0.10147681298125172,0.15908677808125338,0.016818577808444441,-0,-0,0.23961493852886079,0.39328029527322628,0.094377959396558422,0.093921684156691346,0.17417485973694297,0.0067146345531465795,-0,-0,0.23330029536591521,0.41555354346427015,0.10903226961287418,0.10418457357539172,0.16126828925178788,-0,-0
-0,-0,-0,-0,-0,-0,-0,-0,-0,-0,-0,-0,-0,-0,-0,-0,-0,-0,-0,-0,-0,-0,-0,-0,-0,-0,-0,-0,-0,-0,-0,-0
-0,-0,-0,-0,-0,-0,-0,-0,-0,-0,-0,-0,-0,-0,-0,-0,-0,-0,-0,-0,-0,-0,-0,-0,-0,-0,-0,-0,-0,-0,-0,-0
-0,0.044714137370052323,-0,0.24884598735363836,0.29234997711724642,0.20228458799722193,-0,-0,-0,0.041996735369585779,-0,0.25257994188806854,0.28664569726020606,0.20502101076308965,-0,-0,-0,0.060228990464509267,-0,0.24864787177519468,0.28716401164981409,0.21234050948784391,-0,-0,-0,0.046966204333768455,-0,0.24344265019111608,0.29052416044061286,0.20042492810365151,-0,-0
-0,-0,-0,-0,-0,-0,-0,-0,-0,-0,-0,-0,-0,-0,-0,-0,-0,-0,-0,-0,-0,-0,-0,-0,-0,-0,-0,-0,-0,-0,-0,-0
-0,-0,-0,-0,-0,-0,-0,-0,-0,-0,-0,-0,-0,-0,-0,-0,-0,-0,-0,-0,-0,-0,-0,-0,-0,-0,-0,-0,-0,-0,-0,-0
-0,0.052562541890219527,-0,-0,-0,-0,-0,-0,-0,0.051750521140797236,-0,-0,-0,-0,-0,-0,-0,0.048838495505406386,-0,-0,-0,-0,-0,-0,-0,0.043706709540168878,-0,-0,-0,-0,-0,-0
-0,0.18402021562157519,-0,-0,-0,-0,-0,-0,-0,0.1867570018869863,-0,-0,-0,-0,-0,-0,-0,0.18487830471167602,-0,-0,-0,-0,-0,-0,-0,0.17910089210871707,-0,-0,-0,-0,-0,-0
-0,-0,-0,0.28568626572006967,0.1403981878064626,-0,0.034969620503403902,-0,-0,-0,-0,0.28230368395962591,0.12156004902609903,-0,0.042225910954788955,-0,-0,-0,-0,0.28352499747037918,0.13795687958055169,-0,0.027799737363824389,-0,-0,-0,-0,0.28457119959838928,0.13551929690371067,-0,0.025092940645141074,-0
-0,-0,-0,-0,-0,-0,-0,-0,-0,-0,-0,-0,-0,-0,-0,-0,-0,-0,-0,-0,-0,-0,-0,-0,-0,-0,-0,-0,-0,-0,-0,-0
-0,-0,-0,-0,-0,-0,-0,-0,-0,-0,-0,-0,-0,-0,-0,-0,-0,-0,-0,-0,-0,-0,-0,-0,-0,-0,-0,-0,-0,-0,-0,-0
-0,-0,-0,-0,0.072004293907188335,-0,-0,-0,-0,-0,-0,-0,0.066293975689801554,-0,-0,-0,-0,-0,-0,-0,0.06654678620689973,-0,-0,-0,-0,-0,-0,-0,0.071663397457049846,-0,-0,-0
0.19664809647535134,0.08609305594394942,-0,0.017669784064855733,0.1182126173683503,-0,-0,-0,0.18548020069858159,0.086263936355260945,-0,0.021750135247172404,0.11592494152060606,-0,-0,-0,0.20351682992375411,0.095450084026986584,-0,0.023969890207534029,0.11714222942267491,-0,-0,-0,0.19362482164753897,0.088137032950237254,-0,0.014758407499826464,0.1123139714601476,-0,-0,-0
-0,-0,-0,-0,-0,-0,-0,-0,-0,-0,-0,-0,-0,-0,-0,-0,-0,-0,-0,-0,-0,-0,-0,-0,-0,-0,-0,-0,-0,-0,-0,-0
-0,-0,-0,-0,-0,-0,-0,-0,-0,-0,-0,-0,-0,-0,-0,-0,-0,-0,-0,-0,-0,-0,-0,-0,-0,-0,-0,-0,-0,-0,-0,-0
-0,-0,-0,-0,-0,-0,-0,-0,-0,-0,-0,-0,-0,-0,-0,-0,-0,-0,-0,-0,-0,-0,-0,-0,-0,-0,-0,-0,-0,-0,-0,-0
-0,0.29849246125191609,-0,-0,0.058936533564426449,-0,0.25800410589300066,-0,-0,0.3021422756980166,-0,-0,0.054368429679268117,-0,0.2604095892536698,-0,-0,0.30273310888959148,-0,-0,0.055896686716016768,-0,0.26184035776416326,-0,-0,0.28532831844383472,-0,-0,0.060741326097353894,-0,0.26107785701271458,-0
-0,-0,-0,-0,-0,-0,-0,-0,-0,-0,-0,-0,-0,-0,-0,-0,-0,-0,-0,-0,-0,-0,-0,-0,-0,-0,-0,-0,-0,-0,-0,-0
-0,-0,-0,-0,-0,-0,-0,-0,-0,-0,-0,-0,-0,-0,-0,-0,-0,-0,-0,-0,-0,-0,-0,-0,-0,-0,-0,-0,-0,-0,-0,-0
-0,-0,-0,-0,-0,-0,0.34075863077218388,-0,-0,-0,-0,-0,-0,-0,0.34640625345618326,-0,-0,-0,-0,-0,-0,-0,0.34965842506424805,-0,-0,-0,-0,-0,-0,-0,0.33976278955624112,-0
-0,-0,-0,-0,-0,-0,-0,-0,-0,-0,-0,-0,-0,-0,-0,-0,-0,-0,-0,-0,-0,-0,-0,-0,-0,-0,-0,-0,-0,-0,-0,-0
-0,-0,-0,-0,-0,-0,-0,-0,-0,-0,-0,-0,-0,-0,-0,-0,-0,-0,-0,-0,-0,-0,-0,-0,-0,-0,-0,-0,-0,-0,-0,-0
-0,-0,-0,-0,-0,-0,-0,-0,-0,-0,-0,-0,-0,-0,-0,-0,-0,-0,-0,-0,-0,-0,-0,-0,-0,-0,-0,-0,-0,-0,-0,-0
-0,-0,-0,-0,-0,-0,-0,-0,-0,-0,-0,-0,-0,-0,-0,-0,-0,-0,-0,-0,-0,-0,-0,-0,-0,-0,-0,-0,-0,-0,-0,-0
-0,0.13700720460666785,-0,0.20989651975035312,0.26670678111713747,-0,0.37316333424791226,-0,-0,0.13465049444120564,-0,0.21233602071571259,0.24753748830909236,-0,0.38104092833703357,-0,-0,0.14266440077440964,-0,0.21501442735900353,0.26560100282504334,-0,0.3726947977560427,-0,-0,0.12387871351524966,-0,0.21474558409779684,0.26697754578348681,-0,0.36195548533001237,-0
-0,-0,-0,-0,0.078710856590256686,-0,0.12278127659307911,-0,-0,-0,-0,-0,0.067476477113883743,-0,0.12771201462909154,-0,-0,-0,-0,-0,0.075102176492880146,-0,0.12184613356365372,-0,-0,-0,-0,-0,0.075172561378541544,-0,0.12588514540562537,-0
-0,-0,-0,-0,-0,-0,-0,-0,-0,-0,-0,-0,-0,-0,-0,-0,-0,-0,-0,-0,-0,-0,-0,-0,-0,-0,-0,-0,-0,-0,-0,-0
-0,0.010894995463997758,-0,0.26137743099255972,-0,-0,0.13488930195481949,-0,-0,0.01558213584374844,-0,0.26173931525333916,-0,-0,0.13762740015745875,-0,-0,0.018069248717306145,-0,0.27447175324660045,-0,-0,0.14251165463386051,-0,-0,0.00095329201933824651,-0,0.25465403930340402,-0,-0,0.12662360791934529,-0
-0,-0,-0,-0,-0,-0,-0,-0,-0,-0,-0,-0,-0,-0,-0,-0,-0,-0,-0,-0,-0,-0,-0,-0,-0,-0,-0,-0,-0,-0,-0,-0
-0,-0,-0,-0,-0,-0,-0,-0,-0,-0,-0,-0,-0,-0,-0,-0,-0,-0,-0,-0,-0,-0,-0,-0,-0,-0,-0,-0,-0,-0,-0,-0
-0,0.090042021003460621,-0,0.10535250731115567,0.051137049156142957,-0,0.25239177354671727,-0,-0,0.099233288784846926,-0,0.10161972746596645,0.054560152107027415,-0,0.25974919582274714,-0,-0,0.097799403845293065,-0,0.12433057040346622,0.039551636392176161,-0,0.25711175015621152,-0,-0,0.081895042818562219,-0,0.1100590457805217,0.046921312938767952,-0,0.2427767065770188,-0
-0,0.2071841422483659,-0,0.015194173801798203,0.54106840507546472,-0,0.53230660222623127,-0,-0,0.20237205302637562,-0,0.0048735690476448797,0.5376115799218818,-0,0.53264237512935908,-0,-0,0.20708071569176525,-0,0.013907408922875114,0.53010168005267988,-0,0.53540680092300408,-0,-0,0.19471319780347515,-0,0.011666555511259351,0.54123919030492484,-0,0.53912013038463991,-0
-0,-0,-0,-0,-0,-0,-0,-0,-0,-0,-0,-0,-0,-0,-0,-0,-0,-0,-0,-0,-0,-0,-0,-0,-0,-0,-0,-0,-0,-0,-0,-0
-0,-0,-0,-0,-0,-0,-0,-0,-0,-0,-0,-0,-0,-0,-0,-0,-0,-0,-0,-0,-0,-0,-0,-0,-0,-0,-0,-0,-0,-0,-0,-0
-0,-0,-0,-0,-0,-0,-0,-0,-0,-0,-0,-0,-0,-0,-0,-0,-0,-0,-0,-0,-0,-0,-0,-0,-0,-0,-0,-0,-0,-0,-0,-0
-0,0.0024163463134822148,-0,-0,-0,-0,-0,-0,-0,0.0029393958264113109,-0,-0,-0,-0,0.0048241109054332591,-0,-0,0.003951056549700605,-0,-0,-0,-0,-0,-0,-0,-0,-0,-0,-0,-0,-0,-0
-0,-0,-0,-0,-0,-0,-0,-0,-0,-0,-0,-0,-0,-0,-0,-0,-0,-0,-0,-0,-0,-0,-0,-0,-0,-0,-0,-0,-0,-0,-0,-0
-0,-0,-0,-0,-0,-0,-0,-0,-0,-0,-0,-0,-0,-0,-0,-0,-0,-0,-0,-0,-0,-0,-0,-0,-0,-0,-0,-0,-0,-0,-0,-0
0.37491699071592077,0.17546084434709042,0.22692214324496959,0.64629825457073797,0.59959933966823742,0.13873448216722728,0.20467345020425598,0.26269863262480925,0.36482523759043883,0.17361594003683428,0.22233252231491207,0.65477255690131386,0.59998962256250743,0.1443310458433327,0.20755794969055724,0.25665869875500513,0.36272164029784837,0.18391936139889645,0.2217907956023222,0.65422300293742863,0.60024708148225669,0.14298905443003573,0.20368402645159966,0.26998407077590303,0.37202390285174808,0.1837196752143174,0.23053264763613793,0.63995407273452021,0.59499324870851111,0.13934309878501427,0.19132876593115614,0.26906841520012126
-0,-0,-0,-0,-0,-0,-0,-0,-0,-0,-0,-0,-0,-0,-0,-0,-0,-0,-0,-0,-0,-0,-0,-0,-0,-0,-0,-0,-0,-0,-0,-0
0.18537357030907284,-0,-0,0.15458653305707509,0.1978454780971077,-0,-0,-0,0.18535358112322467,-0,-0,0.15178790619664814,0.18542918675120024,-0,-0,-0,0.18456013923370385,-0,-0,0.15672071348820529,0.20193835585704561,-0,-0,-0,0.18441189037656761,-0,-0,0.15356652896454309,0.19326052910788175,-0,-0,-0
0.1822992977121172,-0,0.17116447676957572,0.28088583987373267,0.55567093075697083,0.10240842232740176,0.2127090208236036,-0,0.16543082163193376,-0,0.17579405158260822,0.27547599039822024,0.56623222462410339,0.10470411843993679,0.21154474862674791,-0,0.1821385917673469,-0,0.16565274740087771,0.27503845297798796,0.55573124680747676,0.10168707196312227,0.21212557509612329,-0,0.18965427693887105,-0,0.17299993370355715,0.2766198307366648,0.55861441166615999,0.099662154255662341,0.21412395736985837,-0
-0,0.066869043867489902,0.163565275779987,0.079691768219677203,0.0015395639670297129,0.26057514782327734,0.071639722971743508,0.010824994681911186,-0,0.071778402826463791,0.16091317144789494,0.069427843198814745,-0,0.25855564865813024,0.075132752483062296,-0,-0,0.064494085753566924,0.16162284282243614,0.085994038631086733,-0,0.26815853356046548,0.076203795025096832,0.016802244756647725,-0,0.064742530697865133,0.17216359516272903,0.082544609091974336,-0,0.25812343020550732,0.067555835318129767,0.020008854738435305
-0,-0,-0,-0,-0,-0,-0,-0,-0,-0,-0,-0,-0,-0,-0,-0,-0,-0,-0,-0,-0,-0,-0,-0,-0,-0,-0,-0,-0,-0,-0,-0
-0,-0,-0,-0,-0,-0,-0,-0,-0,-0,-0,-0,-0,-0,-0,-0,-0,-0,-0,-0,-0,-0,-0,-0,-0,-0,-0,-0,-0,-0,-0,-0
-0,-0,-0,-0,-0,-0,-0,-0,-0,-0,-0,-0,-0,-0,-0,-0,-0,-0,-0,-0,-0,-0,-0,-0,-0,-0,-0,-0,-0,-0,-0,-0
-0,-0,-0,-0,-0,-0,-0,-0,-0,-0,-0,-0,-0,-0,-0,-0,-0,-0,-0,-0,-0,-0,-0,-0,-0,-0,-0,-0,-0,-0,-0,-0
-0,0.23972253353277639,0.19949832692927869,0.24377760937784787,0.1935203269630259,-0,0.20487614471040094,-0,-0,0.2416921582505967,0.20119205602539217,0.24111396828466583,0.18961565822859044,-0,0.20499946558128657,-0,-0,0.23999614638586869,0.2000615788051186,0.26094771403569794,0.19229681118600053,-0,0.21397504112563676,-0,-0,0.22807745346731015,0.20385318788231124,0.23779095066632061,0.19531343455764891,-0,0.20582386327356783,-0
-0,0.019939709732176205,-0,-0,-0,-0,-0,-0,-0,0.02365600594240452,-0,-0,-0,-0,-0,-0,-0,0.014285481881041813,-0,-0,-0,-0,-0,-0,-0,0.016980891515765838,-0,-0,-0,-0,-0,-0
-0,-0,-0,-0,-0,-0,-0,-0,-0,-0,-0,-0,-0,-0,-0,-0,-0,-0,-0,-0,-0,-0,-0,-0,-0,-0,-0,-0,-0,-0,-0,-0
-0,-0,-0,-0,-0,-0,-0,-0,-0,-0,-0,-0,-0,-0,-0,-0,-0,-0,-0,-0,-0,-0,-0,-0,-0,-0,-0,-0,-0,-0,-0,-0
-0,-0,-0,-0,-0,-0,-0,-0,-0,-0,-0,-0,-0,-0,-0,-0,-0,-0,-0,-0,-0,-0,-0,-0,-0,-0,-0,-0,-0,-0,-0,-0
-0,-0,-0,-0,-0,-0,-0,-0,-0,-0,-0,-0,-0,-0,-0,-0,-0,-0,-0,-0,-0,-0,-0,-0,-0,-0,-0,-0,-0,-0,-0,-0
0.0060914451341503202,-0,-0,-0,-0,0.2567062793464237,-0,-0,0.005562524874583516,-0,-0,-0,-0,0.24613285519740105,-0,-0,0.00044453343143148249,-0,-0,-0,-0,0.25035180055725625,-0,-0,-0,-0,-0,-0,-0,0.26137426908677547,-0,-0
-0,0.58081017712371064,0.24902216235943544,-0,0.2135430315313831,0.034296353976905919,0.13127328931202778,-0,-0,0.58215165406814307,0.24028092393551084,-0,0.20672294107301403,0.028544238468334326,0.13438685251093374,-0,-0,0.58484051826880945,0.24343248611307156,-0,0.20578606929375706,0.036053133938879892,0.13104352290289339,-0,-0,0.57531462447457327,0.25001147689859371,-0,0.21777455342021865,0.035324256604495924,0.12872943478140547,-0
-0,-0,-0,-0,-0,-0,-0,-0,-0,-0,-0,-0,-0,-0,-0,-0,-0,-0,-0,-0,-0,-0,-0,-0,-0,-0,-0,-0,-0,-0,-0,-0
-0,-0,-0,-0,-0,-0,-0,-0,-0,-0,-0,-0,-0,-0,-0,-0,-0,-0,-0,-0,-0,-0,-0,-0,-0,-0,-0,-0,-0,-0,-0,-0
-0,-0,-0,-0,-0,-0,-0,-0,-0,-0,-0,-0,-0,-0,-0,-0,-0,-0,-0,-0,-0,-0,-0,-0,-0,-0,-0,-0,-0,-0,-0,-0
-0,-0,-0,-0,-0,-0,-0,-0,-0,-0,-0,-0,-0,-0,-0,-0,-0,-0,-0,-0,-0,-0,-0,-0,-0,-0,-0,-0,-0,-0,-0,-0
-0,-0,-0,-0,-0,-0,-0,-0,-0,-0,-0,-0,-0,-0,-0,-0,-0,-0,-0,-0,-0,-0,-0,-0,-0,-0,-0,-0,-0,-0,-0,-0
-0,-0,-0,-0,-0,-0,-0,-0,-0,-0,-0,-0,-0,-0,-0,-0,-0,-0,-0,-0,-0,-0,-0,-0,-0,-0,-0,-0,-0,-0,-0,-0
-0,-0,-0,-0,-0,-0,-0,-0,-0,-0,-0,-0,-0,-0,-0,-0,-0,-0,-0,-0,-0,-0,-0,-0,-0,-0,-0,-0,-0,-0,-0,-0
-0,-0,-0,0.24213889370240141,0.29987543572937952,-0,0.26885362690288361,-0,-0,-0,-0,0.24386706468670846,0.3015283908415734,-0,0.27125610572359671,-0,-0,-0,-0,0.25489246871372201,0.29727395752225799,-0,0.27220751249118635,-0,-0,-0,-0,0.23779659386918436,0.29929939730306493,-0,0.2620644539674164,-0
-0,-0,-0,-0,-0,-0,-0,-0,-0,-0,-0,-0,-0,-0,-0,-0,-0,-0,-0,-0,-0,-0,-0,-0,-0,-0,-0,-0,-0,-0,-0,-0
-0,-0,-0,-0,-0,-0,-0,-0,-0,-0,-0,-0,-0,-0,-0,-0,-0,-0,-0,-0,-0,-0,-0,-0,-0,-0,-0,-0,-0,-0,-0,-0
-0,0.079776134579277486,-0,-0,-0,-0,-0,-0,-0,0.083749066706992226,-0,-0,-0,-0,-0,-0,-0,0.088531499676745715,-0,-0,-0,-0,-0,-0,-0,0.066914937105373287,-0,-0,-0,-0,-0,-0
-0,-0,-0,-0,-0,-0,-0,-0,-0,-0,-0,-0,-0,-0,-0,-0,-0,-0,-0,-0,-0,-0,-0,-0,-0,-0,-0,-0,-0,-0,-0,-0
-0,-0,-0,-0,-0,-0,-0,-0,-0,-0,-0,-0,-0,-0,-0,-0,-0,-0,-0,-0,-0,-0,-0,-0,-0,-0,-0,-0,-0,-0,-0,-0
-0,-0,-0,-0,-0,-0,-0,-0,-0,-0,-0,-0,-0,-0,-0,-0,-0,-0,-0,-0,-0,-0,-0,-0,-0,-0,-0,-0,-0,-0,-0,-0
-0,-0,-0,0.15837329041940321,0.20498521326903932,-0,-0,-0,-0,-0,-0,0.15989633598489128,0.18757018860176644,-0,-0,-0,-0,-0,-0,0.16045492129465747,0.20451112953262862,-0,-0,-0,-0,-0,-0,0.15684173251288397,0.20203150101539982,-0,-0,-0
-0,-0,-0,-0,-0,-0,-0,-0,-0,-0,-0,-0,-0,-0,-0,-0,-0,-0,-0,-0,-0,-0,-0,-0,-0,-0,-0,-0,-0,-0,-0,-0
-0,-0,-0,-0,-0,-0,-0,-0,-0,-0,-0,-0,-0,-0,-0,-0,-0,-0,-0,-0,-0,-0,-0,-0,-0,-0,-0,-0,-0,-0,-0,-0
-0,-0,-0,-0,-0,-0,-0,-0,-0,-0,-0,-0,-0,-0,-0,-0,-0,-0,-0,-0,-0,-0,-0,-0,-0,-0,-0,-0,-0,-0,-0,-0
-0,-0,-0,-0,-0,-0,-0,-0,-0,-0,-0,-0,-0,-0,-0,-0,-0,-0,-0,-0,-0,-0,-0,-0,-0,-0,-0,-0,-0,-0,-0,-0
-0,-0,-0,-0,-0,-0,-0,-0,-0,-0,-0,-0,-0,-0,-0,-0,-0,-0,-0,-0,-0,-0,-0,-0,-0,-0,-0,-0,-0,-0,-0,-0
-0,0.1387636034340233,-0,-0,-0,-0,0.048891412875618094,-0,-0,0.13842388983812623,-0,-0,-0,-0,0.049844052009127594,-0,-0,0.14715736067643093,-0,-0,-0,-0,0.049471991434333229,-0,-0,0.13107990609867667,-0,-0,-0,-0,0.054342037174228162,-0
-0,-0,-0,-0,-0,-0,-0,-0,-0,-0,-0,-0,-0,-0,-0,-0,-0,-0,-0,-0,-0,-0,-0,-0,-0,-0,-0,-0,-0,-0,-0,-0
-0,-0,-0,-0,-0,-0,-0,-0,-0,-0,-0,-0,-0,-0,-0,-0,-0,-0,-0,-0,-0,-0,-0,-0,-0,-0,-0,-0,-0,-0,-0,-0
0.11156148108548172,-0,-0,-0,0.039406415725289863,0.064195158586948589,0.18693943210341932,-0,0.10547058712378179,-0,-0,-0,0.038104002738099711,0.06226306318097783,0.1916991556882427,-0,0.1108208498842909,-0,-0,-0,0.037320920251991269,0.06400808341003357,0.18608623419207396,-0,0.11245744106270952,-0,-0,-0,0.039102495808563863,0.064629768380243813,0.18475437581260135,-0
-0,0.18245192527449616,-0,0.11573066127133126,-0,-0,0.087774796026247784,-0,-0,0.18955139823876865,-0,0.11345625718329985,-0,-0,0.087241056988041049,-0,-0,0.18239055055964859,-0,0.13719945831141245,-0,-0,0.098131117475485086,-0,-0,0.17129573404199594,-0,0.11384569555363677,-0,-0,0.084977785239614911,-0
-0,-0,-0,-0,-0,-0,-0,-0,-0,-0,-0,-0,-0,-0,-0,-0,-0,-0,-0,-0,-0,-0,-0,-0,-0,-0,-0,-0,-0,-0,-0,-0
-0,-0,-0,-0,-0,-0,-0,-0,-0,-0,-0,-0,-0,-0,-0,-0,-0,-0,-0,-0,-0,-0,-0,-0,-0,-0,-0,-0,-0,-0,-0,-0
-0,-0,-0,-0,-0,-0,-0,-0,-0,-0,-0,-0,-0,-0,-0,-0,-0,-0,-0,-0,-0,-0,-0,-0,-0,-0,-0,-0,-0,-0,-0,-0
-0,-0,-0,-0,-0,-0,-0,-0,-0,-0,-0,-0,-0,-0,-0,-0,-0,-0,-0,-0,-0,-0,-0,-0,-0,-0,-0,-0,-0,-0,-0,-0
0.006798345418525884,-0,-0,0.25330407188537407,0.21371127875960377,-0,0.0034051293112251193,0.0034420339093578878,0.007109520645286551,-0,-0,0.2589451882597657,0.21127466533472278,-0,0.0022552566204432013,0.0048919545211623108,0.008419007422066329,-0,-0,0.25983733918897423,0.21752162954881801,-0,0.0029874541052530234,0.0070585545621514693,0.01143783243628585,-0,-0,0.24608802730009541,0.21866214946367352,-0,-0,-0
-0,-0,-0,-0,-0,-0,-0,-0,-0,-0,-0,-0,-0,-0,-0,-0,-0,-0,-0,-0,-0,-0,-0,-0,-0,-0,-0,-0,-0,-0,-0,-0
0.030956574061841449,0.34352493200975204,0.32462737204245951,0.089497458186567749,0.32544485082309343,-0,0.11244250592197536,0.16612454771838064,0.027929430633771297,0.35122081726238452,0.33337563614397109,0.094706396340780943,0.3288650844938481,-0,0.1087920191753413,0.16314246852177305,0.042182860971681981,0.3491304123041668,0.31856184851749819,0.082652126328530098,0.3281598366337255,-0,0.10846671167676852,0.16324984502651252,0.031664770638991389,0.33110017962961896,0.32197243563450245,0.091058370190099519,0.33801903909093811,-0,0.1169851773510542,0.16376951645488844
-0,0.41127983315993788,0.20271222928928584,0.030043755299068674,0.1315314788975134,0.026203493872897974,0.0092846372353000244,-0,-0,0.41295252241686564,0.20031744598850773,0.031671556145540077,0.12051717590281183,0.015799032815802742,0.01033028580057784,-0,-0,0.41103191642094483,0.20352795927538908,0.047359820988297871,0.13253674387133643,0.030536652863141677,0.017909429440649355,-0,-0,0.40458209347337587,0.20338117130677269,0.025618289604457077,0.13571705638773382,0.031844158041737076,0.0022081557150281719,-0
-0,-0,-0,-0,-0,-0,-0,-0,-0,-0,-0,-0,-0,-0,-0,-0,-0,-0,-0,-0,-0,-0,-0,-0,-0,-0,-0,-0,-0,-0,-0,-0
-0,-0,-0,-0,-0,-0,-0,-0,-0,-0,-0,-0,-0,-0,-0,-0,-0,-0,-0,-0,-0,-0,-0,-0,-0,-0,-0,-0,-0,-0,-0,-0
-0,-0,-0,-0,-0,-0,-0,-0,-0,-0,-0,-0,-0,-0,-0,-0,-0,-0,-0,-0,-0,-0,-0,-0,-0,-0,-0,-0,-0,-0,-0,-0
-0,-0,-0,-0,-0,-0,-0,-0,-0,-0,-0,-0,-0,-0,-0,-0,-0,-0,-0,-0,-0,-0,-0,-0,-0,-0,-0,-0,-0,-0,-0,-0
-0,-0,-0,-0,-0,-0,-0,-0,-0,-0,-0,-0,-0,-0,-0,-0,-0,-0,-0,-0,-0,-0,-0,-0,-0,-0,-0,-0,-0,-0,-0,-0
-0,-0,-0,-0,-0,-0,-0,-0,-0,-0,-0,-0,-0,-0,-0,-0,-0,-0,-0,-0,-0,-0,-0,-0,-0,-0,-0,-0,-0,-0,-0,-0
-0,-0,-0,-0,-0,-0,-0,-0,-0,-0,-0,-0,-0,-0,-0,-0,-0,-0,-0,-0,-0,-0,-0,-0,-0,-0,-0,-0,-0,-0,-0,-0
-0,-0,-0,-0,-0,-0,-0,-0,-0,-0,-0,-0,-0,-0,-0,-0,-0,-0,-0,-0,-0,-0,-0,-0,-0,-0,-0,-0,-0,-0,-0,-0
-0,0.0014194265540244532,-0,0.27211436337407308,0.031117264299612951,-0,0.083564717207905065,-0,-0,0.0055531660257295027,-0,0.27325272909849602,0.029143991260578497,-0,0.0836244860934479,-0,-0,0.01558610929429147,-0,0.27604921912184066,0.036086342852894394,-0,0.089282011920322576,-0,-0,-0,-0,0.26868748418583616,0.027082055360072299,-0,0.078125753630801306,-0
-0,-0,-0,-0,-0,-0,-0,-0,-0,-0,-0,-0,-0,-0,-0,-0,-0,-0,-0,-0,-0,-0,-0,-0,-0,-0,-0,-0,-0,-0,-0,-0
-0,-0,-0,-0,-0,-0,-0,-0,-0,-0,-0,-0,-0,-0,-0,-0,-0,-0,-0,-0,-0,-0,-0,-0,-0,-0,-0,-0,-0,-0,-0,-0
-0,-0,-0,-0,-0,-0,-0,-0,-0,-0,-0,-0,-0,-0,-0,-0,-0,-0,-0,-0,-0,-0,-0,-0,-0,-0,-0,-0,-0,-0,-0,-0
-0,-0,-0,-0,-0,-0,-0,-0,-0,-0,-0,-0,-0,-0,-0,-0,-0,-0,-0,-0,-0,-0,-0,-0,-0,-0,-0,-0,-0,-0,-0,-0
-0,-0,-0,-0,-0,-0,-0,-0,-0,-0,-0,-0,-0,-0,-0,-0,-0,-0,-0,-0,-0,-0,-0,-0,-0,-0,-0,-0,-0,-0,-0,-0
-0,0.28370101392908714,-0,-0,-0,-0,-0,-0,-0,0.29714404601103395,-0,-0,-0,-0,-0,-0,-0,0.2879473350885513,-0,-0,-0,-0,-0,-0,-0,0.27129313831734064,-0,-0,-0,-0,-0,-0
-0,-0,-0,-0,-0,-0,-0,-0,-0,-0,-0,-0,-0,-0,-0,-0,-0,-0,-0,-0,-0,-0,-0,-0,-0,-0,-0,-0,-0,-0,-0,-0
-0,0.061499207617781507,-0,-0,-0,-0,-0,-0,-0,0.066857439415064224,-0,-0,-0,-0,-0,-0,-0,0.067634456202554816,-0,-0,-0,-0,-0,-0,-0,0.056147096733804726,-0,-0,-0,-0,-0,-0
-0,-0,-0,-0,-0,-0,-0,-0,-0,-0,-0,-0,-0,-0,-0,-0,-0,-0,-0,-0,-0,-0,-0,-0,-0,-0,-0,-0,-0,-0,-0,-0
-0,0.36311370494169376,-0,-0,-0,-0,0.54751491558316889,-0,-0,0.36908981071003782,-0,-0,-0,-0,0.55665741921637013,-0,-0,0.3836980680545059,-0,-0,-0,-0,0.54335939473848549,-0,-0,0.33334010041666062,-0,-0,-0,-0,0.54737863570627387,-0
-0,-0,-0,0.076748146860755054,-0,-0,-0,-0,-0,-0,-0,0.077662841534398425,-0,-0,-0,-0,-0,-0,-0,0.082844340772731423,-0,-0,-0,-0,-0,-0,-0,0.072846839744670322,-0,-0,-0,-0
-0,-0,-0,-0,-0,-0,-0,-0,-0,-0,-0,-0,-0,-0,-0,-0,-0,-0,-0,-0,-0,-0,-0,-0,-0,-0,-0,-0,-0,-0,-0,-0
-0,-0,-0,-0,-0,-0,-0,-0,-0,-0,-0,-0,-0,-0,-0,-0,-0,-0,-0,-0,-0,-0,-0,-0,-0,-0,-0,-0,-0,-0,-0,-0
-0,-0,-0,-0,-0,-0,-0,-0,-0,-0,-0,-0,-0,-0,-0,-0,-0,-0,-0,-0,-0,-0,-0,-0,-0,-0,-0,-0,-0,-0,-0,-0
0.0039442088908776627,-0,-0,-0,-0,-0,-0,-0,-0,-0,-0,-0,-0,-0,-0,-0,-0,-0,-0,-0,-0,-0,-0,-0,-0,-0,-0,-0,-0,-0,-0,-0
0.011094457807284387,-0,-0,-0,-0,-0,-0,-0,0.0023079790190657671,-0,-0,-0,-0,-0,-0,-0,0.016573683840511909,-0,-0,-0,-0,-0,-0,-0,0.01719088514909424,-0,-0,-0,-0,-0,-0,-0
-0,-0,-0,-0,-0,-0,-0,-0,-0,-0,-0,-0,-0,-0,-0,-0,-0,-0,-0,-0,-0,-0,-0,-0,-0,-0,-0,-0,-0,-0,-0,-0
-0,-0,-0,-0,-0,-0,-0,-0,-0,-0,-0,-0,-0,-0,-0,-0,-0,-0,-0,-0,-0,-0,-0,-0,-0,-0,-0,-0,-0,-0,-0,-0
-0,-0,-0,-0,-0,-0,-0,-0,-0,-0,-0,-0,-0,-0,-0,-0,-0,-0,-0,-0,-0,-0,-0,-0,-0,-0,-0,-0,-0,-0,-0,-0
-0,-0,-0,-0,-0,-0,-0,-0,-0,-0,-0,-0,-0,-0,-0,-0,-0,-0,-0,-0,-0,-0,-0,-0,-0,-0,-0,-0,-0,-0,-0,-0
-0,-0,-0,-0,-0,-0,-0,-0,-0,-0,-0,-0,-0,-0,-0,-0,-0,-0,-0,-0,-0,-0,-0,-0,-0,-0,-0,-0,-0,-0,-0,-0
-0,-0,-0,-0,-0,-0,-0,-0,-0,-0,-0,-0,-0,-0,-0,-0,-0,-0,-0,-0,-0,-0,-0,-0,-0,-0,-0,-0,-0,-0,-0,-0
-0,0.14713588982159967,-0,-0,-0,-0,-0,-0,-0,0.14984934329312569,-0,-0,-0,-0,-0,-0,-0,0.13724781792675492,-0,-0,-0,-0,-0,-0,-0,0.14636199636205635,-0,-0,-0,-0,-0,-0
-0,-0,-0,-0,-0,-0,-0,-0,-0,-0,-0,-0,-0,-0,-0,-0,-0,-0,-0,-0,-0,-0,-0,-0,-0,-0,-0,-0,-0,-0,-0,-0
-0,-0,-0,-0,-0,-0,-0,-0,-0,-0,-0,-0,-0,-0,-0,-0,-0,-0,-0,-0,-0,-0,-0,-0,-0,-0,-0,-0,-0,-0,-0,-0
-0,-0,-0,-0,-0,-0,-0,-0,-0,-0,-0,-0,-0,-0,-0,-0,-0,-0,-0,-0,-0,-0,-0,-0,-0,-0,-0,-0,-0,-0,-0,-0
0.3150919103372774,0.35252370126048743,0.30049374804862933,0.37991592071596775,0.39616077126869909,0.20355983058244742,0.086128594583191942,0.18085496923705321,0.30847441213262938,0.35193530712304333,0.30069399441530276,0.37802382866922657,0.3906776785646649,0.20870929044165229,0.087020312653626239,0.17734432313107126,0.31983141875209159,0.35455022297449573,0.29685784207725507,0.38610283328443279,0.39009481531962731,0.20306476900715692,0.083142733941657387,0.18884491346936455,0.31824044773505833,0.3467527549463153,0.31049832955300999,0.3770636847358021,0.3940784926209901,0.19694130984842176,0.085694771615895615,0.18725126099040418
-0,0.14755259942150425,-0,-0,-0,-0,-0,0.042095168106080778,-0,0.14667960128813326,-0,-0,-0,-0,-0,0.035813248687127,-0,0.15583153416179543,-0,-0,-0,-0,-0,0.045719080445035018,-0,0.15337627651240346,-0,-0,-0,-0,-0,0.047013720302498133
-0,-0,-0,0.050251460612560632,0.10241383779638323,-0,0.01184767679542548,-0,-0,-0,-0,0.049700804866470889,0.11001361613498609,-0,0.011289406240685296,-0,-0,-0,-0,0.058277735289276399,0.10477099378999967,-0,0.019445818557345999,-0,-0,-0,-0,0.04816849716536542,0.10195066157735755,-0,0.0099673521732104777,-0
-0,-0,-0,-0,-0,-0,-0,-0,-0,-0,-0,-0,-0,-0,-0,-0,-0,-0,-0,-0,-0,-0,-0,-0,-0,-0,-0,-0,-0,-0,-0,-0
-0,-0,-0,-0,-0,-0,-0,-0,-0,-0,-0,-0,-0,-0,-0,-0,-0,-0,-0,-0,-0,-0,-0,-0,-0,-0,-0,-0,-0,-0,-0,-0
-0,-0,0.093271823243347665,0.084998203378883738,0.050326795593724223,-0,-0,-0,-0,-0,0.087057947956468915,0.078651836564999869,0.040625643524579425,-0,-0,-0,-0,-0,0.089144326752093994,0.089887924039702194,0.04427832308508961,-0,-0,-0,-0,-0,0.094312028565490216,0.090795756458941335,0.043785635873973001,-0,-0,-0
-0,-0,-0,-0,-0,-0,-0,-0,-0,-0,-0,-0,-0,-0,-0,-0,-0,-0,-0,-0,-0,-0,-0,-0,-0,-0,-0,-0,-0,-0,-0,-0
-0,-0,-0,-0,-0,-0,-0,-0,-0,-0,-0,-0,-0,-0,-0,-0,-0,-0,-0,-0,-0,-0,-0,-0,-0,-0,-0,-0,-0,-0,-0,-0
-0,-0,-0,-0,-0,-0,-0,-0,-0,-0,-0,-0,-0,-0,-0,-0,-0,-0,-0,-0,-0,-0,-0,-0,-0,-0,-0,-0,-0,-0,-0,-0
-0,-0,-0,-0,-0,-0,-0,-0,-0,-0,-0,-0,-0,-0,-0,-0,-0,-0,-0,-0,-0,-0,-0,-0,-0,-0,-0,-0,-0,-0,-0,-0
-0,-0,-0,-0,0.057843710051484205,-0,0.027078142457825773,-0,-0,-0,-0,-0,0.059711805270020755,-0,0.029893901156174987,-0,-0,-0,-0,-0,0.051337346365701753,-0,0.028970146165199957,-0,-0,-0,-0,-0,0.055896984881933579,-0,0.020947195030576439,-0
-0,-0,-0,-0,-0,-0,-0,-0,-0,-0,-0,-0,-0,-0,-0,-0,-0,-0,-0,-0,-0,-0,-0,-0,-0,-0,-0,-0,-0,-0,-0,-0
0.018642729023126452,-0,-0,-0,-0,-0,-0,-0,0.020528493720618993,-0,-0,-0,-0,-0,-0,-0,0.013558939408766455,-0,-0,-0,-0,-0,-0,-0,0.019246098977592947,-0,-0,-0,-0,-0,-0,-0
-0,-0,-0,-0,-0,-0,-0,-0,-0,-0,-0,-0,-0,-0,-0,-0,-0,-0,-0,-0,-0,-0,-0,-0,-0,-0,-0,-0,-0,-0,-0,-0
-0,-0,-0,-0,-0,-0,-0,-0,-0,-0,-0,-0,-0,-0,-0,-0,-0,-0,-0,-0,-0,-0,-0,-0,-0,-0,-0,-0,-0,-0,-0,-0
-0,-0,-0,-0,-0,-0,-0,-0,-0,-0,-0,-0,-0,-0,-0,-0,-0,-0,-0,-0,-0,-0,-0,-0,-0,-0,-0,-0,-0,-0,-0,-0
-0,-0,-0,-0,-0,-0,-0,-0,-0,-0,-0,-0,-0,-0,-0,-0,-0,-0,-0,-0,-0,-0,-0,-0,-0,-0,-0,-0,-0,-0,-0,-0
-0,-0,-0,-0,-0,-0,-0,-0,-0,-0,-0,-0,-0,-0,-0,-0,-0,-0,-0,-0,-0,-0,-0,-0,-0,-0,-0,-0,-0,-0,-0,-0
-0,-0,-0,-0,-0,-0,-0,-0,-0,-0,-0,-0,-0,-0,-0,-0,-0,-0,-0,-0,-0,-0,-0,-0,-0,-0,-0,-0,-0,-0,-0,-0
-0,-0,-0,-0,-0,-0,-0,-0,-0,-0,-0,-0,-0,-0,-0,-0,-0,-0,-0,-0,-0,-0,-0,-0,-0,-0,-0,-0,-0,-0,-0,-0
-0,-0,-0,-0,-0,-0,-0,-0,-0,-0,-0,-0,-0,-0,-0,-0,-0,-0,-0,-0,-0,-0,-0,-0,-0,-0,-0,-0,-0,-0,-0,-0
-0,-0,-0,-0,-0,-0,-0,-0,-0,-0,-0,-0,-0,-0,-0,-0,-0,-0,-0,-0,-0,-0,-0,-0,-0,-0,-0,-0,-0,-0,-0,-0
-0,-0,-0,-0,-0,-0,-0,-0,-0,-0,-0,-0,-0,-0,-0,-0,-0,-0,-0,-0,-0,-0,-0,-0,-0,-0,-0,-0,-0,-0,-0,-0
-0,0.053569657412979997,-0,-0,-0,-0,-0,-0,-0,0.053449832619591992,-0,-0,-0,-0,-0,-0,-0,0.051672877250449063,-0,-0,-0,-0,-0,-0,-0,0.046867683645120742,-0,-0,-0,-0,-0,-0
-0,0.26665354202377428,-0,-0,-0,-0,-0,0.064946244861121771,-0,0.27482774818285138,-0,-0,-0,-0,-0,0.050730234357660685,-0,0.26997971878650162,-0,-0,-0,-0,-0,0.073069028626474145,-0,0.25486819332910804,-0,-0,-0,-0,-0,0.083598530292401385
-0,-0,-0,-0,-0,-0,-0,-0,-0,-0,-0,-0,-0,-0,-0,-0,-0,-0,-0,-0,-0,-0,-0,-0,-0,-0,-0,-0,-0,-0,-0,-0
-0,-0,-0,-0,-0,-0,-0,-0,-0,-0,-0,-0,-0,-0,-0,-0,-0,-0,-0,-0,-0,-0,-0,-0,-0,-0,-0,-0,-0,-0,-0,-0
-0,-0,-0,-0,0.14032355933893118,-0,-0,-0,-0,-0,-0,-0,0.14606587947946609,-0,-0,-0,-0,-0,-0,-0,0.13679369024724961,-0,-0,-0,-0,-0,-0,-0,0.14527244645869564,-0,-0,-0
-0,-0,-0,-0,-0,-0,-0,-0,-0,-0,-0,-0,-0,-0,-0,-0,-0,-0,-0,-0,-0,-0,-0,-0,-0,-0,-0,-0,-0,-0,-0,-0
-0,-0,-0,-0,-0,-0,-0,-0,-0,-0,-0,-0,-0,-0,-0,-0,-0,-0,-0,-0,-0,-0,-0,-0,-0,-0,-0,-0,-0,-0,-0,-0
-0,-0,-0,-0,-0,-0,-0,-0,-0,-0,-0,-0,-0,-0,-0,-0,-0,-0,-0,-0,-0,-0,-0,-0,-0,-0,-0,-0,-0,-0,-0,-0
-0,-0,-0,-0,-0,-0,-0,-0,-0,-0,-0,-0,-0,-0,-0,-0,-0,-0,-0,-0,-0,-0,-0,-0,-0,-0,-0,-0,-0,-0,-0,-0
-0,0.017724047484901119,-0,-0,-0,-0,-0,-0,-0,0.023843110026998869,-0,-0,-0,-0,-0,-0,-0,0.02696607365622819,-0,-0,-0,-0,-0,-0,-0,0.026501571173790515,-0,-0,-0,-0,-0,-0
-0,-0,-0,-0,0.08287589298346508,-0,-0,-0,-0,-0,-0,-0,0.076087632025739038,-0,-0,-0,-0,-0,-0,-0,0.081321087424039637,-0,-0,-0,-0,-0,-0,-0,0.083116107912644718,-0,-0,-0
-0,-0,-0,-0,-0,-0,-0,-0,-0,-0,-0,-0,-0,-0,-0,-0,-0,-0,-0,-0,-0,-0,-0,-0,-0,-0,-0,-0,-0,-0,-0,-0
-0,-0,-0,-0,-0,-0,-0,-0,-0,-0,-0,-0,-0,-0,-0,-0,-0,-0,-0,-0,-0,-0,-0,-0,-0,-0,-0,-0,-0,-0,-0,-0
-0,-0,-0,-0,-0,-0,-0,-0,-0,-0,-0,-0,-0,-0,-0,-0,-0,-0,-0,-0,-0,-0,-0,-0,-0,-0,-0,-0,-0,-0,-0,-0
-0,-0,-0,-0,-0,-0,-0,-0,-0,-0,-0,-0,-0,-0,-0,-0,-0,-0,-0,-0,-0,-0,-0,-0,-0,-0,-0,-0,-0,-0,-0,-0
-0,-0,-0,-0,-0,-0,-0,-0,-0,-0,-0,-0,-0,-0,-0,-0,-0,-0,-0,-0,-0,-0,-0,-0,-0,-0,-0,-0,-0,-0,-0,-0
-0,-0,-0,-0,-0,-0,-0,-0,-0,-0,-0,-0,-0,-0,-0,-0,-0,-0,-0,-0,-0,-0,-0,-0,-0,-0,-0,-0,-0,-0,-0,-0
-0,-0,-0,-0,-0,-0,-0,-0,-0,-0,-0,-0,-0,-0,-0,-0,-0,-0,-0,-0,-0,-0,-0,-0,-0,-0,-0,-0,-0,-0,-0,-0
-0,-0,-0,-0,-0,-0,-0,-0,-0,-0,-0,-0,-0,-0,-0,-0,-0,-0,-0,-0,-0,-0,-0,-0,-0,-0,-0,-0,-0,-0,-0,-0
-0,-0,-0,-0,-0,-0,-0,-0,-0,-0,-0,-0,-0,-0,-0,-0,-0,-0,-0,-0,-0,-0,-0,-0,-0,-0,-0,-0,-0,-0,-0,-0
-0,-0,-0,0.01146460825873058,0.22879898778338198,-0,-0,-0,-0,-0,-0,0.017371970562748081,0.22365994473416681,-0,-0,-0,-0,-0,-0,0.0054901153183576079,0.22997131323441283,-0,-0,-0,-0,-0,-0,0.014586312472436405,0.2272600231137569,-0,-0,-0
0.026574199739375193,0.15912120077343803,-0,-0,-0,-0,0.065506336968461448,-0,0.013976360912042452,0.16782750098827084,-0,-0,-0,-0,0.069763106444285683,-0,0.023496016224740277,0.16978340355382482,-0,-0,-0,-0,0.06564838201098161,-0,0.022120205395059236,0.15544633996035961,-0,-0,-0,-0,0.0542456829445922,-0
-0,-0,-0,-0,-0,-0,-0,-0,-0,-0,-0,-0,-0,-0,-0,-0,-0,-0,-0,-0,-0,-0,-0,-0,-0,-0,-0,-0,-0,-0,-0,-0
0.039463627349051782,-0,-0,0.24220682312418376,0.3888885827987234,-0,-0,-0,0.033934996037306972,-0,-0,0.2507107846573855,0.37746054127503459,-0,-0,-0,0.040732569952422484,-0,-0,0.25155288830641459,0.39625348711603375,-0,-0,-0,0.03783888336079453,-0,-0,0.23757742633964182,0.39544068977612085,-0,-0,-0
-0,-0,-0,-0,-0,-0,-0,-0,-0,-0,-0,-0,-0,-0,-0,-0,-0,-0,-0,-0,-0,-0,-0,-0,-0,-0,-0,-0,-0,-0,-0,-0
-0,-0,-0,-0,-0,-0,-0,-0,-0,-0,-0,-0,-0,-0,-0,-0,-0,-0,-0,-0,-0,-0,-0,-0,-0,-0,-0,-0,-0,-0,-0,-0
-0,-0,-0,-0,-0,-0,-0,-0,-0,-0,-0,-0,-0,-0,-0,-0,-0,-0,-0,-0,-0,-0,-0,-0,-0,-0,-0,-0,-0,-0,-0,-0
-0,-0,-0,-0,-0,-0,-0,-0,-0,-0,-0,-0,-0,-0,-0,-0,-0,-0,-0,-0,-0,-0,-0,-0,-0,-0,-0,-0,-0,-0,-0,-0
-0,0.3388631500730096,-0,-0,-0,-0,0.074108110259545015,-0,-0,0.33777413220101249,-0,-0,-0,-0,0.081403807229590605,-0,-0,0.34901757618913709,-0,-0,-0,-0,0.072524784680726428,-0,-0,0.33114755832789566,-0,-0,-0,-0,0.083360672665287641,-0
-0,-0,-0,0.18111477924205183,0.25421189211145157,-0,-0,-0,-0,-0,-0,0.19129891122727066,0.2354962126073025,-0,-0,-0,-0,-0,-0,0.17807082631316967,0.25299410064455413,-0,-0,-0,-0,-0,-0,0.181746286637153,0.24628266683670125,-0,-0,-0
-0,-0,-0,-0,-0,-0,-0,-0,-0,-0,-0,-0,-0,-0,-0,-0,-0,-0,-0,-0,-0,-0,-0,-0,-0,-0,-0,-0,-0,-0,-0,-0
-0,0.30317075303551588,0.2649079609696709,0.24087743574629755,0.031924243453171436,0.073536306012538563,0.087643380936604079,-0,-0,0.3151058826605006,0.25403170539360648,0.22806449410136476,0.033818774101033781,0.068479053068812606,0.09035853314131613,-0,-0,0.3100006888200626,0.26896579784848823,0.26225938758373957,0.032209036406388156,0.079214790153913223,0.098774353608933996,-0,-0,0.29047914711089884,0.27489954283884471,0.2479525066729214,0.023405722812670681,0.073086236617404321,0.085789998250990387,-0
-0,-0,-0,-0,-0,-0,-0,-0,-0,-0,-0,-0,-0,-0,-0,-0,-0,-0,-0,-0,-0,-0,-0,-0,-0,-0,-0,-0,-0,-0,-0,-0
-0,0.38129993116032107,-0,0.076983219052902771,-0,-0,0.11663740989296012,-0,-0,0.39153568210694745,-0,0.080205716517144948,-0,-0,0.12054535533499873,-0,-0,0.39590801144626897,-0,0.096748850988294374,-0,-0,0.12567470151014973,-0,-0,0.36238363688143793,-0,0.06768682239487013,-0,-0,0.11721803147802488,-0
-0,-0,-0,-0,-0,-0,0.026205437986963055,-0,-0,-0,-0,-0,-0,-0,0.032240277062535884,-0,-0,-0,-0,-0,-0,-0,0.02141535790059175,-0,-0,-0,-0,-0,-0,-0,0.025728877620726093,-0
-0,-0,-0,0.3473577600105856,0.25988420718061261,-0,0.085985112133053071,-0,-0,-0,-0,0.34764025070302301,0.26334817606867295,-0,0.08238018701390179,-0,-0,-0,-0,0.36141822609363899,0.26880742592216855,-0,0.08930204771893252,-0,-0,-0,-0,0.34559808710123291,0.27446733307419824,-0,0.074519579061943064,-0
-0,-0,-0,-0,-0,-0,-0,-0,-0,-0,-0,-0,-0,-0,-0,-0,-0,-0,-0,-0,-0,-0,-0,-0,-0,-0,-0,-0,-0,-0,-0,-0
-0,-0,-0,-0,-0,-0,-0,-0,-0,-0,-0,-0,-0,-0,-0,-0,-0,-0,-0,-0,-0,-0,-0,-0,-0,-0,-0,-0,-0,-0,-0,-0
-0,-0,-0,-0,-0,-0,-0,-0,-0,-0,-0,-0,-0,-0,-0,-0,-0,-0,-0,-0,-0,-0,-0,-0,-0,-0,-0,-0,-0,-0,-0,-0
-0,-0,-0,-0,-0,-0,-0,-0,-0,-0,-0,-0,-0,-0,-0,-0,-0,-0,-0,-0,-0,-0,-0,-0,-0,-0,-0,-0,-0,-0,-0,-0
-0,-0,-0,-0,-0,-0,-0,-0,-0,-0,-0,-0,-0,-0,-0,-0,-0,-0,-0,-0,-0,-0,-0,-0,-0,-0,-0,-0,-0,-0,-0,-0
-0,0.46545292720204273,0.099563990989052414,0.34247406710435807,0.48385079478702281,0.11457421947527746,0.67441431717268785,0.018366947159820745,-0,0.46955593473956148,0.097944937873746793,0.33112699844162496,0.48226190735967184,0.11017522182813044,0.67754140258124285,0.016841188246053313,-0,0.47866728688550259,0.10321291934333936,0.35150446309618283,0.48147633364661968,0.11471312688261581,0.68346689583779419,0.018417924184857985,-0,0.44570117703281936,0.10309574325058661,0.34348220408402486,0.48041779857915018,0.11506571305239957,0.67466002114054291,0.019604499063562552
-0,-0,-0,-0,-0,-0,-0,-0,-0,-0,-0,-0,-0,-0,-0,-0,-0,-0,-0,-0,-0,-0,-0,-0,-0,-0,-0,-0,-0,-0,-0,-0
0.12964739732294661,-0,-0,0.040003999421289668,-0,-0,-0,-0,0.12012533876756583,-0,-0,0.045010892421348314,-0,-0,-0,-0,0.13504712612992659,-0,-0,0.045925597283281501,-0,-0,-0,-0,0.12163669740427421,-0,-0,0.039394772542687376,-0,-0,-0,-0
-0,-0,-0,-0,-0,-0,-0,-0,-0,-0,-0,-0,-0,-0,-0,-0,-0,-0,-0,-0,-0,-0,-0,-0,-0,-0,-0,-0,-0,-0,-0,-0
-0,-0,-0,-0,-0,-0,-0,-0,-0,-0,-0,-0,-0,-0,-0,-0,-0,-0,-0,-0,-0,-0,-0,-0,-0,-0,-0,-0,-0,-0,-0,-0
-0,-0,-0,-0,-0,-0,-0,-0,-0,-0,-0,-0,-0,-0,-0,-0,-0,-0,-0,-0,-0,-0,-0,-0,-0,-0,-0,-0,-0,-0,-0,-0
-0,-0,-0,-0,0.018559388630226457,-0,-0,0.0073272080811830464,-0,-0,-0,-0,0.020997945819611816,-0,-0,-0,-0,-0,-0,-0,0.016317745910845956,-0,-0,0.021693226088859176,-0,-0,-0,-0,0.015333999582384298,-0,-0,0.018731028169860962
-0,-0,-0,-0,-0,-0,-0,-0,-0,-0,-0,-0,-0,-0,-0,-0,-0,-0,-0,-0,-0,-0,-0,-0,-0,-0,-0,-0,-0,-0,-0,-0
-0,-0,-0,-0,-0,-0,-0,-0,-0,-0,-0,-0,-0,-0,-0,-0,-0,-0,-0,-0,-0,-0,-0,-0,-0,-0,-0,-0,-0,-0,-0,-0
-0,-0,-0,-0,-0,-0,-0,-0,-0,-0,-0,-0,-0,-0,-0,-0,-0,-0,-0,-0,-0,-0,-0,-0,-0,-0,-0,-0,-0,-0,-0,-0
-0,-0,-0,-0,-0,-0,-0,-0,-0,-0,-0,-0,-0,-0,-0,-0,-0,-0,-0,-0,-0,-0,-0,-0,-0,-0,-0,-0,-0,-0,-0,-0
-0,-0,-0,-0,-0,-0,-0,-0,-0,-0,-0,-0,-0,-0,-0,-0,-0,-0,-0,-0,-0,-0,-0,-0,-0,-0,-0,-0,-0,-0,-0,-0
0.13170985150572412,-0,0.022948255991186342,0.035666190034665167,0.071852320789597857,-0,-0,-0,0.13162979456592114,-0,0.023812281821279497,0.034032068495333058,0.069070873953216025,-0,-0,-0,0.13092497906440878,-0,0.022726312373388922,0.031924334294830187,0.067696728152948249,-0,-0,-0,0.13273728541574897,-0,0.024246801057946316,0.04058749050383971,0.063356568090641649,-0,-0,-0
-0,-0,-0,-0,-0,-0,-0,-0,-0,-0,-0,-0,-0,-0,-0,-0,-0,-0,-0,-0,-0,-0,-0,-0,-0,-0,-0,-0,-0,-0,-0,-0
-0,-0,-0,-0,-0,-0,-0,0.012321863266226576,-0,-0,-0,-0,-0,-0,-0,0.0068332075109559859,-0,-0,-0,-0,-0,-0,-0,0.020301964199724402,-0,-0,-0,-0,-0,-0,-0,0.016003415615105879
-0,-0,-0,-0,-0,-0,0.065406670078628645,-0,-0,-0,-0,-0,-0,-0,0.076903940495010675,-0,-0,-0,-0,-0,-0,-0,0.057558220319685674,-0,-0,-0,-0,-0,-0,-0,0.05282261872814252,-0
-0,-0,-0,-0,-0,-0,-0,-0,-0,-0,-0,-0,-0,-0,-0,-0,-0,-0,-0,-0,-0,-0,-0,-0,-0,-0,-0,-0,-0,-0,-0,-0
-0,-0,-0,-0,-0,-0,-0,-0,-0,-0,-0,-0,-0,-0,-0,-0,-0,-0,-0,-0,-0,-0,-0,-0,-0,-0,-0,-0,-0,-0,-0,-0
-0,0.18233824431638435,-0,-0,-0,-0,0.25289655424849938,-0,-0,0.18337130433344312,-0,-0,-0,-0,0.25249471737368862,-0,-0,0.18154744283670829,-0,-0,-0,-0,0.25769639931275817,-0,-0,0.16969285130253653,-0,-0,-0,-0,0.25990138104318333,-0
-0,0.027006820868544557,-0,-0,-0,-0,-0,-0,-0,0.022779755242658538,-0,-0,-0,-0,-0,-0,-0,0.017742652154898245,-0,-0,-0,-0,-0,-0,-0,0.02949020917634386,-0,-0,-0,-0,-0,-0
-0,-0,-0,-0,-0,-0,-0,-0,-0,-0,-0,-0,-0,-0,-0,-0,-0,-0,-0,-0,-0,-0,-0,-0,-0,-0,-0,-0,-0,-0,-0,-0
-0,-0,-0,-0,-0,-0,-0,-0,-0,-0,-0,-0,-0,-0,-0,-0,-0,-0,-0,-0,-0,-0,-0,-0,-0,-0,-0,-0,-0,-0,-0,-0
-0,-0,-0,-0,-0,-0,-0,-0,-0,-0,-0,-0,-0,-0,-0,-0,-0,-0,-0,-0,-0,-0,-0,-0,-0,-0,-0,-0,-0,-0,-0,-0
-0,0.34632541169501213,-0,-0,-0,-0,0.13107289159627028,-0,-0,0.35828849489841691,-0,-0,-0,-0,0.13261961131520786,-0,-0,0.35928766047855565,-0,-0,-0,-0,0.13523802755846376,-0,-0,0.33043916500769688,-0,-0,-0,-0,0.13092900581919284,-0
-0,-0,-0,0.047329282476291736,0.016953081312831072,-0,-0,-0,-0,-0,-0,0.051710885976985858,0.010808999279332343,-0,-0,-0,-0,-0,-0,0.053017430377997471,0.01605953236372442,-0,-0,-0,-0,-0,-0,0.042539830319741866,0.013366925147948483,-0,-0,-0
-0,0.15125158139555919,-0,-0,-0,-0,-0,-0,-0,0.14955345422717614,-0,-0,-0,-0,-0,-0,-0,0.144932662882747,-0,-0,-0,-0,-0,-0,-0,0.15150572906367629,-0,-0,-0,-0,-0,-0
-0,-0,-0,-0,-0,-0,-0,-0,-0,-0,-0,-0,-0,-0,-0,-0,-0,-0,-0,-0,-0,-0,-0,-0,-0,-0,-0,-0,-0,-0,-0,-0
-0,0.061792085043244641,0.12572942038761564,0.031800542857729854,0.097246476764044687,-0,-0,-0,-0,0.064555299860919249,0.11132006426931536,0.028769471026493378,0.087621996722237985,-0,-0,-0,-0,0.066185946087335731,0.12609554233254025,0.039694922010780467,0.10062809321316801,-0,-0,-0,-0,0.055878558276429041,0.12417841656591888,0.034611637492703663,0.097514822811217761,-0,-0,-0
-0,0.3841376347738828,0.30582875692470041,0.07430181001123215,0.16639655332045741,0.26755023608955625,0.11085729937224825,-0,-0,0.38520304231709673,0.29039633145486066,0.07363754225017663,0.16562300962062457,0.26176203662790087,0.11618241988067107,-0,-0,0.39278999727109354,0.29631324175981771,0.069899747490127201,0.16131290816447957,0.2762911294225095,0.1067920985799298,-0,-0,0.39350713363355988,0.3006847672220701,0.069761802720079494,0.16359510684851186,0.26473059967691637,0.10099866409776199,-0
-0,-0,-0,-0,-0,-0,-0,-0,-0,-0,-0,-0,-0,-0,-0,-0,-0,-0,-0,-0,-0,-0,-0,-0,-0,-0,-0,-0,-0,-0,-0,-0
-0,-0,-0,-0,-0,-0,-0,-0,-0,-0,-0,-0,-0,-0,-0,-0,-0,-0,-0,-0,-0,-0,-0,-0,-0,-0,-0,-0,-0,-0,-0,-0
0.13023865817880362,-0,0.1247956123803307,-0,0.0090737705426000848,0.075737331192663515,-0,-0,0.12312020817466246,-0,0.11953785415475462,-0,0.0099281351570937437,0.07483246540684857,-0,-0,0.12682157410740078,-0,0.11880763479669,-0,0.0057015874040482594,0.077798837807839666,-0,-0,0.12338765966996046,-0,0.12214677355602854,-0,0.010742544593486239,0.074663159203023147,-0,-0
-0,0.19805600587054592,-0,-0,-0,-0,0.10790465670689697,-0,-0,0.20091105997352376,-0,-0,-0,-0,0.11130784765662587,-0,-0,0.19909008882118912,-0,-0,-0,-0,0.11201879262829458,-0,-0,0.18831449099334679,-0,-0,-0,-0,0.10858092043976483,-0
-0,-0,-0,-0,-0,-0,-0,-0,-0,-0,-0,-0,-0,-0,-0,-0,-0,-0,-0,-0,-0,-0,-0,-0,-0,-0,-0,-0,-0,-0,-0,-0
-0,-0,-0,-0,-0,-0,-0,-0,-0,-0,-0,-0,-0,-0,-0,-0,-0,-0,-0,-0,-0,-0,-0,-0,-0,-0,-0,-0,-0,-0,-0,-0
-0,-0,-0,-0,-0,-0,-0,-0,-0,-0,-0,-0,-0,-0,-0,-0,-0,-0,-0,-0,-0,-0,-0,-0,-0,-0,-0,-0,-0,-0,-0,-0
-0,-0,-0,-0,-0,-0,-0,-0,-0,-0,-0,-0,-0,-0,-0,-0,-0,-0,-0,-0,-0,-0,-0,-0,-0,-0,-0,-0,-0,-0,-0,-0
-0,-0,-0,-0,-0,-0,-0,-0,-0,-0,-0,-0,-0,-0,-0,-0,-0,-0,-0,-0,-0,-0,-0,-0,-0,-0,-0,-0,-0,-0,-0,-0
-0,-0,-0,-0,-0,-0,-0,-0,-0,-0,-0,-0,-0,-0,-0,-0,-0,-0,-0,-0,-0,-0,-0,-0,-0,-0,-0,-0,-0,-0,-0,-0
-0,-0,-0,-0,-0,-0,-0,-0,-0,-0,-0,-0,-0,-0,-0,-0,-0,-0,-0,-0,-0,-0,-0,-0,-0,-0,-0,-0,-0,-0,-0,-0
-0,-0,-0,-0,-0,-0,-0,-0,-0,-0,-0,-0,-0,-0,-0,-0,-0,-0,-0,-0,-0,-0,-0,-0,-0,-0,-0,-0,-0,-0,-0,-0
-0,-0,-0,-0,-0,-0,-0,-0,-0,-0,-0,-0,-0,-0,-0,-0,-0,-0,-0,-0,-0,-0,-0,-0,-0,-0,-0,-0,-0,-0,-0,-0
-0,0.019377561776150538,-0,-0,0.13168589224973679,-0,-0,-0,-0,0.012647739848559571,-0,-0,0.12391224862642858,-0,-0,-0,-0,0.023792372313406016,-0,-0,0.13006991227401019,-0,-0,-0,-0,0.020850225603080683,-0,-0,0.13047835373314548,-0,-0,-0
-0,-0,-0,-0,-0,-0,-0,-0,-0,-0,-0,-0,-0,-0,-0,-0,-0,-0,-0,-0,-0,-0,-0,-0,-0,-0,-0,-0,-0,-0,-0,-0
0.03435351881577238,0.92028915647333576,-0,-0,-0,-0,0.33878041288655247,0.18835999402081449,0.036148560791614777,0.93614911354134733,-0,-0,-0,-0,0.3488943224922324,0.18554983779405693,0.052799856582986755,0.93548176322205967,-0,-0,-0,-0,0.33738516576100031,0.17738603219841179,0.025363954463377653,0.89724630414070161,-0,-0,-0,-0,0.34734576186048677,0.19196929254594625
-0,-0,-0,-0,-0,-0,-0,-0,-0,-0,-0,-0,-0,-0,-0,-0,-0,-0,-0,-0,-0,-0,-0,-0,-0,-0,-0,-0,-0,-0,-0,-0
-0,-0,-0,-0,-0,-0,-0,-0,-0,-0,-0,-0,-0,-0,-0,-0,-0,-0,-0,-0,-0,-0,-0,-0,-0,-0,-0,-0,-0,-0,-0,-0
-0,-0,-0,-0,-0,-0,-0,-0,-0,-0,-0,-0,-0,-0,-0,-0,-0,-0,-0,-0,-0,-0,-0,-0,-0,-0,-0,-0,-0,-0,-0,-0
-0,-0,-0,-0,-0,-0,-0,-0,-0,-0,-0,-0,-0,-0,-0,-0,-0,-0,-0,-0,-0,-0,-0,-0,-0,-0,-0,-0,-0,-0,-0,-0
-0,-0,-0,-0,-0,-0,-0,-0,-0,-0,-0,-0,-0,-0,-0,-0,-0,-0,-0,-0,-0,-0,-0,-0,-0,-0,-0,-0,-0,-0,-0,-0
-0,-0,-0,-0,-0,-0,-0,-0,-0,-0,-0,-0,-0,-0,-0,-0,-0,-0,-0,-0,-0,-0,-0,-0,-0,-0,-0,-0,-0,-0,-0,-0
-0,-0,-0,-0,-0,-0,-0,-0,-0,-0,-0,-0,-0,-0,-0,-0,-0,-0,-0,-0,-0,-0,-0,-0,-0,-0,-0,-0,-0,-0,-0,-0
-0,-0,-0,-0,-0,-0,-0,-0,-0,-0,-0,-0,-0,-0,-0,-0,-0,-0,-0,-0,-0,-0,-0,-0,-0,-0,-0,-0,-0,-0,-0,-0
-0,-0,-0,-0,-0,-0,-0,-0,-0,-0,-0,-0,-0,-0,-0,-0,-0,-0,-0,-0,-0,-0,-0,-0,-0,-0,-0,-0,-0,-0,-0,-0
0.15016666940735629,0.19947774677825861,0.19117827976924934,0.15606876977717732,0.28675834655851024,0.042364845596635337,-0,0.11206127257485998,0.1432436543227967,0.19693624372076393,0.19276360444590016,0.15714411273675929,0.28483582653371864,0.043984751485436249,-0,0.11234577514352072,0.15905634695640467,0.18853691084711469,0.190151512539461,0.16845824688917571,0.28570357637313665,0.043836051003940356,-0,0.11951375103767267,0.15298310791099703,0.20436886866251419,0.19617579201800273,0.14914256987126639,0.28862077295430227,0.041115009558395803,-0,0.10931532931074273
-0,-0,-0,-0,-0,-0,-0,-0,-0,-0,-0,-0,-0,-0,-0,-0,-0,-0,-0,-0,-0,-0,-0,-0,-0,-0,-0,-0,-0,-0,-0,-0
0.0010659888070722477,-0,-0,-0,-0,-0,-0,-0,-0,-0,-0,-0,-0,-0,-0,-0,0.0012123448249608106,-0,-0,-0,-0,-0,-0,-0,-0,-0,-0,-0,-0,-0,-0,-0
-0,-0,-0,-0,-0,-0,-0,-0,-0,-0,-0,-0,-0,-0,-0,-0,-0,-0,-0,-0,-0,-0,-0,-0,-0,-0,-0,-0,-0,-0,-0,-0
-0,-0,-0,-0,-0,-0,-0,-0,-0,-0,-0,-0,-0,-0,-0,-0,-0,-0,-0,-0,-0,-0,-0,-0,-0,-0,-0,-0,-0,-0,-0,-0
-0,-0,-0,-0,-0,-0,-0,-0,-0,-0,-0,-0,-0,-0,-0,-0,-0,-0,-0,-0,-0,-0,-0,-0,-0,-0,-0,-0,-0,-0,-0,-0
-0,0.10142948490116373,-0,-0,-0,-0,0.038338658525793615,-0,-0,0.10264225244731942,-0,-0,-0,-0,0.039455004559139556,-0,-0,0.1048161441390401,-0,-0,-0,-0,0.0378493535074369,-0,-0,0.10127104607864386,-0,-0,-0,-0,0.035738295934919305,-0
-0,-0,-0,-0,-0,-0,-0,-0,-0,-0,-0,-0,-0,-0,-0,-0,-0,-0,-0,-0,-0,-0,-0,-0,-0,-0,-0,-0,-0,-0,-0,-0
-0,-0,-0,-0,-0,-0,-0,-0,-0,-0,-0,-0,-0,-0,-0,-0,-0,-0,-0,-0,-0,-0,-0,-0,-0,-0,-0,-0,-0,-0,-0,-0
-0,-0,-0,-0,-0,-0,-0,-0,-0,-0,-0,-0,-0,-0,-0,-0,-0,-0,-0,-0,-0,-0,-0,-0,-0,-0,-0,-0,-0,-0,-0,-0
-0,-0,-0,-0,-0,-0,-0,-0,-0,-0,-0,-0,-0,-0,-0,-0,-0,-0,-0,-0,-0,-0,-0,-0,-0,-0,-0,-0,-0,-0,-0,-0
-0,-0,-0,-0,-0,-0,-0,-0,-0,-0,-0,-0,-0,-0,-0,-0,-0,-0,-0,-0,-0,-0,-0,-0,-0,-0,-0,-0,-0,-0,-0,-0
-0,-0,-0,-0,-0,-0,-0,-0,-0,-0,-0,-0,-0,-0,-0,-0,-0,-0,-0,-0,-0,-0,-0,-0,-0,-0,-0,-0,-0,-0,-0,-0
-0,-0,-0,-0,-0,-0,-0,-0,-0,-0,-0,-0,-0,-0,-0,-0,-0,-0,-0,-0,-0,-0,-0,-0,-0,-0,-0,-0,-0,-0,-0,-0
-0,-0,-0,0.19099918161373752,-0,-0,-0,-0,-0,0.0014403678298219606,-0,0.19209017915481527,-0,-0,-0,-0,-0,0.0029368518682392156,-0,0.21479348873362572,-0,-0,-0,-0,-0,-0,-0,0.18682062135291769,-0,-0,-0,-0
-0,-0,-0,-0,-0,-0,-0,-0,-0,-0,-0,-0,-0,-0,-0,-0,-0,-0,-0,-0,-0,-0,-0,-0,-0,-0,-0,-0,-0,-0,-0,-0
-0,-0,-0,-0,-0,-0,-0,-0,-0,-0,-0,-0,-0,-0,-0,-0,-0,-0,-0,-0,-0,-0,-0,-0,-0,-0,-0,-0,-0,-0,-0,-0
-0,-0,-0,-0,-0,-0,-0,-0,-0,-0,-0,-0,-0,-0,-0,-0,-0,-0,-0,-0,-0,-0,-0,-0,-0,-0,-0,-0,-0,-0,-0,-0
-0,-0,-0,-0,-0,-0,-0,-0,-0,-0,-0,-0,-0,-0,-0,-0,-0,-0,-0,-0,-0,-0,-0,-0,-0,-0,-0,-0,-0,-0,-0,-0
-0,-0,-0,-0,-0,-0,-0,-0,-0,-0,-0,-0,-0,-0,-0,-0,-0,-0,-0,-0,-0,-0,-0,-0,-0,-0,-0,-0,-0,-0,-0,-0
-0,-0,-0,-0,-0,-0,-0,-0,-0,-0,-0,-0,-0,-0,-0,-0,-0,-0,-0,-0,-0,-0,-0,-0,-0,-0,-0,-0,-0,-0,-0,-0
-0,-0,-0,-0,-0,-0,-0,-0,-0,-0,-0,-0,-0,-0,-0,-0,-0,-0,-0,-0,-0,-0,-0,-0,-0,-0,-0,-0,-0,-0,-0,-0
-0,-0,-0,-0,-0,-0,-0,-0,-0,-0,-0,-0,-0,-0,-0,-0,-0,-0,-0,-0,-0,-0,-0,-0,-0,-0,-0,-0,-0,-0,-0,-0
0.28340376616842233,0.16686327556123098,0.080005033139272833,0.57222517630682812,0.27768298864174973,0.11700811278427545,0.16908758622872724,-0,0.27615506203659812,0.18020080430658844,0.069501113886900431,0.5762742112382816,0.28185436711512196,0.11902242033814953,0.17391606357269995,-0,0.28302142064982133,0.17034159643156183,0.074937866863770894,0.59923514182944915,0.28453531873358884,0.12132223365541567,0.17791069922473282,-0,0.28194298641995769,0.16966367943765731,0.085936269682218153,0.57343538616509537,0.28158426929379332,0.11947206610993051,0.15220803018551848,-0
-0,-0,-0,-0,-0,-0,-0,-0,-0,-0,-0,-0,-0,-0,-0,-0,-0,-0,-0,-0,-0,-0,-0,-0,-0,-0,-0,-0,-0,-0,-0,-0
0.24159511836979691,-0,0.16161071830909468,0.024440219240579319,0.40012097640863048,0.014541161943545574,-0,-0,0.23593058434307018,-0,0.16744407892889226,0.024736380534137594,0.39507805325789352,0.011559838064310789,-0,-0,0.23136664030026244,-0,0.15943264807395149,0.021348389563404631,0.40064730445779578,0.014069958802759616,-0,-0,0.24290877460241142,-0,0.15516229016983923,0.025069240812691827,0.40592468062298404,0.018921335598680724,-0,-0
-0,0.2727565025640406,-0,-0,-0,-0,-0,-0,-0,0.27215647141706079,-0,-0,-0,-0,-0,-0,-0,0.27042426666474489,-0,-0,-0,-0,-0,-0,-0,0.27159412454142223,-0,-0,-0,-0,-0,-0
-0,-0,-0,-0,0.092033168121398043,-0,-0,-0,-0,-0,-0,-0,0.072627907744083467,-0,-0,-0,-0,-0,-0,-0,0.090682432804438634,-0,-0,-0,-0,-0,-0,-0,0.092476537099279776,-0,-0,-0
-0,-0,-0,-0,-0,-0,-0,-0,-0,-0,-0,-0,-0,-0,-0,-0,-0,-0,-0,-0,-0,-0,-0,-0,-0,-0,-0,-0,-0,-0,-0,-0
-0,-0,-0,-0,-0,-0,-0,-0,-0,-0,-0,-0,-0,-0,-0,-0,-0,-0,-0,-0,-0,-0,-0,-0,-0,-0,-0,-0,-0,-0,-0,-0
-0,-0,-0,-0,0.018295773718624238,-0,-0,-0,-0,-0,-0,-0,0.015883277763590348,-0,-0,-0,-0,-0,-0,-0,0.015230214758786758,-0,-0,-0,-0,-0,-0,-0,0.021598250857087609,-0,-0,-0
-0,-0,-0,-0,-0,-0,-0,-0,-0,-0,-0,-0,-0,-0,-0,-0,-0,-0,-0,-0,-0,-0,-0,-0,-0,-0,-0,-0,-0,-0,-0,-0
-0,-0,-0,-0,-0,-0,-0,-0,-0,-0,-0,-0,-0,-0,-0,-0,-0,-0,-0,-0,-0,-0,-0,-0,-0,-0,-0,-0,-0,-0,-0,-0
-0,-0,-0,-0,-0,-0,-0,-0,-0,-0,-0,-0,-0,-0,-0,-0,-0,-0,-0,-0,-0,-0,-0,-0,-0,-0,-0,-0,-0,-0,-0,-0
-0,-0,-0,-0,-0,-0,-0,-0,-0,-0,-0,-0,-0,-0,-0,-0,-0,-0,-0,-0,-0,-0,-0,-0,-0,-0,-0,-0,-0,-0,-0,-0
-0,-0,-0,-0,-0,-0,-0,-0,-0,-0,-0,-0,-0,-0,-0,-0,-0,-0,-0,-0,-0,-0,-0,-0,-0,-0,-0,-0,-0,-0,-0,-0
-0,-0,-0,-0,-0,-0,0.00026679986322030916,-0,-0,-0,-0,-0,-0,-0,0.0045941843459997725,-0,-0,-0,-0,-0,-0,-0,0.0010589088006051381,-0,-0,-0,-0,-0,-0,-0,-0,-0
-0,-0,-0,-0,-0,-0,-0,-0,-0,-0,-0,-0,-0,-0,-0,-0,-0,-0,-0,-0,-0,-0,-0,-0,-0,-0,-0,-0,-0,-0,-0,-0
-0,-0,-0,-0,-0,-0,-0,-0,-0,-0,-0,-0,-0,-0,-0,-0,-0,-0,-0,-0,-0,-0,-0,-0,-0,-0,-0,-0,-0,-0,-0,-0
-0,-0,-0,-0,-0,-0,-0,-0,-0,-0,-0,-0,-0,-0,-0,-0,-0,-0,-0,-0,-0,-0,-0,-0,-0,-0,-0,-0,-0,-0,-0,-0
-0,-0,-0,0.0078060877912477129,0.05088171820929302,-0,-0,-0,-0,-0,-0,0.01111095455321429,0.047127345378740207,-0,-0,-0,-0,-0,-0,0.018029263602728034,0.050405366979518765,-0,-0,-0,-0,-0,-0,0.010856978149418713,0.05222095510047417,-0,-0,-0
-0,-0,-0,-0,-0,-0,-0,-0,-0,-0,-0,-0,-0,-0,-0,-0,-0,-0,-0,-0,-0,-0,-0,-0,-0,-0,-0,-0,-0,-0,-0,-0
-0,-0,-0,-0,-0,-0,-0,-0,-0,-0,-0,-0,-0,-0,-0,-0,-0,-0,-0,-0,-0,-0,-0,-0,-0,-0,-0,-0,-0,-0,-0,-0
-0,-0,-0,-0,-0,-0,-0,-0,-0,-0,-0,-0,-0,-0,-0,-0,-0,-0,-0,-0,-0,-0,-0,-0,-0,-0,-0,-0,-0,-0,-0,-0
-0,-0,-0,-0,-0,-0,-0,-0,-0,-0,-0,-0,-0,-0,-0,-0,-0,-0,-0,-0,-0,-0,-0,-0,-0,-0,-0,-0,-0,-0,-0,-0
-0,-0,-0,-0,-0,-0,-0,-0,-0,-0,-0,-0,-0,-0,-0,-0,-0,-0,-0,-0,-0,-0,-0,-0,-0,-0,-0,-0,-0,-0,-0,-0
-0,-0,-0,-0,-0,-0,-0,-0,-0,-0,-0,-0,-0,-0,-0,-0,-0,-0,-0,-0,-0,-0,-0,-0,-0,-0,-0,-0,-0,-0,-0,-0
-0,-0,-0,-0,-0,-0,-0,-0,-0,-0,-0,-0,-0,-0,-0,-0,-0,-0,-0,-0,-0,-0,-0,-0,-0,-0,-0,-0,-0,-0,-0,-0
-0,-0,-0,0.20229398048414282,0.036838216118346707,-0,-0,-0,-0,-0,-0,0.20254682216845774,0.043013510321451134,-0,-0,-0,-0,-0,-0,0.21334053407725126,0.037553801006790795,-0,-0,-0,-0,-0,-0,0.19933674720323094,0.034071612727272181,-0,-0,-0
-0,-0,-0,-0,-0,-0,-0,-0,-0,-0,-0,-0,-0,-0,-0,-0,-0,-0,-0,-0,-0,-0,-0,-0,-0,-0,-0,-0,-0,-0,-0,-0
0.50800844413058976,0.70913570664242487,0.095239838587888481,0.241803728589599,0.4572324823252138,0.23219402000755324,0.59619378153197666,0.3210480937428748,0.49888169570944263,0.71269279395656193,0.10023065793082929,0.23461296422360492,0.45797275634581658,0.24185240977631503,0.59805509754198194,0.31749415117547747,0.50491316301595313,0.70846796316633143,0.093092562916998953,0.23901582074537062,0.46045796521485133,0.22904115991357574,0.5914948554439009,0.31888741379718616,0.51139126897651777,0.6883478250110755,0.096274379401644669,0.23864607048508027,0.46393641273552955,0.22690775595726709,0.59949284120405921,0.31922198599515811
-0,-0,-0,-0,-0,-0,-0,-0,-0,-0,-0,-0,-0,-0,-0,-0,-0,-0,-0,-0,-0,-0,-0,-0,-0,-0,-0,-0,-0,-0,-0,-0
-0,-0,-0,-0,-0,-0,-0,-0,-0,-0,-0,-0,-0,-0,-0,-0,-0,-0,-0,-0,-0,-0,-0,-0,-0,-0,-0,-0,-0,-0,-0,-0
0.25922144172487432,0.032814374618304838,-0,0.22070183440868782,0.28111646843573707,0.067904394580305408,0.048862011985911967,-0,0.25891127595853619,0.032437627689125101,-0,0.22257454350243247,0.27464830204499258,0.068966676133429744,0.053191894854701049,-0,0.26239665104887305,0.027472324287455711,-0,0.22851636117416024,0.28051632557657186,0.072789475127568684,0.053144322973420748,-0,0.26292292480672752,0.032418111119957141,-0,0.22641938733354836,0.27608367389657401,0.069156727916910951,0.043094418028831051,-0
-0,-0,-0,-0,-0,-0,-0,-0,-0,-0,-0,-0,-0,-0,-0,-0,-0,-0,-0,-0,-0,-0,-0,-0,-0,-0,-0,-0,-0,-0,-0,-0
-0,0.49755763260529573,-0,-0,-0,-0,-0,0.046832342168555398,-0,0.50239854760256686,-0,-0,-0,-0,-0,0.036523808392844408,-0,0.51248278626760124,-0,-0,-0,-0,-0,0.047559660193096806,-0,0.49201111539438774,-0,-0,-0,-0,-0,0.060370690610675931
-0,-0,-0,-0,0.0013288720334189755,-0,-0,-0,-0,-0,-0,-0,-0,-0,-0,-0,-0,-0,-0,-0,-0,-0,-0,-0,-0,-0,-0,-0,-0,-0,-0,-0
-0,-0,-0,-0,-0,-0,-0,-0,-0,-0,-0,-0,-0,-0,-0,-0,-0,-0,-0,-0,-0,-0,-0,-0,-0,-0,-0,-0,-0,-0,-0,-0
-0,-0,-0,-0,-0,-0,-0,-0,-0,-0,-0,-0,-0,-0,-0,-0,-0,-0,-0,-0,-0,-0,-0,-0,-0,-0,-0,-0,-0,-0,-0,-0
-0,-0,-0,-0,-0,-0,-0,-0,-0,-0,-0,-0,-0,-0,-0,-0,-0,-0,-0,-0,-0,-0,-0,-0,-0,-0,-0,-0,-0,-0,-0,-0
-0,-0,-0,-0,-0,-0,-0,-0,-0,-0,-0,-0,-0,-0,-0,-0,-0,-0,-0,-0,-0,-0,-0,-0,-0,-0,-0,-0,-0,-0,-0,-0
-0,-0,-0,-0,-0,-0,-0,-0,-0,-0,-0,-0,-0,-0,-0,-0,-0,-0,-0,-0,-0,-0,-0,-0,-0,-0,-0,-0,-0,-0,-0,-0
-0,-0,-0,-0,-0,-0,-0,-0,-0,-0,-0,-0,-0,-0,-0,-0,-0,-0,-0,-0,-0,-0,-0,-0,-0,-0,-0,-0,-0,-0,-0,-0
-0,-0,-0,-0,-0,-0,-0,-0,-0,-0,-0,-0,-0,-0,-0,-0,-0,-0,-0,-0,-0,-0,-0,-0,-0,-0,-0,-0,-0,-0,-0,-0
-0,-0,-0,-0,-0,-0,-0,-0,-0,-0,-0,-0,-0,-0,-0,-0,-0,-0,-0,-0,-0,-0,-0,-0,-0,-0,-0,-0,-0,-0,-0,-0
-0,-0,-0,-0,-0,-0,-0,-0,-0,-0,-0,-0,-0,-0,-0,-0,-0,-0,-0,-0,-0,-0,-0,-0,-0,-0,-0,-0,-0,-0,-0,-0
-0,-0,-0,-0,-0,-0,-0,-0,-0,-0,-0,-0,-0,-0,-0,-0,-0,-0,-0,-0,-0,-0,-0,-0,-0,-0,-0,-0,-0,-0,-0,-0
-0,-0,-0,-0,-0,-0,-0,-0,-0,-0,-0,-0,-0,-0,-0,-0,-0,-0,-0,-0,-0,-0,-0,-0,-0,-0,-0,-0,-0,-0,-0,-0
-0,-0,-0,-0,-0,-0,-0,-0,-0,-0,-0,-0,-0,-0,-0,-0,-0,-0,-0,-0,-0,-0,-0,-0,-0,-0,-0,-0,-0,-0,-0,-0
0.090114283666310066,0.047470403393087252,-0,0.44940917315933654,0.38693376556322706,-0,0.18894102398347851,-0,0.089652401032381479,0.050069193096348281,-0,0.45154345406752228,0.37725544678833456,-0,0.19618085235480795,-0,0.091701749536874114,0.057221192104899461,-0,0.46266448184301723,0.38846414207482743,-0,0.19165802895039297,-0,0.087735965836332752,0.039231553051799657,-0,0.44971637333300446,0.3840549879874755,-0,0.17836854269247385,-0
-0,-0,-0,-0,-0,-0,-0,-0,-0,-0,-0,-0,-0,-0,-0,-0,-0,-0,-0,-0,-0,-0,-0,-0,-0,-0,-0,-0,-0,-0,-0,-0
-0,-0,-0,-0,-0,-0,-0,-0,-0,-0,-0,-0,-0,-0,-0,-0,-0,-0,-0,-0,-0,-0,-0,-0,-0,-0,-0,-0,-0,-0,-0,-0
-0,-0,-0,-0,-0,-0,-0,-0,-0,-0,-0,-0,-0,-0,-0,-0,-0,-0,-0,-0,-0,-0,-0,-0,-0,-0,-0,-0,-0,-0,-0,-0
-0,-0,-0,-0,-0,-0,-0,-0,-0,-0,-0,-0,-0,-0,-0,-0,-0,-0,-0,-0,-0,-0,-0,-0,-0,-0,-0,-0,-0,-0,-0,-0
-0,-0,-0,-0,-0,-0,-0,-0,-0,-0,-0,-0,-0,-0,-0,-0,-0,-0,-0,-0,-0,-0,-0,-0,-0,-0,-0,-0,-0,-0,-0,-0
-0,0.25441267875561191,-0,-0,-0,-0,0.12136380151607562,0.018286490090132938,-0,0.26164472424889823,-0,-0,-0,-0,0.12216397028780535,0.013811428717563809,-0,0.26076685724150789,-0,-0,-0,-0,0.1189566337921581,0.016393728103850258,-0,0.24513366132648642,-0,-0,-0,-0,0.12142633878173649,0.01863508743381186
-0,-0,-0,-0,-0,-0,-0,-0,-0,-0,-0,-0,-0,-0,-0,-0,-0,-0,-0,-0,-0,-0,-0,-0,-0,-0,-0,-0,-0,-0,-0,-0
-0,-0,-0,-0,-0,-0,-0,-0,-0,-0,-0,-0,-0,-0,-0,-0,-0,-0,-0,-0,-0,-0,-0,-0,-0,-0,-0,-0,-0,-0,-0,-0
-0,0.15005196198198054,-0,-0,-0,-0,-0,-0,-0,0.15605479284726706,-0,-0,-0,-0,-0,-0,-0,0.15519696833590219,-0,-0,-0,-0,-0,-0,-0,0.15097026614980175,-0,-0,-0,-0,-0,-0
-0,-0,-0,0.18820217529891975,0.56405149782208963,-0,0.16584415382950168,-0,-0,-0,-0,0.18714070643890035,0.56497362189049816,-0,0.16403912314253535,-0,-0,-0,-0,0.1888185696165971,0.56372731612846205,-0,0.1686296713558928,-0,-0,-0,-0,0.17996877007333847,0.56474162973723629,-0,0.16833289697468845,-0
-0,-0,-0,-0,-0,-0,-0,-0,-0,-0,-0,-0,-0,-0,-0,-0,-0,-0,-0,-0,-0,-0,-0,-0,-0,-0,-0,-0,-0,-0,-0,-0
0.039331955478334769,-0,0.05540309970457423,0.44316920618903749,0.6998379737447451,-0,-0,-0,0.025463586044485568,-0,0.053198185959057752,0.44971588888533981,0.69826720942695819,-0,-0,-0,0.031069364679924563,-0,0.057665270685715364,0.44545673835275768,0.70438490989637115,-0,-0,-0,0.042053539615045481,-0,0.056152187495001608,0.43690678473837841,0.70735933374593507,-0,-0,-0
-0,0.076781437373469097,-0,-0,-0,-0,0.12558000200371722,-0,-0,0.084578973368607022,-0,-0,-0,-0,0.12831903475814982,-0,-0,0.08598913473805285,-0,-0,-0,-0,0.13332820870790868,-0,-0,0.062832318930831521,-0,-0,-0,-0,0.12557772345019158,-0
-0,-0,-0,-0,-0,-0,-0,-0,-0,-0,-0,-0,-0,-0,-0,-0,-0,-0,-0,-0,-0,-0,-0,-0,-0,-0,-0,-0,-0,-0,-0,-0
-0,-0,-0,-0,-0,-0,-0,-0,-0,-0,-0,-0,-0,-0,-0,-0,-0,-0,-0,-0,-0,-0,-0,-0,-0,-0,-0,-0,-0,-0,-0,-0
-0,-0,-0,-0,-0,-0,-0,-0,-0,-0,-0,-0,-0,-0,-0,-0,-0,-0,-0,-0,-0,-0,-0,-0,-0,-0,-0,-0,-0,-0,-0,-0
-0,-0,-0,-0,-0,-0,-0,-0,-0,-0,-0,-0,-0,-0,-0,-0,-0,-0,-0,-0,-0,-0,-0,-0,-0,-0,-0,-0,-0,-0,-0,-0
-0,-0,-0,-0,-0,-0,-0,-0,-0,-0,-0,-0,-0,-0,-0,-0,-0,-0,-0,-0,-0,-0,-0,-0,-0,-0,-0,-0,-0,-0,-0,-0
-0,-0,-0,-0,-0,-0,-0,-0,-0,-0,-0,-0,-0,-0,-0,-0,-0,-0,-0,-0,-0,-0,-0,-0,-0,-0,-0,-0,-0,-0,-0,-0
-0,-0,-0,-0,-0,-0,-0,-0,-0,-0,-0,-0,-0,-0,-0,-0,-0,-0,-0,-0,-0,-0,-0,-0,-0,-0,-0,-0,-0,-0,-0,-0
-0,-0,-0,-0,-0,-0,-0,-0,-0,-0,-0,-0,-0,-0,-0,-0,-0,-0,-0,-0,-0,-0,-0,-0,-0,-0,-0,-0,-0,-0,-0,-0
0.47817994225451554,0.23786298786207516,0.42968213431451607,0.65283916021325117,0.71988376685369893,0.12742209509543428,0.11509773653070758,-0,0.47831250815541237,0.23371011431944166,0.41725871014319249,0.65442063660635874,0.70022641181828837,0.1369972759411397,0.11944298477489659,-0,0.48272448985960903,0.24216594714628695,0.42520240955404209,0.65865528306658472,0.71653765507132028,0.1300963713439682,0.11486791314773538,-0,0.47521176469356763,0.23691812702796922,0.42306021620739287,0.65764697682252504,0.71157122516893079,0.12488623328285477,0.11950170071234746,-0
-0,-0,-0,-0,-0,-0,-0,-0,-0,-0,-0,-0,-0,-0,-0,-0,-0,-0,-0,-0,-0,-0,-0,-0,-0,-0,-0,-0,-0,-0,-0,-0
-0,-0,-0,-0,-0,-0,-0,-0,-0,-0,-0,-0,-0,-0,-0,-0,-0,-0,-0,-0,-0,-0,-0,-0,-0,-0,-0,-0,-0,-0,-0,-0
-0,-0,-0,-0,-0,-0,-0,-0,-0,-0,-0,-0,-0,-0,-0,-0,-0,-0,-0,-0,-0,-0,-0,-0,-0,-0,-0,-0,-0,-0,-0,-0
-0,-0,-0,-0,-0,-0,-0,-0,-0,-0,-0,-0,-0,-0,-0,-0,-0,-0,-0,-0,-0,-0,-0,-0,-0,-0,-0,-0,-0,-0,-0,-0
-0,-0,-0,-0,-0,-0,-0,-0,-0,-0,-0,-0,-0,-0,-0,-0,-0,-0,-0,-0,-0,-0,-0,-0,-0,-0,-0,-0,-0,-0,-0,-0
-0,-0,-0,-0,-0,0.075477820252761368,-0,-0,-0,-0,-0,-0,-0,0.070469148646207777,-0,-0,-0,-0,-0,-0,-0,0.07639157380785247,-0,-0,-0,-0,-0,-0,-0,0.075818187586618471,-0,-0
-0,-0,-0,-0,-0,-0,-0,-0,-0,-0,-0,-0,-0,-0,-0,-0,-0,-0,-0,-0,-0,-0,-0,-0,-0,-0,-0,-0,-0,-0,-0,-0
-0,-0,-0,-0,-0,-0,-0,-0,-0,-0,-0,-0,-0,-0,-0,-0,-0,-0,-0,-0,-0,-0,-0,-0,-0,-0,-0,-0,-0,-0,-0,-0
-0,-0,-0,-0,-0,-0,-0,-0,-0,-0,-0,-0,-0,-0,-0,-0,-0,-0,-0,-0,-0,-0,-0,-0,-0,-0,-0,-0,-0,-0,-0,-0
-0,-0,-0,-0,-0,-0,-0,-0,-0,-0,-0,-0,-0,-0,-0,-0,-0,-0,-0,-0,-0,-0,-0,-0,-0,-0,-0,-0,-0,-0,-0,-0
-0,0.30846697480032526,0.36864655483230352,0.156012340123209,0.1109703987275925,0.16620100099467572,0.089400190367918506,0.049590897211684054,-0,0.30543124041076636,0.36194868921147738,0.15453407634052829,0.10528672093171014,0.16240034623634053,0.094061819591473916,0.046142718887227721,-0,0.31507019052034535,0.36549575083041042,0.15942182091168308,0.10481404645239774,0.17529080437344643,0.086401044256410833,0.050046859908914464,-0,0.31143698010980381,0.36539040466645845,0.14559635339813506,0.10545598855439706,0.16342302920192137,0.087590479702146978,0.054803519780629577
-0,-0,-0,-0,-0,-0,-0,-0,-0,-0,-0,-0,-0,-0,-0,-0,-0,-0,-0,-0,-0,-0,-0,-0,-0,-0,-0,-0,-0,-0,-0,-0
-0,-0,-0,-0,-0,-0,0.014649789551954961,-0,-0,-0,-0,-0,-0,-0,0.016179722355376028,-0,-0,-0,-0,-0,-0,-0,0.0167505676476268,-0,-0,-0,-0,-0,-0,-0,0.017300126612939507,-0
-0,-0,-0,-0,-0,-0,-0,-0,-0,-0,-0,-0,-0,-0,-0,-0,-0,-0,-0,-0,-0,-0,-0,-0,-0,-0,-0,-0,-0,-0,-0,-0
-0,-0,-0,-0,-0,-0,-0,-0,-0,-0,-0,-0,-0,-0,-0,-0,-0,-0,-0,-0,-0,-0,-0,-0,-0,-0,-0,-0,-0,-0,-0,-0
-0,-0,0.057147185724610465,0.24694527780467346,0.3094198122125924,-0,0.1338059141911071,0.060662563631989748,-0,-0,0.059651422511247477,0.24517143706920858,0.29669922247472247,-0,0.13780098616131814,0.056652471523934753,-0,-0,0.053331676499032726,0.24524650628106651,0.30542239128883747,-0,0.12812214919649351,0.065279194858795214,-0,-0,0.054104502787522026,0.24561127655363921,0.30916808578237731,-0,0.12505263225504923,0.070040856200871734
-0,-0,-0,-0,-0,-0,-0,-0,-0,-0,-0,-0,-0,-0,-0,-0,-0,-0,-0,-0,-0,-0,-0,-0,-0,-0,-0,-0,-0,-0,-0,-0
-0,-0,-0,-0,-0,-0,-0,-0,-0,-0,-0,-0,-0,-0,-0,-0,-0,-0,-0,-0,-0,-0,-0,-0,-0,-0,-0,-0,-0,-0,-0,-0
-0,-0,-0,-0,-0,-0,-0,-0,-0,-0,-0,-0,-0,-0,-0,-0,-0,-0,-0,-0,-0,-0,-0,-0,-0,-0,-0,-0,-0,-0,-0,-0
-0,-0,-0,-0,-0,-0,-0,-0,-0,-0,-0,-0,-0,-0,-0,-0,-0,-0,-0,-0,-0,-0,-0,-0,-0,-0,-0,-0,-0,-0,-0,-0
-0,-0,-0,-0,-0,-0,0.038268541800233806,-0,-0,-0,-0,-0,-0,-0,0.04468957265450843,-0,-0,-0,-0,-0,-0,-0,0.042570444805461731,-0,-0,-0,-0,-0,-0,-0,0.043123263422233604,-0
-0,-0,-0,-0,-0,-0,-0,-0,-0,-0,-0,-0,-0,-0,-0,-0,-0,-0,-0,-0,-0,-0,-0,-0,-0,-0,-0,-0,-0,-0,-0,-0
-0,-0,-0,-0,-0,-0,-0,-0,-0,-0,-0,-0,-0,-0,-0,-0,-0,-0,-0,-0,-0,-0,-0,-0,-0,-0,-0,-0,-0,-0,-0,-0
-0,-0,-0,-0,-0,-0,-0,-0,-0,-0,-0,-0,-0,-0,-0,-0,-0,-0,-0,-0,-0,-0,-0,-0,-0,-0,-0,-0,-0,-0,-0,-0
-0,-0,-0,-0,0.11152154266882133,-0,-0,-0,-0,-0,-0,-0,0.12137218467964914,-0,-0,-0,-0,-0,-0,-0,0.11778920007652999,-0,-0,-0,-0,-0,-0,-0,0.1129622213892861,-0,-0,-0
-0,-0,-0,-0,-0,-0,-0,-0,-0,-0,-0,-0,-0,-0,-0,-0,-0,-0,-0,-0,-0,-0,-0,-0,-0,-0,-0,-0,-0,-0,-0,-0
-0,-0,-0,-0,-0,-0,-0,-0,-0,-0,-0,-0,-0,-0,-0,-0,-0,-0,-0,-0,-0,-0,-0,-0,-0,-0,-0,-0,-0,-0,-0,-0
-0,-0,-0,-0,-0,-0,-0,-0,-0,-0,-0,-0,-0,-0,-0,-0,-0,-0,-0,-0,-0,-0,-0,-0,-0,-0,-0,-0,-0,-0,-0,-0
0.038774254087926778,-0,-0,-0,0.076577627524207076,-0,-0,-0,0.045602261074009109,-0,-0,-0,0.07268457465264902,-0,-0,-0,0.046803134294835208,-0,-0,-0,0.07812627585032228,-0,-0,-0,0.042048545923170574,-0,-0,-0,0.085064460476999865,-0,-0,-0
-0,-0,0.19841449238354825,0.18180193830329142,0.17281288303318865,-0,-0,-0,-0,-0,0.19006763467485052,0.18369226250626544,0.1641882073132698,-0,-0,-0,-0,-0,0.19175088173345814,0.18791150736006421,0.16945720129307912,-0,-0,-0,-0,-0,0.192010153812982,0.17442453869488836,0.17211619562645009,-0,-0,-0
-0,-0,-0,-0,-0,-0,-0,-0,-0,-0,-0,-0,-0,-0,-0,-0,-0,-0,-0,-0,-0,-0,-0,-0,-0,-0,-0,-0,-0,-0,-0,-0
-0,-0,-0,-0,-0,-0,-0,-0,-0,-0,-0,-0,-0,-0,-0,-0,-0,-0,-0,-0,-0,-0,-0,-0,-0,-0,-0,-0,-0,-0,-0,-0
-0,-0,-0,-0,-0,-0,-0,-0,-0,-0,-0,-0,-0,-0,-0,-0,-0,-0,-0,-0,-0,-0,-0,-0,-0,-0,-0,-0,-0,-0,-0,-0
-0,-0,-0,-0,-0,-0,-0,-0,-0,-0,-0,-0,-0,-0,-0,-0,-0,-0,-0,-0,-0,-0,-0,-0,-0,-0,-0,-0,-0,-0,-0,-0
-0,-0,-0,-0,-0,-0,-0,-0,-0,-0,-0,-0,-0,-0,-0,-0,-0,-0,-0,-0,-0,-0,-0,-0,-0,-0,-0,-0,-0,-0,-0,-0
-0,-0,-0,-0,-0,-0,-0,-0,-0,-0,-0,-0,-0,-0,-0,-0,-0,-0,-0,-0,-0,-0,-0,-0,-0,-0,-0,-0,-0,-0,-0,-0
0.097639323997655666,0.6247422534714816,0.12525182813575167,0.046082932553390847,0.15934563171196658,-0,0.29061673053914278,0.15393624403762388,0.1018798804890674,0.63500869273838279,0.13051331704584282,0.049309510185676517,0.15928270240398618,-0,0.29031220572721012,0.14739613803680363,0.1056413770463928,0.62596599832907329,0.11437715442157384,0.05412229710119567,0.15979559526315487,-0,0.28966266554335413,0.15650198300626419,0.098851762620990616,0.6182863840206001,0.1249288371736319,0.044318273864652133,0.17047484437407784,-0,0.28101959321499376,0.14871405806240354
-0,-0,-0,-0,-0,-0,-0,-0,-0,-0,-0,-0,-0,-0,-0,-0,-0,-0,-0,-0,-0,-0,-0,-0,-0,-0,-0,-0,-0,-0,-0,-0
0.46474824149276339,0.29692686006448571,0.40909711497142054,0.53642359181967159,0.53103050461704049,0.29895255893211015,-0,-0,0.45629016058931715,0.29891165840653466,0.39632188393746076,0.54242524390222768,0.52237762742643357,0.3046395539877948,-0,-0,0.46951077181384226,0.29974881560706662,0.39907410349551431,0.53861563195419371,0.53269252446191295,0.300829035779825,-0,-0,0.45286205814430736,0.30878946920262923,0.40395574560103908,0.53680844740273592,0.53144126008809867,0.2967975236726087,-0,-0
-0,-0,-0,-0,-0,-0,-0,-0,-0,-0,-0,-0,-0,-0,-0,-0,-0,-0,-0,-0,-0,-0,-0,-0,-0,-0,-0,-0,-0,-0,-0,-0
-0,-0,-0,-0,-0,-0,-0,-0,-0,-0,-0,-0,-0,-0,-0,-0,-0,-0,-0,-0,-0,-0,-0,-0,-0,-0,-0,-0,-0,-0,-0,-0
-0,-0,-0,-0,-0,-0,-0,-0,-0,-0,-0,-0,-0,-0,-0,-0,-0,-0,-0,-0,-0,-0,-0,-0,-0,-0,-0,-0,-0,-0,-0,-0
0.43019118908401105,0.49849031666640242,0.41252749912366637,0.57978850947398008,0.65158841687999769,0.29046303924836714,0.57122687959254459,0.3878047162248428,0.43944649711731848,0.50617883275568121,0.42351282387799816,0.56569994767242726,0.65115657301975394,0.29905420162758917,0.57431249262282535,0.3825755509890395,0.43470201205506981,0.49879742890144707,0.40800111287061319,0.58677821628862592,0.65593000475123442,0.29133849650201354,0.57247452342299254,0.38679112997912302,0.43621055321002872,0.48239048199683304,0.40507161127143076,0.58092576416882424,0.65311609206349175,0.28816287682451841,0.57428144858966901,0.37452721846947407
-0,-0,-0,-0,-0,-0,-0,-0,-0,-0,-0,-0,-0,-0,-0,-0,-0,-0,-0,-0,-0,-0,-0,-0,-0,-0,-0,-0,-0,-0,-0,-0
-0,-0,-0,-0,-0,-0,-0,-0,-0,-0,-0,-0,-0,-0,-0,-0,-0,-0,-0,-0,-0,-0,-0,-0,-0,-0,-0,-0,-0,-0,-0,-0
-0,-0,-0,-0,-0,-0,-0,-0,-0,-0,-0,-0,-0,-0,-0,-0,-0,-0,-0,-0,-0,-0,-0,-0,-0,-0,-0,-0,-0,-0,-0,-0
-0,-0,-0,-0,-0,-0,-0,-0,-0,-0,-0,-0,-0,-0,-0,-0,-0,-0,-0,-0,-0,-0,-0,-0,-0,-0,-0,-0,-0,-0,-0,-0
-0,-0,-0,-0,-0,-0,-0,-0,-0,-0,-0,-0,-0,-0,-0,-0,-0,-0,-0,-0,-0,-0,-0,-0,-0,-0,-0,-0,-0,-0,-0,-0
-0,-0,-0,-0,-0,-0,-0,-0,-0,-0,-0,-0,-0,-0,-0,-0,-0,-0,-0,-0,-0,-0,-0,-0,-0,-0,-0,-0,-0,-0,-0,-0
-0,-0,0.1643359773059937,-0,-0,-0,-0,-0,-0,-0,0.17116410943785501,-0,-0,-0,-0,-0,-0,-0,0.15625183793378841,-0,-0,-0,-0,-0,-0,-0,0.15851519986985249,-0,-0,-0,-0,-0
-0,-0,-0,-0,-0,-0,-0,-0,-0,-0,-0,-0,-0,-0,-0,-0,-0,-0,-0,-0,-0,-0,-0,-0,-0,-0,-0,-0,-0,-0,-0,-0
-0,0.22002458391666591,0.056198937609366159,-0,0.12008732448623113,-0,-0,-0,-0,0.22146021633455604,0.063755527786897095,-0,0.10897260777116242,-0,-0,-0,-0,0.22269993590672438,0.049727191440946415,-0,0.11723373340956066,-0,-0,-0,-0,0.21546224344094184,0.047852738955327066,-0,0.1258988008594811,-0,-0,-0
-0,0.018979129008392607,-0,-0,-0,-0,-0,-0,-0,0.018020570668422612,-0,-0,-0,-0,-0,-0,-0,0.017885395762219911,-0,-0,-0,-0,-0,-0,-0,0.017940733860502218,-0,-0,-0,-0,-0,-0
-0,-0,-0,-0,-0,-0,-0,-0,-0,-0,-0,-0,-0,-0,-0,-0,-0,-0,-0,-0,-0,-0,-0,-0,-0,-0,-0,-0,-0,-0,-0,-0
-0,-0,-0,-0,-0,-0,-0,-0,-0,-0,-0,-0,-0,-0,-0,-0,-0,-0,-0,-0,-0,-0,-0,-0,-0,-0,-0,-0,-0,-0,-0,-0
0.095944705712704179,0.26696140165262822,0.070436924707419302,0.41953322185184078,0.25078770293569846,0.15129594374019578,0.29960361889211895,0.23992856209083038,0.091497372977366015,0.26882613146233436,0.066441551313622921,0.4250042086775121,0.25037964978196864,0.1537920538450987,0.3047385284022025,0.2308547341312332,0.091336572712806152,0.27394397931251901,0.058685808977025244,0.42789328378083819,0.24932921451254153,0.15695515644414476,0.29734071549592539,0.24654555952278157,0.094657021441961225,0.27897548702037273,0.07197421655054595,0.41084979316076109,0.24834687935250868,0.14838106330685455,0.28079084246112024,0.24401248443694792
-0,-0,-0,-0,-0,-0,-0,-0,-0,-0,-0,-0,-0,-0,-0,-0,-0,-0,-0,-0,-0,-0,-0,-0,-0,-0,-0,-0,-0,-0,-0,-0
-0,-0,-0,0.01640099101246947,0.064808223233308801,-0,-0,-0,-0,-0,-0,0.015973736138193681,0.056179642809769101,-0,-0,-0,-0,-0,-0,0.02825318465983746,0.054087981014031818,-0,-0,-0,-0,-0,-0,0.016721881709222834,0.060706052635512889,-0,-0,-0
-0,-0,-0,-0,-0,-0,-0,-0,-0,-0,-0,-0,-0,-0,-0,-0,-0,-0,-0,-0,-0,-0,-0,-0,-0,-0,-0,-0,-0,-0,-0,-0
-0,-0,-0,-0,-0,-0,-0,-0,-0,-0,-0,-0,-0,-0,-0,-0,-0,-0,-0,-0,-0,-0,-0,-0,-0,-0,-0,-0,-0,-0,-0,-0
0.64920466136092914,0.95085437223338742,0.56352497940322821,0.90928919433788991,0.79742807727118303,0.31673526439417399,0.99193723059995531,0.86523886570367925,0.65419931979896984,0.95227966030964195,0.56364331408782054,0.88987036330663227,0.79232470060158766,0.33025910220712346,1,0.84630941437099971,0.64172246469509175,0.96004969533954498,0.56079588574103312,0.92004234933551354,0.79625053776827048,0.32569940147797399,0.99009502969448981,0.87046016815898053,0.66167192869909142,0.93719895919852381,0.56108102259764558,0.90727354993211939,0.78112296571660611,0.30740119338832383,0.99515329771738348,0.87319046394405131
-0,-0,-0,-0,-0,-0,-0,-0,-0,-0,-0,-0,-0,-0,-0,-0,-0,-0,-0,-0,-0,-0,-0,-0,-0,-0,-0,-0,-0,-0,-0,-0
-0,-0,-0,-0,-0,-0,-0,-0,-0,-0,-0,-0,-0,-0,-0,-0,-0,-0,-0,-0,-0,-0,-0,-0,-0,-0,-0,-0,-0,-0,-0,-0
-0,-0,-0,-0,-0,-0,-0,-0,-0,-0,-0,-0,-0,-0,-0,-0,-0,-0,-0,-0,-0,-0,-0,-0,-0,-0,-0,-0,-0,-0,-0,-0
-0,-0,0.075244317476418368,0.03475895321692446,0.011199664510105475,-0,-0,-0,-0,-0,0.076081086923132424,0.031794258405367551,0.007556669375791831,-0,-0,-0,-0,-0,0.074100915363013733,0.048143001893994015,0.014020389093467844,-0,-0,-0,-0,-0,0.074536388047355864,0.037709975692220066,0.014567066653513223,-0,-0,-0
-0,-0,-0,-0,-0,-0,-0,-0,-0,-0,-0,-0,-0,-0,-0,-0,-0,-0,-0,-0,-0,-0,-0,-0,-0,-0,-0,-0,-0,-0,-0,-0
-0,-0,-0,-0,-0,-0,-0,-0,-0,-0,-0,-0,-0,-0,-0,-0,-0,-0,-0,-0,-0,-0,-0,-0,-0,-0,-0,-0,-0,-0,-0,-0
-0,-0,-0,-0,-0,-0,-0,-0,-0,-0,-0,-0,-0,-0,-0,-0,-0,-0,-0,-0,-0,-0,-0,-0,-0,-0,-0,-0,-0,-0,-0,-0
-0,-0,-0,-0,-0,-0,-0,-0,-0,-0,-0,-0,-0,-0,-0,-0,-0,-0,-0,-0,-0,-0,-0,-0,-0,-0,-0,-0,-0,-0,-0,-0
-0,-0,-0,-0,-0,-0,-0,-0,-0,-0,-0,-0,-0,-0,-0,-0,-0,-0,-0,-0,-0,-0,-0,-0,-0,-0,-0,-0,-0,-0,-0,-0
-0,0.22661497303358433,-0,0.16073072183962189,0.24051137037264583,-0,0.15425435373577975,0.10830749225408723,-0,0.21992761299484762,-0,0.16138225299539663,0.23724530344637235,-0,0.15451737035267071,0.10386357175414131,-0,0.2296544378456063,-0,0.1679265264221429,0.23957554954891933,-0,0.15445165714624817,0.11634918146448928,-0,0.22761562995240461,-0,0.14714287626235503,0.23555675334906409,-0,0.15645442734002132,0.11245405989199972
-0,-0,0.043592780390935663,0.10041545465594412,0.47282929807811425,-0,-0,-0,-0,-0,0.052995001407276948,0.10021231655322629,0.48361848100932542,-0,-0,-0,-0,-0,0.043926674953127708,0.092443598147054426,0.47718862091685232,-0,-0,-0,-0,-0,0.046731814928481129,0.099704129628605795,0.48316151893573916,-0,-0,-0
-0,-0,-0,-0,-0,-0,-0,-0,-0,-0,-0,-0,-0,-0,-0,-0,-0,-0,-0,-0,-0,-0,-0,-0,-0,-0,-0,-0,-0,-0,-0,-0
-0,-0,-0,-0,-0,-0,-0,-0,-0,-0,-0,-0,-0,-0,-0,-0,-0,-0,-0,-0,-0,-0,-0,-0,-0,-0,-0,-0,-0,-0,-0,-0
-0,-0,-0,-0,-0,-0,0.11421359466047398,-0,-0,-0,-0,-0,-0,-0,0.11762131857949754,-0,-0,-0,-0,-0,-0,-0,0.11630386165120207,-0,-0,-0,-0,-0,-0,-0,0.11752113897292801,-0
-0,0.05825656806328066,-0,0.054765050302790573,0.2563753069176089,-0,0.16171302424172426,-0,-0,0.059145555460828891,-0,0.058145325658343253,0.25800155191496515,-0,0.16432423870476745,-0,-0,0.066894512317193247,-0,0.054600222257469896,0.25416854786927717,-0,0.16165831786997098,-0,-0,0.05995263810287052,-0,0.051145053457429902,0.25945172626965202,-0,0.15796030660563551,-0
-0,-0,-0,-0,-0,-0,-0,-0,-0,-0,-0,-0,-0,-0,-0,-0,-0,-0,-0,-0,-0,-0,-0,-0,-0,-0,-0,-0,-0,-0,-0,-0
-0,-0,-0,-0,-0,-0,-0,-0,-0,-0,-0,-0,-0,-0,-0,-0,-0,-0,-0,-0,-0,-0,-0,-0,-0,-0,-0,-0,-0,-0,-0,-0
0.027363457820184737,0.58744676313446631,0.34738760034542532,0.1216849788175785,0.28129322994497813,0.23008348736910911,0.29451357534481748,-0,0.016181908591998907,0.58920179796246885,0.33293602387767318,0.12248416384009028,0.27599544699368506,0.22707046240830314,0.30075238648152408,-0,0.026399409223019882,0.59139812010483361,0.33444534300626466,0.11987175358628298,0.27183565274997562,0.24102571565524125,0.29177740738356284,-0,0.022500256882901644,0.59645906054920039,0.34542898195195054,0.11783311962750556,0.28068209017608187,0.22835863428304964,0.28190230626497853,-0
-0,-0,-0,-0,-0,-0,-0,-0,-0,-0,-0,-0,-0,-0,-0,-0,-0,-0,-0,-0,-0,-0,-0,-0,-0,-0,-0,-0,-0,-0,-0,-0
0.12838906432359204,0.29211308985939327,0.21527394293156762,0.30395274582764659,0.37414015762895458,0.39722458243795905,0.38049172758120398,-0,0.11238908793137643,0.2895792098072611,0.21029320341281321,0.30469702435746743,0.36907100544027077,0.39591147562152096,0.38487208181518395,-0,0.12851609163456121,0.27973264236513201,0.20468380160908065,0.30299207542750678,0.36535548146900526,0.4062127347530492,0.38273104556796889,-0,0.13416533355784424,0.29977467462731777,0.22525312126764038,0.30177591136108728,0.376451345935568,0.39210791343754353,0.36170217581707048,-0
-0,-0,-0,-0,-0,-0,-0,-0,-0,-0,-0,-0,-0,-0,-0,-0,-0,-0,-0,-0,-0,-0,-0,-0,-0,-0,-0,-0,-0,-0,-0,-0
-0,-0,-0,-0,-0,-0,-0,-0,-0,-0,-0,-0,-0,-0,-0,-0,-0,-0,-0,-0,-0,-0,-0,-0,-0,-0,-0,-0,-0,-0,-0,-0
-0,-0,-0,0.080302333191872521,-0,0.029423035034440947,0.10563086252017097,-0,-0,-0,-0,0.079764264558764092,-0,0.032471900412043314,0.11463756641718283,-0,-0,-0,-0,0.085065400637660452,-0,0.037458055915945129,0.10882817843572434,-0,-0,-0,-0,0.081150254383347151,-0,0.025919010750294624,0.086419962027535657,-0
-0,-0,-0,-0,-0,-0,-0,-0,-0,-0,-0,-0,-0,-0,-0,-0,-0,-0,-0,-0,-0,-0,-0,-0,-0,-0,-0,-0,-0,-0,-0,-0
-0,-0,-0,-0,-0,-0,-0,-0,-0,-0,-0,-0,-0,-0,-0,-0,-0,-0,-0,-0,-0,-0,-0,-0,-0,-0,-0,-0,-0,-0,-0,-0
-0,-0,-0,-0,-0,-0,-0,-0,-0,-0,-0,-0,-0,-0,-0,-0,-0,-0,-0,-0,-0,-0,-0,-0,-0,-0,-0,-0,-0,-0,-0,-0
-0,-0,-0,-0,-0,-0,-0,-0,-0,-0,-0,-0,-0,-0,-0,-0,-0,-0,-0,-0,-0,-0,-0,-0,-0,-0,-0,-0,-0,-0,-0,-0
-0,-0,-0,-0,-0,-0,-0,-0,-0,-0,-0,-0,-0,-0,-0,-0,-0,-0,-0,-0,-0,-0,-0,-0,-0,-0,-0,-0,-0,-0,-0,-0
0.63057689244120807,0.56885201931051044,0.61899681045948696,0.63864291746867619,0.85237729972411391,0.90228621064802439,0.17530644294805611,0.083729830158874613,0.60961989634304226,0.56745781209551249,0.59079646910681649,0.6530065443695795,0.84389177109648661,0.89302543951143376,0.18632743098058172,0.08092718144033878,0.63712898516488381,0.5831737944282902,0.6029349297339095,0.63541663993979558,0.84046521824572273,0.91408328318979248,0.16797415544409697,0.079874661718567858,0.62234907280910412,0.58694355210863358,0.62051833770256037,0.63517333064816139,0.84276523211466159,0.89802286399732578,0.15135525741315833,0.099670397030560437
0.28053111642104639,-0,-0,-0,0.10400773018896849,-0,-0,0.035159321972896722,0.28191889265049075,-0,-0,-0,0.10226596126724716,-0,-0,0.047882871722065887,0.30795471673134123,-0,-0,-0,0.11578941023317391,-0,-0,0.034736059315785418,0.27184826429406128,-0,-0,-0,0.11213814747171423,-0,-0,0.011006231069208696
-0,-0,-0,-0,-0,-0,-0,-0,-0,-0,-0,-0,-0,-0,-0,-0,-0,-0,-0,-0,-0,-0,-0,-0,-0,-0,-0,-0,-0,-0,-0,-0
-0,0.15216990207985054,-0,-0,-0,-0,-0,-0,-0,0.15157419475922801,-0,-0,-0,-0,-0,-0,-0,0.15909840441803255,-0,-0,-0,-0,-0,-0,-0,0.14173919252841866,-0,-0,-0,-0,-0,-0
-0,-0,-0,-0,-0,-0,-0,-0,-0,-0,-0,-0,-0,-0,-0,-0,-0,-0,-0,-0,-0,-0,-0,-0,-0,-0,-0,-0,-0,-0,-0,-0
-0,-0,-0,-0,-0,-0,-0,-0,-0,-0,-0,-0,-0,-0,-0,-0,-0,-0,-0,-0,-0,-0,-0,-0,-0,-0,-0,-0,-0,-0,-0,-0
-0,-0,-0,-0,-0,-0,-0,-0,-0,-0,-0,-0,-0,-0,-0,-0,-0,-0,-0,-0,-0,-0,-0,-0,-0,-0,-0,-0,-0,-0,-0,-0
-0,-0,-0,-0,-0,-0,-0,-0,-0,-0,-0,-0,-0,-0,-0,-0,-0,-0,-0,-0,-0,-0,-0,-0,-0,-0,-0,-0,-0,-0,-0,-0
-0,-0,-0,-0,0.10213455255267513,-0,0.032269235103476304,-0,-0,-0,-0,-0,0.1031554910249067,-0,0.035997264743320316,-0,-0,-0,-0,-0,0.098345551549756063,-0,0.033638985221752182,-0,-0,-0,-0,-0,0.10193974302632401,-0,0.03107131260089202,-0
-0,0.35071758869113084,-0,-0,0.06223925510060202,-0,0.4375367146886725,0.022341235800026549,-0,0.35007501954297771,-0,-0,0.059564849345125237,-0,0.44109527366938561,0.021667252081565443,-0,0.35819608923299578,-0,-0,0.059822067433917735,-0,0.43884887086823821,0.019315974587301197,-0,0.33992182323995956,-0,-0,0.05933817183193614,-0,0.4474056767680154,0.023631387230574879
-0,-0,-0,-0,-0,-0,-0,-0,-0,-0,-0,-0,-0,-0,-0,-0,-0,-0,-0,-0,-0,-0,-0,-0,-0,-0,-0,-0,-0,-0,-0,-0
-0,-0,-0,-0,-0,-0,-0,-0,-0,-0,-0,-0,-0,-0,-0,-0,-0,-0,-0,-0,-0,-0,-0,-0,-0,-0,-0,-0,-0,-0,-0,-0
-0,-0,-0,-0,-0,-0,-0,-0,-0,-0,-0,-0,-0,-0,-0,-0,-0,-0,-0,-0,-0,-0,-0,-0,-0,-0,-0,-0,-0,-0,-0,-0
0.096528342449664767,0.069616257884082391,-0,0.14531398187050695,0.1639232392576328,-0,-0,-0,0.094022312967572436,0.070927959534725887,-0,0.15389662242433441,0.1480606912751018,-0,-0,-0,0.10968924231547107,0.061535775778935847,-0,0.16166700738483475,0.16228535072232822,-0,-0,-0,0.085826306410845488,0.079152257327564271,-0,0.14469010677647445,0.16376216621560949,-0,-0,-0
-0,-0,-0,-0,0.11978941037684411,-0,-0,-0,-0,-0,-0,-0,0.11437453787290476,-0,-0,-0,-0,-0,-0,-0,0.12051418183524731,-0,-0,-0,-0,-0,-0,-0,0.11809827541353368,-0,-0,-0
-0,-0,-0,-0,-0,-0,-0,-0,-0,-0,-0,-0,-0,-0,-0,-0,-0,-0,-0,-0,-0,-0,-0,-0,-0,-0,-0,-0,-0,-0,-0,-0
-0,-0,-0,-0,-0,-0,-0,-0,-0,-0,-0,-0,-0,-0,-0,-0,-0,-0,-0,-0,-0,-0,-0,-0,-0,-0,-0,-0,-0,-0,-0,-0
-0,0.023989377235485936,-0,-0,-0,-0,-0,-0,-0,0.026955902554793049,-0,-0,-0,-0,-0,-0,-0,0.030616284566531791,-0,-0,-0,-0,-0,-0,-0,0.016365416770496292,-0,-0,-0,-0,-0,-0
-0,-0,-0,-0,-0,-0,-0,-0,-0,-0,-0,-0,-0,-0,-0,-0,-0,-0,-0,-0,-0,-0,-0,-0,-0,-0,-0,-0,-0,-0,-0,-0
-0,-0,-0,-0,-0,-0,-0,-0,-0,-0,-0,-0,-0,-0,-0,-0,-0,-0,-0,-0,-0,-0,-0,-0,-0,-0,-0,-0,-0,-0,-0,-0
-0,-0,-0,-0,-0,-0,-0,-0,-0,-0,-0,-0,-0,-0,-0,-0,-0,-0,-0,-0,-0,-0,-0,-0,-0,-0,-0,-0,-0,-0,-0,-0
0.20779245378867522,-0,-0,-0,0.091407049021301423,-0,0.077549893739364634,-0,0.20738112171039152,-0,-0,-0,0.10341764743171777,-0,0.079932377633917195,-0,0.20542070069404142,-0,-0,-0,0.094479755870537349,-0,0.075667001512971357,-0,0.21472152149812981,-0,-0,-0,0.087936782390582682,-0,0.093144422676918109,-0
-0,-0,-0,-0,-0,-0,-0,-0,-0,-0,-0,-0,-0,-0,-0,-0,-0,-0,-0,-0,-0,-0,-0,-0,-0,-0,-0,-0,-0,-0,-0,-0
-0,-0,-0,-0,0.044490004345992096,-0,-0,-0,-0,-0,-0,-0,0.036671386033656592,-0,-0,-0,-0,-0,-0,-0,0.042063523159476569,-0,-0,-0,-0,-0,-0,-0,0.035842879757363742,-0,-0,-0
-0,-0,-0,-0,-0,-0,-0,-0,-0,-0,-0,-0,-0,-0,-0,-0,-0,-0,-0,-0,-0,-0,-0,-0,-0,-0,-0,-0,-0,-0,-0,-0
-0,-0,-0,-0,-0,-0,-0,-0,-0,-0,-0,-0,-0,-0,-0,-0,-0,-0,-0,-0,-0,-0,-0,-0,-0,-0,-0,-0,-0,-0,-0,-0
-0,-0,-0,-0,-0,-0,-0,-0,-0,-0,-0,-0,-0,-0,-0,-0,-0,-0,-0,-0,-0,-0,-0,-0,-0,-0,-0,-0,-0,-0,-0,-0
-0,0.081965432172396505,-0,-0,-0,-0,0.010396065260642257,-0,-0,0.087846943063234095,-0,-0,-0,-0,0.014407591826775484,-0,-0,0.087474104818087081,-0,-0,-0,-0,0.014233745117868898,-0,-0,0.081767158156483638,-0,-0,-0,-0,0.002380561362019537,-0
-0,-0,-0,-0,0.063981221826321974,-0,0.15123941272093466,-0,-0,-0,-0,-0,0.056833219054266443,-0,0.1589540036320268,-0,-0,-0,-0,-0,0.062249654534147394,-0,0.14685458224993667,-0,-0,-0,-0,-0,0.060626279038871883,-0,0.15005263624135151,-0
-0,-0,-0,-0,-0,-0,-0,-0,-0,-0,-0,-0,-0,-0,-0,-0,-0,-0,-0,-0,-0,-0,-0,-0,-0,-0,-0,-0,-0,-0,-0,-0
-0,-0,-0,-0,-0,-0,0.046012121602988822,-0,-0,-0,-0,-0,-0,-0,0.05294847828902146,-0,-0,-0,-0,-0,-0,-0,0.047765158078756337,-0,-0,-0,-0,-0,-0,-0,0.033399632255447703,-0
-0,-0,-0,-0,-0,-0,-0,-0,-0,-0,-0,-0,-0,-0,-0,-0,-0,-0,-0,-0,-0,-0,-0,-0,-0,-0,-0,-0,-0,-0,-0,-0
-0,-0,-0,-0,-0,-0,-0,-0,-0,-0,-0,-0,-0,-0,-0,-0,-0,-0,-0,-0,-0,-0,-0,-0,-0,-0,-0,-0,-0,-0,-0,-0
-0,-0,0.11146875860983939,-0,-0,-0,-0,-0,-0,-0,0.11241594242341429,-0,-0,-0,-0,-0,-0,-0,0.11101494081434901,-0,-0,-0,-0,-0,-0,-0,0.1173971428128749,-0,-0,-0,-0,-0
-0,-0,-0,-0,0.076608352445707864,-0,0.27815787158084615,-0,-0,-0,-0,-0,0.07097402347649924,-0,0.27809087725981352,-0,-0,-0,-0,-0,0.077929382200477251,-0,0.28346151791713114,-0,-0,-0,-0,-0,0.08285725132181708,-0,0.27391293817200801,-0
-0,-0,-0,-0,-0,-0,-0,-0,-0,-0,-0,-0,-0,-0,-0,-0,-0,-0,-0,-0,-0,-0,-0,-0,-0,-0,-0,-0,-0,-0,-0,-0
-0,-0,-0,-0,-0,-0,-0,-0,-0,-0,-0,-0,-0,-0,-0,-0,-0,-0,-0,-0,-0,-0,-0,-0,-0,-0,-0,-0,-0,-0,-0,-0
-0,-0,0.32229722489819718,-0,0.174399826031539,0.16635280719775491,-0,0.010285694664019226,-0,-0,0.32525874842443864,-0,0.17187611525595536,0.16865227215804726,-0,0.0036844427655762769,-0,-0,0.31632114307567638,0.002527658009958151,0.1664679513654326,0.17089074161068274,-0,0.017020164475364641,-0,-0,0.32551746794663855,0.0050163461629628937,0.17614685577797029,0.1678066849322028,-0,0.010897462028825276
-0,0.29724596378711499,-0,0.010788315569494177,-0,0.19796748434172279,0.15170962343873287,-0,-0,0.30790302076448578,-0,0.013537181901913579,-0,0.18899078265550392,0.14670326175209045,-0,-0,0.30432188562797224,-0,0.001339261883006673,-0,0.19441454284166027,0.1631333922530511,-0,-0,0.29099414081863223,-0,0.014367916645980111,-0,0.20158804771954805,0.13767463441277436,-0
-0,-0,-0,-0,-0,-0,-0,-0,-0,-0,-0,-0,-0,-0,-0,-0,-0,-0,-0,-0,-0,-0,-0,-0,-0,-0,-0,-0,-0,-0,-0,-0
-0,-0,-0,-0,-0,-0,-0,-0,-0,-0,-0,-0,-0,-0,-0,-0,-0,-0,-0,-0,-0,-0,-0,-0,-0,-0,-0,-0,-0,-0,-0,-0
-0,-0,-0,0.095363063380800084,0.0037357297577334937,-0,-0,-0,-0,-0,-0,0.09809783864319449,-0,-0,-0,-0,-0,-0,-0,0.10071867291878195,0.0048384073502498468,-0,-0,-0,-0,-0,-0,0.097431529246379961,0.0064924112153915995,-0,-0,-0
-0,-0,-0,-0,-0,-0,-0,-0,-0,-0,-0,-0,-0,-0,-0,-0,-0,-0,-0,-0,-0,-0,-0,-0,-0,-0,-0,-0,-0,-0,-0,-0
-0,-0,0.038526608177599966,-0,-0,-0,-0,-0,-0,-0,0.038119746629506818,-0,-0,-0,-0,-0,-0,-0,0.027962517609277444,-0,-0,-0,-0,-0,-0,-0,0.035129855859882285,-0,-0,-0,-0,-0
-0,-0,-0,-0,-0,-0,-0,-0,-0,-0,-0,-0,-0,-0,-0,-0,-0,-0,-0,-0,-0,-0,-0,-0,-0,-0,-0,-0,-0,-0,-0,-0
-0,-0,-0,-0,-0,-0,-0,-0,-0,-0,-0,-0,-0,-0,-0,-0,-0,-0,-0,-0,-0,-0,-0,-0,-0,-0,-0,-0,-0,-0,-0,-0
-0,-0,-0,-0,-0,-0,-0,-0,-0,-0,-0,-0,-0,-0,-0,-0,-0,-0,-0,-0,-0,-0,-0,-0,-0,-0,-0,-0,-0,-0,-0,-0
-0,0.10039587171399532,-0,-0,-0,-0,-0,-0,-0,0.11734866638846089,-0,-0,-0,-0,-0,-0,-0,0.11472564800590429,-0,-0,-0,-0,-0,-0,-0,0.077253455941701965,-0,-0,-0,-0,-0,-0
-0,-0,-0,-0,-0,-0,-0,-0,-0,-0,-0,-0,-0,-0,-0,-0,-0,-0,-0,-0,-0,-0,-0,-0,-0,-0,-0,-0,-0,-0,-0,-0
-0,-0,-0,-0,-0,-0,-0,-0,-0,-0,-0,-0,-0,-0,-0,-0,-0,-0,-0,-0,-0,-0,-0,-0,-0,-0,-0,-0,-0,-0,-0,-0
-0,-0,-0,-0,-0,-0,-0,-0,-0,-0,-0,-0,-0,-0,-0,-0,-0,-0,-0,-0,-0,-0,-0,-0,-0,-0,-0,-0,-0,-0,-0,-0
-0,-0,-0,-0,-0,-0,-0,-0,-0,-0,-0,-0,-0,-0,-0,-0,-0,-0,-0,-0,-0,-0,-0,-0,-0,-0,-0,-0,-0,-0,-0,-0
-0,-0,-0,-0,-0,0.0656341040092627,-0,-0,-0,-0,-0,-0,-0,0.06178354259257697,-0,-0,-0,-0,-0,-0,-0,0.066778884502694064,-0,-0,-0,-0,-0,-0,-0,0.068286948087342494,-0,-0
0.33330001954588034,0.29847610866974994,0.23328151938541125,0.31535774852464027,0.49204445018284759,0.077286150352409017,0.030170737260031329,-0,0.31042988153024609,0.29561138210499155,0.21280568723964494,0.32497950315240542,0.48632320203020385,0.080437862106856842,0.037595018555920401,-0,0.33094009548273945,0.30664799281150212,0.20885061294198673,0.31455044841687174,0.48537901439653164,0.088818621106885057,0.019716111655506404,-0,0.32397619232298702,0.3192544436868342,0.22152940783118119,0.30448283106422758,0.49770925195272248,0.066517366618508614,0.004881684530792121,-0
-0,-0,-0,-0,-0,-0,-0,-0,-0,-0,-0,-0,-0,-0,-0,-0,-0,-0,-0,-0,-0,-0,-0,-0,-0,-0,-0,-0,-0,-0,-0,-0
0.05368209402126578,-0,-0,0.07057709726807726,-0,-0,-0,-0,0.044089698012470181,-0,-0,0.076461767323363794,-0,-0,-0,-0,0.064478205429615368,-0,-0,0.082904484306146942,-0,-0,-0,-0,0.043874846072265966,-0,-0,0.069261971801040254,-0,-0,-0,-0
-0,-0,-0,-0,-0,-0,-0,-0,-0,-0,-0,-0,-0,-0,-0,-0,-0,-0,-0,-0,-0,-0,-0,-0,-0,-0,-0,-0,-0,-0,-0,-0
-0,-0,-0,-0,-0,-0,-0,-0,-0,-0,-0,-0,-0,-0,-0,-0,-0,-0,-0,-0,-0,-0,-0,-0,-0,-0,-0,-0,-0,-0,-0,-0
-0,-0,-0,-0,-0,-0,-0,-0,-0,-0,-0,-0,-0,-0,-0,-0,-0,-0,-0,-0,-0,-0,-0,-0,-0,-0,-0,-0,-0,-0,-0,-0
0.054043535252352559,-0,-0,-0,-0,0.07902248537834658,-0,-0,0.056468484754892169,-0,-0,-0,-0,0.071052755262569572,-0,-0,0.047107013181102574,-0,-0,-0,-0,0.065760774315170634,-0,-0,0.054417268962663856,-0,-0,-0,-0,0.081678894699118765,-0,-0
-0,-0,-0,-0,-0,-0,-0,-0,-0,-0,-0,-0,-0,-0,-0,-0,-0,-0,-0,-0,-0,-0,-0,-0,-0,-0,-0,-0,-0,-0,-0,-0
-0,-0,-0,-0,-0,-0,-0,-0,-0,-0,-0,-0,-0,-0,-0,-0,-0,-0,-0,-0,-0,-0,-0,-0,-0,-0,-0,-0,-0,-0,-0,-0
-0,-0,-0,-0,-0,-0,-0,-0,-0,-0,-0,-0,-0,-0,-0,-0,-0,-0,-0,-0,-0,-0,-0,-0,-0,-0,-0,-0,-0,-0,-0,-0
-0,0.1948799380543014,0.038598967979103144,-0,-0,-0,-0,-0,-0,0.19285770349156611,0.041884236013640289,-0,-0,-0,-0,-0,-0,0.19635534448152472,0.038400850417230042,-0,-0,-0,-0,-0,-0,0.19264742597865939,0.037233828221947235,-0,-0,-0,-0,-0
-0,-0,-0,-0,-0,-0,-0,-0,-0,-0,-0,-0,-0,-0,-0,-0,-0,-0,-0,-0,-0,-0,-0,-0,-0,-0,-0,-0,-0,-0,-0,-0
-0,-0,-0,-0,-0,-0,-0,-0,-0,-0,-0,-0,-0,-0,-0,-0,-0,-0,-0,-0,-0,-0,-0,-0,-0,-0,-0,-0,-0,-0,-0,-0
-0,-0,-0,0.14808816039874081,0.45955693136972509,-0,-0,-0,-0,-0,-0,0.15145526723010674,0.44004937758102103,-0,-0,-0,-0,-0,-0,0.14842237859324606,0.4562897227112872,-0,-0,-0,-0,-0,-0,0.1478825169975877,0.45248581568203816,-0,-0,-0
-0,0.10522458037883849,-0,-0,-0,-0,-0,-0,-0,0.10637379265299893,-0,-0,-0,-0,-0,-0,-0,0.11622218362475821,-0,-0,-0,-0,-0,-0,-0,0.10210646930409586,-0,-0,-0,-0,-0,-0
-0,-0,-0,-0,-0,-0,-0,-0,-0,-0,-0,-0,-0,-0,-0,-0,-0,-0,-0,-0,-0,-0,-0,-0,-0,-0,-0,-0,-0,-0,-0,-0
-0,-0,-0,-0,-0,-0,-0,-0,-0,-0,-0,-0,-0,-0,-0,-0,-0,-0,-0,-0,-0,-0,-0,-0,-0,-0,-0,-0,-0,-0,-0,-0
-0,-0,0.20869287332688602,0.077432529372286257,0.23734544683713879,-0,-0,-0,-0,-0,0.21050738102618874,0.077589960829128571,0.22793533534440402,-0,-0,-0,-0,-0,0.20283963540603808,0.074517129983938002,0.23454939017608856,-0,-0,-0,-0,-0,0.20093151153174152,0.071076849613388907,0.23983890491845161,-0,-0,-0
-0,-0,-0,-0,-0,-0,-0,-0,-0,-0,-0,-0,-0,-0,-0,-0,-0,-0,-0,-0,-0,-0,-0,-0,-0,-0,-0,-0,-0,-0,-0,-0
-0,-0,-0,-0,-0,-0,-0,-0,-0,-0,-0,-0,-0,-0,-0,-0,-0,-0,-0,-0,-0,-0,-0,-0,-0,-0,-0,-0,-0,-0,-0,-0
-0,-0,-0,-0,-0,-0,-0,-0,-0,-0,-0,-0,-0,-0,-0,-0,-0,-0,-0,-0,-0,-0,-0,-0,-0,-0,-0,-0,-0,-0,-0,-0
0.043931615303329931,0.10192147183503823,-0,-0,0.10047061986824814,-0,0.30242363935641664,-0,0.035034215141959327,0.10408974275249352,-0,-0,0.10686654376060144,-0,0.30781212426848842,-0,0.050278475456361972,0.11169906823025406,-0,-0,0.094417684964878124,-0,0.30034667385556818,-0,0.039242480608030691,0.094624543231160207,-0,-0,0.10016604706877642,-0,0.30281891643560555,-0
-0,-0,-0,-0,-0,-0,-0,-0,-0,-0,-0,-0,-0,-0,-0,-0,-0,-0,-0,-0,-0,-0,-0,-0,-0,-0,-0,-0,-0,-0,-0,-0
-0,-0,-0,-0,-0,-0,-0,-0,-0,-0,-0,-0,-0,-0,-0,-0,-0,-0,-0,-0,-0,-0,-0,-0,-0,-0,-0,-0,-0,-0,-0,-0
-0,-0,-0,-0,-0,-0,-0,-0,-0,-0,-0,-0,-0,-0,-0,-0,-0,-0,-0,-0,-0,-0,-0,-0,-0,-0,-0,-0,-0,-0,-0,-0
-0,-0,-0,-0,-0,-0,-0,-0,-0,-0,-0,-0,-0,-0,-0,-0,-0,-0,-0,-0,-0,-0,-0,-0,-0,-0,-0,-0,-0,-0,-0,-0
0.069174240470481665,-0,-0,-0,-0,-0,-0,-0,0.071929858698521643,-0,-0,-0,-0,-0,-0,-0,0.068441003312057949,-0,-0,-0,-0,-0,-0,-0,0.054252918120608735,-0,-0,-0,-0,-0,-0,-0
-0,-0,-0,-0,-0,-0,-0,-0,-0,-0,-0,-0,-0,-0,-0,-0,-0,-0,-0,-0,-0,-0,-0,-0,-0,-0,-0,-0,-0,-0,-0,-0
-0,-0,-0,-0,-0,-0,-0,-0,-0,-0,-0,-0,-0,-0,-0,-0,-0,-0,-0,-0,-0,-0,-0,-0,-0,-0,-0,-0,-0,-0,-0,-0
-0,-0,-0,-0,-0,-0,-0,-0,-0,-0,-0,-0,-0,-0,-0,-0,-0,-0,-0,-0,-0,-0,-0,-0,-0,-0,-0,-0,-0,-0,-0,-0
-0,-0,-0,-0,-0,-0,-0,-0,-0,-0,-0,-0,-0,-0,-0,-0,-0,-0,-0,-0,-0,-0,-0,-0,-0,-0,-0,-0,-0,-0,-0,-0
-0,-0,-0,-0,-0,-0,-0,-0,-0,-0,-0,-0,-0,-0,-0,-0,-0,-0,-0,-0,-0,-0,-0,-0,-0,-0,-0,-0,-0,-0,-0,-0
-0,-0,-0,-0,-0,-0,-0,-0,-0,-0,-0,-0,-0,-0,-0,-0,-0,-0,-0,-0,-0,-0,-0,-0,-0,-0,-0,-0,-0,-0,-0,-0
-0,-0,-0,-0,-0,-0,-0,-0,-0,-0,-0,-0,-0,-0,-0,-0,-0,-0,-0,-0,-0,-0,-0,-0,-0,-0,-0,-0,-0,-0,-0,-0
-0,-0,-0,-0,-0,-0,-0,-0,-0,-0,-0,-0,-0,-0,-0,-0,-0,-0,-0,-0,-0,-0,-0,-0,-0,-0,-0,-0,-0,-0,-0,-0
-0,-0,-0,-0,-0,-0,-0,-0,-0,-0,-0,-0,-0,-0,-0,-0,-0,-0,-0,-0,-0,-0,-0,-0,-0,-0,-0,-0,-0,-0,-0,-0
-0,-0,-0,-0,-0,-0,-0,-0,-0,-0,-0,-0,-0,-0,-0,-0,-0,-0,-0,-0,-0,-0,-0,-0,-0,-0,-0,-0,-0,-0,-0,-0
-0,-0,-0,-0,-0,-0,0.083105085640939741,-0,-0,-0,-0,-0,-0,-0,0.087222515556580851,-0,-0,-0,-0,-0,-0,-0,0.086369308623267138,-0,-0,-0,-0,-0,-0,-0,0.091492281769655848,-0
-0,-0,-0,-0,-0,-0,-0,-0,-0,-0,-0,-0,-0,-0,-0,-0,-0,-0,-0,-0,-0,-0,-0,-0,-0,-0,-0,-0,-0,-0,-0,-0
-0,-0,-0,-0,0.16763141030900675,-0,-0,-0,-0,-0,-0,-0,0.16530353564829714,-0,-0,-0,-0,-0,-0,-0,0.17518773707933091,-0,-0,-0,-0,-0,-0,-0,0.17568785647990531,-0,-0,-0
-0,-0,0.054087020337505932,0.013247571593992487,-0,-0,-0,0.022800817299840955,-0,-0,0.050688199817545035,0.015895940208734988,-0,-0,-0,0.014598599685831565,-0,-0,0.047679850443050564,0.026269935758427489,-0,-0,-0,0.034106697671517743,-0,-0,0.05614796605995985,-0,-0,-0,-0,0.036870704397133351
-0,-0,-0,-0,-0,-0,-0,-0,-0,-0,-0,-0,-0,-0,-0,-0,-0,-0,-0,-0,-0,-0,-0,-0,-0,-0,-0,-0,-0,-0,-0,-0
-0,-0,0.068440524231801789,0.2303152402093902,0.078348289358298698,0.33034889853672056,0.0776727505368391,-0,-0,-0,0.065117769264011485,0.22430508708025321,0.065744670313668055,0.3350345581793257,0.084943710180179252,-0,-0,-0,0.06472495422465617,0.22524205651175627,0.069312817816614719,0.33942379988689597,0.073794269217298078,-0,-0,-0,0.074094069596924508,0.23549959978680934,0.07712722880267707,0.32607008348637678,0.064354089443531742,-0
-0,-0,-0,-0,-0,-0,-0,-0,-0,-0,-0,-0,-0,-0,-0,-0,-0,-0,-0,-0,-0,-0,-0,-0,-0,-0,-0,-0,-0,-0,-0,-0
-0,-0,-0,-0,-0,-0,-0,-0,-0,-0,-0,-0,-0,-0,-0,-0,-0,-0,-0,-0,-0,-0,-0,-0,-0,-0,-0,-0,-0,-0,-0,-0
-0,-0,-0,-0,-0,-0,-0,-0,-0,-0,-0,-0,-0,-0,-0,-0,-0,-0,-0,-0,-0,-0,-0,-0,-0,-0,-0,-0,-0,-0,-0,-0
-0,-0,-0,-0,-0,-0,-0,-0,-0,-0,-0,-0,-0,-0,-0,-0,-0,-0,-0,-0,-0,-0,-0,-0,-0,-0,-0,-0,-0,-0,-0,-0
-0,-0,-0,-0,-0,-0,-0,-0,-0,-0,-0,-0,-0,-0,-0,-0,-0,-0,-0,-0,-0,-0,-0,-0,-0,-0,-0,-0,-0,-0,-0,-0
-0,-0,0.093669975992572957,0.12462226030870205,0.033166709463674018,0.12013775355679347,-0,-0,-0,-0,0.098222428905083689,0.12721081218834934,0.028707679273695313,0.11585880327152197,-0,-0,-0,-0,0.090518476365735637,0.1232314925634764,0.036379281511316836,0.11613560443338376,-0,-0,-0,-0,0.090007379901126172,0.10966474546726221,0.031967158899709421,0.12152381480871774,-0,-0
-0,-0,-0,-0,-0,-0,-0,-0,-0,-0,-0,-0,-0,-0,-0,-0,-0,-0,-0,-0,-0,-0,-0,-0,-0,-0,-0,-0,-0,-0,-0,-0
-0,-0,-0,-0,-0,-0,-0,-0,-0,-0,-0,-0,-0,-0,-0,-0,-0,-0,-0,-0,-0,-0,-0,-0,-0,-0,-0,-0,-0,-0,-0,-0
-0,0.20187460428827786,0.015290643834153777,-0,-0,-0,0.21366534984680238,-0,-0,0.20715087881925956,0.016731276103394553,-0,-0,-0,0.21483981692944562,-0,-0,0.20382461782004119,0.016791750303029707,-0,-0,-0,0.2188581632363317,-0,-0,0.19228944079442553,0.010465302758221518,-0,-0,-0,0.22006929357476035,-0
-0,-0,-0,-0,-0,-0,-0,-0,-0,-0,-0,-0,-0,-0,-0,-0,-0,-0,-0,-0,-0,-0,-0,-0,-0,-0,-0,-0,-0,-0,-0,-0
-0,0.3195898064560081,-0,-0,-0,-0,-0,-0,-0,0.32279931672757556,-0,-0,-0,-0,-0,-0,-0,0.32279713827121975,-0,-0,-0,-0,-0,-0,-0,0.30739526036941678,-0,-0,-0,-0,-0,-0
-0,-0,-0,-0,-0,-0,-0,-0,-0,-0,-0,-0,-0,-0,-0,-0,-0,-0,-0,-0,-0,-0,-0,-0,-0,-0,-0,-0,-0,-0,-0,-0
-0,-0,-0,-0,-0,-0,-0,-0,-0,-0,-0,-0,-0,-0,-0,-0,-0,-0,-0,-0,-0,-0,-0,-0,-0,-0,-0,-0,-0,-0,-0,-0
-0,-0,-0,-0,-0,-0,-0,-0,-0,-0,-0,-0,-0,-0,-0,-0,-0,-0,-0,-0,-0,-0,-0,-0,-0,-0,-0,-0,-0,-0,-0,-0
-0,-0,-0,-0,-0,-0,-0,-0,-0,-0,-0,-0,-0,-0,-0,-0,-0,-0,-0,-0,-0,-0,-0,-0,-0,-0,-0,-0,-0,-0,-0,-0
-0,-0,-0,-0,-0,-0,-0,-0,-0,-0,-0,-0,-0,-0,-0,-0,-0,-0,-0,-0,-0,-0,-0,-0,-0,-0,-0,-0,-0,-0,-0,-0
-0,0.38701278841065251,-0,-0,-0,-0,-0,-0,-0,0.39917713515865749,-0,-0,-0,-0,-0,-0,-0,0.39317264813369746,-0,-0,-0,-0,-0,-0,-0,0.36748385770202835,-0,-0,-0,-0,-0,-0
-0,-0,-0,-0,-0,-0,-0,-0,-0,-0,-0,-0,-0,-0,-0,-0,-0,-0,-0,-0,-0,-0,-0,-0,-0,-0,-0,-0,-0,-0,-0,-0
-0,-0,-0,-0,-0,-0,-0,-0,-0,-0,-0,-0,-0,-0,-0,-0,-0,-0,-0,-0,-0,-0,-0,-0,-0,-0,-0,-0,-0,-0,-0,-0
-0,-0,-0,-0,-0,-0,-0,-0,-0,-0,-0,-0,-0,-0,-0,-0,-0,-0,-0,-0,-0,-0,-0,-0,-0,-0,-0,-0,-0,-0,-0,-0
-0,0.11672969591545324,-0,-0,-0,-0,-0,-0,-0,0.12255784841135255,-0,-0,-0,-0,-0,-0,-0,0.12072726531015868,-0,-0,-0,-0,-0,-0,-0,0.1059324191705692,-0,-0,-0,-0,-0,-0
-0,-0,-0,-0,-0,-0,-0,-0,-0,-0,-0,-0,-0,-0,-0,-0,-0,-0,-0,-0,-0,-0,-0,-0,-0,-0,-0,-0,-0,-0,-0,-0
-0,-0,-0,-0,-0,-0,-0,-0,-0,-0,-0,-0,-0,-0,-0,-0,-0,-0,-0,-0,-0,-0,-0,-0,-0,-0,-0,-0,-0,-0,-0,-0
-0,-0,-0,-0,-0,-0,-0,-0,-0,-0,-0,-0,-0,-0,-0,-0,-0,-0,-0,-0,-0,-0,-0,-0,-0,-0,-0,-0,-0,-0,-0,-0
-0,-0,-0,-0,-0,-0,-0,-0,-0,-0,-0,-0,-0,-0,-0,-0,-0,-0,-0,-0,-0,-0,-0,-0,-0,-0,-0,-0,-0,-0,-0,-0
-0,-0,-0,-0,-0,-0,-0,-0,-0,-0,-0,-0,-0,-0,-0,-0,-0,-0,-0,-0,-0,-0,-0,-0,-0,-0,-0,-0,-0,-0,-0,-0
-0,-0,-0,-0,-0,-0,-0,-0,-0,-0,-0,-0,-0,-0,-0,-0,-0,-0,-0,-0,-0,-0,-0,-0,-0,-0,-0,-0,-0,-0,-0,-0
-0,-0,-0,-0,-0,-0,-0,-0,-0,-0,-0,-0,-0,-0,-0,-0,-0,-0,-0,-0,-0,-0,-0,-0,-0,-0,-0,-0,-0,-0,-0,-0
-0,-0,-0,-0,-0,-0,-0,-0,-0,-0,-0,-0,-0,-0,-0,-0,-0,-0,-0,-0,-0,-0,-0,-0,-0,-0,-0,-0,-0,-0,-0,-0
-0,-0,-0,-0,-0,-0,-0,-0,-0,-0,-0,-0,-0,-0,-0,-0,-0,-0,-0,-0,-0,-0,-0,-0,-0,-0,-0,-0,-0,-0,-0,-0
-0,-0,-0,-0,-0,-0,-0,-0,-0,-0,-0,-0,-0,-0,-0,-0,-0,-0,-0,-0,-0,-0,-0,-0,-0,-0,-0,-0,-0,-0,-0,-0
-0,-0,-0,-0,-0,-0,-0,-0,-0,-0,-0,-0,-0,-0,-0,-0,-0,-0,-0,-0,-0,-0,-0,-0,-0,-0,-0,-0,-0,-0,-0,-0
0.027562606931999429,-0,-0,-0,-0,-0,-0,-0,0.025389840860176711,-0,-0,-0,-0,-0,-0,-0,0.02612816169875298,-0,-0,-0,-0,-0,-0,-0,0.025206163489282778,-0,-0,-0,-0,-0,-0,-0
-0,-0,-0,-0,-0,-0,-0,-0,-0,-0,-0,-0,-0,-0,-0,-0,-0,-0,-0,-0,-0,-0,-0,-0,-0,-0,-0,-0,-0,-0,-0,-0
-0,-0,-0,-0,-0,-0,-0,-0,-0,-0,-0,-0,-0,-0,-0,-0,-0,-0,-0,-0,-0,-0,-0,-0,-0,-0,-0,-0,-0,-0,-0,-0
-0,-0,-0,-0,-0,-0,-0,-0,-0,-0,-0,-0,-0,-0,-0,-0,-0,-0,-0,-0,-0,-0,-0,-0,-0,-0,-0,-0,-0,-0,-0,-0
-0,-0,-0,-0,-0,-0,-0,-0,-0,-0,-0,-0,-0,-0,-0,-0,-0,-0,-0,-0,-0,-0,-0,-0,-0,-0,-0,-0,-0,-0,-0,-0
-0,-0,-0,-0,-0,-0,-0,-0,-0,-0,-0,-0,-0,-0,-0,-0,-0,-0,-0,-0,-0,-0,-0,-0,-0,-0,-0,-0,-0,-0,-0,-0
0.45847011995110781,0.15276763332168988,0.11101681570660887,0.58974994489977794,0.69290374481042394,-0,0.042184424343669168,-0,0.45864535373304299,0.14746248897102332,0.092532134515039333,0.59239012876667863,0.67216590899075424,-0,0.04681196471126757,-0,0.46197016793698681,0.16054506733789267,0.10750082009302445,0.60395815392605157,0.68805518263312793,-0,0.042353373385045301,-0,0.45075232271408178,0.1511853064427105,0.10488980147886037,0.59122448326604427,0.68744608628775505,-0,0.046868255587755411,-0
-0,-0,-0,-0,-0,-0,-0,-0,-0,-0,-0,-0,-0,-0,-0,-0,-0,-0,-0,-0,-0,-0,-0,-0,-0,-0,-0,-0,-0,-0,-0,-0
-0,-0,-0,-0,-0,0.20149508633348995,-0,-0,-0,-0,-0,-0,-0,0.19828039622387103,-0,-0,-0,-0,-0,-0,-0,0.19861070917630169,-0,-0,-0,-0,-0,-0,-0,0.20392399897350166,-0,-0
-0,-0,-0,-0,-0,-0,-0,-0,-0,-0,-0,-0,-0,-0,-0,-0,-0,-0,-0,-0,-0,-0,-0,-0,-0,-0,-0,-0,-0,-0,-0,-0
-0,-0,-0,-0,-0,-0,-0,-0,-0,-0,-0,-0,-0,-0,-0,-0,-0,-0,-0,-0,-0,-0,-0,-0,-0,-0,-0,-0,-0,-0,-0,-0
-0,-0,-0,-0,-0,-0,-0,-0,-0,-0,-0,-0,-0,-0,-0,-0,-0,-0,-0,-0,-0,-0,-0,-0,-0,-0,-0,-0,-0,-0,-0,-0
-0,-0,-0,-0,-0,-0,-0,-0,-0,-0,-0,-0,-0,-0,-0,-0,-0,-0,-0,-0,-0,-0,-0,-0,-0,-0,-0,-0,-0,-0,-0,-0
-0,-0,-0,-0,-0,-0,-0,-0,-0,-0,-0,-0,-0,-0,-0,-0,-0,-0,-0,-0,-0,-0,-0,-0,-0,-0,-0,-0,-0,-0,-0,-0
-0,-0,-0,-0,-0,-0,-0,-0,-0,-0,-0,-0,-0,-0,-0,-0,-0,-0,-0,-0,-0,-0,-0,-0,-0,-0,-0,-0,-0,-0,-0,-0
-0,-0,-0,-0,-0,-0,-0,-0,-0,-0,-0,-0,-0,-0,-0,-0,-0,-0,-0,-0,-0,-0,-0,-0,-0,-0,-0,-0,-0,-0,-0,-0
-0,0.01158374577584829,-0,0.066819431943859364,0.094707767818602281,-0,0.28955385576176379,-0,-0,0.0086947245462824455,-0,0.067865033533745026,0.083819794353327939,-0,0.29250305705264668,-0,-0,0.010713139135355224,-0,0.066139688179856201,0.091509997390234632,-0,0.28922046739801122,-0,-0,-0,-0,0.058737586256741935,0.10263184632166326,-0,0.28007720352798293,-0
-0,-0,-0,-0,-0,-0,-0,-0,-0,-0,-0,-0,-0,-0,-0,-0,-0,-0,-0,-0,-0,-0,-0,-0,-0,-0,-0,-0,-0,-0,-0,-0
-0,-0,-0,-0,-0,-0,-0,-0,-0,-0,-0,-0,-0,-0,-0,-0,-0,-0,-0,-0,-0,-0,-0,-0,-0,-0,-0,-0,-0,-0,-0,-0
-0,-0,-0,-0,-0,-0,-0,-0,-0,-0,-0,-0,-0,-0,-0,-0,-0,-0,-0,-0,-0,-0,-0,-0,-0,-0,-0,-0,-0,-0,-0,-0
-0,-0,-0,-0,-0,-0,-0,-0,-0,-0,-0,-0,-0,-0,-0,-0,-0,-0,-0,-0,-0,-0,-0,-0,-0,-0,-0,-0,-0,-0,-0,-0
-0,-0,-0,-0,-0,-0,-0,-0,-0,-0,-0,-0,-0,-0,-0,-0,-0,-0,-0,-0,-0,-0,-0,-0,-0,-0,-0,-0,-0,-0,-0,-0
-0,0.2005454833505714,-0,0.28603980812161839,0.32535874189673974,-0,-0,-0,-0,0.19973027920475742,-0,0.28881394322706361,0.31410718183910058,-0,-0,-0,-0,0.20281343310403654,-0,0.30413634471921541,0.32781476670612852,-0,-0,-0,-0,0.20230030494352699,-0,0.2833155769836681,0.32316369766397968,-0,-0,-0
-0,-0,-0,-0,-0,-0,-0,-0,-0,-0,-0,-0,-0,-0,-0,-0,-0,-0,-0,-0,-0,-0,-0,-0,-0,0.0067840027968690802,-0,-0,-0,-0,-0,-0
-0,-0,-0,-0,-0,-0,-0,-0,-0,-0,-0,-0,-0,-0,-0,-0,-0,-0,-0,-0,-0,-0,-0,-0,-0,-0,-0,-0,-0,-0,-0,-0
-0,-0,-0,-0,-0,-0,-0,-0,-0,-0,-0,-0,-0,-0,-0,-0,-0,-0,-0,-0,-0,-0,-0,-0,-0,-0,-0,-0,-0,-0,-0,-0
-0,-0,-0,-0,-0,-0,-0,-0,-0,-0,-0,-0,-0,-0,-0,-0,-0,-0,-0,-0,-0,-0,-0,-0,-0,-0,-0,-0,-0,-0,-0,-0
-0,0.077325775104317165,-0,0.075446065796988163,0.032090643537148265,0.01226908216782604,-0,0.019300476132008269,-0,0.072788825214446073,-0,0.080382300901402748,0.020162006455114553,0.013855216582735919,-0,0.014910968480249509,-0,0.093587813175031287,-0,0.077798130576800614,0.026481227268286479,0.02206654156914022,-0,0.02409744179239607,-0,0.082795512230836671,-0,0.063057266587189312,0.029056060296854341,0.0097224437733279528,-0,0.028278413859996271
0.22625106785604027,0.14268924749679313,0.3854364269652939,0.67623431423630975,0.60727862089707485,0.17963581032202317,0.20263226998504352,-0,0.21320358984018881,0.14479630303824834,0.37704737439260871,0.67450048125694428,0.59872548214320731,0.18444014835430111,0.20649580760849154,-0,0.21771751742622553,0.15000861980195809,0.37642250321649318,0.68502490828282836,0.60555317542895204,0.18945977706909964,0.2023072436106822,-0,0.23141116525197333,0.13459909401734738,0.38884543815913936,0.67917216709282813,0.61315151058558304,0.17364351449957902,0.18328154833673124,-0
-0,0.22878024605525576,-0,-0,-0,-0,0.00043454501174886538,-0,-0,0.23232033582774395,-0,-0,-0,-0,0.0011431130025975837,-0,-0,0.22388112478105499,-0,-0,-0,-0,0.0037729139714229986,-0,-0,0.22228797384106588,-0,-0,-0,-0,-0,-0
-0,0.033765784289803889,0.028818747859333513,0.12456274382256048,0.12349573357950003,-0,0.047653600279708427,-0,-0,0.03157885069529677,0.029001415163118573,0.11759067260123303,0.1179246321160872,-0,0.050841934951686561,-0,-0,0.03865807268553445,0.027554248083901452,0.13025067331116116,0.12439607145799365,-0,0.047566004604579194,-0,-0,0.022971641965289613,0.021931682823188022,0.11805808569537507,0.12071300743372475,-0,0.054145183936646593,-0
0.16277971029930241,0.56693896968451252,0.23067322928268721,0.31092615321951705,0.22904793463427428,-0,0.046247157421271112,0.42539781902944807,0.16632449697428847,0.56804929077460353,0.22811509352026821,0.3180006146207538,0.21984057175638874,-0,0.050920430418156762,0.42205299310433314,0.17803578711163637,0.57383606521848063,0.22699553615587525,0.32732421528766698,0.22779050854395103,-0,0.041115776814598402,0.4322980278124558,0.15756743199367731,0.56811641277780012,0.22911288763711035,0.29943097600622487,0.22513661658239204,-0,0.050553418888287856,0.42928000667692212
-0,-0,-0,-0,-0,-0,-0,-0,-0,-0,-0,-0,-0,-0,-0,-0,-0,-0,-0,-0,-0,-0,-0,-0,-0,-0,-0,-0,-0,-0,-0,-0
-0,-0,-0,-0,-0,-0,-0,-0,-0,-0,-0,-0,-0,-0,-0,-0,-0,-0,-0,-0,-0,-0,-0,-0,-0,-0,-0,-0,-0,-0,-0,-0
-0,-0,-0,-0,-0,-0,-0,-0,-0,-0,-0,-0,-0,-0,-0,-0,-0,-0,-0,-0,-0,-0,-0,-0,-0,-0,-0,-0,-0,-0,-0,-0
-0,-0,-0,-0,-0,-0,-0,-0,-0,-0,-0,-0,-0,-0,-0,-0,-0,-0,-0,-0,-0,-0,-0,-0,-0,-0,-0,-0,-0,-0,-0,-0
-0,-0,-0,-0,-0,-0,-0,-0,-0,-0,-0,-0,-0,-0,-0,-0,-0,-0,-0,-0,-0,-0,-0,-0,-0,-0,-0,-0,-0,-0,-0,-0
-0,-0,-0,-0,-0,-0,-0,-0,-0,-0,-0,-0,-0,-0,-0,-0,-0,-0,-0,-0,-0,-0,-0,-0,-0,-0,-0,-0,-0,-0,-0,-0
-0,-0,-0,-0,-0,-0,-0,-0,-0,-0,-0,-0,-0,-0,-0,-0,-0,-0,-0,-0,-0,-0,-0,-0,-0,-0,-0,-0,-0,-0,-0,-0
-0,-0,-0,-0,-0,-0,-0,-0,-0,-0,-0,-0,-0,-0,-0,-0,-0,-0,-0,-0,-0,-0,-0,-0,-0,-0,-0,-0,-0,-0,-0,-0
-0,-0,-0,-0,-0,-0,-0,-0,-0,-0,-0,-0,-0,-0,-0,-0,-0,-0,-0,-0,-0,-0,-0,-0,-0,-0,-0,-0,-0,-0,-0,-0
-0,-0,-0,-0,-0,-0,-0,-0,-0,-0,-0,-0,-0,-0,-0,-0,-0,-0,-0,-0,-0,-0,-0,-0,-0,-0,-0,-0,-0,-0,-0,-0
-0,-0,-0,-0,-0,-0,-0,-0,-0,-0,-0,-0,-0,-0,-0,-0,-0,-0,-0,-0,-0,-0,-0,-0,-0,-0,-0,-0,-0,-0,-0,-0
-0,-0,-0,-0,-0,-0,-0,-0,-0,-0,-0,-0,-0,-0,-0,-0,-0,-0,-0,-0,-0,-0,-0,-0,-0,-0,-0,-0,-0,-0,-0,-0
-0,-0,-0,-0,-0,-0,-0,-0,-0,-0,-0,-0,-0,-0,-0,-0,-0,-0,-0,-0,-0,-0,-0,-0,-0,-0,-0,-0,-0,-0,-0,-0
-0,-0,-0,-0,-0,-0,-0,-0,-0,-0,-0,-0,-0,-0,-0,-0,-0,-0,-0,-0,-0,-0,-0,-0,-0,-0,-0,-0,-0,-0,-0,-0
-0,0.060871415860046525,-0,-0,-0,-0,-0,0.064162357565382216,-0,0.06935793360018877,-0,-0,-0,-0,-0,0.063161458252486521,-0,0.068958474122011004,-0,-0,-0,-0,-0,0.064264563768871061,-0,0.052878359588014449,-0,-0,-0,-0,-0,0.062561382845685853
-0,-0,-0,-0,-0,-0,-0,-0,-0,-0,-0,-0,-0,-0,-0,-0,-0,-0,-0,-0,-0,-0,-0,-0,-0,-0,-0,-0,-0,-0,-0,-0
-0,-0,-0,-0,-0,-0,-0,-0,-0,-0,-0,-0,-0,-0,-0,-0,-0,-0,-0,-0,-0,-0,-0,-0,-0,-0,-0,-0,-0,-0,-0,-0
-0,-0,-0,-0,0.039161993873634789,-0,-0,-0,-0,-0,-0,-0,0.038983231454593092,-0,-0,-0,-0,-0,-0,-0,0.043206868674752007,-0,-0,-0,-0,-0,-0,-0,0.035338801541471961,-0,-0,-0
0.18226170788901838,-0,-0,-0,-0,0.0097457908516346975,-0,-0,0.18060501152716019,-0,-0,-0,-0,0.010501571406228561,-0,-0,0.17772293288121935,-0,-0,-0,-0,-0,-0,-0,0.18356925488121964,-0,-0,-0,-0,0.0094143041406858918,-0,-0
-0,-0,-0,-0,-0,-0,-0,-0,-0,-0,-0,-0,-0,-0,-0,-0,-0,-0,-0,-0,-0,-0,-0,-0,-0,-0,-0,-0,-0,-0,-0,-0
-0,0.030513427488035264,-0,-0,-0,-0,-0,-0,-0,0.03758500096793433,-0,-0,-0,-0,-0,-0,-0,0.042561254653724949,-0,-0,-0,-0,-0,-0,-0,0.036114544389050908,-0,-0,-0,-0,-0,-0
-0,-0,-0,-0,-0,-0,-0,-0,-0,-0,-0,-0,-0,-0,-0,-0,-0,-0,-0,-0,-0,-0,-0,-0,-0,-0,-0,-0,-0,-0,-0,-0
-0,0.049948906627672339,-0,-0,-0,-0,0.29194409941334976,-0,-0,0.049731085960511012,-0,-0,-0,-0,0.29798667529814366,-0,-0,0.055940030331237511,-0,-0,-0,-0,0.29605212864246261,-0,-0,0.045523091226487462,-0,-0,-0,-0,0.28912153661042933,-0
-0,-0,-0,-0,-0,-0,-0,-0,-0,-0,-0,-0,-0,-0,-0,-0,-0,-0,-0,-0,-0,-0,-0,-0,-0,-0,-0,-0,-0,-0,-0,-0
-0,-0,0.14118052149200486,-0,0.11751924234684789,-0,-0,-0,-0,-0,0.15005468544564921,-0,0.11273622190975507,-0,-0,-0,-0,-0,0.13606690247563927,-0,0.11475443907232628,-0,-0,-0,-0,-0,0.14075908450130892,-0,0.12215230324876206,-0,-0,-0
-0,-0,-0,-0,-0,-0,0.034112506166521582,-0,-0,-0,-0,-0,-0,-0,0.037069683767830146,-0,-0,-0,-0,-0,-0,-0,0.036659535687559822,-0,-0,-0,-0,-0,-0,-0,0.031791811498885041,-0
-0,-0,-0,-0,-0,-0,-0,-0,-0,-0,-0,-0,-0,-0,-0,-0,-0,-0,-0,-0,-0,-0,-0,-0,-0,-0,-0,-0,-0,-0,-0,-0
-0,0.22853332706732862,-0,-0,-0,-0,0.034429733113219223,-0,-0,0.22932896450849197,-0,-0,-0,-0,0.04060655566831789,-0,-0,0.24013467703891053,-0,-0,-0,-0,0.032273009510990359,-0,-0,0.21493023402168629,-0,-0,-0,-0,0.038080265480377185,-0
-0,-0,-0,-0,-0,-0,-0,-0,-0,-0,-0,-0,-0,-0,-0,-0,-0,-0,-0,-0,-0,-0,-0,-0,-0,-0,-0,-0,-0,-0,-0,-0
-0,-0,-0,-0,-0,-0,-0,-0,-0,-0,-0,-0,-0,-0,-0,-0,-0,-0,-0,-0,-0,-0,-0,-0,-0,-0,-0,-0,-0,-0,-0,-0
-0,-0,-0,-0,-0,-0,-0,-0,-0,-0,-0,-0,-0,-0,-0,-0,-0,-0,-0,-0,-0,-0,-0,-0,-0,-0,-0,-0,-0,-0,-0,-0
-0,0.19675284885077465,0.21860426339784164,0.36834210089537867,0.15501552626567913,0.038053375907996186,0.19188149250392658,-0,-0,0.19490147603953401,0.21251401082635293,0.36363052337168805,0.14049634829134094,0.041510862796247196,0.19566065695676835,-0,-0,0.19685744629214533,0.21645759166372971,0.37207567102767097,0.15949898752719119,0.040437402925320581,0.19693617362105206,-0,-0,0.19315834100858639,0.2096217738064011,0.36229585336946074,0.15019794206472592,0.035267028162901878,0.19488987518397538,-0
-0,-0,-0,-0,0.021872589052553307,-0,-0,-0,-0,-0,-0,-0,0.025456363735955768,-0,-0,-0,-0,-0,-0,-0,0.027103164459798958,-0,-0,-0,-0,-0,-0,-0,0.020524787288328419,-0,-0,-0
-0,-0,-0,-0,-0,-0,-0,-0,-0,-0,-0,-0,-0,-0,-0,-0,-0,-0,-0,-0,-0,-0,-0,-0,-0,-0,-0,-0,-0,-0,-0,-0
-0,-0,-0,-0,-0,-0,-0,-0,-0,-0,-0,-0,-0,-0,-0,-0,-0,-0,-0,-0,-0,-0,-0,-0,-0,-0,-0,-0,-0,-0,-0,-0
-0,-0,-0,-0,-0,-0,-0,-0,-0,-0,-0,-0,-0,-0,-0,-0,-0,-0,-0,-0,-0,-0,-0,-0,-0,-0,-0,-0,-0,-0,-0,-0
-0,-0,-0,-0,-0,-0,-0,-0,-0,-0,-0,-0,-0,-0,-0,-0,-0,-0,-0,-0,-0,-0,-0,-0,-0,-0,-0,-0,-0,-0,-0,-0
-0,-0,-0,-0,-0,-0,-0,-0,-0,-0,-0,-0,-0,-0,-0,-0,-0,-0,-0,-0,-0,-0,-0,-0,-0,-0,-0,-0,-0,-0,-0,-0
-0,-0,-0,-0,-0,-0,-0,-0,-0,-0,-0,-0,-0,-0,-0,-0,-0,-0,-0,-0,-0,-0,-0,-0,-0,-0,-0,-0,-0,-0,-0,-0
-0,-0,-0,-0,-0,-0,-0,-0,-0,-0,-0,-0,-0,-0,-0,-0,-0,-0,-0,-0,-0,-0,-0,-0,-0,-0,-0,-0,-0,-0,-0,-0
-0,-0,-0,-0,-0,-0,-0,-0,-0,-0,-0,-0,-0,-0,-0,-0,-0,-0,-0,-0,-0,-0,-0,-0,-0,-0,-0,-0,-0,-0,-0,-0
-0,-0,-0,-0,-0,-0,-0,-0,-0,-0,-0,-0,-0,-0,-0,-0,-0,-0,-0,-0,-0,-0,-0,-0,-0,-0,-0,-0,-0,-0,-0,-0
-0,-0,0.0080618725140077334,-0,0.012372964583609314,-0,-0,-0,-0,-0,0.015414045083402094,-0,0.014962449543612944,-0,-0,-0,-0,-0,0.0053315206553161366,-0,0.014214158118924512,-0,-0,-0,-0,-0,0.0057803638654904104,-0,0.02387539628199661,-0,-0,-0
-0,-0,-0,-0,-0,-0,-0,-0,-0,-0,-0,-0,-0,-0,-0,-0,-0,-0,-0,-0,-0,-0,-0,-0,-0,-0,-0,-0,-0,-0,-0,-0
0.075128017332010494,0.18933094783636148,0.16442518129739422,0.67695758647432391,0.54335196922222584,-0,0.50437735441154941,0.12702351373606,0.07288289974438103,0.19849726993781786,0.17258058115719577,0.6692982952568105,0.55057772834698238,-0,0.50065570894006384,0.12228752632647177,0.067506589746810161,0.19655623416010112,0.16847604425563262,0.69376127225669293,0.55544233191200298,-0,0.51216585249462765,0.1296493908788173,0.093069879661833638,0.16948135007542173,0.1671542738492223,0.67496032306084475,0.55224113024221888,-0,0.50093327468645732,0.11195759386977193
-0,-0,-0,-0,-0,-0,-0,-0,-0,-0,-0,-0,-0,-0,-0,-0,-0,-0,-0,-0,-0,-0,-0,-0,-0,-0,-0,-0,-0,-0,-0,-0
-0,-0,-0,-0,-0,-0,-0,-0,-0,-0,-0,-0,-0,-0,-0,-0,-0,-0,-0,-0,-0,-0,-0,-0,-0,-0,-0,-0,-0,-0,-0,-0
-0,-0,-0,-0,-0,-0,-0,-0,-0,-0,-0,-0,-0,-0,-0,-0,-0,-0,-0,-0,-0,-0,-0,-0,-0,-0,-0,-0,-0,-0,-0,-0
0.51889811586218793,0.15459642620558556,0.038929614873008583,0.37065677689701759,0.418389983034541,0.037351276003930393,-0,-0,0.51057079499870384,0.15308317869670945,0.018751127436778207,0.37581624949215608,0.408853103386424,0.047131234115400794,-0,-0,0.5206953087268833,0.16009841806062877,0.029420731474682497,0.37829011771782811,0.42191272024765186,0.031927353539594902,-0,-0,0.50851746609789483,0.16287707843001181,0.029325978048325076,0.36674177476174979,0.41731628437265955,0.029558409913944723,-0,-0
-0,0.016791828486287883,-0,-0,-0,-0,-0,-0,-0,0.018623384521782763,-0,-0,-0,-0,-0,-0,-0,0.015779490899597307,-0,-0,-0,-0,-0,-0,-0,0.014593641369716349,-0,-0,-0,-0,-0,-0
-0,-0,-0,-0,-0,-0,-0,-0,-0,-0,-0,-0,-0,-0,-0,-0,-0,-0,-0,-0,-0,-0,-0,-0,-0,-0,-0,-0,-0,-0,-0,-0
-0,-0,-0,-0,-0,-0,-0,-0,-0,-0,-0,-0,-0,-0,-0,-0,-0,-0,-0,-0,-0,-0,-0,-0,-0,-0,-0,-0,-0,-0,-0,-0
-0,-0,-0,-0,-0,-0,-0,-0,-0,-0,-0,-0,-0,-0,-0,-0,-0,-0,-0,-0,-0,-0,-0,-0,-0,-0,-0,-0,-0,-0,-0,-0
-0,-0,-0,-0,-0,-0,-0,-0,-0,-0,-0,-0,-0,-0,-0,-0,-0,-0,-0,-0,-0,-0,-0,-0,-0,-0,-0,-0,-0,-0,-0,-0
-0,-0,-0,-0,-0,-0,-0,-0,-0,-0,-0,-0,-0,-0,-0,-0,-0,-0,-0,-0,-0,-0,-0,-0,-0,-0,-0,-0,-0,-0,-0,-0
-0,-0,-0,-0,-0,-0,-0,-0,-0,-0,-0,-0,-0,-0,-0,-0,-0,-0,-0,-0,-0,-0,-0,-0,-0,-0,-0,-0,-0,-0,-0,-0
-0,-0,-0,-0,-0,-0,-0,-0,-0,-0,-0,-0,-0,-0,-0,-0,-0,-0,-0,-0,-0,-0,-0,-0,-0,-0,-0,-0,-0,-0,-0,-0
-0,0.20644544206947638,-0,-0,-0,-0,-0,-0,-0,0.21336757158315905,-0,-0,-0,-0,-0,-0,-0,0.21493901998919007,-0,-0,-0,-0,-0,-0,-0,0.19545249896737046,-0,-0,-0,-0,-0,-0
-0,-0,-0,-0,-0,-0,-0,-0,-0,-0,-0,-0,-0,-0,-0,-0,-0,-0,-0,-0,-0,-0,-0,-0,-0,-0,-0,-0,-0,-0,-0,-0
0.34344237676657047,0.3058241624357429,0.039823786096104243,-0,0.25974135338007887,0.25315107585733909,-0,0.013628110682122717,0.34287113676438258,0.30499917628695095,0.042174040325998897,-0,0.25783288659476783,0.250983829450524,-0,0.013428413628977483,0.35047151499268964,0.29981338037744287,0.037831358436754212,-0,0.26288626328970383,0.24231454350350351,-0,0.015825579910152619,0.33900733249172277,0.30493562018839765,0.03954015087961877,-0,0.26223250602292475,0.25396212280848474,-0,0.0049692819230631232
-0,-0,-0,-0,-0,-0,-0,-0,-0,-0,-0,-0,-0,-0,-0,-0,-0,-0,-0,-0,-0,-0,-0,-0,-0,-0,-0,-0,-0,-0,-0,-0
-0,0.13532367572817286,-0,-0,-0,-0,-0,-0,-0,0.14148823176910136,-0,-0,-0,-0,-0,-0,-0,0.14689104207336229,-0,-0,-0,-0,-0,-0,-0,0.12429955702373763,-0,-0,-0,-0,-0,-0
-0,-0,-0,-0,-0,-0,-0,-0,-0,-0,-0,-0,-0,-0,-0,-0,-0,-0,-0,-0,-0,-0,-0,-0,-0,-0,-0,-0,-0,-0,-0,-0
-0,-0,-0,-0,0.078966015346510612,-0,0.39835618646661503,-0,-0,-0,-0,-0,0.065401980696851672,-0,0.4094913736904055,-0,-0,-0,-0,-0,0.06964881901609131,-0,0.39784909545428176,-0,-0,-0,-0,-0,0.08003529716979095,-0,0.39240281413941686,-0
-0,-0,-0,-0,-0,-0,-0,-0,-0,-0,-0,-0,-0,-0,-0,-0,-0,-0,-0,-0,-0,-0,-0,-0,-0,-0,-0,-0,-0,-0,-0,-0
-0,-0,-0,-0,0.25146985789416743,-0,0.40136451035942194,-0,-0,-0,-0,-0,0.25128889728089004,-0,0.4053244614448428,-0,-0,-0,-0,-0,0.23954008417023612,-0,0.40943092034582551,-0,-0,-0,-0,-0,0.23928369156015433,-0,0.40069320264202474,-0
-0,-0,-0,-0,-0,-0,-0,-0,-0,-0,-0,-0,-0,-0,-0,-0,-0,-0,-0,-0,-0,-0,-0,-0,-0,-0,-0,-0,-0,-0,-0,-0
-0,-0,-0,-0,-0,-0,-0,-0,-0,-0,-0,-0,-0,-0,-0,-0,-0,-0,-0,-0,-0,-0,-0,-0,-0,-0,-0,-0,-0,-0,-0,-0
-0,-0,-0,-0,-0,-0,-0,-0,-0,-0,-0,-0,-0,-0,-0,-0,-0,-0,-0,-0,-0,-0,-0,-0,-0,-0,-0,-0,-0,-0,-0,-0
-0,-0,-0,-0,-0,-0,-0,-0,-0,-0,-0,-0,-0,-0,-0,-0,-0,-0,-0,-0,-0,-0,-0,-0,-0,-0,-0,-0,-0,-0,-0,-0
-0,-0,-0,-0,-0,-0,-0,-0,-0,-0,-0,-0,-0,-0,-0,-0,-0,-0,-0,-0,-0,-0,-0,-0,-0,-0,-0,-0,-0,-0,-0,-0
-0,-0,-0,-0,-0,-0,-0,-0,-0,-0,-0,-0,-0,-0,-0,-0,-0,-0,-0,-0,-0,-0,-0,-0,-0,-0,-0,-0,-0,-0,-0,-0
-0,-0,-0,-0,-0,-0,-0,-0,-0,-0,-0,-0,-0,-0,-0,-0,-0,-0,-0,-0,-0,-0,-0,-0,-0,-0,-0,-0,-0,-0,-0,-0
-0,-0,-0,-0,0.10562798861464355,-0,-0,-0,-0,-0,-0,-0,0.10910466959580442,-0,-0,-0,-0,-0,-0,-0,0.10448389653784693,-0,-0,-0,-0,-0,-0,-0,0.11288432908140687,-0,-0,-0
-0,-0,-0,-0,-0,-0,-0,-0,-0,-0,-0,-0,-0,-0,-0,-0,-0,-0,-0,-0,-0,-0,-0,-0,-0,-0,-0,-0,-0,-0,-0,-0
-0,-0,-0,-0,-0,-0,-0,-0,-0,-0,-0,-0,-0,-0,-0,-0,-0,-0,-0,-0,-0,-0,-0,-0,-0,-0,-0,-0,-0,-0,-0,-0
-0,0.3952355622045392,0.011292417671826359,0.045416698663288096,0.25723514799170355,-0,0.27679179868798104,-0,-0,0.39114451793547883,0.0028744818605218143,0.043302609225088225,0.24690922245263155,-0,0.28136763139030424,-0,-0,0.40598712908770668,0.012731843092323029,0.046634330410980342,0.25433278595928416,-0,0.2795095009291152,-0,-0,0.38695215164261521,0.0057161346024767745,0.036604889881961263,0.25242339535543462,-0,0.28411113138621741,-0
-0,-0,-0,-0,-0,-0,-0,-0,-0,-0,-0,-0,-0,-0,-0,-0,-0,-0,-0,-0,-0,-0,-0,-0,-0,-0,-0,-0,-0,-0,-0,-0
-0,-0,-0,-0,-0,-0,-0,-0,-0,-0,-0,-0,-0,-0,-0,-0,-0,-0,-0,-0,-0,-0,-0,-0,-0,-0,-0,-0,-0,-0,-0,-0
-0,-0,-0,-0,-0,-0,-0,-0,-0,-0,-0,-0,-0,-0,-0,-0,-0,-0,-0,-0,-0,-0,-0,-0,-0,-0,-0,-0,-0,-0,-0,-0
-0,-0,-0,-0,-0,-0,-0,-0,-0,-0,-0,-0,-0,-0,-0,-0,-0,-0,-0,-0,-0,-0,-0,-0,-0,-0,-0,-0,-0,-0,-0,-0
-0,-0,-0,-0,-0,-0,-0,-0,-0,-0,-0,-0,-0,-0,-0,-0,-0,-0,-0,-0,-0,-0,-0,-0,-0,-0,-0,-0,-0,-0,-0,-0
-0,-0,-0,-0,-0,-0,-0,-0,-0,-0,-0,-0,-0,-0,-0,-0,-0,-0,-0,-0,-0,-0,-0,-0,-0,-0,-0,-0,-0,-0,-0,-0
-0,-0,-0,-0,-0,-0,-0,-0,-0,-0,-0,-0,-0,-0,-0,-0,-0,-0,-0,-0,-0,-0,-0,-0,-0,-0,-0,-0,-0,-0,-0,-0
-0,-0,-0,-0,-0,-0,-0,-0,-0,-0,-0,-0,-0,-0,-0,-0,-0,-0,-0,-0,-0,-0,-0,-0,-0,-0,-0,-0,-0,-0,-0,-0
-0,-0,-0,-0,-0,-0,-0,-0,-0,-0,-0,-0,-0,-0,-0,-0,-0,-0,-0,-0,-0,-0,-0,-0,-0,-0,-0,-0,-0,-0,-0,-0
-0,-0,-0,-0,-0,-0,-0,-0,-0,-0,-0,-0,-0,-0,-0,-0,-0,-0,-0,-0,-0,-0,-0,-0,-0,-0,-0,-0,-0,-0,-0,-0
-0,-0,-0,-0,-0,-0,-0,-0,-0,-0,-0,-0,-0,-0,-0,-0,-0,-0,-0,-0,-0,-0,-0,-0,-0,-0,-0,-0,-0,-0,-0,-0
-0,-0,-0,-0,-0,-0,-0,-0,-0,-0,-0,-0,-0,-0,-0,-0,-0,-0,-0,-0,-0,-0,-0,-0,-0,-0,-0,-0,-0,-0,-0,-0
-0,-0,-0,-0,-0,-0,-0,-0,-0,-0,-0,-0,-0,-0,-0,-0,-0,-0,-0,-0,-0,-0,-0,-0,-0,-0,-0,-0,-0,-0,-0,-0
-0,-0,-0,-0,-0,-0,-0,-0,-0,-0,-0,-0,-0,-0,-0,-0,-0,-0,-0,-0,-0,-0,-0,-0,-0,-0,-0,-0,-0,-0,-0,-0
-0,0.14932312924097599,0.048483283867601493,0.060020066625743856,0.15839438422295082,0.084310118547091362,-0,-0,-0,0.14828441807617684,0.024674114203385104,0.063002416251830437,0.14419500672717703,0.084459004201909979,-0,-0,-0,0.16338733038446968,0.03986311709591505,0.060880411806265217,0.1525742859955963,0.091205201356750795,-0,-0,-0,0.15511091919436737,0.040957860246435496,0.057450729747290041,0.15473494404456248,0.082395661635889128,-0,-0
-0,-0,-0,-0,-0,-0,-0,-0,-0,-0,-0,-0,-0,-0,-0,-0,-0,-0,-0,-0,-0,-0,-0,-0,-0,-0,-0,-0,-0,-0,-0,-0
-0,0.27911207403688942,-0,-0,-0,-0,-0,-0,-0,0.2838835100200014,-0,-0,-0,-0,-0,-0,-0,0.28916724496663881,-0,-0,-0,-0,-0,-0,-0,0.27324511773031401,-0,-0,-0,-0,-0,-0
-0,-0,-0,0.027122595052555331,-0,-0,0.11355449681228742,-0,-0,-0,-0,0.022686310253572348,-0,-0,0.11616698514888127,-0,-0,-0,-0,0.033944797328445915,-0,-0,0.1163421004225637,-0,-0,-0,-0,0.031909486735586363,-0,-0,0.10886536942362236,-0
-0,-0,-0,-0,-0,-0,-0,-0,-0,-0,-0,-0,-0,-0,-0,-0,-0,-0,-0,-0,-0,-0,-0,-0,-0,-0,-0,-0,-0,-0,-0,-0
-0,-0,-0,-0,-0,-0,-0,-0,-0,-0,-0,-0,-0,-0,-0,-0,-0,-0,-0,-0,-0,-0,-0,-0,-0,-0,-0,-0,-0,-0,-0,-0
-0,-0,-0,-0,-0,-0,-0,-0,-0,-0,-0,-0,-0,-0,-0,-0,-0,-0,-0,-0,-0,-0,-0,-0,-0,-0,-0,-0,-0,-0,-0,-0
-0,-0,-0,-0,-0,-0,-0,-0,-0,-0,-0,-0,-0,-0,-0,-0,-0,-0,-0,-0,-0,-0,-0,-0,-0,-0,-0,-0,-0,-0,-0,-0
-0,-0,-0,-0,-0,-0,-0,-0,-0,-0,-0,-0,-0,-0,-0,-0,-0,-0,-0,-0,-0,-0,-0,-0,-0,-0,-0,-0,-0,-0,-0,-0
-0,-0,-0,-0,-0,-0,-0,-0,-0,-0,-0,-0,-0,-0,-0,-0,-0,-0,-0,-0,-0,-0,-0,-0,-0,-0,-0,-0,-0,-0,-0,-0
-0,-0,-0,-0,-0,-0,-0,-0,-0,-0,-0,-0,-0,-0,-0,-0,-0,-0,-0,-0,-0,-0,-0,-0,-0,-0,-0,-0,-0,-0,-0,-0
0.16717647628435187,0.094013286920858016,-0,0.35586346370343996,0.62352576792243997,0.071748934324397245,0.45123648729276644,-0,0.1506024238436261,0.091486944536053605,-0,0.356620174973176,0.63089706633582476,0.069418620349279023,0.45274092199243005,-0,0.16069734650551745,0.094513884116089408,-0,0.36018399334961987,0.62613351823178098,0.072043032027852713,0.45448146770330855,-0,0.17185071390887391,0.094129167411694498,-0,0.34751178027246837,0.63294442218032787,0.068846510661154339,0.43894238993718743,-0
-0,-0,-0,-0,-0,-0,-0,-0,-0,-0,-0,-0,-0,-0,-0,-0,-0,-0,-0,-0,-0,-0,-0,-0,-0,-0,-0,-0,-0,-0,-0,-0
-0,-0,-0,-0,-0,-0,-0,-0,-0,-0,-0,-0,-0,-0,-0,-0,-0,-0,-0,-0,-0,-0,-0,-0,-0,-0,-0,-0,-0,-0,-0,-0
-0,-0,-0,-0,-0,-0,-0,-0,-0,-0,-0,-0,-0,-0,-0,-0,-0,-0,-0,-0,-0,-0,-0,-0,-0,-0,-0,-0,-0,-0,-0,-0
-0,-0,-0,-0,-0,-0,-0,-0,-0,-0,-0,-0,-0,-0,-0,-0,-0,-0,-0,-0,-0,-0,-0,-0,-0,-0,-0,-0,-0,-0,-0,-0
0.046340250001950072,-0,-0,0.016314759093207461,0.056335031839555912,-0,-0,-0,0.048417236620090141,-0,-0,0.019422336294531328,0.046730573139997872,-0,-0,-0,0.043440367270451169,-0,-0,0.02187719249634263,0.059294235708188189,-0,-0,-0,0.040619004099897806,-0,-0,0.010165280785246849,0.052525097266697116,-0,-0,-0
-0,-0,-0,-0,-0,-0,-0,-0,-0,-0,-0,-0,-0,-0,-0,-0,-0,-0,-0,-0,-0,-0,-0,-0,-0,-0,-0,-0,-0,-0,-0,-0
-0,-0,-0,-0,-0,-0,-0,-0,-0,-0,-0,-0,-0,-0,-0,-0,-0,-0,-0,-0,-0,-0,-0,-0,-0,-0,-0,-0,-0,-0,-0,-0
-0,-0,-0,-0,-0,-0,-0,-0,-0,-0,-0,-0,-0,-0,-0,-0,-0,-0,-0,-0,-0,-0,-0,-0,-0,-0,-0,-0,-0,-0,-0,-0
0.36709594293321757,0.25170639923570293,0.58309176424760467,0.58424172341501523,0.82807106462147329,0.23941067780397135,0.19687839808670302,-0,0.35898704023120198,0.2467065684603473,0.57996396459382615,0.58614546548384161,0.82237940910254892,0.24131660884601996,0.19443047664869673,-0,0.36275707119253248,0.25314604139687891,0.57859453867991684,0.58067706646702144,0.82855504066286545,0.24032041571348939,0.19672396594737399,-0,0.36575143956749701,0.25210356184621224,0.57906600151439214,0.5845249622907388,0.83384323307960739,0.23903392898340842,0.19540405973050004,-0
-0,-0,-0,-0,-0,-0,-0,-0,-0,-0,-0,-0,-0,-0,-0,-0,-0,-0,-0,-0,-0,-0,-0,-0,-0,-0,-0,-0,-0,-0,-0,-0
-0,-0,-0,-0,-0,-0,-0,-0,-0,-0,-0,-0,-0,-0,-0,-0,-0,-0,-0,-0,-0,-0,-0,-0,-0,-0,-0,-0,-0,-0,-0,-0
0.77674474403538052,0.73208240927469104,0.45287159662481186,0.44754927221303481,0.65275238010310732,0.50585370877237312,0.51395362226593377,0.026355242573750121,0.75925764918189365,0.7307460996114471,0.44114987089286367,0.45683413830599745,0.64835779573069729,0.50524663452309782,0.52082590974870102,0.027970439733667196,0.76974367268835708,0.73096834873901217,0.43645404274416766,0.44327203765443213,0.64489953134387201,0.514901666083592,0.50954973153665417,0.022599627195599322,0.76544857912449515,0.74385319334930533,0.45005270943619091,0.44120064057023667,0.65532109827595719,0.49993220069359834,0.49064673437438255,0.033595696867974326
-0,-0,-0,-0,-0,-0,-0,-0,-0,-0,-0,-0,-0,-0,-0,-0,-0,-0,-0,-0,-0,-0,-0,-0,-0,-0,-0,-0,-0,-0,-0,-0
-0,-0,-0,-0,-0,-0,-0,-0,-0,-0,-0,-0,-0,-0,-0,-0,-0,-0,-0,-0,-0,-0,-0,-0,-0,-0,-0,-0,-0,-0,-0,-0
-0,-0,-0,-0,-0,-0,-0,-0,-0,-0,-0,-0,-0,-0,-0,-0,-0,-0,-0,-0,-0,-0,-0,-0,-0,-0,-0,-0,-0,-0,-0,-0
-0,-0,-0,-0,-0,-0,-0,-0,-0,-0,-0,-0,-0,-0,-0,-0,-0,-0,-0,-0,-0,-0,-0,-0,-0,-0,-0,-0,-0,-0,-0,-0
-0,-0,-0,-0,-0,-0,-0,-0,-0,-0,-0,-0,-0,-0,-0,-0,-0,-0,-0,-0,-0,-0,-0,-0,-0,-0,-0,-0,-0,-0,-0,-0
-0,-0,-0,-0,-0,-0,0.053332161200218574,-0,-0,-0,-0,-0,-0,-0,0.057336464766584848,-0,-0,-0,-0,-0,-0,-0,0.055546421847425906,-0,-0,-0,-0,-0,-0,-0,0.052077755260075839,-0
-0,-0,-0,-0,-0,-0,-0,-0,-0,-0,-0,-0,-0,-0,-0,-0,-0,-0,-0,-0,-0,-0,-0,-0,-0,-0,-0,-0,-0,-0,-0,-0
-0,-0,-0,-0,-0,-0,-0,-0,-0,-0,-0,-0,-0,-0,-0,-0,-0,-0,-0,-0,-0,-0,-0,-0,-0,-0,-0,-0,-0,-0,-0,-0
-0,-0,-0,0.10539837002358239,-0,-0,-0,-0,-0,-0,-0,0.10503332291950118,-0,-0,-0,-0,-0,-0,-0,0.11194272895922969,-0,-0,-0,-0,-0,-0,-0,0.10148313673700167,-0,-0,-0,-0
-0,-0,-0,-0,-0,-0,-0,-0,-0,-0,-0,-0,-0,-0,-0,-0,-0,-0,-0,-0,-0,-0,-0,-0,-0,-0,-0,-0,-0,-0,-0,-0
-0,-0,-0,-0,-0,-0,-0,-0,-0,-0,-0,-0,-0,-0,-0,-0,-0,-0,-0,-0,-0,-0,-0,-0,-0,-0,-0,-0,-0,-0,-0,-0
-0,-0,-0,-0,-0,-0,-0,-0,-0,-0,-0,-0,-0,-0,-0,-0,-0,-0,-0,-0,-0,-0,-0,-0,-0,-0,-0,-0,-0,-0,-0,-0
-0,0.047437624395206018,-0,-0,-0,-0,-0,-0,-0,0.054315682055131563,-0,-0,-0,-0,-0,-0,-0,0.059655150975666288,-0,-0,-0,-0,-0,-0,-0,0.039768890778327869,-0,-0,-0,-0,-0,-0
-0,0.031599253024894892,-0,0.040493594117398266,-0,-0,-0,0.048471150926876511,-0,0.036865267288768731,-0,0.043835671007095726,-0,-0,-0,0.039008953059995105,-0,0.039700722052904987,-0,0.059851410146743847,-0,-0,-0,0.059047547095678457,-0,0.031275229850106244,-0,0.031361000870346378,-0,-0,-0,0.040484041422084886
-0,-0,0.42758478104122488,0.11119037025940234,-0,-0,-0,-0,-0,-0,0.4316870351584578,0.1162930480159502,-0,-0,-0,-0,-0,-0,0.42898894478808069,0.11615992189779714,-0,-0,-0,-0,-0,-0,0.41946468578232105,0.092612760779216319,-0,-0,-0,-0
-0,-0,-0,-0,-0,-0,-0,-0,-0,-0,-0,-0,-0,-0,-0,-0,-0,-0,-0,-0,-0,-0,-0,-0,-0,-0,-0,-0,-0,-0,-0,-0
-0,0.099218502595870117,-0,0.0525029728153589,-0,-0,-0,-0,-0,0.10397477368861044,-0,0.050287611223998115,-0,-0,-0,-0,-0,0.10413466486798942,-0,0.062143882065537857,-0,-0,-0,-0,-0,0.089769912292974874,-0,0.053814569220376737,-0,-0,-0,-0
-0,-0,0.22059118134151898,0.14753711838816033,0.079611077178823486,-0,-0,-0,-0,-0,0.22357313413278415,0.15037858979487498,0.080453819341175237,-0,-0,-0,-0,-0,0.21415754089054453,0.15480326494621019,0.079706981724333645,-0,-0,-0,-0,-0,0.2179210396652638,0.14075189040322225,0.08501948306550168,-0,-0,-0
-0,-0,-0,-0,-0,-0,-0,-0,-0,-0,-0,-0,-0,-0,-0,-0,-0,-0,-0,-0,-0,-0,-0,-0,-0,-0,-0,-0,-0,-0,-0,-0
-0,-0,-0,-0,-0,-0,-0,-0,-0,-0,-0,-0,-0,-0,-0,-0,-0,-0,-0,-0,-0,-0,-0,-0,-0,-0,-0,-0,-0,-0,-0,-0
-0,-0,-0,-0,-0,-0,-0,-0,-0,-0,-0,-0,-0,-0,-0,-0,-0,-0,-0,-0,-0,-0,-0,-0,-0,-0,-0,-0,-0,-0,-0,-0
-0,-0,-0,-0,-0,-0,-0,-0,-0,-0,-0,-0,-0,-0,-0,-0,-0,-0,-0,-0,-0,-0,-0,-0,-0,-0,-0,-0,-0,-0,-0,-0
-0,-0,-0,-0,-0,-0,-0,-0,-0,-0,-0,-0,-0,-0,-0,-0,-0,-0,-0,-0,-0,-0,-0,-0,-0,-0,-0,-0,-0,-0,-0,-0
-0,0.38119998332251215,-0,0.36444432258123882,0.16025244935840818,0.16589428644651968,0.88320815036048206,-0,-0,0.38960577476825836,-0,0.35833598274905515,0.1581195832653963,0.16128391332698921,0.8887748173730311,-0,-0,0.38326259384323191,-0,0.37129784939980032,0.16513029949507493,0.16351946691991509,0.89771712243893143,-0,-0,0.36166067733872398,-0,0.36481454321068429,0.16066216424429267,0.16672532264370932,0.87888170238256225,-0
-0,-0,-0,-0,-0,-0,-0,-0,-0,-0,-0,-0,-0,-0,-0,-0,-0,-0,-0,-0,-0,-0,-0,-0,-0,-0,-0,-0,-0,-0,-0,-0
-0,-0,-0,-0,-0,-0,-0,-0,-0,-0,-0,-0,-0,-0,-0,-0,-0,-0,-0,-0,-0,-0,-0,-0,-0,-0,-0,-0,-0,-0,-0,-0
0.26543234064382187,-0,0.24443957301940625,0.1493075114984907,0.21477086933516934,0.039081094293852363,-0,-0,0.25861738927952671,-0,0.2337799318410243,0.15317660605000974,0.20771935194473212,0.04376006546189818,-0,-0,0.25776946664260464,-0,0.23646918670072473,0.14615048643661205,0.21067780856668866,0.040098806952106589,-0,-0,0.2538822739736869,-0,0.24048562276082716,0.15012205918304039,0.2161972732816668,0.036943566480747418,-0,-0
0.66693187739947035,0.21467543812459897,0.19161230813326871,0.71389431531613923,0.50659861362019087,0.12911241666288578,-0,-0,0.65850225881693081,0.21781211363965475,0.16620239338997095,0.71703821203609053,0.49160649863152323,0.14327433064529399,0.0024533719440694383,-0,0.66288677418319142,0.22646330100634987,0.18255393653462504,0.73342069714435387,0.50296438664471255,0.13150259235446959,-0,-0,0.65830889703562978,0.21332757493368676,0.1904383510951427,0.71373111505700559,0.50376788579384213,0.11764765963585891,-0,-0
0.29913111281673377,0.48558642386916473,0.61855268868153368,0.85488665356174875,0.48416146161901807,0.20436842007543346,0.43869255371024957,0.37916386008094827,0.31543443001675558,0.50081671187600008,0.62071784687438369,0.84881715676291503,0.48647095727415279,0.20451147212353202,0.43719608934756993,0.36275570789299277,0.29240944774615851,0.49086387588613589,0.61737862638469476,0.8847118729603497,0.49294313571995807,0.20484113023884984,0.45063600712724056,0.38979533879001177,0.30687732188049277,0.47273187347828893,0.62498169837669248,0.85961172175756617,0.48629167738725271,0.20643828368785619,0.4310836580448188,0.36528937864878014
0.41808558359322151,0.16580646770503402,0.31782660421380604,0.46116678774516123,0.40425087921927372,0.094654401720956766,-0,0.038404174112986307,0.41612844122685311,0.16096499865972769,0.31488550833100798,0.46252069149107916,0.4035980287546177,0.096362768136126972,-0,0.03802683093390815,0.41833961161462568,0.16943325925662556,0.31786627489420366,0.47947132340857473,0.4087593034146102,0.086951576067757358,-0,0.045718639498645575,0.41923046698501881,0.16298893396021022,0.3150773594068369,0.44415868253478291,0.40214748294814878,0.089604716876161949,-0,0.031282977689883709
-0,-0,-0,-0,-0,-0,-0,-0,-0,-0,-0,-0,-0,-0,-0,-0,-0,-0,-0,-0,-0,-0,-0,-0,-0,-0,-0,-0,-0,-0,-0,-0
-0,-0,-0,-0,-0,-0,-0,-0,-0,-0,-0,-0,-0,-0,-0,-0,-0,-0,-0,-0,-0,-0,-0,-0,-0,-0,-0,-0,-0,-0,-0,-0
-0,-0,-0,-0,-0,-0,-0,-0,-0,-0,-0,-0,-0,-0,-0,-0,-0,-0,-0,-0,-0,-0,-0,-0,-0,-0,-0,-0,-0,-0,-0,-0
-0,-0,-0,-0,-0,-0,-0,-0,-0,-0,-0,-0,-0,-0,-0,-0,-0,-0,-0,-0,-0,-0,-0,-0,-0,-0,-0,-0,-0,-0,-0,-0
-0,-0,-0,-0,-0,-0,-0,-0,-0,-0,-0,-0,-0,-0,-0,-0,-0,-0,-0,-0,-0,-0,-0,-0,-0,-0,-0,-0,-0,-0,-0,-0
-0,-0,-0,-0,-0,-0,-0,-0,-0,-0,-0,-0,-0,-0,-0,-0,-0,-0,-0,-0,-0,-0,-0,-0,-0,-0,-0,-0,-0,-0,-0,-0
-0,-0,-0,-0,-0,-0,-0,-0,-0,-0,-0,-0,-0,-0,-0,-0,-0,-0,-0,-0,-0,-0,-0,-0,-0,-0,-0,-0,-0,-0,-0,-0
-0,-0,-0,-0,-0,-0,-0,-0,-0,-0,-0,-0,-0,-0,-0,-0,-0,-0,-0,-0,-0,-0,-0,-0,-0,-0,-0,-0,-0,-0,-0,-0
-0,-0,-0,-0,-0,-0,-0,-0,-0,-0,-0,-0,-0,-0,-0,-0,-0,-0,-0,-0,-0,-0,-0,-0,-0,-0,-0,-0,-0,-0,-0,-0
-0,-0,-0,-0,-0,-0,-0,-0,-0,-0,-0,-0,-0,-0,-0,-0,-0,-0,-0,-0,-0,-0,-0,-0,-0,-0,-0,-0,-0,-0,-0,-0
-0,-0,-0,-0,-0,-0,-0,-0,-0,-0,-0,-0,-0,-0,-0,-0,-0,-0,-0,-0,-0,-0,-0,-0,-0,-0,-0,-0,-0,-0,-0,-0
-0,-0,-0,-0,-0,-0,-0,-0,-0,-0,-0,-0,-0,-0,-0,-0,-0,-0,-0,-0,-0,-0,-0,-0,-0,-0,-0,-0,-0,-0,-0,-0
-0,0.053233634271384507,-0,0.096899851386935063,0.011929583342806487,0.25535971235668065,0.17275155667016459,-0,-0,0.048707122328777552,-0,0.096859276210809794,-0,0.26002536330469989,0.18129428919703272,-0,-0,0.064030577225842614,-0,0.092952391366560375,0.0084481328136540006,0.26344226013577576,0.16727290405633541,-0,-0,0.03701182798996696,-0,0.089721118801156297,0.012340479574525633,0.25290509821939305,0.16022295225606423,-0
-0,-0,-0,-0,-0,-0,-0,-0,-0,-0,-0,-0,-0,-0,-0,-0,-0,-0,-0,-0,-0,-0,-0,-0,-0,-0,-0,-0,-0,-0,-0,-0
-0,-0,-0,-0,-0,-0,-0,-0,-0,-0,-0,-0,-0,-0,-0,-0,-0,-0,-0,-0,-0,-0,-0,-0,-0,-0,-0,-0,-0,-0,-0,-0
-0,0.24375508035060572,0.29929021184822485,0.42820311727462884,0.47542796270390525,0.065177967357305661,0.10015449412664382,-0,-0,0.24141272573161882,0.29610603578025624,0.43108272589218016,0.4718646256748662,0.06222030198864785,0.099235879943926519,-0,-0,0.25197669059228545,0.30441279388694931,0.43627257627904276,0.48232586547541861,0.071001857902413992,0.10471159653355791,-0,-0,0.23919205638784879,0.29791752201127469,0.41965300790459487,0.4723025703377256,0.068145443948258361,0.1046807594860914,-0
-0,-0,-0,-0,-0,-0,-0,-0,-0,-0,-0,-0,-0,-0,-0,-0,-0,-0,-0,-0,-0,-0,-0,-0,-0,-0,-0,-0,-0,-0,-0,-0
0.039701869744998446,0.49873273126241052,0.18325152435387079,0.21458787255968778,0.41016743788099858,0.016872185396856941,-0,-0,0.03504369551210447,0.49817568217686176,0.1752462618896363,0.21494441839775527,0.39135610293280904,0.025696593581234793,-0,-0,0.037023040085147882,0.4881086054550437,0.17491442875484897,0.21495777906330674,0.40827371148406599,0.012923796974651987,-0,-0,0.035012036618563003,0.48967487826500022,0.18728217892355706,0.21571020391456178,0.41861988061426014,0.01231648991794107,-0,-0
-0,-0,-0,-0,-0,-0,-0,-0,-0,-0,-0,-0,-0,-0,-0,-0,-0,-0,-0,-0,-0,-0,-0,-0,-0,-0,-0,-0,-0,-0,-0,-0
0.38499193681800736,0.18867054859675889,-0,0.41993387856562209,0.56415209239351372,0.027146506061174736,-0,-0,0.37976720035498657,0.18494621120844618,-0,0.42943724055390287,0.54454641789882019,0.038106579759295267,-0,-0,0.39286702383770084,0.19136014189895142,-0,0.42493975478262391,0.56697981215464133,0.032066821110139337,-0,-0,0.37787009261268667,0.19742375585519512,-0,0.41681734681604393,0.56520882970670738,0.020887525004083234,-0,-0
0.025302337424628101,-0,-0,-0,-0,-0,-0,-0,0.025293020920661515,-0,-0,-0,-0,-0,-0,-0,0.022579070318342286,-0,-0,-0,-0,-0,-0,-0,0.032640189708567011,-0,0.001554239812759635,-0,-0,-0,-0,-0
-0,-0,-0,-0,-0,-0,-0,-0,-0,-0,-0,-0,-0,-0,-0,-0,-0,-0,-0,-0,-0,-0,-0,-0,-0,-0,-0,-0,-0,-0,-0,-0
-0,-0,-0,0.025356474985378217,0.1094843438271754,-0,0.15558900656111677,-0,-0,-0,-0,0.026277348555314446,0.10349877213483939,-0,0.16039494672074786,-0,-0,-0,-0,0.034637475002215014,0.11092508346564448,-0,0.16341347570048326,-0,-0,-0,-0,0.024547067203783232,0.10869695924445019,-0,0.14364066307512185,-0
-0,-0,-0,-0,-0,-0,-0,-0,-0,-0,-0,-0,-0,-0,-0,-0,-0,-0,-0,-0,-0,-0,-0,-0,-0,-0,-0,-0,-0,-0,-0,-0
-0,0.048246595485167687,-0,0.078646836443398219,0.55261198661924138,-0,0.42481637459334326,-0,-0,0.038997024123747809,-0,0.075414098097716556,0.54947891206469246,-0,0.4277504322187215,-0,-0,0.046922030835480251,-0,0.085733227518347513,0.54806756510957355,-0,0.42945263758086882,-0,-0,0.042194909286859705,-0,0.06789801446816876,0.55370283910404272,-0,0.43122069491797371,-0
-0,-0,-0,-0,-0,-0,-0,-0,-0,-0,-0,-0,-0,-0,-0,-0,-0,-0,-0,-0,-0,-0,-0,-0,-0,-0,-0,-0,-0,-0,-0,-0
0.02441451769900322,0.060241054317672377,-0,0.4903219999761948,0.35729378458162253,0.076602795359592551,0.41810126679312826,-0,0.01757951355116192,0.062485595337760297,-0,0.48777362144587638,0.35257069986331135,0.083794844718246941,0.41903798072143167,-0,0.012689725587214902,0.068849845423083325,-0,0.49627560287870642,0.36346382353179413,0.083242651891363137,0.41939874798295068,-0,0.035116405810479048,0.041074005539046436,-0,0.49124973150408213,0.36661751028152001,0.074194357388566889,0.40336781390144755,-0
-0,-0,-0,-0,-0,-0,-0,-0,-0,-0,-0,-0,-0,-0,-0,-0,-0,-0,-0,-0,-0,-0,-0,-0,-0,-0,-0,-0,-0,-0,-0,-0
-0,-0,-0,-0,-0,-0,-0,-0,-0,-0,-0,-0,-0,-0,-0,-0,-0,-0,-0,-0,-0,-0,-0,-0,-0,-0,-0,-0,-0,-0,-0,-0
-0,-0,-0,-0,-0,-0,-0,-0,-0,-0,-0,-0,-0,-0,-0,-0,-0,-0,-0,-0,-0,-0,-0,-0,-0,-0,-0,-0,-0,-0,-0,-0
-0,-0,-0,-0,-0,-0,-0,-0,-0,-0,-0,-0,-0,-0,-0,-0,-0,-0,-0,-0,-0,-0,-0,-0,-0,-0,-0,-0,-0,-0,-0,-0
-0,-0,-0,-0,-0,-0,-0,-0,-0,-0,-0,-0,-0,-0,-0,-0,-0,-0,-0,-0,-0,-0,-0,-0,-0,-0,-0,-0,-0,-0,-0,-0
-0,-0,-0,-0,-0,-0,-0,-0,-0,-0,-0,-0,-0,-0,-0,-0,-0,-0,-0,-0,-0,-0,-0,-0,-0,-0,-0,-0,-0,-0,-0,-0
-0,0.048070740426889094,-0,-0,-0,-0,-0,-0,-0,0.051693567228463633,-0,-0,-0,-0,-0,-0,-0,0.039493517911231624,-0,-0,-0,-0,-0,-0,-0,0.040277374123732286,-0,-0,-0,-0,-0,-0
-0,0.039674939344534858,0.26635102362171875,0.18891451816344923,0.013993868795796513,0.063868398992075581,0.17801446758168119,-0,-0,0.043867522018142972,0.26443650932404555,0.17997276604044454,0.010076554155323761,0.061425940751230507,0.18087051478275953,-0,-0,0.037236455382465693,0.26127459725935381,0.18765767709138978,0.016219131468227118,0.069294732168574971,0.18446875524835432,-0,-0,0.034966844404428599,0.26273737933715757,0.19091337462859048,0.012270278131928537,0.06376485287826604,0.17445058254149898,-0
-0,-0,-0,-0,-0,-0,-0,-0,-0,-0,-0,-0,-0,-0,-0,-0,-0,-0,-0,-0,-0,-0,-0,-0,-0,-0,-0,-0,-0,-0,-0,-0
-0,-0,-0,-0,-0,-0,-0,-0,-0,-0,-0,-0,-0,-0,-0,-0,-0,-0,-0,-0,-0,-0,-0,-0,-0,-0,-0,-0,-0,-0,-0,-0
0.059433285768316427,0.20325231085366416,-0,0.085608967142397713,0.22442737318376005,-0,-0,-0,0.052491530129040016,0.2042783828589583,-0,0.089746845311200002,0.21771705067237535,-0,-0,-0,0.062624768004910306,0.20127922646982666,-0,0.090549114707534586,0.22191519464793238,-0,-0,-0,0.050231435188442135,0.20887847360985168,-0,0.082962345723515282,0.22549628145748793,-0,-0,-0
-0,-0,-0,-0,-0,-0,-0,-0,-0,-0,-0,-0,-0,-0,-0,-0,-0,-0,-0,-0,-0,-0,-0,-0,-0,-0,-0,-0,-0,-0,-0,-0
-0,-0,-0,-0,-0,-0,-0,-0,-0,-0,-0,-0,-0,-0,-0,-0,-0,-0,-0,-0,-0,-0,-0,-0,-0,-0,-0,-0,-0,-0,-0,-0
-0,-0,-0,-0,-0,-0,-0,-0,-0,-0,-0,-0,-0,-0,-0,-0,-0,-0,-0,-0,-0,-0,-0,-0,-0,-0,-0,-0,-0,-0,-0,-0
-0,-0,-0,-0,-0,-0,-0,-0,-0,-0,-0,-0,-0,-0,-0,-0,-0,-0,-0,-0,-0,-0,-0,-0,-0,-0,-0,-0,-0,-0,-0,-0
-0,-0,-0,-0,0.11440647620246193,-0,0.0059720541327796329,-0,-0,-0,-0,-0,0.11330001007531641,-0,0.0024659189874253612,-0,-0,-0,-0,-0,0.10902167627330002,-0,0.0081947705530872311,-0,-0,-0,-0,-0,0.1246359148058627,-0,-0,-0
0.14079093919123811,0.25763087628254577,0.036342618349889798,0.22243746828751582,0.23816283287948292,-0,-0,0.039795915833788248,0.13474879472902357,0.2549841925048647,0.026054899055499382,0.22844380113955254,0.23118328684091974,-0,0.0016936390240361158,0.036770695930603413,0.13656766538236237,0.26161374795833803,0.029155746196718152,0.22942951789375224,0.23556261979446538,-0,-0,0.044329045898888413,0.13348012554044061,0.26819372544284559,0.036125301345495062,0.21620708456127771,0.23621211523179922,-0,-0,0.047017129571265075
-0,0.010212445506960918,0.0081397343359689359,-0,-0,-0,-0,-0,-0,0.012977516052553182,0.004367294758234502,-0,-0,-0,-0,-0,-0,0.0082671202365647411,0.00047931548047662812,-0,-0,-0,-0,-0,-0,0.015156204874591645,0.014260141115897398,-0,-0,-0,-0,-0
-0,-0,-0,-0,-0,-0,-0,-0,-0,-0,-0,-0,-0,-0,-0,-0,-0,-0,-0,-0,-0,-0,-0,-0,-0,-0,-0,-0,-0,-0,-0,-0
-0,-0,-0,-0,-0,-0,-0,-0,-0,-0,-0,-0,-0,-0,-0,-0,-0,-0,-0,-0,-0,-0,-0,-0,-0,-0,-0,-0,-0,-0,-0,-0
-0,-0,-0,-0,-0,-0,-0,-0,-0,-0,-0,-0,-0,-0,-0,-0,-0,-0,-0,-0,-0,-0,-0,-0,-0,-0,-0,-0,-0,-0,-0,-0
-0,-0,-0,-0,-0,-0,-0,-0,-0,-0,-0,-0,-0,-0,-0,-0,-0,-0,-0,-0,-0,-0,-0,-0,-0,-0,-0,-0,-0,-0,-0,-0
-0,-0,-0,0.10205661203023718,0.50090691456102032,-0,-0,-0,-0,-0,-0,0.10724863578059426,0.482391392033025,-0,-0,-0,-0,-0,-0,0.10029597223517092,0.49994353676057729,-0,-0,-0,-0,-0,-0,0.10259738868131275,0.48906044750353872,-0,-0,-0
-0,-0,0.081327327779118302,0.28324591371977603,0.036403281870517348,0.021076377714072139,0.073201760344540664,-0,-0,-0,0.08301995780551108,0.27883261024350897,0.032756813248337915,0.024563821345306498,0.074852893066387483,-0,-0,-0,0.079755839992977626,0.29272373599784246,0.039039160980972959,0.023902389403026612,0.076413874831425782,-0,-0,-0,0.083636642977018921,0.28815620075042792,0.040852979824281023,0.020171863910750341,0.064032895529506223,-0
-0,-0,-0,-0,-0,-0,-0,-0,-0,-0,-0,-0,-0,-0,-0,-0,-0,-0,-0,-0,-0,-0,-0,-0,-0,-0,-0,-0,-0,-0,-0,-0
-0,-0,-0,-0,-0,-0,-0,-0,-0,-0,-0,-0,-0,-0,-0,-0,-0,-0,-0,-0,-0,-0,-0,-0,-0,-0,-0,-0,-0,-0,-0,-0
-0,-0,-0,-0,-0,-0,-0,-0,-0,-0,-0,-0,-0,-0,-0,-0,-0,-0,-0,-0,-0,-0,-0,-0,-0,-0,-0,-0,-0,-0,-0,-0
-0,-0,-0,-0,0.0023154340616682195,-0,-0,-0,-0,-0,-0,-0,-0,-0,-0,-0,-0,-0,-0,-0,0.004761146712042098,-0,-0,-0,-0,-0,-0,-0,-0,-0,-0,-0
-0,-0,-0,-0,-0,-0,-0,-0,-0,-0,-0,-0,-0,-0,-0,-0,-0,-0,-0,-0,-0,-0,-0,-0,-0,-0,-0,-0,-0,-0,-0,-0
-0,-0,-0,-0,-0,-0,-0,-0,-0,-0,-0,-0,-0,-0,-0,-0,-0,-0,-0,-0,-0,-0,-0,-0,-0,-0,-0,-0,-0,-0,-0,-0
-0,-0,-0,-0,-0,-0,-0,-0,-0,-0,-0,-0,-0,-0,-0,-0,-0,-0,-0,-0,-0,-0,-0,-0,-0,-0,-0,-0,-0,-0,-0,-0
-0,-0,-0,-0,-0,-0,-0,-0,-0,-0,-0,-0,-0,-0,-0,-0,-0,-0,-0,-0,-0,-0,-0,-0,-0,-0,-0,-0,-0,-0,-0,-0
-0,-0,-0,-0,-0,-0,-0,-0,-0,-0,-0,-0,-0,-0,-0,-0,-0,-0,-0,-0,-0,-0,-0,-0,-0,-0,-0,-0,-0,-0,-0,-0
-0,-0,-0,-0,0.16925916928639911,-0,-0,-0,-0,-0,-0,-0,0.16435312252374495,-0,-0,-0,-0,-0,-0,-0,0.17141743212863514,-0,-0,-0,-0,-0,-0,-0,0.1705200415659828,-0,-0,-0
0.015186688826596116,0.35369562665068743,-0,-0,-0,-0,-0,0.020898328003932699,0.014321977862365056,0.35882484305151385,-0,-0,-0,-0,-0,0.025371730464701623,0.021856042211891927,0.35888420246481556,-0,-0,-0,-0,-0,0.017088443784393302,0.0076486287851681252,0.34670440330828034,-0,-0,-0,-0,0.0020456137473793411,0.015702764990191562
-0,-0,-0,-0,-0,0.055850209280542011,0.010224872009427783,-0,-0,-0,-0,-0,-0,0.055805742248298339,0.017176469208272739,-0,-0,-0,-0,-0,-0,0.062201262835265017,0.013259504661844052,-0,-0,-0,-0,-0,-0,0.058809988209363354,-0,-0
-0,-0,-0,-0,-0,-0,-0,-0,-0,-0,-0,-0,-0,-0,-0,-0,-0,-0,-0,-0,-0,-0,-0,-0,-0,-0,-0,-0,-0,-0,-0,-0
-0,-0,-0,-0,-0,-0,-0,-0,-0,-0,-0,-0,-0,-0,-0,-0,-0,-0,-0,-0,-0,-0,-0,-0,-0,-0,-0,-0,-0,-0,-0,-0
-0,-0,-0,-0,-0,-0,-0,-0,-0,-0,-0,-0,-0,-0,-0,-0,-0,-0,-0,-0,-0,-0,-0,-0,-0,-0,-0,-0,-0,-0,-0,-0
0.26892905662541522,0.080911384650360865,0.1479404633565084,0.21879376745179605,0.19480062527041114,0.13273467357627933,-0,-0,0.26379258069617745,0.087742088646323296,0.14468527440120449,0.22176112574301454,0.1878860478969562,0.13937382505916393,-0,-0,0.26250123040547024,0.075232146327153568,0.14245365499493795,0.22332463115997786,0.19120546747125894,0.13652661511620495,-0,-0,0.25899699978395946,0.076453303509774168,0.151371956179228,0.22399242393290722,0.19782721509300569,0.13641243766345043,-0,-0
-0,-0,-0,-0,-0,-0,-0,-0,-0,-0,-0,-0,-0,-0,-0,-0,-0,-0,-0,-0,-0,-0,-0,-0,-0,-0,-0,-0,-0,-0,-0,-0
0.15220496677669565,-0,-0,0.13807819015188905,0.34912540359641586,-0,-0,-0,0.14275721124897309,-0,-0,0.14226772428952053,0.35583462385398079,-0,-0,-0,0.15063927590402795,-0,-0,0.14437408643812782,0.35477586851463966,-0,-0,-0,0.15004402175899823,-0,-0,0.12767690355803454,0.35615158563173532,-0,-0,-0
-0,-0,-0,-0,-0,-0,-0,-0,-0,-0,-0,-0,-0,-0,-0,-0,-0,-0,-0,-0,-0,-0,-0,-0,-0,-0,-0,-0,-0,-0,-0,-0
-0,-0,-0,0.26301241414450188,0.15579178903857469,0.04958134969460623,-0,0.12279355689537945,-0,-0,-0,0.27131079394302038,0.15047968541014614,0.053443937386856981,-0,0.1220264902971939,-0,-0,-0,0.26650665120871186,0.16319425218944725,0.049745868025204303,-0,0.12648572165038399,-0,-0,-0,0.25762051736078656,0.15228860330645475,0.05305498700202177,-0,0.12122725811519366
-0,-0,-0,-0,-0,-0,-0,-0,-0,-0,-0,-0,-0,-0,-0,-0,-0,-0,-0,-0,-0,-0,-0,-0,-0,-0,-0,-0,-0,-0,-0,-0
-0,-0,-0,-0,-0,-0,0.019251125716583366,-0,-0,-0,-0,-0,-0,-0,0.020583523897451845,-0,-0,-0,-0,-0,-0,-0,0.01576799992239265,-0,-0,-0,-0,-0,-0,-0,0.008782633242110191,-0
-0,-0,-0,-0,-0,-0,-0,-0,-0,-0,-0,-0,-0,-0,-0,-0,-0,-0,-0,-0,-0,-0,-0,-0,-0,-0,-0,-0,-0,-0,-0,-0
-0,-0,-0,-0,-0,-0,-0,-0,-0,-0,-0,-0,-0,-0,-0,-0,-0,-0,-0,-0,-0,-0,-0,-0,-0,-0,-0,-0,-0,-0,-0,-0
-0,-0,-0,-0,-0,-0,-0,-0,-0,-0,-0,-0,-0,-0,-0,-0,-0,-0,-0,-0,-0,-0,-0,-0,-0,-0,-0,-0,-0,-0,-0,-0
-0,-0,-0,-0,-0,-0,-0,-0,-0,-0,-0,-0,-0,-0,-0,-0,-0,-0,-0,-0,-0,-0,-0,-0,-0,-0,-0,-0,-0,-0,-0,-0
-0,-0,-0,-0,-0,-0,-0,-0,-0,-0,-0,-0,-0,-0,-0,-0,-0,-0,-0,-0,-0,-0,-0,-0,-0,-0,-0,-0,-0,-0,-0,-0
-0,-0,-0,-0,-0,-0,-0,-0,-0,-0,-0,-0,-0,-0,-0,-0,-0,-0,-0,-0,-0,-0,-0,-0,-0,-0,-0,-0,-0,-0,-0,-0
-0,-0,-0,-0,-0,-0,-0,-0,-0,-0,-0,-0,-0,-0,-0,-0,-0,-0,-0,-0,-0,-0,-0,-0,-0,-0,-0,-0,-0,-0,-0,-0
-0,-0,-0,-0,-0,-0,-0,-0,-0,-0,-0,-0,-0,-0,-0,-0,-0,-0,-0,-0,-0,-0,-0,-0,-0,-0,-0,-0,-0,-0,-0,-0
-0,-0,-0,-0,-0,0.098902041415608696,-0,-0,-0,-0,-0,-0,-0,0.094772966777334836,-0,-0,-0,-0,-0,-0,-0,0.096594495995664165,-0,-0,-0,-0,-0,-0,-0,0.10291847529309429,-0,-0
-0,-0,-0,-0,-0,-0,-0,-0,-0,-0,-0,-0,-0,-0,-0,-0,-0,-0,-0,-0,-0,-0,-0,-0,-0,-0,-0,-0,-0,-0,-0,-0
-0,-0,-0,-0,-0,-0,-0,-0,-0,-0,-0,-0,-0,-0,-0,-0,-0,-0,-0,-0,-0,-0,-0,-0,-0,-0,-0,-0,-0,-0,-0,-0
0.14090386851277703,-0,-0,0.10158109198049502,0.22019839069947886,-0,-0,-0,0.14101631412095347,-0,-0,0.10686165180061306,0.20357930370507779,-0,-0,-0,0.13654173820264207,-0,-0,0.11163806871103606,0.2183565065612211,-0,-0,-0,0.13497544732768765,-0,-0,0.10019229005427201,0.21810796528531831,-0,-0,-0
-0,-0,-0,-0,-0,-0,-0,-0,-0,-0,-0,-0,-0,-0,-0,-0,-0,-0,-0,-0,-0,-0,-0,-0,-0,-0,-0,-0,-0,-0,-0,-0
-0,-0,-0,-0,-0,-0,-0,-0,-0,-0,-0,-0,-0,-0,-0,-0,-0,-0,-0,-0,-0,-0,-0,-0,-0,-0,-0,-0,-0,-0,-0,-0
-0,-0,-0,-0,-0,-0,-0,-0,-0,-0,-0,-0,-0,-0,-0,-0,-0,-0,-0,-0,-0,-0,-0,-0,-0,-0,-0,-0,-0,-0,-0,-0
-0,-0,-0,-0,-0,-0,-0,-0,-0,-0,-0,-0,-0,-0,-0,-0,-0,-0,-0,-0,-0,-0,-0,-0,-0,-0,-0,-0,-0,-0,-0,-0
-0,-0,-0,-0,-0,-0,-0,-0,-0,-0,-0,-0,-0,-0,-0,-0,-0,-0,-0,-0,-0,-0,-0,-0,-0,-0,-0,-0,-0,-0,-0,-0
0.0091382152629102369,-0,-0,-0,0.0042555526679572105,-0,-0,-0,0.016227067673387857,-0,-0,-0,0.0049628484109305688,-0,-0,-0,0.02391565692113095,-0,-0,-0,0.0064337987014805769,-0,-0,-0,0.0080080302230856916,-0,-0,-0,0.010155476251733044,-0,-0,-0
-0,-0,-0,-0,-0,-0,-0,-0,-0,-0,-0,-0,-0,-0,-0,-0,-0,-0,-0,-0,-0,-0,-0,-0,-0,-0,-0,-0,-0,-0,-0,-0
-0,-0,-0,-0,-0,-0,-0,-0,-0,-0,-0,-0,-0,-0,-0,-0,-0,-0,-0,-0,-0,-0,-0,-0,-0,-0,-0,-0,-0,-0,-0,-0
-0,-0,-0,0.020972298591873474,0.17630687951167259,-0,0.26326993035047058,-0,-0,-0,-0,0.018739543915043011,0.16430356423137493,-0,0.26911172885291196,-0,-0,-0,-0,0.027152870733758629,0.1677038155044295,-0,0.26682346809364682,-0,-0,-0,-0,0.022931824188408802,0.17122534508238421,-0,0.26775798073663098,-0
-0,-0,-0,-0,-0,-0,-0,-0,-0,-0,-0,-0,-0,-0,-0,-0,-0,-0,-0,-0,-0,-0,-0,-0,-0,-0,-0,-0,-0,-0,-0,-0
-0,-0,-0,-0,-0,-0,-0,-0,-0,-0,-0,-0,-0,-0,-0,-0,-0,-0,-0,-0,-0,-0,-0,-0,-0,-0,-0,-0,-0,-0,-0,-0
-0,-0,-0,-0,-0,-0,-0,-0,-0,-0,-0,-0,-0,-0,-0,-0,-0,-0,-0,-0,-0,-0,-0,-0,-0,-0,-0,-0,-0,-0,-0,-0
-0,-0,-0,-0,-0,-0,-0,-0,-0,-0,-0,-0,-0,-0,-0,-0,-0,-0,-0,-0,-0,-0,-0,-0,-0,-0,-0,-0,-0,-0,-0,-0
-0,-0,-0,-0,-0,-0,-0,-0,-0,-0,-0,-0,-0,-0,-0,-0,-0,-0,-0,-0,-0,-0,-0,-0,-0,-0,-0,-0,-0,-0,-0,-0
-0,-0,-0,-0,-0,-0,-0,-0,-0,-0,-0,-0,-0,-0,-0,-0,-0,-0,-0,-0,-0,-0,-0,-0,-0,-0,-0,-0,-0,-0,-0,-0
-0,-0,-0,-0,-0,-0,-0,-0,-0,-0,-0,-0,-0,-0,-0,-0,-0,-0,-0,-0,-0,-0,-0,-0,-0,-0,-0,-0,-0,-0,-0,-0
-0,-0,-0,-0,-0,-0,-0,-0,-0,-0,-0,-0,-0,-0,-0,-0,-0,-0,-0,-0,-0,-0,-0,-0,-0,-0,-0,-0,-0,-0,-0,-0
-0,0.26078644784389915,-0,-0,-0,-0,-0,-0,-0,0.26678472880952814,-0,-0,-0,-0,-0,-0,-0,0.26843350352319784,-0,-0,-0,-0,-0,-0,-0,0.24429559378952481,-0,-0,-0,-0,-0,-0
-0,-0,-0,-0,-0,-0,-0,-0,-0,-0,-0,-0,-0,-0,-0,-0,-0,-0,-0,-0,-0,-0,-0,-0,-0,-0,-0,-0,-0,-0,-0,-0
0.13363385395955299,-0,-0,0.10075090789412626,0.17846847566496646,-0,-0,-0,0.13046960933402044,-0,-0,0.10724944091279769,0.17373665472009953,-0,-0,-0,0.14244363847915487,-0,-0,0.1133813714365117,0.17691815994337948,-0,-0,-0,0.11993420195803439,-0,-0,0.091467850522800459,0.1766548972258947,-0,-0,-0
-0,-0,-0,-0,-0,-0,-0,-0,-0,-0,-0,-0,-0,-0,-0,-0,-0,-0,-0,-0,-0,-0,-0,-0,-0,-0,-0,-0,-0,-0,-0,-0
-0,0.12846166685332472,-0,0.09830332301609436,0.17383971677771359,-0,-0,0.085999698031467217,-0,0.11735673595890847,-0,0.10801637766153313,0.16651609742924128,-0,-0,0.074517874262625794,-0,0.14000762992885779,-0,0.10684838430606063,0.1674720105697754,-0,-0,0.097396920138165921,-0,0.15708536734925652,-0,0.081949534300709059,0.16440515271280115,-0,-0,0.10601421410311659
-0,-0,-0,-0,-0,-0,-0,-0,-0,-0,-0,-0,-0,-0,-0,-0,-0,-0,-0,-0,-0,-0,-0,-0,-0,-0,-0,-0,-0,-0,-0,-0
-0,-0,-0,-0,-0,-0,-0,-0,-0,-0,-0,-0,-0,-0,-0,-0,-0,-0,-0,-0,-0,-0,-0,-0,-0,-0,-0,-0,-0,-0,-0,-0
-0,-0,-0,-0,-0,-0,-0,-0,-0,-0,-0,-0,-0,-0,-0,-0,-0,-0,-0,-0,-0,-0,-0,-0,-0,-0,-0,-0,-0,-0,-0,-0
-0,-0,-0,-0,-0,-0,-0,-0,-0,-0,-0,-0,-0,-0,-0,-0,-0,-0,-0,-0,-0,-0,-0,-0,-0,-0,-0,-0,-0,-0,-0,-0
-0,-0,-0,-0,-0,-0,-0,-0,-0,-0,-0,-0,-0,-0,-0,-0,-0,-0,-0,-0,-0,-0,-0,-0,-0,-0,-0,-0,-0,-0,-0,-0
-0,-0,-0,-0,-0,-0,-0,-0,-0,-0,-0,-0,-0,-0,-0,-0,-0,-0,-0,-0,-0,-0,-0,-0,-0,-0,-0,-0,-0,-0,-0,-0
-0,-0,-0,-0,-0,-0,-0,-0,-0,-0,-0,-0,-0,-0,-0,-0,-0,-0,-0,-0,-0,-0,-0,-0,-0,-0,-0,-0,-0,-0,-0,-0
-0,-0,-0,-0,-0,-0,-0,-0,-0,-0,-0,-0,-0,-0,-0,-0,-0,-0,-0,-0,-0,-0,-0,-0,-0,-0,-0,-0,-0,-0,-0,-0
-0,-0,-0,-0,-0,-0,0.049622620139262351,-0,-0,-0,-0,-0,-0,-0,0.050628150244076416,-0,-0,-0,-0,-0,-0,-0,0.054746615781071227,-0,-0,-0,-0,-0,-0,-0,0.049977646074797967,-0
-0,-0,-0,-0,-0,-0,-0,-0,-0,-0,-0,-0,-0,-0,-0,-0,-0,-0,-0,-0,-0,-0,-0,-0,-0,-0,-0,-0,-0,-0,-0,-0
-0,0.12912135870921354,0.098119617708431764,0.11713164877160082,-0,0.093056869926695471,-0,-0,-0,0.13509566901636808,0.083038694459036139,0.12192664274549291,-0,0.084338617405406893,-0,-0,-0,0.13828045830519883,0.096171226081305419,0.13633755111518109,-0,0.097662400607139183,-0,-0,-0,0.13302063559564703,0.099576606690481906,0.1110452238265523,-0,0.0973735448827244,-0,-0
-0,-0,-0,-0,-0,-0,-0,-0,-0,-0,-0,-0,-0,-0,-0,-0,-0,-0,-0,-0,-0,-0,-0,-0,-0,-0,-0,-0,-0,-0,-0,-0
-0,0.22730519219828813,-0,-0,0.13945386171245477,-0,0.26564831602236849,0.069482230480161833,-0,0.2303924850645267,-0,-0,0.13940478116448127,-0,0.26955451238524308,0.065074489308436956,-0,0.23100101027991457,-0,0.007781544200325648,0.13586302478539172,-0,0.26920374026995375,0.075464855599450972,-0,0.21749758114708298,-0,-0,0.13723619748732013,-0,0.2653350084623245,0.078831951500372754
-0,-0,-0,-0,-0,-0,-0,-0,-0,-0,-0,-0,-0,-0,-0,-0,-0,-0,-0,-0,-0,-0,-0,-0,-0,-0,-0,-0,-0,-0,-0,-0
-0,-0,-0,-0,-0,-0,-0,-0,-0,-0,-0,-0,-0,-0,-0,-0,-0,-0,-0,-0,-0,-0,-0,-0,-0,-0,-0,-0,-0,-0,-0,-0
-0,0.44206493495012084,0.14090766149207498,0.065534787004909403,0.54332406281621104,-0,0.60900098084672361,-0,-0,0.42081322121878895,0.1528334835823989,0.061887574696544594,0.52162401156977944,-0,0.6131526371246635,-0,-0,0.43642618485469181,0.13913284443256485,0.068052839118447561,0.53911685406865728,-0,0.60716523179452597,-0,-0,0.43433819361464709,0.12423038370578771,0.048198582662637678,0.54971361742309133,-0,0.6054063663360828,-0
-0,-0,-0,-0,-0,-0,-0,-0,-0,-0,-0,-0,-0,-0,-0,-0,-0,-0,-0,-0,-0,-0,-0,-0,-0,-0,-0,-0,-0,-0,-0,-0
-0,0.37931376235128389,-0,-0,-0,-0,-0,-0,-0,0.38603422598326081,-0,-0,-0,-0,-0,-0,-0,0.37996647468057876,-0,-0,-0,-0,-0,-0,-0,0.3818807920216421,-0,-0,-0,-0,-0,-0
-0,-0,-0,-0,-0,-0,-0,-0,-0,-0,-0,-0,-0,-0,-0,-0,-0,-0,-0,-0,-0,-0,-0,-0,-0,-0,-0,-0,-0,-0,-0,-0
-0,-0,-0,-0,-0,-0,-0,-0,-0,-0,-0,-0,-0,-0,-0,-0,-0,-0,-0,-0,-0,-0,-0,-0,-0,-0,-0,-0,-0,-0,-0,-0
-0,-0,-0,-0,-0,-0,-0,-0,-0,-0,-0,-0,-0,-0,-0,-0,-0,-0,-0,-0,-0,-0,-0,-0,-0,-0,-0,-0,-0,-0,-0,-0
-0,-0,-0,-0,-0,-0,-0,-0,-0,-0,-0,-0,-0,-0,-0,-0,-0,-0,-0,-0,-0,-0,-0,-0,-0,-0,-0,-0,-0,-0,-0,-0
-0,-0,-0,-0,-0,-0,-0,-0,-0,-0,-0,-0,-0,-0,-0,-0,-0,-0,-0,-0,-0,-0,-0,-0,-0,-0,-0,-0,-0,-0,-0,-0
-0,-0,-0,0.14840140368999077,-0,-0,0.1061749041374086,0.21319987499465917,-0,-0,-0,0.15248279532132281,-0,-0,0.11049210146236596,0.20509715425035877,-0,-0,-0,0.15074794823079388,-0,-0,0.10293540383150217,0.22189106577713646,-0,-0,-0,0.14134312174377558,-0,-0,0.094801623753630507,0.224738919441129
-0,-0,-0,-0,-0,-0,-0,-0,-0,-0,-0,-0,-0,-0,-0,-0,-0,-0,-0,-0,-0,-0,-0,-0,-0,-0,-0,-0,-0,-0,-0,-0
-0,-0,-0,-0,-0,-0,-0,-0,-0,-0,-0,-0,-0,-0,-0,-0,-0,-0,-0,-0,-0,-0,-0,-0,-0,-0,-0,-0,-0,-0,-0,-0
-0,-0,-0,-0,-0,-0,-0,-0,-0,-0,-0,-0,-0,-0,-0,-0,-0,-0,-0,-0,-0,-0,-0,-0,-0,-0,-0,-0,-0,-0,-0,-0
-0,-0,-0,-0,-0,-0,-0,-0,-0,-0,-0,-0,-0,-0,-0,-0,-0,-0,-0,-0,-0,-0,-0,-0,-0,-0,-0,-0,-0,-0,-0,-0
-0,-0,-0,-0,-0,-0,-0,-0,-0,-0,-0,-0,-0,-0,-0,-0,-0,-0,-0,-0,-0,-0,-0,-0,-0,-0,-0,-0,-0,-0,-0,-0
-0,-0,-0,-0,-0,-0,-0,-0,-0,-0,-0,-0,-0,-0,-0,-0,-0,-0,-0,-0,-0,-0,-0,-0,-0,-0,-0,-0,-0,-0,-0,-0
-0,-0,-0,-0,-0,-0,-0,-0,-0,-0,-0,-0,-0,-0,-0,-0,-0,-0,-0,-0,-0,-0,-0,-0,-0,-0,-0,-0,-0,-0,-0,-0
0.4380958375080572,-0,0.2207725205017714,0.20794381949386068,0.3426199741066589,0.309572643830762,-0,0.33556803007861963,0.43405744581509836,-0,0.22713205828550798,0.20625923806403215,0.34622736622755196,0.31681381038847367,-0,0.33359131804897207,0.459104436171962,-0,0.21494599456470823,0.21599286171412621,0.34172797351911843,0.30733305218890533,-0,0.34152507439347524,0.44075774288390174,-0,0.22310667165797693,0.21155169522786699,0.34414820270620944,0.30899625324856872,-0,0.32832778358417281
-0,-0,-0,-0,-0,-0,-0,-0,-0,-0,-0,-0,-0,-0,-0,-0,-0,-0,-0,-0,-0,-0,-0,-0,-0,-0,-0,-0,-0,-0,-0,-0
-0,-0,-0,-0,-0,-0,-0,-0,-0,-0,-0,-0,-0,-0,-0,-0,-0,-0,-0,-0,-0,-0,-0,-0,-0,-0,-0,-0,-0,-0,-0,-0
-0,0.3213093288585282,-0,-0,-0,-0,-0,-0,-0,0.33319017805778911,-0,-0,-0,-0,-0,-0,-0,0.32721158744832762,-0,-0,-0,-0,-0,-0,-0,0.3095260488594988,-0,-0,-0,-0,-0,-0
-0,-0,-0,-0,-0,-0,-0,-0,-0,-0,-0,-0,-0,-0,-0,-0,-0,-0,-0,-0,-0,-0,-0,-0,-0,-0,-0,-0,-0,-0,-0,-0
-0,-0,-0,-0,-0,-0,-0,-0,-0,-0,-0,-0,-0,-0,-0,-0,-0,-0,-0,-0,-0,-0,-0,-0,-0,-0,-0,-0,-0,-0,-0,-0
0.39007067469069973,-0,0.0077308805143048078,0.27248950672117184,0.57945742955745316,0.14126733998198016,-0,0.040806076517308651,0.37131771939134928,-0,0.011573718047278853,0.2789785270988942,0.58833601205428454,0.14778525132594827,-0,0.050609660741722962,0.39695002808162022,-0,0.0027337383998485725,0.27574662857274013,0.58919717999818577,0.14024397672566713,-0,0.039208231877678267,0.39313514603482902,0.0005921014868170302,0.0037692062094820599,0.26545621217224369,0.59178635550008418,0.14224177645924108,-0,0.025837803909354237
-0,-0,-0,-0,-0,-0,-0,-0,-0,-0,-0,-0,-0,-0,-0,-0,-0,-0,-0,-0,-0,-0,-0,-0,-0,-0,-0,-0,-0,-0,-0,-0
0.15645637499863341,0.25652098819734165,0.39891455213147115,0.22973680048488296,0.44257531780433595,0.12637995076622169,0.10014294434602328,-0,0.14367300661068413,0.2548168015064935,0.39419997371577642,0.22830409702783325,0.44211313661093132,0.12688154443615215,0.10608760373281695,-0,0.15479558201810598,0.25446031649166345,0.38495148896490328,0.22808151524548451,0.4278396065859898,0.13224972319707828,0.098473004384465199,-0,0.15318851293531305,0.25674324882583255,0.40371044093968611,0.22441648550182819,0.44016792145119737,0.1202894103150101,0.091649475076577822,-0
-0,-0,-0,-0,-0,-0,-0,-0,-0,-0,-0,-0,-0,-0,-0,-0,-0,-0,-0,-0,-0,-0,-0,-0,-0,-0,-0,-0,-0,-0,-0,-0
-0,-0,-0,-0,-0,-0,-0,-0,-0,-0,-0,-0,-0,-0,-0,-0,-0,-0,-0,-0,-0,-0,-0,-0,-0,-0,-0,-0,-0,-0,-0,-0
-0,-0,-0,-0,-0,-0,-0,-0,-0,-0,-0,-0,-0,-0,-0,-0,-0,-0,-0,-0,-0,-0,-0,-0,-0,-0,-0,-0,-0,-0,-0,-0
0.50691855494702009,0.49125093364579236,0.5858786329495167,0.56091047853149867,0.78073783800738361,0.19908710256449985,0.31053058074628992,-0,0.51102309308815441,0.48290006806730512,0.58360866238731168,0.55745197333887408,0.76666137329046302,0.2036931318906306,0.31358168491928812,-0,0.49008350558934871,0.48908698723819616,0.58177140230001001,0.55581508526672108,0.78051217341759238,0.2045217994987116,0.31148584483271885,-0,0.50673437831149226,0.48799411333748199,0.57565326327630129,0.56295852476684038,0.77558294423231089,0.19758704898704721,0.30910925786983662,-0
-0,0.056902745401657517,-0,0.33852378553575663,0.25818150062992062,-0,0.079291833930976913,0.21236590379452491,-0,0.052676190609166389,-0,0.34583784032976855,0.24726977958721175,-0,0.087683882202787986,0.2101398769234806,-0,0.067052396768749051,-0,0.34217588801856363,0.2565899753064812,-0,0.070439788019732219,0.21659374228181508,-0,0.065811907369791062,-0,0.33237315422340336,0.25160777439429749,-0,0.062871265017920841,0.22009795006773977
-0,-0,-0,-0,-0,-0,-0,-0,-0,-0,-0,-0,-0,-0,-0,-0,-0,-0,-0,-0,-0,-0,-0,-0,-0,-0,-0,-0,-0,-0,-0,-0
-0,-0,-0,-0,-0,-0,-0,-0,-0,-0,-0,-0,-0,-0,-0,-0,-0,-0,-0,-0,-0,-0,-0,-0,-0,-0,-0,-0,-0,-0,-0,-0
-0,-0,-0,-0,-0,-0,-0,-0,-0,-0,-0,-0,-0,-0,-0,-0,-0,-0,-0,-0,-0,-0,-0,-0,-0,-0,-0,-0,-0,-0,-0,-0
-0,-0,-0,-0,-0,-0,-0,-0,-0,-0,-0,-0,-0,-0,-0,-0,-0,-0,-0,-0,-0,-0,-0,-0,-0,-0,-0,-0,-0,-0,-0,-0
-0,-0,-0,-0,-0,-0,-0,-0,-0,-0,-0,-0,-0,-0,-0,-0,-0,-0,-0,-0,-0,-0,-0,-0,-0,-0,-0,-0,-0,-0,-0,-0
-0,-0,-0,-0,-0,-0,-0,-0,-0,-0,-0,-0,-0,-0,-0,-0,-0,-0,-0,-0,-0,-0,-0,-0,-0,-0,-0,-0,-0,-0,-0,-0
0.66340885790963566,0.59465968383678613,0.14722722907847527,0.21225364211922715,0.46602305488893614,0.44011971606053146,0.1550885077152829,0.062599680633512983,0.6519286528746342,0.59744366218925893,0.14935120187604764,0.21127889384539189,0.47115805033179708,0.43965672839397185,0.1537947280900393,0.061069592810808142,0.66521285467105307,0.59204348198868884,0.1372365729771185,0.20685753816575064,0.46968625307537831,0.4234180438957747,0.15151265314301221,0.062651959480927971,0.66115413021042824,0.59164892894844245,0.15448586064582404,0.20877777639818934,0.47009130100271701,0.4343488783818143,0.15677713366011939,0.057068467927706014
-0,-0,-0,-0,-0,-0,-0,-0,-0,-0,-0,-0,-0,-0,-0,-0,-0,-0,-0,-0,-0,-0,-0,-0,-0,-0,-0,-0,-0,-0,-0,-0
-0,-0,-0,-0,-0,-0,-0,-0,-0,-0,-0,-0,-0,-0,-0,-0,-0,-0,-0,-0,-0,-0,-0,-0,-0,-0,-0,-0,-0,-0,-0,-0
0.016606171659520153,-0,0.34107194261151691,0.44137328638198603,0.43878879663484788,-0,-0,-0,0.016550500096457664,-0,0.33560325556913501,0.44484219102704115,0.42990428629346339,-0,-0,-0,0.014931848443892136,-0,0.33860393329006611,0.44494942479226501,0.44336393267706931,-0,-0,-0,0.017226460309799276,-0,0.34063235359286087,0.44894024921152487,0.43850692868027108,-0,-0,-0
-0,-0,-0,-0,-0,-0,-0,-0,-0,-0,-0,-0,-0,-0,-0,-0,-0,-0,-0,-0,-0,-0,-0,-0,-0,-0,-0,-0,-0,-0,-0,-0
-0,-0,-0,-0,-0,-0,-0,-0,-0,-0,-0,-0,-0,-0,-0,-0,-0,-0,-0,-0,-0,-0,-0,-0,-0,-0,-0,-0,-0,-0,-0,-0
-0,-0,-0,-0,-0,-0,-0,-0,-0,-0,-0,-0,-0,-0,-0,-0,-0,-0,-0,-0,-0,-0,-0,-0,-0,-0,-0,-0,-0,-0,-0,-0
-0,-0,-0,0.13499646784384617,-0,-0,-0,-0,-0,-0,-0,0.13748929201635893,-0,-0,-0,-0,-0,-0,-0,0.14906269579870995,-0,-0,-0,-0,-0,-0,-0,0.13807560081045311,-0,-0,-0,-0
-0,-0,-0,-0,-0,-0,-0,-0,-0,-0,-0,-0,-0,-0,-0,-0,-0,-0,-0,-0,-0,-0,-0,-0,-0,-0,-0,-0,-0,-0,-0,-0
-0,-0,0.2192281534949162,0.0076946874834932857,-0,-0,-0,-0,-0,-0,0.22267948355879172,0.0093050407915836811,-0,-0,-0,-0,-0,-0,0.2181593426119656,0.016609632231760797,-0,-0,-0,-0,-0,-0,0.21927551986866528,0.0024500765965928054,-0,-0,-0,-0
-0,-0,-0,-0,-0,-0,-0,-0,-0,-0,-0,-0,-0,-0,-0,-0,-0,-0,-0,-0,-0,-0,-0,-0,-0,-0,-0,-0,-0,-0,-0,-0
-0,-0,-0,-0,0.060104851271881331,-0,0.041138000374994238,-0,-0,-0,-0,-0,0.050108916030681433,-0,0.044707250381334274,-0,-0,-0,-0,-0,0.048619970850324878,-0,0.038560353590020614,-0,-0,-0,-0,-0,0.059075579457700943,-0,0.032569068588927254,-0
-0,-0,-0,-0,-0,-0,-0,-0,-0,-0,-0,-0,-0,-0,-0,-0,-0,-0,-0,-0,-0,-0,-0,-0,-0,-0,-0,-0,-0,-0,-0,-0
-0,-0,-0,-0,-0,-0,-0,-0,-0,-0,-0,-0,-0,-0,-0,-0,-0,-0,-0,-0,-0,-0,-0,-0,-0,-0,-0,-0,-0,-0,-0,-0
-0,-0,-0,-0,-0,-0,-0,-0,-0,-0,-0,-0,-0,-0,-0,-0,-0,-0,-0,-0,-0,-0,-0,-0,-0,-0,-0,-0,-0,-0,-0,-0
-0,-0,-0,-0,0.18704909755023127,-0,-0,-0,-0,-0,-0,-0,0.18752004738402916,-0,-0,-0,-0,-0,-0,-0,0.18645699506662494,-0,-0,-0,-0,-0,-0,-0,0.18860488013515705,-0,-0,-0
-0,-0,-0,-0,0.050645597646348142,-0,-0,-0,-0,-0,-0,-0,0.051271607084160231,-0,-0,-0,-0,-0,-0,-0,0.053491469710263542,-0,-0,-0,-0,-0,-0,-0,0.062356212224921638,-0,-0,-0
-0,-0,-0,-0,-0,-0,-0,-0,-0,-0,-0,-0,-0,-0,-0,-0,-0,-0,-0,-0,-0,-0,-0,-0,-0,-0,-0,-0,-0,-0,-0,-0
-0,-0,-0,-0,-0,-0,-0,-0,-0,-0,-0,-0,-0,-0,-0,-0,-0,-0,-0,-0,-0,-0,-0,-0,-0,-0,-0,-0,-0,-0,-0,-0
-0,-0,-0,-0,-0,-0,-0,-0,-0,-0,-0,-0,-0,-0,-0,-0,-0,-0,-0,-0,-0,-0,-0,-0,-0,-0,-0,-0,-0,-0,-0,-0
-0,-0,-0,-0,-0,-0,-0,-0,-0,-0,-0,-0,-0,-0,-0,-0,-0,-0,-0,-0,-0,-0,-0,-0,-0,-0,-0,-0,-0,-0,-0,-0
-0,-0,-0,-0,-0,-0,-0,-0,-0,-0,-0,-0,-0,-0,-0,-0,-0,-0,-0,-0,-0,-0,-0,-0,-0,-0,-0,-0,-0,-0,-0,-0
-0,-0,-0,-0,-0,-0,-0,-0,-0,-0,-0,-0,-0,-0,-0,-0,-0,-0,-0,-0,-0,-0,-0,-0,-0,-0,-0,-0,-0,-0,-0,-0
-0,-0,-0,-0,-0,-0,-0,-0,-0,-0,-0,-0,-0,-0,-0,-0,-0,-0,-0,-0,-0,-0,-0,-0,-0,-0,-0,-0,-0,-0,-0,-0
-0,-0,-0,-0,-0,-0,-0,-0,-0,-0,-0,-0,-0,-0,-0,-0,-0,-0,-0,-0,-0,-0,-0,-0,-0,-0,-0,-0,-0,-0,-0,-0
-0,-0,-0,-0,-0,0.022580161160616181,-0,-0,-0,-0,-0,-0,-0,0.01989357846780684,-0,-0,-0,-0,-0,-0,-0,0.026137525425250992,-0,-0,-0,-0,-0,-0,-0,0.022173279838319564,-0,-0
-0,-0,-0,-0,-0,-0,-0,-0,-0,-0,-0,-0,-0,-0,-0,-0,-0,-0,-0,-0,-0,-0,-0,-0,-0,-0,-0,-0,-0,-0,-0,-0
-0,-0,-0,-0,-0,-0,-0,-0,-0,-0,-0,-0,-0,-0,-0,-0,-0,-0,-0,-0,-0,-0,-0,-0,-0,-0,-0,-0,-0,-0,-0,-0
-0,-0,-0,-0,-0,-0,-0,-0,-0,-0,-0,-0,-0,-0,-0,-0,-0,-0,-0,-0,-0,-0,-0,-0,-0,-0,-0,-0,-0,-0,-0,-0
-0,-0,-0,-0,0.013813005369618589,-0,0.070572641972286951,-0,-0,-0,-0,-0,0.014079921129415019,-0,0.071502134756185984,-0,-0,-0,-0,-0,0.0047823296015382993,-0,0.073901343495319849,-0,-0,-0,-0,-0,0.016095189868408698,-0,0.07311315908956928,-0
-0,-0,-0,-0,-0,-0,-0,-0,-0,-0,-0,-0,-0,-0,-0,-0,-0,-0,-0,-0,-0,-0,-0,-0,-0,-0,-0,-0,-0,-0,-0,-0
-0,0.046509124346229037,-0,0.11620235815543105,0.0099719182525294138,-0,0.31921901985641488,-0,-0,0.04941689005173109,-0,0.10873813258913928,0.006825652640481115,-0,0.32278369691613013,-0,-0,0.051888982828917816,-0,0.12034496193343922,0.009897358122387255,-0,0.32078182981530778,-0,-0,0.032264719759240217,-0,0.11680432540011838,0.0092441631899382818,-0,0.31585155106796931,-0
-0,-0,-0,-0,-0,-0,-0,-0,-0,-0,-0,-0,-0,-0,-0,-0,-0,-0,-0,-0,-0,-0,-0,-0,-0,-0,-0,-0,-0,-0,-0,-0
-0,-0,-0,-0,-0,-0,-0,-0,-0,-0,-0,-0,-0,-0,-0,-0,-0,-0,-0,-0,-0,-0,-0,-0,-0,-0,-0,-0,-0,-0,-0,-0
-0,-0,-0,-0,-0,-0,-0,-0,-0,-0,-0,-0,-0,-0,-0,-0,-0,-0,-0,-0,-0,-0,-0,-0,-0,-0,-0,-0,-0,-0,-0,-0
-0,-0,-0,-0,-0,-0,-0,-0,-0,-0,-0,-0,-0,-0,-0,-0,-0,-0,-0,-0,-0,-0,-0,-0,-0,-0,-0,-0,-0,-0,-0,-0
0.16818527876597908,0.12691577556402345,0.087500718539881714,0.60391829343874426,0.75283776580837847,0.28089455874847497,0.60966349095539529,-0,0.13847221823168521,0.12363639887302151,0.080535637567807336,0.60991559279908769,0.75697882754001133,0.28738893559555556,0.61511352974078704,-0,0.16283896527107675,0.13642702214108041,0.073919294346572462,0.59801899151134275,0.74834986353253907,0.29149505548657306,0.60502839280620624,-0,0.16872834241043902,0.13201866022261388,0.086854728113776258,0.5920107590278515,0.76177082457089351,0.27482193435182345,0.58719984394355973,-0
-0,-0,-0,-0,-0,-0,-0,-0,-0,-0,-0,-0,-0,-0,-0,-0,-0,-0,-0,-0,-0,-0,-0,-0,-0,-0,-0,-0,-0,-0,-0,-0
-0,-0,-0,-0,-0,-0,-0,-0,-0,-0,-0,-0,-0,-0,-0,-0,-0,-0,-0,-0,-0,-0,-0,-0,-0,-0,-0,-0,-0,-0,-0,-0
-0,-0,-0,-0,-0,-0,-0,-0,-0,-0,-0,-0,-0,-0,-0,-0,-0,-0,-0,-0,-0,-0,-0,-0,-0,-0,-0,-0,-0,-0,-0,-0
-0,-0,-0,-0,-0,-0,-0,-0,-0,-0,-0,-0,-0,-0,-0,-0,-0,-0,-0,-0,-0,-0,-0,-0,-0,-0,-0,-0,-0,-0,-0,-0
-0,-0,-0,-0,-0,-0,-0,-0,-0,-0,-0,-0,-0,-0,-0,-0,-0,-0,-0,-0,-0,-0,-0,-0,-0,-0,-0,-0,-0,-0,-0,-0
-0,-0,-0,-0,-0,-0,-0,-0,-0,-0,-0,-0,-0,-0,-0,-0,-0,-0,-0,-0,-0,-0,-0,-0,-0,-0,-0,-0,-0,-0,-0,-0
-0,-0,-0,-0,-0,-0,-0,-0,-0,-0,-0,-0,-0,-0,-0,-0,-0,-0,-0,-0,-0,-0,-0,-0,-0,-0,-0,-0,-0,-0,-0,-0
-0,-0,-0,-0,-0,-0,-0,-0,-0,-0,-0,-0,-0,-0,-0,-0,-0,-0,-0,-0,-0,-0,-0,-0,-0,-0,-0,-0,-0,-0,-0,-0
-0,0.12986572733940296,-0,-0,0.099787160233555022,-0,-0,-0,-0,0.13450284655178282,-0,-0,0.095628907271494437,-0,-0,-0,-0,0.13698558002006597,-0,-0,0.09278944769786282,-0,-0,-0,-0,0.11832685793245311,-0,-0,0.10754508526022259,-0,-0,-0
-0,-0,-0,-0,-0,-0,-0,-0,-0,-0,-0,-0,-0,-0,-0,-0,-0,-0,-0,-0,-0,-0,-0,-0,-0,-0,-0,-0,-0,-0,-0,-0
-0,-0,-0,-0,-0,-0,-0,-0,-0,-0,-0,-0,-0,-0,-0,-0,-0,-0,-0,-0,-0,-0,-0,-0,-0,-0,-0,-0,-0,-0,-0,-0
-0,-0,-0,-0,-0,-0,-0,-0,-0,-0,-0,-0,-0,-0,-0,-0,-0,-0,-0,-0,-0,-0,-0,-0,-0,-0,-0,-0,-0,-0,-0,-0
-0,-0,-0,-0,-0,-0,-0,-0,-0,-0,-0,-0,-0,-0,-0,-0,-0,-0,-0,-0,-0,-0,-0,-0,-0,-0,-0,-0,-0,-0,-0,-0
-0,-0,-0,-0,-0,-0,-0,-0,-0,-0,-0,-0,-0,-0,-0,-0,-0,-0,-0,-0,-0,-0,-0,-0,-0,-0,-0,-0,-0,-0,-0,-0
-0,-0,-0,-0,-0,-0,-0,-0,-0,-0,-0,-0,-0,-0,-0,-0,-0,-0,-0,-0,-0,-0,-0,-0,-0,-0,-0,-0,-0,-0,-0,-0
-0,-0,-0,-0,-0,-0,-0,-0,-0,-0,-0,-0,-0,-0,-0,-0,-0,-0,-0,-0,-0,-0,-0,-0,-0,-0,-0,-0,-0,-0,-0,-0
-0,-0,-0,0.033109455076725164,0.30923448169402579,-0,-0,-0,-0,-0,-0,0.034224656434665039,0.29513871930419538,-0,-0,-0,-0,-0,-0,0.036356951285970045,0.30671098188426094,-0,-0,-0,-0,-0,-0,0.037867125176679811,0.29946457264733389,-0,-0,-0
-0,-0,-0,-0,-0,-0,-0,-0,-0,-0,-0,-0,-0,-0,-0,-0,-0,-0,-0,-0,-0,-0,-0,-0,-0,-0,-0,-0,-0,-0,-0,-0
-0,-0,-0,-0,-0,-0,-0,-0,-0,-0,-0,-0,-0,-0,-0,-0,-0,-0,-0,-0,-0,-0,-0,-0,-0,-0,-0,-0,-0,-0,-0,-0
-0,-0,-0,-0,-0,-0,-0,-0,-0,-0,-0,-0,-0,-0,-0,-0,-0,-0,-0,-0,-0,-0,-0,-0,-0,-0,-0,-0,-0,-0,-0,-0
-0,-0,-0,-0,-0,-0,-0,-0,-0,-0,-0,-0,-0,-0,-0,-0,-0,-0,-0,-0,-0,-0,-0,-0,-0,-0,-0,-0,-0,-0,-0,-0
-0,-0,-0,-0,-0,-0,-0,-0,-0,-0,-0,-0,-0,-0,-0,-0,-0,-0,-0,-0,-0,-0,-0,-0,-0,-0,-0,-0,-0,-0,-0,-0
-0,-0,-0,-0,-0,-0,-0,-0,-0,-0,-0,-0,-0,-0,-0,-0,-0,-0,-0,-0,-0,-0,-0,-0,-0,-0,-0,-0,-0,-0,-0,-0
-0,-0,-0,-0,-0,-0,-0,-0,-0,-0,-0,-0,-0,-0,-0,-0,-0,-0,-0,-0,-0,-0,-0,-0,-0,-0,-0,-0,-0,-0,-0,-0
-0,-0,-0,-0,-0,-0,-0,-0,-0,-0,-0,-0,-0,-0,-0,-0,-0,-0,-0,-0,-0,-0,-0,-0,-0,-0,-0,-0,-0,-0,-0,-0
-0,-0,-0,-0,-0,-0,-0,-0,-0,-0,-0,-0,-0,-0,-0,-0,-0,-0,-0,-0,-0,-0,-0,-0,-0,-0,-0,-0,-0,-0,-0,-0
-0,-0,-0,-0,-0,-0,-0,-0,-0,-0,-0,-0,-0,-0,-0,-0,-0,-0,-0,-0,-0,-0,-0,-0,-0,-0,-0,-0,-0,-0,-0,-0
-0,-0,-0,-0,-0,-0,-0,-0,-0,-0,-0,-0,-0,-0,-0,-0,-0,-0,-0,-0,-0,-0,-0,-0,-0,-0,-0,-0,-0,-0,-0,-0
-0,-0,-0,-0,-0,-0,-0,-0,-0,-0,-0,-0,-0,-0,-0,-0,-0,-0,-0,-0,-0,-0,-0,-0,-0,-0,-0,-0,-0,-0,-0,-0
-0,-0,-0,-0,-0,-0,-0,-0,-0,-0,-0,-0,-0,-0,-0,-0,-0,-0,-0,-0,-0,-0,-0,-0,-0,-0,-0,-0,-0,-0,-0,-0
-0,-0,0.20589306167592231,-0,-0,0.14503609962280878,-0,-0,-0,-0,0.20401623374654029,-0,-0,0.13797929458497071,-0,-0,-0,-0,0.20279639660095974,-0,-0,0.14884775156467889,-0,-0,-0,-0,0.20883271496761388,-0,-0,0.14803787070963684,-0,-0
-0,-0,0.017405253765218266,-0,-0,-0,-0,-0,-0,-0,0.020035460246596706,-0,-0,-0,-0,-0,-0,-0,0.018328459492434335,-0,-0,-0,-0,-0,-0,-0,0.0096624311246853115,-0,-0,-0,-0,-0
-0,0.35392273697152937,-0,-0,0.030772475422728835,-0,0.032397321417750029,-0,-0,0.35739898382194463,-0,-0,0.02639452528308454,-0,0.030318149227555217,-0,-0,0.35348358288149972,-0,-0,0.028310767594618435,-0,0.036322346599851646,-0,-0,0.34079971171753048,-0,-0,0.034323011274037564,-0,0.031682291343787361,-0
-0,-0,-0,-0,-0,-0,-0,-0,-0,-0,-0,-0,-0,-0,-0,-0,-0,-0,-0,-0,-0,-0,-0,-0,-0,-0,-0,-0,-0,-0,-0,-0
-0,-0,-0,-0,-0,-0,-0,-0,-0,-0,-0,-0,-0,-0,-0,-0,-0,-0,-0,-0,-0,-0,-0,-0,-0,-0,-0,-0,-0,-0,-0,-0
-0,-0,-0,-0,-0,-0,-0,-0,-0,-0,-0,-0,-0,-0,-0,-0,-0,-0,-0,-0,-0,-0,-0,-0,-0,-0,-0,-0,-0,-0,-0,-0
-0,-0,-0,-0,-0,-0,-0,-0,-0,-0,-0,-0,-0,-0,-0,-0,-0,-0,-0,-0,-0,-0,-0,-0,-0,-0,-0,-0,-0,-0,-0,-0
0.42376667991636363,0.44855519865035559,0.29764882073078919,0.36841729108922705,0.4455195875902741,0.15050683167522361,0.24795306472197812,-0,0.41296141814230103,0.44621610947732115,0.2817214839331133,0.37038928442054592,0.43895705086935005,0.15421310048811784,0.25498438017036129,-0,0.41726010237348499,0.45455522742221349,0.28341749514476927,0.36678150783617458,0.44134220514611688,0.15911245810766844,0.24312035638827456,-0,0.41730225576994179,0.45789661798218562,0.28780681882198428,0.36309832235269546,0.44340638202893312,0.14212932768148903,0.23474141444935717,-0
-0,-0,-0,-0,-0,-0,-0,-0,-0,-0,-0,-0,-0,-0,-0,-0,-0,-0,-0,-0,-0,-0,-0,-0,-0,-0,-0,-0,-0,-0,-0,-0
-0,0.10196589966870898,-0,-0,-0,-0,-0,-0,-0,0.10630841305991776,-0,-0,-0,-0,-0,-0,-0,0.10959812333316504,-0,-0,-0,-0,-0,-0,-0,0.10094795552918329,-0,-0,-0,-0,-0,-0
-0,0.27463951588713142,-0,0.022615698419826701,-0,-0,0.12578491398335026,-0,-0,0.28865466634673298,-0,0.028873810339479309,-0,-0,0.12426391303650904,-0,-0,0.29000756271740963,-0,0.040966580752759142,-0,-0,0.13177700452167518,-0,-0,0.25482547820274842,-0,0.022485065244147145,-0,-0,0.12655651797350057,-0
-0,-0,-0,-0,-0,-0,-0,-0,-0,-0,-0,-0,-0,-0,-0,-0,-0,-0,-0,-0,-0,-0,-0,-0,-0,-0,-0,-0,-0,-0,-0,-0
-0,-0,-0,-0,-0,-0,-0,-0,-0,-0,-0,0.004952977079194871,-0,-0,-0,-0,-0,-0,-0,-0,-0,-0,-0,-0,-0,-0,-0,-0,-0,-0,-0,-0
-0,-0,-0,-0,-0,-0,-0,-0,-0,-0,-0,-0,-0,-0,-0,-0,-0,-0,-0,-0,-0,-0,-0,-0,-0,-0,-0,-0,-0,-0,-0,-0
0.043200402224905871,0.1168680996466103,-0,-0,-0,-0,-0,-0,0.038756388366002967,0.12207609707573833,-0,-0,-0,-0,-0,-0,0.049924095859094589,0.12104341096946841,-0,-0,-0,-0,-0,-0,0.044447553714586183,0.11168403667621557,-0,-0,-0,-0,-0,-0
-0,-0,-0,-0,-0,-0,-0,-0,-0,-0,-0,-0,-0,-0,-0,-0,-0,-0,-0,-0,-0,-0,-0,-0,-0,-0,-0,-0,-0,-0,-0,-0
-0,-0,-0,-0,-0,-0,-0,-0,-0,-0,-0,-0,-0,-0,-0,-0,-0,-0,-0,-0,-0,-0,-0,-0,-0,-0,-0,-0,-0,-0,-0,-0
-0,-0,-0,-0,-0,-0,-0,-0,-0,-0,-0,-0,-0,-0,-0,-0,-0,-0,-0,-0,-0,-0,-0,-0,-0,-0,-0,-0,-0,-0,-0,-0
-0,-0,-0,-0,-0,-0,-0,-0,-0,-0,-0,-0,-0,-0,-0,-0,-0,-0,-0,-0,-0,-0,-0,-0,-0,-0,-0,-0,-0,-0,-0,-0
0.016768422011112845,0.52772935919745867,0.51799023244141751,0.43002687205489809,0.37462939406906121,0.34032000757874414,0.17942569498243652,-0,0.014158200129061166,0.53106809073576844,0.50134891666999659,0.43150126983314829,0.36716185497470472,0.33397408865845057,0.18752483886810908,-0,0.014154806521398271,0.53837773515882792,0.50988611104185677,0.44226365195289902,0.37154324897285051,0.35074463615179163,0.18043860331629388,-0,0.011669740718748918,0.53686638441497436,0.51429996898063923,0.42345093325922134,0.36931975885144058,0.34333086047938105,0.16852188913078855,-0
-0,-0,-0,-0,-0,-0,-0,-0,-0,-0,-0,-0,-0,-0,-0,-0,-0,-0,-0,-0,-0,-0,-0,-0,-0,-0,-0,-0,-0,-0,-0,-0
-0,-0,-0,-0,-0,-0,-0,-0,-0,-0,-0,-0,-0,-0,-0,-0,-0,-0,-0,-0,-0,-0,-0,-0,-0,-0,-0,-0,-0,-0,-0,-0
-0,-0,-0,-0,-0,-0,-0,-0,-0,-0,-0,-0,-0,-0,-0,-0,-0,-0,-0,-0,-0,-0,-0,-0,-0,-0,-0,-0,-0,-0,-0,-0
-0,-0,-0,-0,-0,-0,-0,-0,-0,-0,-0,-0,-0,-0,-0,-0,-0,-0,-0,-0,-0,-0,-0,-0,-0,-0,-0,-0,-0,-0,-0,-0
-0,-0,-0,-0,-0,-0,-0,-0,-0,-0,-0,-0,-0,-0,-0,-0,-0,-0,-0,-0,-0,-0,-0,-0,-0,-0,-0,-0,-0,-0,-0,-0
-0,-0,-0,-0,-0,-0,-0,-0,-0,-0,-0,-0,-0,-0,-0,-0,-0,-0,-0,-0,-0,-0,-0,-0,-0,-0,-0,-0,-0,-0,-0,-0
-0,0.43654530767115424,0.54261595103461346,0.14312033270807292,0.38701762327011524,0.12588366840323384,0.11036235013994447,-0,-0,0.43892404446062205,0.53928445451900942,0.13600541651602835,0.38617052898201998,0.12154825339721129,0.10806329244072276,-0,-0,0.44538290353211341,0.54401262646002668,0.13372896502648113,0.38971476428316487,0.13263220304771195,0.11192436695531638,-0,-0,0.42786280662645987,0.53925851875087694,0.14503940608958721,0.38672886047855631,0.13004039262457703,0.11897623027748293,-0
-0,-0,-0,-0,-0,-0,-0,-0,-0,-0,-0,-0,-0,-0,-0,-0,-0,-0,-0,-0,-0,-0,-0,-0,-0,-0,-0,-0,-0,-0,-0,-0
-0,-0,-0,0.12871683236981785,-0,0.076338835135083161,-0,-0,-0,-0,-0,0.13483377627566026,-0,0.079163678078630992,-0,-0,-0,-0,-0,0.1316213779634984,-0,0.078551797812742574,-0,-0,-0,-0,-0,0.11229265022194942,-0,0.075314327830564728,-0,-0
-0,-0,-0,-0,-0,-0,-0,-0,-0,-0,-0,-0,-0,-0,-0,-0,-0,-0,-0,-0,-0,-0,-0,-0,-0,-0,-0,-0,-0,-0,-0,-0
-0,0.19859804709640577,0.36900916011557483,0.11713756280601653,0.22216348192247468,0.094963039634602675,-0,-0,-0,0.1982327800987585,0.35201593742043202,0.11572319735649819,0.21529243643471987,0.092847607320569847,-0,-0,-0,0.20602975065330112,0.35836957958205978,0.11256888124853956,0.21778036698832953,0.10236431182061229,-0,-0,-0,0.20554081297033261,0.36047567336102138,0.11538574555771405,0.21973827362831211,0.091774851222933981,-0,-0
0.044029465493371493,-0,-0,-0,0.16228879977310398,0.3188587599045094,-0,-0,0.037372672829355948,-0,-0,-0,0.15672331205994788,0.31660052479576206,-0,-0,0.041425979850141181,-0,-0,-0,0.16642509023730187,0.31307733174762181,-0,-0,0.045710316778239043,-0,-0,-0,0.16687676053488332,0.31836699829410264,-0,-0
-0,-0,-0,-0,-0,-0,-0,-0,-0,-0,-0,-0,-0,-0,-0,-0,-0,-0,-0,-0,-0,-0,-0,-0,-0,-0,-0,-0,-0,-0,-0,-0
-0,-0,-0,-0,-0,-0,-0,-0,-0,-0,-0,-0,-0,-0,-0,-0,-0,-0,-0,-0,-0,-0,-0,-0,-0,-0,-0,-0,-0,-0,-0,-0
-0,-0,-0,0.1230576156563592,0.084877486268778349,-0,-0,-0,-0,-0,-0,0.12663691036709693,0.067603248614748243,-0,-0,-0,-0,-0,-0,0.1301355885139267,0.088313760224546442,-0,-0,-0,-0,-0,-0,0.12215370178403644,0.084715385826647879,-0,-0,-0
-0,-0,-0,-0,-0,-0,-0,-0,-0,-0,-0,-0,-0,-0,-0,-0,-0,-0,-0,-0,-0,-0,-0,-0,-0,-0,-0,-0,-0,-0,-0,-0
-0,0.52296227008593166,0.030314199415896123,-0,-0,-0,-0,-0,-0,0.51974248920611799,0.03276356254633931,-0,-0,-0,-0,-0,-0,0.5054893460121046,0.023210829958673563,-0,-0,-0,-0,-0,-0,0.51319520126576978,0.035338596966140924,-0,-0,-0,-0,-0
-0,-0,0.016179290668868435,0.16297804237456689,0.13621419422543177,-0,-0,-0,-0,-0,0.015356524474156833,0.16460493707866761,0.13654622714850034,-0,-0,-0,-0,-0,0.016243513416293015,0.17461968445350606,0.1401149346822578,-0,-0,-0,-0,-0,0.023633187882504056,0.16269167955461256,0.14017383446994736,-0,-0,-0
0.11143322247463142,0.47398364704933371,0.24750807418415258,0.23927252288038744,0.39481282035464843,0.3373403031604163,0.6811312551658496,0.2135423837792978,0.11442712223692621,0.47338444263703611,0.24796350175725312,0.2236876904440753,0.39046927095241563,0.33793434336428252,0.68754182405347841,0.20447446333715366,0.11238871067011171,0.47711293299670915,0.24656484127190439,0.23602373523872885,0.3896554062568145,0.34202673221083352,0.68232386825425106,0.20968665187935714,0.11933944894014098,0.46330714512470433,0.24339116534225991,0.23871190967035139,0.38616045527922016,0.33552905360388446,0.68713466616876862,0.21722536469483364
-0,-0,-0,-0,-0,-0,-0,-0,-0,-0,-0,-0,-0,-0,-0,-0,-0,-0,-0,-0,-0,-0,-0,-0,-0,-0,-0,-0,-0,-0,-0,-0
-0,-0,-0,-0,-0,-0,0.25167787178743234,-0,-0,-0,-0,-0,-0,-0,0.25682227335202251,-0,-0,-0,-0,-0,-0,-0,0.2602271145058434,-0,-0,-0,-0,-0,-0,-0,0.24966335238147741,-0
-0,-0,-0,-0,-0,-0,-0,-0,-0,-0,-0,-0,-0,-0,-0,-0,-0,-0,-0,-0,-0,-0,-0,-0,-0,-0,-0,-0,-0,-0,-0,-0
-0,-0,-0,0.018293505448675675,-0,0.27184061352405808,-0,-0,-0,-0,-0,0.020338739982942493,-0,0.27185809147713491,-0,-0,-0,-0,-0,0.01774404229415312,-0,0.27148212746056744,-0,-0,-0,-0,-0,0.016849054335702184,-0,0.27535725145423406,-0,-0
0.14191597815243706,0.38586407679546669,-0,0.13950365592671868,0.27150171325996791,0.088443734906393165,0.1490147852384085,-0,0.14040161156787814,0.38699534364798832,-0,0.1389518288743557,0.26318837541848211,0.09413932375357989,0.14896848777299398,-0,0.14487343468999264,0.38431772820328702,-0,0.13505454168825301,0.2726978858163569,0.084346614027077049,0.14735785026449377,-0,0.1428406055566728,0.37740606402425109,-0,0.13871954590140392,0.27356667133881529,0.084164184632226927,0.14767988220035375,-0
-0,0.061439383679453854,0.14819395059667301,0.13510409797323258,0.12675234773014996,0.12982625878673615,0.0042137971030140582,-0,-0,0.058545063657814207,0.14669042985559078,0.14128633907170579,0.11884086529846417,0.12818703841827145,0.0078427901274305094,-0,-0,0.062979753946540928,0.14983662249688323,0.14337148516907486,0.12433686598209011,0.13375186715138851,0.0055690988811509462,-0,-0,0.067184742955431642,0.14521405988462652,0.12779611867822499,0.12494994807642265,0.13696214214064797,0.0058857600940100752,-0
-0,-0,-0,-0,-0,-0,-0,-0,-0,-0,-0,-0,-0,-0,-0,-0,-0,-0,-0,-0,-0,-0,-0,-0,-0,-0,-0,-0,-0,-0,-0,-0
-0,-0,-0,-0,-0,-0,-0,-0,-0,-0,-0,-0,-0,-0,-0,-0,-0,-0,-0,-0,-0,-0,-0,-0,-0,-0,-0,-0,-0,-0,-0,-0
-0,-0,-0,-0,-0,-0,-0,-0,-0,-0,-0,-0,-0,-0,-0,-0,-0,-0,-0,-0,-0,-0,-0,-0,-0,-0,-0,-0,-0,-0,-0,-0
-0,-0,-0,-0,-0,-0,-0,-0,-0,-0,-0,-0,-0,-0,-0,-0,-0,-0,-0,-0,-0,-0,-0,-0,-0,-0,-0,-0,-0,-0,-0,-0
-0,-0,-0,-0,-0,-0,-0,-0,-0,-0,-0,-0,-0,-0,-0,-0,-0,-0,-0,-0,-0,-0,-0,-0,-0,-0,-0,-0,-0,-0,-0,-0
-0,-0,-0,-0,-0,-0,-0,-0,-0,-0,-0,-0,-0,-0,-0,-0,-0,-0,-0,-0,-0,-0,-0,-0,-0,-0,-0,-0,-0,-0,-0,-0
-0,-0,-0,-0,-0,-0,-0,-0,-0,-0,-0,-0,-0,-0,-0,-0,-0,-0,-0,-0,-0,-0,-0,-0,-0,-0,-0,-0,-0,-0,-0,-0
-0,-0,-0,-0,-0,-0,-0,-0,-0,-0,-0,-0,-0,-0,-0,-0,-0,-0,-0,-0,-0,-0,-0,-0,-0,-0,-0,-0,-0,-0,-0,-0
-0,-0,-0,-0,-0,-0,0.013766057867626948,-0,-0,-0,-0,-0,-0,-0,0.019676146670741714,-0,-0,-0,-0,-0,-0,-0,0.019408956934873316,-0,-0,-0,-0,-0,-0,-0,0.0099158336172524703,-0
0.52089115259136609,0.54806472429042608,0.22588645265823248,0.63459730210676191,0.78117630283318018,0.29544978960295243,0.68621038129841283,0.1840247852769025,0.51746923182136462,0.5391477124051971,0.22394431741836981,0.634314247590823,0.77116471147064936,0.30215311403961154,0.6950588721509523,0.18825527048271357,0.51012260767745543,0.55660567733453337,0.21868669473591407,0.63482037056858864,0.77617420192792053,0.29915909117778894,0.68167841636446835,0.1864836943148194,0.5180919508733729,0.54168049523146566,0.21830684802383252,0.6231943032372167,0.77726473541672514,0.28803322791893787,0.67820732172518439,0.18946226537169072
0.36393917958680772,0.19200091609868894,-0,0.50569711454414157,0.45501843608999626,-0,0.11709434312834496,0.45481851795757561,0.36294007021763403,0.1865166683226942,-0,0.51537619046360927,0.441741127680918,-0,0.12222131451382977,0.45046039255744996,0.36135850670033537,0.1982163572095467,-0,0.52409811676830254,0.45446089999520234,-0,0.1134513557756129,0.4651782511447764,0.35412116331939641,0.20748618530168783,-0,0.49918690182044045,0.44632729419549072,-0,0.11233853316935728,0.45991969829870893
0.023296843888588614,0.072591389501728956,0.11234491348693673,0.36390398893845188,0.5689244247590316,-0,0.079779373007276513,0.011688335210742491,0.022283390050890937,0.068725576450267362,0.11196032185698486,0.36196134151563714,0.5638139777540504,-0,0.080633582976683785,0.014681871010615327,0.025214841346397055,0.073450569784510547,0.11120662302124784,0.36869192694623915,0.57020065460088032,-0,0.080351478169127979,0.012863913314328269,0.021156046671310394,0.073967088002072065,0.10793568691663545,0.36174434852825371,0.56744498359217133,-0,0.084116778169738116,0.010696620808646225
-0,-0,-0,-0,-0,-0,-0,-0,-0,-0,-0,-0,-0,-0,-0,-0,-0,-0,-0,-0,-0,-0,-0,-0,-0,-0,-0,-0,-0,-0,-0,-0
-0,-0,-0,-0,-0,-0,-0,-0,-0,-0,-0,-0,-0,-0,-0,-0,-0,-0,-0,-0,-0,-0,-0,-0,-0,-0,-0,-0,-0,-0,-0,-0
0.041967792010864029,-0,-0,-0,-0,-0,-0,-0,0.050527407390365368,-0,-0,-0,-0,-0,-0,-0,0.042231376455783134,-0,-0,-0,-0,-0,-0,-0,0.039779158696541125,-0,-0,-0,-0,-0,-0,-0
-0,-0,-0,-0,-0,-0,-0,-0,-0,-0,-0,-0,-0,-0,-0,-0,-0,-0,-0,-0,-0,-0,-0,-0,-0,-0,-0,-0,-0,-0,-0,-0
-0,-0,-0,-0,-0,-0,-0,-0,-0,-0,-0,-0,-0,-0,-0,-0,-0,-0,-0,-0,-0,-0,-0,-0,-0,-0,-0,-0,-0,-0,-0,-0
-0,-0,-0,-0,-0,-0,-0,-0,-0,-0,-0,-0,-0,-0,-0,-0,-0,-0,-0,-0,-0,-0,-0,-0,-0,-0,-0,-0,-0,-0,-0,-0
-0,-0,-0,-0,-0,-0,-0,-0,-0,-0,-0,-0,-0,-0,-0,-0,-0,-0,-0,-0,-0,-0,-0,-0,-0,-0,-0,-0,-0,-0,-0,-0
-0,-0,-0,-0,-0,-0,-0,-0,-0,-0,-0,-0,-0,-0,-0,-0,-0,-0,-0,-0,-0,-0,-0,-0,-0,-0,-0,-0,-0,-0,-0,-0
-0,-0,-0,-0,-0,-0,0.033084077373265158,-0,-0,-0,-0,-0,-0,-0,0.040312877938972785,-0,-0,-0,-0,-0,-0,-0,0.041548040219682211,-0,-0,-0,-0,-0,-0,-0,0.02589183453963818,-0
-0,-0,-0,-0,-0,-0,-0,-0,-0,-0,-0,-0,-0,-0,-0,-0,-0,-0,-0,-0,-0,-0,-0,-0,-0,-0,-0,-0,-0,-0,-0,-0
-0,-0,-0,-0,-0,-0,-0,-0,-0,-0,-0,-0,-0,-0,-0,-0,-0,-0,-0,-0,-0,-0,-0,-0,-0,-0,-0,-0,-0,-0,-0,-0
-0,-0,-0,-0,-0,-0,-0,-0,-0,-0,-0,-0,-0,-0,-0,-0,-0,-0,-0,-0,-0,-0,-0,-0,-0,-0,-0,-0,-0,-0,-0,-0
-0,-0,-0,-0,-0,-0,-0,-0,-0,-0,-0,-0,-0,-0,-0,-0,-0,-0,-0,-0,-0,-0,-0,-0,-0,-0,-0,-0,-0,-0,-0,-0
-0,0.096253398100937207,-0,-0,-0,-0,-0,-0,-0,0.10025492373970835,-0,-0,-0,-0,-0,-0,-0,0.099021872814962095,-0,-0,-0,-0,-0,-0,-0,0.095852949489212677,-0,-0,-0,-0,-0,-0
0.051806104425936,0.20279562077797664,-0,0.38562480028810403,0.5720285440530104,-0,0.023720646407170823,-0,0.051627122021321546,0.20672239384690147,-0,0.38774396712678949,0.56619981030177202,-0,0.022807396046088328,-0,0.059096214159253264,0.204953194730678,-0,0.40216042743541636,0.57738516701660347,-0,0.031812867560030156,-0,0.046204545578568644,0.19657959297064967,-0,0.38560981512336462,0.57598765195282198,-0,0.023901235878419996,-0
-0,-0,-0,-0,-0,-0,-0,-0,-0,-0,-0,-0,-0,-0,-0,-0,-0,-0,-0,-0,-0,-0,-0,-0,-0,-0,-0,-0,-0,-0,-0,-0
-0,-0,-0,-0,-0,-0,-0,-0,-0,-0,-0,-0,-0,-0,-0,-0,-0,-0,-0,-0,-0,-0,-0,-0,-0,-0,-0,-0,-0,-0,-0,-0
0.066375861529172811,0.064897648478607906,0.1453545778868047,0.19258883640861263,0.23718105170348863,0.0027747768502750215,-0,-0,0.063327118010690658,0.065833600521180216,0.14036396408488183,0.19489205074713953,0.23123291651678191,0.0014419608660854587,-0,-0,0.066895583774172776,0.058424341612065202,0.13909362348399201,0.20204575732271238,0.24212524318503592,0.0067400438013435005,-0,-0,0.061966466083309607,0.075535418233480603,0.14122215527248863,0.19359368384700837,0.2403530455855197,0.0050302068839783911,-0,-0
-0,-0,-0,-0,-0,-0,-0,-0,-0,-0,-0,-0,-0,-0,-0,-0,-0,-0,-0,-0,-0,-0,-0,-0,-0,-0,-0,-0,-0,-0,-0,-0
-0,-0,-0,-0,-0,-0,-0,-0,-0,-0,-0,-0,-0,-0,-0,-0,-0,-0,-0,-0,-0,-0,-0,-0,-0,-0,-0,-0,-0,-0,-0,-0
-0,-0,-0,-0,-0,-0,-0,-0,-0,-0,-0,-0,-0,-0,-0,-0,-0,-0,-0,-0,-0,-0,-0,-0,-0,-0,-0,-0,-0,-0,-0,-0
-0,-0,-0,-0,-0,-0,-0,-0,-0,-0,-0,-0,-0,-0,-0,-0,-0,-0,-0,-0,-0,-0,-0,-0,-0,-0,-0,-0,-0,-0,-0,-0
-0,0.41876624142792201,0.2679384802691081,0.020075755193174418,0.28944626828893788,-0,-0,-0,-0,0.42107299264381087,0.26066853459475153,0.022383764116265532,0.28492793017776696,-0,-0,-0,-0,0.40616380302927108,0.25617017323520402,0.023820566997270351,0.27803185323899721,-0,-0,-0,-0,0.42213817578242979,0.28288832662854152,0.020439954770060366,0.29822352776452421,-0,-0,-0
-0,0.03342251517320767,-0,-0,-0,-0,0.10984130740237498,-0,-0,0.040563811942140704,-0,-0,-0,-0,0.11271356944406002,-0,-0,0.039243794425425194,-0,-0,-0,-0,0.11529735039410627,-0,-0,0.020482813830812074,-0,-0,-0,-0,0.11238560196947468,-0
-0,-0,-0,-0,-0,-0,-0,-0,-0,-0,-0,-0,-0,-0,-0,-0,-0,-0,-0,-0,-0,-0,-0,-0,-0,-0,-0,-0,-0,-0,-0,-0
-0,-0,-0,-0,-0,-0,-0,-0,-0,-0,-0,-0,-0,-0,-0,-0,-0,-0,-0,-0,-0,-0,-0,-0,-0,-0,-0,-0,-0,-0,-0,-0
-0,-0,-0,-0,-0,-0,-0,-0,-0,-0,-0,-0,-0,-0,-0,-0,-0,-0,-0,-0,-0,-0,-0,-0,-0,-0,-0,-0,-0,-0,-0,-0
-0,-0,-0,-0,-0,-0,-0,-0,-0,-0,-0,-0,-0,-0,-0,-0,-0,-0,-0,-0,-0,-0,-0,-0,-0,-0,-0,-0,-0,-0,-0,-0
-0,-0,-0,-0,-0,-0,-0,-0,-0,-0,-0,-0,-0,-0,-0,-0,-0,-0,-0,-0,-0,-0,-0,-0,-0,-0,-0,-0,-0,-0,-0,-0
-0,-0,-0,-0,-0,-0,-0,-0,-0,-0,-0,-0,-0,-0,-0,-0,-0,-0,-0,-0,-0,-0,-0,-0,-0,-0,-0,-0,-0,-0,-0,-0
-0,-0,-0,-0,-0,-0,-0,-0,-0,-0,-0,-0,-0,-0,-0,-0,-0,-0,-0,-0,-0,-0,-0,-0,-0,-0,-0,-0,-0,-0,-0,-0
-0,0.20686753946423006,-0,-0,-0,-0,-0,-0,-0,0.20979572356150433,-0,-0,-0,-0,-0,-0,-0,0.21620941511473291,-0,-0,-0,-0,-0,-0,-0,0.19494691711979312,-0,-0,-0,-0,-0,-0
-0,-0,-0,-0,-0,-0,-0,-0,-0,-0,-0,-0,-0,-0,-0,-0,-0,-0,-0,-0,-0,-0,-0,-0,-0,-0,-0,-0,-0,-0,-0,-0
-0,-0,-0,-0,-0,-0,-0,-0,-0,-0,-0,-0,-0,-0,-0,-0,-0,-0,-0,-0,-0,-0,-0,-0,-0,-0,-0,-0,-0,-0,-0,-0
-0,-0,-0,-0,-0,-0,-0,-0,-0,-0,-0,-0,-0,-0,-0,-0,-0,-0,-0,-0,-0,-0,-0,-0,-0,-0,-0,-0,-0,-0,-0,-0
-0,-0,-0,-0,-0,-0,0.069365572950006629,-0,-0,-0,-0,-0,-0,-0,0.075753904070349889,-0,-0,-0,-0,-0,-0,-0,0.065665119578631789,-0,-0,-0,-0,-0,-0,-0,0.064050033514696195,-0
-0,0.19801499757529975,0.37477918520051773,0.047022920374901619,0.17196290022528646,-0,0.044629791528092273,-0,-0,0.19867252602940083,0.3710617136535353,0.043218227238002609,0.16622661713185954,-0,0.046558920887223632,-0,-0,0.19452870561045402,0.36529266169433994,0.042004888632159391,0.16548427564136342,-0,0.044035412896071748,-0,-0,0.19945582119552488,0.37161709362889339,0.048809190446865415,0.1730419261126479,-0,0.041240565900494887,-0
-0,-0,-0,-0,-0,-0,-0,-0,-0,-0,-0,-0,-0,-0,-0,-0,-0,-0,-0,-0,-0,-0,-0,-0,-0,-0,-0,-0,-0,-0,-0,-0
-0,-0,-0,-0,-0,-0,-0,-0,-0,-0,-0,-0,-0,-0,-0,-0,-0,-0,-0,-0,-0,-0,-0,-0,-0,-0,-0,-0,-0,-0,-0,-0
-0,0.078443668170615197,-0,-0,-0,-0,-0,-0,-0,0.07985057490146355,-0,-0,-0,-0,-0,-0,-0,0.074151423916620163,-0,-0,-0,-0,-0,-0,-0,0.079742156556968147,-0,-0,-0,-0,-0,-0
0.036215642493876377,-0,-0,-0,-0,-0,-0,-0,0.015218054623556696,-0,-0,-0,-0,-0,-0,-0,0.038168486980596106,-0,-0,-0,-0,-0,-0,-0,0.031907371212551862,-0,-0,-0,-0,-0,-0,-0
0.51529734740361355,-0,-0,0.16485963106874066,0.2144178422117981,-0,-0,-0,0.50971462249700117,-0,-0,0.16941884499583149,0.20728337295612634,-0,-0,-0,0.512126480068545,-0,-0,0.17071307863622032,0.21676745465144157,-0,-0,-0,0.50391318375754646,-0,-0,0.16116905719482366,0.21398158927045163,-0,-0,-0
-0,-0,-0,-0,-0,-0,-0,-0,-0,-0,-0,-0,-0,-0,-0,-0,-0,-0,-0,-0,-0,-0,-0,-0,-0,-0,-0,-0,-0,-0,-0,-0
-0,0.13803300668345292,-0,-0,0.17736467654060156,-0,0.032980728405201214,-0,-0,0.14117873164183078,-0,-0,0.17560732616487026,-0,0.036648999274747247,-0,-0,0.1388331514737626,-0,-0,0.1839684537131212,-0,0.034342069224809077,-0,-0,0.13409675676571228,-0,-0,0.17523285973540181,-0,0.039146783760402128,-0
-0,0.016072751299751949,-0,-0,-0,0.080977268668887978,-0,-0,-0,0.019135857087651066,-0,-0,-0,0.070832849117430624,-0,-0,-0,0.017651494170356868,-0,-0,-0,0.07994766236059965,-0,-0,-0,0.013302433919949388,-0,-0,-0,0.084149635526656066,-0,-0
-0,-0,-0,-0,-0,-0,-0,-0,-0,-0,-0,-0,-0,-0,-0,-0,-0,-0,-0,-0,-0,-0,-0,-0,-0,-0,-0,-0,-0,-0,-0,-0
-0,-0,-0,-0,-0,-0,-0,-0,-0,-0,-0,-0,-0,-0,-0,-0,-0,-0,-0,-0,-0,-0,-0,-0,-0,-0,-0,-0,-0,-0,-0,-0
-0,-0,-0,-0,-0,-0,-0,-0,-0,-0,-0,-0,-0,-0,-0,-0,-0,-0,-0,-0,-0,-0,-0,-0,-0,-0,-0,-0,-0,-0,-0,-0
-0,-0,-0,-0,-0,-0,-0,-0,-0,-0,-0,-0,-0,-0,-0,-0,-0,-0,-0,-0,-0,-0,-0,-0,-0,-0,-0,-0,-0,-0,-0,-0
-0,-0,-0,-0,-0,-0,-0,-0,-0,-0,-0,-0,-0,-0,-0,-0,-0,-0,-0,-0,-0,-0,-0,-0,-0,-0,-0,-0,-0,-0,-0,-0
-0,-0,-0,-0,-0,-0,-0,-0,-0,-0,-0,-0,-0,-0,-0,-0,-0,-0,-0,-0,-0,-0,-0,-0,-0,-0,-0,-0,-0,-0,-0,-0
-0,-0,-0,-0,-0,-0,-0,-0,-0,-0,-0,-0,-0,-0,-0,-0,-0,-0,-0,-0,-0,-0,-0,-0,-0,-0,-0,-0,-0,-0,-0,-0
-0,-0,-0,-0,-0,-0,-0,-0,-0,-0,-0,-0,-0,-0,-0,-0,-0,-0,-0,-0,-0,-0,-0,-0,-0,-0,-0,-0,-0,-0,-0,-0
-0,-0,-0,-0,-0,-0,-0,-0,-0,-0,-0,-0,-0,-0,-0,-0,-0,-0,-0,-0,-0,-0,-0,-0,-0,-0,-0,-0,-0,-0,-0,-0
-0,0.14941987296745585,0.24307625003023031,0.088520936396474584,0.081181183937174134,0.13430765331699174,-0,-0,-0,0.14415708405558716,0.23017736948282083,0.096605603099280693,0.075341734512322553,0.12751066934160485,-0,-0,-0,0.1618389329218588,0.23664890029330662,0.090482200978380153,0.076607520134840928,0.14418682073202851,-0,-0,-0,0.15869651487185904,0.23776011048024528,0.069974384280235169,0.081230488581568824,0.13293581127907581,-0,-0
-0,0.19528645716320539,-0,0.0062457912763476302,-0,-0,-0,-0,-0,0.19293108916072674,-0,0.011029053255664459,-0,-0,-0,-0,-0,0.20434123863874257,-0,0.010671160056350947,-0,-0,-0,-0,-0,0.19488196968273389,-0,-0,-0,-0,-0,-0
-0,-0,-0,-0,-0,-0,-0,-0,-0,-0,-0,-0,-0,-0,-0,-0,-0,-0,-0,-0,-0,-0,-0,-0,-0,-0,-0,-0,-0,-0,-0,-0
-0,-0,-0,-0,-0,-0,-0,-0,-0,-0,-0,-0,-0,-0,-0,-0,-0,-0,-0,-0,-0,-0,-0,-0,-0,-0,-0,-0,-0,-0,-0,-0
-0,-0,-0,0.01791919392018599,-0,-0,-0,-0,-0,-0,-0,0.020609293693831066,-0,-0,-0,-0,-0,-0,-0,0.020682565214459596,-0,-0,-0,-0,-0,-0,-0,0.012738625455737621,-0,-0,-0,-0
-0,-0,-0,-0,-0,-0,-0,-0,-0,-0,-0,-0,-0,-0,-0,-0,-0,-0,-0,-0,-0,-0,-0,-0,-0,-0,-0,-0,-0,-0,-0,-0
-0,-0,-0,-0,-0,-0,-0,-0,-0,-0,-0,-0,-0,-0,-0,-0,-0,-0,-0,-0,-0,-0,-0,-0,-0,-0,-0,-0,-0,-0,-0,-0
0.40175738870664807,0.25917824808812856,-0,0.024397151588436757,0.39563271368318648,0.020098567927701382,0.11594735907206107,0.34200148028972588,0.40588186134358673,0.26586574256843232,-0,0.024169945099726288,0.4032541179128088,0.031131366059165385,0.12018420172100119,0.34681467231299279,0.42523272268161022,0.25717012608071332,-0,0.02979315422259133,0.39602101377989235,0.013292550296906512,0.11253512217537087,0.34531353009209675,0.40025811201866196,0.25102779438424583,-0,0.018645899200805206,0.39796174240755267,0.018584153409037123,0.12273267565359178,0.33187607562676047
-0,-0,-0,-0,-0,-0,-0,-0,-0,-0,-0,-0,-0,-0,-0,-0,-0,-0,-0,-0,-0,-0,-0,-0,-0,-0,-0,-0,-0,-0,-0,-0
-0,-0,-0,-0,-0,-0,-0,-0,-0,-0,-0,-0,-0,-0,-0,-0,-0,-0,-0,-0,-0,-0,-0,-0,-0,-0,-0,-0,-0,-0,-0,-0
-0,-0,-0,-0,-0,-0,-0,-0,-0,-0,-0,-0,-0,-0,-0,-0,-0,-0,-0,-0,-0,-0,-0,-0,-0,-0,-0,-0,-0,-0,-0,-0
-0,-0,-0,-0,-0,-0,-0,-0,-0,-0,-0,-0,-0,-0,-0,-0,-0,-0,-0,-0,-0,-0,-0,-0,-0,-0,-0,-0,-0,-0,-0,-0
-0,-0,-0,-0,-0,-0,-0,-0,-0,-0,-0,-0,-0,-0,-0,-0,-0,-0,-0,-0,-0,-0,-0,-0,-0,-0,-0,-0,-0,-0,-0,-0
-0,-0,-0,-0,-0,-0,-0,-0,-0,-0,-0,-0,-0,-0,-0,-0,-0,-0,-0,-0,-0,-0,-0,-0,-0,-0,-0,-0,-0,-0,-0,-0
-0,-0,-0,-0,-0,-0,-0,-0,-0,-0,-0,-0,-0,-0,-0,-0,-0,-0,-0,-0,-0,-0,-0,-0,-0,-0,-0,-0,-0,-0,-0,-0
-0,-0,-0,-0,-0,-0,-0,-0,-0,-0,-0,-0,-0,-0,-0,-0,-0,-0,-0,-0,-0,-0,-0,-0,-0,-0,-0,-0,-0,-0,-0,-0
-0,0.11132382527311685,-0,-0,-0,0.032774283268253178,0.12613099891468368,-0,-0,0.11581653180650638,-0,0.0041113547713096275,-0,0.037954538477873015,0.1317927175490089,-0,-0,0.11323547149426517,-0,-0,-0,0.035846247210233793,0.1273901278765224,-0,-0,0.10230650941793049,-0,0.0011700478000186045,-0,0.032283865585011687,0.11639051435138902,-0
0.12339885468167217,0.24850655721106446,-0,-0,-0,0.056455211443108395,0.20779288798655851,-0,0.10976904877830795,0.25216086871262233,-0,-0,-0,0.055692866369719506,0.21609567884726219,-0,0.12118775590297934,0.25688545143479763,-0,-0,-0,0.061074338157289937,0.20280368355176107,-0,0.11030877471459495,0.25741536406800469,-0,-0,-0,0.052649041329918142,0.1903764353950215,-0
0.54294070579771103,0.56185822318608858,0.25841290715609855,0.69624787953269029,0.82135353872897654,0.22313259043465014,0.46211789863601194,0.21889850101869612,0.53646529411967703,0.55995725784002714,0.24613821733241734,0.69927005496906725,0.81156081838745686,0.23276542252199259,0.47026729866077688,0.22507704895663105,0.54869846380754173,0.56720520628118731,0.2486223299169395,0.70612915440849511,0.81849180182139425,0.22689728104732376,0.45940693960596113,0.21782875501521798,0.5326359698315597,0.5727253419729742,0.25063525818229559,0.6908262262221323,0.81701822749368946,0.21991391061962529,0.45581986403744118,0.21823995850708466
-0,-0,-0,-0,-0,-0,-0,-0,-0,-0,-0,-0,-0,-0,-0,-0,-0,-0,-0,-0,-0,-0,-0,-0,-0,-0,-0,-0,-0,-0,-0,-0
-0,-0,-0,-0,-0,-0,-0,-0,-0,-0,-0,-0,-0,-0,-0,-0,-0,-0,-0,-0,-0,-0,-0,-0,-0,-0,-0,-0,-0,-0,-0,-0
-0,-0,-0,0.022333928595859465,0.060015396209570013,-0,0.11650521552820182,-0,-0,-0,-0,0.021519846536783144,0.049536219816253092,-0,0.11902618091502956,-0,-0,-0,-0,0.012291911871552029,0.062104772792416968,-0,0.11086683954812082,-0,-0,-0,-0,0.016746311056421145,0.065555274791821119,-0,0.10707069858287173,-0
-0,-0,-0,-0,-0,-0,-0,-0,-0,-0,-0,-0,-0,-0,-0,-0,-0,-0,-0,-0,-0,-0,-0,-0,-0,-0,-0,-0,-0,-0,-0,-0
0.1326704617524693,-0,-0,-0,-0,-0,-0,-0,0.11297041113387774,-0,-0,-0,-0,-0,-0,-0,0.13688429467253702,-0,-0,-0,-0,-0,-0,-0,0.12025545425485444,-0,-0,-0,-0,-0,-0,-0
-0,-0,-0,-0,-0,-0,-0,-0,-0,-0,-0,-0,-0,-0,-0,-0,-0,-0,-0,-0,-0,-0,-0,-0,-0,-0,-0,-0,-0,-0,-0,-0
-0,-0,-0,-0,-0,-0,-0,-0,-0,-0,-0,-0,-0,-0,-0,-0,-0,-0,-0,-0,-0,-0,-0,-0,-0,-0,-0,-0,-0,-0,-0,-0
-0,-0,-0,-0,0.015694799840998211,-0,-0,-0,-0,-0,-0,-0,0.01996004060216201,-0,-0,-0,-0,-0,-0,-0,0.018409722298112736,-0,-0,-0,-0,-0,-0,-0,0.020066917820564214,-0,-0,-0
-0,0.17033115161748241,-0,-0,0.07395931506385392,-0,-0,-0,-0,0.15969395362189948,-0,-0,0.052650059217834826,-0,-0,-0,-0,0.15854959313539976,-0,-0,0.07680233665809727,-0,-0,-0,-0,0.17336947849326129,-0,-0,0.082887834652656311,-0,-0,-0
0.078320728562579572,0.37262615056097897,-0,0.11125628521134902,0.57670512889764747,-0,0.51218622533739888,-0,0.08742621993144474,0.36354671075753042,-0,0.097322053924864399,0.56712804423969498,-0,0.51626418991060397,-0,0.07946950300492879,0.37481863302813073,-0,0.11084467859921041,0.57600385890426398,-0,0.51325139509604079,-0,0.082645490324512128,0.35988398189583448,-0,0.10580341673505007,0.56828248255788216,-0,0.52682119518775528,-0
-0,-0,-0,-0,0.033566487162766959,-0,-0,-0,-0,-0,-0,-0,0.031460850438015678,-0,-0,-0,-0,-0,-0,-0,0.031524219944332139,-0,-0,-0,-0,-0,-0,-0,0.032698210107897391,-0,-0,-0
-0,-0,-0,-0,-0,-0,-0,-0,-0,-0,-0,-0,-0,-0,-0,-0,-0,-0,-0,-0,-0,-0,-0,-0,-0,-0,-0,-0,-0,-0,-0,-0
0.17925548042966069,0.60107655649627634,0.038563027440532256,-0,0.14557838199911571,-0,0.35433011197452441,0.057583570725457466,0.17324446231127821,0.60252221777911208,0.03632396314247506,-0,0.14437973981860633,-0,0.35821598200580362,0.053974184946145295,0.17926380022575886,0.60160467445499555,0.030513350540953912,-0,0.14592639982943847,0.0018382373494495886,0.34944325894396744,0.05316891010000048,0.17934831303474971,0.59398120345688687,0.034628028672210702,-0,0.14926391973470385,-0,0.35243021241128369,0.060119095913309363
-0,-0,-0,-0,-0,-0,-0,-0,-0,-0,-0,-0,-0,-0,-0,-0,-0,-0,-0,-0,-0,-0,-0,-0,-0,-0,-0,-0,-0,-0,-0,-0
-0,-0,-0,-0,-0,-0,-0,-0,-0,-0,-0,-0,-0,-0,-0,-0,-0,-0,-0,-0,-0,-0,-0,-0,-0,-0,-0,-0,-0,-0,-0,-0
0.21858259046115208,0.0090437025367595646,-0,0.35150245723398238,0.22953117057886474,0.13609969351697584,-0,-0,0.21742652657412742,0.011147605687909571,-0,0.35914336455093032,0.21742936673055033,0.14677118864653085,-0,-0,0.23094428911806469,0.00031962639793044016,-0,0.36377288752485981,0.24109531737776577,0.13362672930782038,-0,-0,0.20724116836778975,0.025112588076797646,-0,0.3503925266967719,0.22850851793712204,0.13907959351592566,-0,-0
0.26866605521315745,-0,-0,0.17463862813868161,0.2455192715026831,0.063225665603527645,-0,-0,0.2533776836472092,-0,-0,0.17788787789386964,0.25840242988834722,0.066937660469287411,-0,-0,0.26540093942100379,-0,-0,0.17674535526981811,0.24746524429067765,0.063653467236884975,-0,-0,0.27139552149078244,-0,-0,0.1683219737617985,0.25134913025311467,0.05912220288219612,-0,-0
-0,0.61382243189329344,-0,0.12270030958909428,0.081146207151327296,-0,0.55072377659540073,0.22438224668607756,-0,0.61925371867133738,-0,0.12591567619121508,0.067981409959757502,-0,0.55892500531890088,0.22267524517180531,-0,0.62707222072218904,-0,0.11793991582852853,0.080767727167300504,-0,0.54414413130010975,0.22124656948920038,-0,0.58896363833705967,-0,0.12559635421222096,0.083065139685041381,-0,0.54389902749887276,0.23253404405891101
-0,-0,-0,-0,-0,-0,-0,-0,-0,-0,-0,-0,-0,-0,-0,-0,-0,-0,-0,-0,-0,-0,-0,-0,-0,-0,-0,-0,-0,-0,-0,-0
-0,-0,-0,-0,-0,-0,-0,-0,-0,-0,-0,-0,-0,-0,-0,-0,-0,-0,-0,-0,-0,-0,-0,-0,-0,-0,-0,-0,-0,-0,-0,-0
-0,-0,-0,-0,-0,-0,-0,-0,-0,-0,-0,-0,-0,-0,-0,-0,-0,-0,-0,-0,-0,-0,-0,-0,-0,-0,-0,-0,-0,-0,-0,-0
-0,0.23322034294062788,-0,0.10011641446158961,0.24358973521623853,-0,0.59315588507087902,-0,-0,0.22994802001821185,-0,0.087179861997870561,0.23329885477384854,-0,0.60184568108195746,-0,-0,0.23966070364529898,-0,0.092390864745304863,0.23550309968125493,-0,0.59207099179593836,-0,-0,0.22363942147296104,-0,0.097868949221162849,0.23395544748798716,-0,0.58650397732630466,-0
-0,-0,-0,-0,-0,-0,-0,-0,-0,-0,-0,-0,-0,-0,-0,-0,-0,-0,-0,-0,-0,-0,-0,-0,-0,-0,-0,-0,-0,-0,-0,-0
0.10798464608574511,-0,-0,-0,-0,0.054153825296874507,-0,-0,0.11007662144479896,-0,-0,-0,-0,0.054992666096518927,-0,-0,0.11315619912071641,-0,-0,-0,-0,0.055408610270492174,-0,-0,0.10457540715308793,-0,-0,-0,-0,0.055151625965507996,-0,-0
-0,-0,-0,-0,-0,-0,-0,-0,-0,-0,-0,-0,-0,-0,-0,-0,-0,-0,-0,-0,-0,-0,-0,-0,-0,-0,-0,-0,-0,-0,-0,-0
-0,-0,-0,-0,-0,-0,0.18229663666387319,-0,-0,-0,-0,-0,-0,-0,0.18980333533161883,-0,-0,-0,-0,-0,-0,-0,0.1841518379902268,-0,-0,-0,-0,-0,-0,-0,0.18098816072182469,-0
-0,0.063788956618784032,-0,-0,-0,-0,-0,-0,-0,0.06316705943082393,-0,-0,-0,-0,-0,-0,-0,0.054989415828832308,-0,-0,-0,-0,-0,-0,-0,0.064772869359883564,-0,-0,-0,-0,-0,-0
-0,-0,-0,-0,0.029769324742926061,0.067709499235116655,-0,-0,-0,-0,-0,0.00025619317263053356,0.01712863357048975,0.06806884165087955,-0,-0,-0,-0,-0,0.0046288332514666068,0.025949672799297961,0.074193260093847524,-0,-0,-0,-0,-0,-0,0.02536835738475782,0.066427719546382283,-0,-0
-0,-0,-0,-0,-0,-0,-0,-0,-0,-0,-0,-0,-0,-0,-0,-0,-0,-0,-0,-0,-0,-0,-0,-0,-0,-0,-0,-0,-0,-0,-0,-0
-0,-0,-0,-0,-0,-0,-0,-0,-0,-0,-0,-0,-0,-0,-0,-0,-0,-0,-0,-0,-0,-0,-0,-0,-0,-0,-0,-0,-0,-0,-0,-0
-0,-0,-0,-0,-0,-0,-0,-0,-0,-0,-0,-0,-0,-0,-0,-0,-0,-0,-0,-0,-0,-0,-0,-0,-0,-0,-0,-0,-0,-0,-0,-0
-0,-0,-0,-0,-0,-0,-0,-0,-0,-0,-0,-0,-0,-0,-0,-0,-0,-0,-0,-0,-0,-0,-0,-0,-0,-0,-0,-0,-0,-0,-0,-0
-0,-0,-0,-0,-0,-0,-0,-0,-0,-0,-0,-0,-0,-0,-0,-0,-0,-0,-0,-0,-0,-0,-0,-0,-0,-0,-0,-0,-0,-0,-0,-0
-0,-0,-0,-0,-0,-0,-0,-0,-0,-0,-0,-0,-0,-0,-0,-0,-0,-0,-0,-0,-0,-0,-0,-0,-0,-0,-0,-0,-0,-0,-0,-0
-0,-0,-0,-0,-0,-0,-0,-0,-0,-0,-0,-0,-0,-0,-0,-0,-0,-0,-0,-0,-0,-0,-0,-0,-0,-0,-0,-0,-0,-0,-0,-0
-0,0.063264207484856658,-0,-0,-0,-0,-0,-0,-0,0.070099437287678465,-0,-0,-0,-0,-0,-0,-0,0.073866927655593953,-0,-0,-0,-0,-0,-0,-0,0.048805912630496794,-0,-0,-0,-0,-0,-0
-0,-0,-0,-0,-0,-0,-0,-0,-0,-0,-0,-0,-0,-0,-0,-0,-0,-0,-0,-0,-0,-0,-0,-0,-0,-0,-0,-0,-0,-0,-0,-0
-0,-0,-0,-0,-0,-0,-0,-0,-0,-0,-0,-0,-0,-0,-0,-0,-0,-0,-0,-0,-0,-0,-0,-0,-0,-0,-0,-0,-0,-0,-0,-0
-0,-0,-0,-0,-0,-0,-0,-0,-0,-0,-0,-0,-0,-0,-0,-0,-0,-0,-0,-0,-0,-0,-0,-0,-0,-0,-0,-0,-0,-0,-0,-0
-0,-0,-0,-0,-0,-0,-0,-0,-0,-0,-0,-0,-0,-0,-0,-0,-0,-0,-0,-0,-0,-0,-0,-0,-0,-0,-0,-0,-0,-0,-0,-0
-0,-0,-0,-0,-0,-0,-0,-0,-0,-0,-0,-0,-0,-0,-0,-0,0.0030523498149794019,-0,-0,-0,-0,-0,-0,-0,-0,-0,-0,-0,-0,-0,-0,-0
-0,-0,-0,-0,-0,-0,-0,-0,-0,-0,-0,-0,-0,-0,-0,-0,-0,-0,-0,-0,-0,-0,-0,-0,-0,-0,-0,-0,-0,-0,-0,-0
-0,-0,-0,-0,-0,-0,-0,-0,-0,-0,-0,-0,-0,-0,-0,-0,-0,-0,-0,-0,-0,-0,-0,-0,-0,-0,-0,-0,-0,-0,-0,-0
-0,-0,-0,-0,-0,-0,-0,-0,-0,-0,-0,-0,-0,-0,-0,-0,-0,-0,-0,-0,-0,-0,-0,-0,-0,-0,-0,-0,-0,-0,-0,-0
-0,-0,-0,-0,-0,-0,-0,-0,-0,-0,-0,-0,-0,-0,-0,-0,-0,-0,-0,-0,-0,-0,-0,-0,-0,-0,-0,-0,-0,-0,-0,-0
-0,-0,-0,-0,-0,-0,-0,-0,-0,-0,-0,-0,-0,-0,-0,-0,-0,-0,-0,-0,-0,-0,-0,-0,-0,-0,-0,-0,-0,-0,-0,-0
-0,-0,-0,-0,-0,-0,-0,-0,-0,-0,-0,-0,-0,-0,-0,-0,-0,-0,-0,-0,-0,-0,-0,-0,-0,-0,-0,-0,-0,-0,-0,-0
-0,-0,-0,-0,-0,-0,0.013986623203303419,-0,-0,-0,-0,-0,-0,-0,0.020613583110736938,-0,-0,-0,-0,-0,-0,-0,0.013096237189481042,-0,-0,-0,-0,-0,-0,-0,0.0039528734030410614,-0
0.039790144760098407,0.32975635742328208,-0,-0,-0,-0,0.051351316861351401,-0,0.034001114670096595,0.33661466648920363,-0,-0,-0,-0,0.050560798846914883,-0,0.041542846466978894,0.33090027141977185,-0,-0,-0,-0,0.050669430467977866,-0,0.038200819148479941,0.31412787741498444,-0,-0,-0,-0,0.061765439551478445,-0
-0,-0,-0,-0,-0,-0,-0,-0,-0,-0,-0,-0,-0,-0,-0,-0,-0,-0,-0,-0,-0,-0,-0,-0,-0,-0,-0,-0,-0,-0,-0,-0
-0,-0,-0,-0,-0,-0,-0,-0,-0,-0,-0,-0,-0,-0,-0,-0,-0,-0,-0,-0,-0,-0,-0,-0,-0,-0,-0,-0,-0,-0,-0,-0
-0,-0,-0,-0,-0,-0,-0,-0,-0,-0,-0,-0,-0,-0,-0,-0,-0,-0,-0,-0,-0,-0,-0,-0,-0,-0,-0,-0,-0,-0,-0,-0
-0,-0,-0,-0,-0,-0,-0,-0,-0,-0,-0,-0,-0,-0,-0,-0,-0,-0,-0,-0,-0,-0,-0,-0,-0,-0,-0,-0,-0,-0,-0,-0
-0,-0,-0,-0,-0,-0,-0,-0,-0,-0,-0,-0,-0,-0,-0,-0,-0,-0,-0,-0,-0,-0,-0,-0,-0,-0,-0,-0,-0,-0,-0,-0
-0,-0,-0,-0,-0,-0,-0,-0,-0,-0,-0,-0,-0,-0,-0,-0,-0,-0,-0,-0,-0,-0,-0,-0,-0,-0,-0,-0,-0,-0,-0,-0
-0,-0,-0,-0,-0,-0,-0,-0,-0,-0,-0,-0,-0,-0,-0,-0,-0,-0,-0,-0,-0,-0,-0,-0,-0,-0,-0,-0,-0,-0,-0,-0
-0,-0,-0,-0,-0,-0,-0,-0,-0,-0,-0,-0,-0,-0,-0,-0,-0,-0,-0,-0,-0,-0,-0,-0,-0,-0,-0,-0,-0,-0,-0,-0
-0,-0,-0,-0,-0,-0,-0,-0,-0,-0,-0,-0,-0,-0,-0,-0,-0,-0,-0,-0,-0,-0,-0,-0,-0,-0,-0,-0,-0,-0,-0,-0
-0,-0,-0,-0,-0,-0,-0,-0,-0,-0,-0,-0,-0,-0,-0,-0,-0,-0,-0,-0,-0,-0,-0,-0,-0,-0,-0,-0,-0,-0,-0,-0
-0,0.1252521143116952,-0,-0,-0,-0,0.06368328772805365,-0,-0,0.12301595856308192,-0,-0,-0,-0,0.065277091973418855,-0,-0,0.12931747455037768,-0,-0,-0,-0,0.061457332807472606,-0,-0,0.11886631109982924,-0,-0,-0,-0,0.061327002881880081,-0
-0,-0,-0,-0,-0,-0,-0,-0,-0,-0,-0,-0,-0,-0,-0,-0,-0,-0,-0,-0,-0,-0,-0,-0,-0,-0,-0,-0,-0,-0,-0,-0
-0,0.16396318547906599,0.1671835952085686,0.072004878522741067,0.26155082346633585,0.038663818744627182,0.14968570297357711,0.1570304201257347,-0,0.16391803005198183,0.16936686013227606,0.064937414419837997,0.2595230532058021,0.039573659961967919,0.15105681883694391,0.15018143914070797,-0,0.16581847550650014,0.1656996309680891,0.072804242860208437,0.25445156516894363,0.044064723935834313,0.14949132385677849,0.15905112958963588,-0,0.16038702729834617,0.16769987033012465,0.073368218835175733,0.25539191015881113,0.036425525392149202,0.15321951381704452,0.16379252025579416
-0,-0,-0,-0,-0,-0,-0,-0,-0,-0,-0,-0,-0,-0,-0,-0,-0,-0,-0,-0,-0,-0,-0,-0,-0,-0,-0,-0,-0,-0,-0,-0
-0,0.058470022846264472,0.21334786614479009,-0,0.22191065114303093,0.14167539589377062,-0,-0,-0,0.062363480770295701,0.20869273502389352,-0,0.22271623233782598,0.13447619755276821,-0,-0,-0,0.065845228291606689,0.20557662001069169,-0,0.21859854632004222,0.14113590564157347,-0,-0,-0,0.0558343501656954,0.20893239629506855,-0,0.22463808466836246,0.14303822061226043,-0,-0
-0,-0,-0,-0,-0,-0,-0,-0,-0,-0,-0,-0,-0,-0,-0,-0,-0,-0,-0,-0,-0,-0,-0,-0,-0,-0,-0,-0,-0,-0,-0,-0
-0,-0,-0,-0,-0,-0,-0,-0,-0,-0,-0,-0,-0,-0,-0,-0,-0,-0,-0,-0,-0,-0,-0,-0,-0,-0,-0,-0,-0,-0,-0,-0
-0,-0,-0,0.51548030554868907,0.3955022556724957,0.026299638303188148,0.055990386011449393,-0,-0,-0,-0,0.51911339224607489,0.36540545410407549,0.039553277194743656,0.067250578998897095,-0,-0,-0,-0,0.51202500487526603,0.40313860945933017,0.033759533643144463,0.054918658579877516,-0,-0,-0,-0,0.51508827255805123,0.38401020075635933,0.022436011480349037,0.049692642416848808,-0
-0,-0,-0,-0,0.066147686968925201,-0,0.030451000987254541,-0,-0,-0,-0,-0,0.062751241362136487,-0,0.032273762643250763,-0,-0,-0,-0,-0,0.063771498293848983,-0,0.036696528656216636,-0,-0,-0,-0,-0,0.06327362492755742,-0,0.029278425750251712,-0
-0,-0,-0,-0,-0,0.12691226393357133,-0,-0,-0,-0,-0,-0,-0,0.12210508960768746,-0,-0,-0,-0,-0,-0,-0,0.12983884451356237,-0,-0,-0,-0,-0,-0,-0,0.12750935666094412,-0,-0
-0,0.36577641499967833,0.017494217978421038,0.068890053092247758,-0,-0,0.50057875446480971,-0,-0,0.36391386567882683,0.022436062855389557,0.06138957308280759,-0,-0,0.50747159577911749,-0,-0,0.3693368543349756,0.017076158276629168,0.065168424592936647,-0,-0,0.50210354122226253,-0,-0,0.3553387764046268,0.0087535858930161605,0.056715306736415713,-0,-0,0.5043619519804905,-0
0.14135893966209495,0.074299685708802771,0.50983971540509321,0.37775296186909818,0.40103240200679063,0.060374806843062158,-0,-0,0.14235467089289836,0.067443880102050338,0.50765915735216238,0.37994368558154357,0.39130044009230602,0.060458129069021621,-0,-0,0.13762033023534609,0.078707942970349692,0.50505687649738107,0.37995478117081366,0.40175148197885696,0.056253463907296554,-0,-0,0.13516435189897147,0.076747820347822612,0.50342670217941987,0.36937504605310278,0.3981378006889581,0.059653882731427028,-0,-0
-0,-0,-0,-0,-0,-0,-0,-0,-0,-0,-0,-0,-0,-0,-0,-0,-0,-0,-0,-0,-0,-0,-0,-0,-0,-0,-0,-0,-0,-0,-0,-0
-0,-0,-0,-0,-0,-0,-0,-0,-0,-0,-0,-0,-0,-0,-0,-0,-0,-0,-0,-0,-0,-0,-0,-0,-0,-0,-0,-0,-0,-0,-0,-0
-0,-0,-0,-0,-0,-0,-0,0.039059978986874008,-0,-0,-0,-0,-0,-0,-0,0.034979669059059096,-0,-0,-0,-0,-0,-0,-0,0.048504449282515225,-0,-0,-0,-0,-0,-0,-0,0.042360706464181656
-0,-0,-0,-0,-0,-0,-0,-0,-0,-0,-0,-0,-0,-0,-0,-0,-0,-0,-0,-0,-0,-0,-0,-0,-0,-0,-0,-0,-0,-0,-0,-0
-0,-0,-0,-0,-0,-0,-0,-0,-0,-0,-0,-0,-0,-0,-0,-0,-0,-0,-0,-0,-0,-0,-0,-0,-0,-0,-0,-0,-0,-0,-0,-0
-0,-0,-0,-0,0.092895043959011409,-0,0.25007719126982464,-0,-0,-0,-0,-0,0.090881584083593411,-0,0.25384915159035082,-0,-0,-0,-0,-0,0.087681784458299897,-0,0.25969044375401268,-0,-0,-0,-0,-0,0.089732227337450343,-0,0.25061521415701205,-0
-0,0.22579146603988315,0.091658480538076167,0.0037452476549727155,0.099301438979946532,-0,0.25661775204313475,0.014749281731033721,-0,0.22694771248028128,0.091151853274895139,-0,0.097828341139129998,-0,0.25810902575706124,0.011486007881989951,-0,0.22957222677373845,0.092894282872779357,0.0030782210115094695,0.09867418898980769,-0,0.25822083311273097,0.010365046125166359,-0,0.22123279262654533,0.087967778535771549,0.0041540160903532101,0.096659615139772614,-0,0.26234332241572866,0.013092366707910164
-0,-0,-0,-0,-0,-0,-0,-0,-0,-0,-0,-0,-0,-0,-0,-0,-0,-0,-0,-0,-0,-0,-0,-0,-0,-0,-0,-0,-0,-0,-0,-0
-0,0.25283587813208275,-0,0.053035121672489548,-0,-0,0.056640416242616072,0.10635711016007018,-0,0.26093136871466222,-0,0.056813080227261663,-0,-0,0.061497881373928219,0.099442284439422476,-0,0.25404836875717046,-0,0.073591358649876176,-0,-0,0.060321792505344862,0.11405751503532266,-0,0.25148903957537605,-0,0.056262259068460309,-0,-0,0.052137790140072922,0.10461349971668968
-0,-0,-0,-0,-0,-0,-0,-0,-0,-0,-0,-0,-0,-0,-0,-0,-0,-0,-0,-0,-0,-0,-0,-0,-0,-0,-0,-0,-0,-0,-0,-0
-0,-0,-0,-0,-0,-0,-0,-0,-0,-0,-0,-0,-0,-0,-0,-0,-0,-0,-0,-0,-0,-0,-0,-0,-0,-0,-0,-0,-0,-0,-0,-0
-0,-0,-0,-0,-0,-0,-0,-0,-0,-0,-0,-0,-0,-0,-0,-0,-0,-0,-0,-0,-0,-0,-0,-0,-0,-0,-0,-0,-0,-0,-0,-0
-0,-0,-0,-0,-0,-0,-0,-0,-0,-0,-0,-0,-0,-0,-0,-0,-0,-0,-0,-0,-0,-0,-0,-0,-0,-0,-0,-0,-0,-0,-0,-0
-0,-0,-0,-0,-0,-0,-0,-0,-0,-0,-0,-0,-0,-0,-0,-0,-0,-0,-0,-0,-0,-0,-0,-0,-0,-0,-0,-0,-0,-0,-0,-0
-0,-0,-0,-0,-0,-0,-0,-0,-0,-0,-0,-0,-0,-0,-0,-0,-0,-0,-0,-0,-0,-0,-0,-0,-0,-0,-0,-0,-0,-0,-0,-0
-0,-0,-0,0.040733259061770014,0.34432651863125541,-0,0.29006322994338257,-0,-0,-0,-0,0.037105312636221237,0.34142633203540645,-0,0.29403825673437611,-0,-0,-0,-0,0.038119789754217433,0.33354692433426208,-0,0.28559562002227667,-0,-0,-0,-0,0.037209765798116433,0.34903254659133287,-0,0.27846631119546872,-0
-0,-0,-0,-0,-0,-0,-0,-0,-0,-0,-0,-0,-0,-0,-0,-0,-0,-0,-0,-0,-0,-0,-0,-0,-0,-0,-0,-0,-0,-0,-0,-0
-0,-0,-0,0.34650448487962149,0.5397440232667402,-0,0.081980648867281944,0.15841413557588507,-0,-0,-0,0.34945665385654107,0.54627166981567743,-0,0.075629052492042451,0.15951517333478962,-0,-0,-0,0.3486248802694687,0.54661391554609928,-0,0.079158564771934239,0.16272876706684264,-0,-0,-0,0.33712609364968549,0.54889194962997456,-0,0.081252686974255403,0.1540661524943191
-0,-0,-0,-0,-0,-0,-0,-0,-0,-0,-0,-0,-0,-0,-0,-0,-0,-0,-0,-0,-0,-0,-0,-0,-0,-0,-0,-0,-0,-0,-0,-0
-0,-0,-0,-0,-0,0.10122225628461709,-0,-0,-0,-0,-0,-0,-0,0.10479011904331152,-0,-0,-0,-0,-0,-0,-0,0.10355436917097666,-0,-0,-0,-0,-0,-0,-0,0.10063420469027538,-0,-0
-0,-0,-0,-0,-0,-0,-0,-0,-0,-0,-0,-0,-0,-0,-0,-0,-0,-0,-0,-0,-0,-0,-0,-0,-0,-0,-0,-0,-0,-0,-0,-0
0.06158498986678182,-0,-0,-0,-0,-0,-0,-0,0.060061121537341604,-0,-0,-0,-0,-0,-0,-0,0.076156578972752367,-0,-0,-0,-0,-0,-0,-0,0.053741278061834465,-0,-0,-0,-0,-0,-0,-0
0.019133717710571523,-0,-0,-0,-0,-0,-0,-0,0.019335025925999078,-0,-0,-0,-0,-0,-0,-0,0.022850847852713494,-0,-0,-0,-0,-0,-0,-0,0.012764376692116311,-0,-0,-0,-0,-0,-0,-0
-0,-0,-0,-0,-0,-0,-0,-0,-0,-0,-0,-0,-0,-0,-0,-0,-0,-0,-0,-0,-0,-0,-0,-0,-0,-0,-0,-0,-0,-0,-0,-0
-0,-0,-0,-0,-0,-0,-0,-0,-0,-0,-0,-0,-0,-0,-0,-0,-0,-0,-0,-0,-0,-0,-0,-0,-0,-0,-0,-0,-0,-0,-0,-0
-0,-0,-0,-0,-0,-0,-0,-0,-0,-0,-0,-0,-0,-0,-0,-0,-0,-0,-0,-0,-0,-0,-0,-0,-0,-0,-0,-0,-0,-0,-0,-0
-0,-0,-0,-0,-0,-0,-0,-0,-0,-0,-0,-0,-0,-0,-0,-0,-0,-0,-0,-0,-0,-0,-0,-0,-0,-0,-0,-0,-0,-0,-0,-0
-0,-0,-0,-0,-0,-0,-0,-0,-0,-0,-0,-0,-0,-0,-0,-0,-0,-0,-0,-0,-0,-0,-0,-0,-0,-0,-0,-0,-0,-0,-0,-0
-0,-0,-0,-0,-0,-0,-0,-0,-0,-0,-0,-0,-0,-0,-0,-0,-0,-0,-0,-0,-0,-0,-0,-0,-0,-0,-0,-0,-0,-0,-0,-0
-0,-0,-0,-0,-0,-0,-0,-0,-0,-0,-0,-0,-0,-0,-0,-0,-0,-0,-0,-0,-0,-0,-0,-0,-0,-0,-0,-0,-0,-0,-0,-0
-0,-0,-0,-0,-0,-0,-0,-0,-0,-0,-0,-0,-0,-0,-0,-0,-0,-0,-0,-0,-0,-0,-0,-0,-0,-0,-0,-0,-0,-0,-0,-0
-0,-0,-0,-0,-0,-0,-0,-0,-0,-0,-0,-0,-0,-0,-0,-0,-0,-0,-0,-0,-0,-0,-0,-0,-0,-0,-0,-0,-0,-0,-0,-0
-0,-0,-0,-0,-0,-0,-0,-0,-0,-0,-0,-0,-0,-0,-0,-0,-0,-0,-0,-0,-0,-0,-0,-0,-0,-0,-0,-0,-0,-0,-0,-0
-0,-0,-0,-0,-0,-0,-0,-0,-0,-0,-0,-0,-0,-0,-0,-0,-0,-0,-0,-0,-0,-0,-0,-0,-0,-0,-0,-0,-0,-0,-0,-0
-0,-0,-0,-0,-0,-0,-0,-0,-0,-0,-0,-0,-0,-0,-0,-0,-0,-0,-0,-0,-0,-0,-0,-0,-0,-0,-0,-0,-0,-0,-0,-0
-0,-0,-0,-0,-0,-0,-0,-0,-0,-0,-0,-0,-0,-0,-0,-0,-0,-0,-0,-0,-0,-0,-0,-0,-0,-0,-0,-0,-0,-0,-0,-0
0.049862521933408184,0.76841588100736968,-0,0.033752068071634785,0.061903150561325337,-0,0.13915321261058061,-0,0.038761741157586967,0.77503639227268584,-0,0.044106799432985913,0.049067846643176607,-0,0.14738646686839962,-0,0.055506139173304631,0.78011382651791294,-0,0.036487461968501576,0.061237377165022387,-0,0.13425375645743351,-0,0.034919623071275468,0.76526644018332668,-0,0.029843390092613661,0.065185851819147572,-0,0.13052002000775137,-0
-0,-0,-0,-0,-0,-0,-0,-0,-0,-0,-0,-0,-0,-0,-0,-0,-0,-0,-0,-0,-0,-0,-0,-0,-0,-0,-0,-0,-0,-0,-0,-0
-0,-0,-0,-0,-0,-0,-0,-0,-0,-0,-0,-0,-0,-0,-0,-0,-0,-0,-0,-0,-0,-0,-0,-0,-0,-0,-0,-0,-0,-0,-0,-0
-0,-0,-0,-0,-0,-0,-0,-0,-0,-0,-0,-0,-0,-0,-0,-0,-0,-0,-0,-0,-0,-0,-0,-0,-0,-0,-0,-0,-0,-0,-0,-0
-0,-0,-0,-0,-0,-0,-0,-0,-0,-0,-0,-0,-0,-0,-0,-0,-0,-0,-0,-0,-0,-0,-0,-0,-0,-0,-0,-0,-0,-0,-0,-0
-0,-0,-0,-0,-0,-0,-0,-0,-0,-0,-0,-0,-0,-0,-0,-0,-0,-0,-0,-0,-0,-0,-0,-0,-0,-0,-0,-0,-0,-0,-0,-0
-0,-0,-0,-0,-0,-0,-0,-0,-0,-0,-0,-0,-0,-0,-0,-0,-0,-0,-0,-0,-0,-0,-0,-0,-0,-0,-0,-0,-0,-0,-0,-0
0.18835431288026955,-0,-0,0.020681901831888654,-0,0.145199882605861,-0,0.019284822687831854,0.18020593753837891,-0,-0,0.016571075520594353,-0,0.15561900544645541,-0,0.024998842576698925,0.19109075604762796,-0,-0,0.021209636646373826,-0,0.14009433060632437,-0,0.018189545089782266,0.18913019532615427,-0,-0,0.016681871584788156,-0,0.14006235826869848,-0,0.00909733398352402
0.095491584383997505,-0,-0,-0,-0,0.074728250038878521,-0,-0,0.089995886859163224,-0,-0,-0,-0,0.073188401545817586,-0,-0,0.10076916591043701,-0,-0,-0,-0,0.067381387392999148,-0,-0,0.090072234968429796,-0,-0,-0,-0,0.074988029286385871,-0,-0
-0,-0,-0,-0,-0,-0,-0,-0,-0,-0,-0,-0,-0,-0,-0,-0,-0,-0,-0,-0,-0,-0,-0,-0,-0,-0,-0,-0,-0,-0,-0,-0
-0,-0,-0,-0,-0,-0,-0,-0,-0,-0,-0,-0,-0,-0,-0,-0,-0,-0,-0,-0,-0,-0,-0,-0,-0,-0,-0,-0,-0,-0,-0,-0
-0,-0,-0,-0,-0,-0,-0,-0,-0,-0,-0,-0,-0,-0,-0,-0,-0,-0,-0,-0,-0,-0,-0,-0,-0,-0,-0,-0,-0,-0,-0,-0
-0,-0,-0,-0,-0,-0,-0,-0,-0,-0,-0,-0,-0,-0,-0,-0,-0,-0,-0,-0,-0,-0,-0,-0,-0,-0,-0,-0,-0,-0,-0,-0
-0,-0,-0,-0,-0,-0,-0,-0,-0,-0,-0,-0,-0,-0,-0,-0,-0,-0,-0,-0,-0,-0,-0,-0,-0,-0,-0,-0,-0,-0,-0,-0
-0,0.12449320278007917,-0,-0,0.43218756935928515,-0,0.18692755652971996,-0,-0,0.12247328763874044,-0,-0,0.42657235280728928,-0,0.1847510096340769,-0,-0,0.12665813778626592,-0,-0,0.42732236183889916,-0,0.18508443016758394,-0,-0,0.11602198813248699,-0,-0,0.43970706706343632,-0,0.18901705008805564,-0
-0,-0,-0,-0,-0,-0,-0,-0,-0,-0,-0,-0,-0,-0,-0,-0,-0,-0,-0,-0,-0,-0,-0,-0,-0,-0,-0,-0,-0,-0,-0,-0
-0,-0,-0,-0,-0,-0,-0,-0,-0,-0,-0,-0,-0,-0,-0,-0,-0,-0,-0,-0,-0,-0,-0,-0,-0,-0,-0,-0,-0,-0,-0,-0
-0,-0,-0,-0,-0,-0,-0,-0,-0,-0,-0,-0,-0,-0,-0,-0,-0,-0,-0,-0,-0,-0,-0,-0,-0,-0,-0,-0,-0,-0,-0,-0
-0,-0,-0,-0,-0,-0,-0,-0,-0,-0,-0,-0,-0,-0,-0,-0,-0,-0,-0,-0,-0,-0,-0,-0,-0,-0,-0,-0,-0,-0,-0,-0
-0,-0,-0,0.081860962566495388,0.058747580107806271,-0,-0,-0,-0,-0,-0,0.088825160324970814,0.052293100530049035,-0,-0,-0,-0,-0,-0,0.082100580448156713,0.060890052528812716,-0,-0,-0,-0,-0,-0,0.076031061321228763,0.051868429640231341,-0,-0,-0
-0,-0,-0,-0,-0,-0,-0,-0,-0,-0,-0,-0,-0,-0,-0,-0,-0,-0,-0,-0,-0,-0,-0,-0,-0,-0,-0,-0,-0,-0,-0,-0
-0,-0,-0,-0,-0,-0,-0,-0,-0,-0,-0,-0,-0,-0,-0,-0,-0,-0,-0,-0,-0,-0,-0,-0,-0,-0,-0,-0,-0,-0,-0,-0
-0,-0,-0,0.018257515177625021,0.27112722665391364,-0,0.077720077053878719,-0,-0,-0,-0,0.012926435935193107,0.2694762290765223,-0,0.079373765961614745,-0,-0,-0,-0,0.022147744394462644,0.26037196848786509,-0,0.080216926288065621,-0,-0,-0,-0,0.020143772270423386,0.26608096856029445,-0,0.080044760228660125,-0
-0,-0,-0,-0,-0,-0,-0,-0,-0,-0,-0,-0,-0,-0,-0,-0,-0,-0,-0,-0,-0,-0,-0,-0,-0,-0,-0,-0,-0,-0,-0,-0
-0,0.12088202690847685,-0,-0,-0,-0,0.053211608923854473,-0,-0,0.12217342269470298,-0,-0,-0,-0,0.050961085155462008,-0,-0,0.12357931303008853,-0,-0,-0,-0,0.053908601237501845,-0,-0,0.11410168163254472,-0,-0,-0,-0,0.055768276764450189,-0
-0,-0,-0,-0,-0,-0,-0,-0,-0,-0,-0,-0,-0,-0,-0,-0,-0,-0,-0,-0,-0,-0,-0,-0,-0,-0,-0,-0,-0,-0,-0,-0
-0,-0,-0,-0,-0,-0,-0,-0,-0,-0,-0,-0,-0,-0,-0,-0,-0,-0,-0,-0,-0,-0,-0,-0,-0,-0,-0,-0,-0,-0,-0,-0
-0,-0,-0,-0,0.28001546011496276,-0,-0,-0,-0,-0,-0,-0,0.27074929819134014,-0,-0,-0,-0,-0,-0,-0,0.27672988215553296,-0,-0,-0,-0,-0,-0,-0,0.27364076917533409,-0,-0,-0
-0,-0,-0,-0,0.13371386127645118,-0,-0,-0,-0,-0,-0,-0,0.11930038646270916,-0,-0,-0,-0,-0,-0,-0,0.13683164910503393,-0,-0,-0,-0,-0,-0,-0,0.13332445806932125,-0,-0,-0
-0,0.40742216063481657,-0,-0,-0,-0,0.078117149787015824,-0,-0,0.41202345623837044,-0,-0,-0,-0,0.084558644597456642,-0,-0,0.4196641358272073,-0,-0,-0,-0,0.072186474577746851,-0,-0,0.40699757538110476,-0,-0,-0,-0,0.074160097831449584,-0
-0,-0,-0,-0,-0,-0,-0,-0,-0,-0,-0,-0,-0,-0,-0,-0,-0,-0,-0,-0,-0,-0,-0,-0,-0,-0,-0,-0,-0,-0,-0,-0
-0,-0,-0,-0,-0,-0,-0,-0,-0,-0,-0,-0,-0,-0,-0,-0,-0,-0,-0,-0,-0,-0,-0,-0,-0,-0,-0,-0,-0,-0,-0,-0
-0,-0,-0,-0,-0,-0,-0,-0,-0,-0,-0,-0,-0,-0,-0,-0,-0,-0,-0,-0,-0,-0,-0,-0,-0,-0,-0,-0,-0,-0,-0,-0
-0,-0,-0,-0,-0,-0,-0,-0,-0,-0,-0,-0,-0,-0,-0,-0,-0,-0,-0,-0,-0,-0,-0,-0,-0,-0,-0,-0,-0,-0,-0,-0
-0,-0,-0,-0,-0,-0,-0,-0,-0,-0,-0,-0,-0,-0,-0,-0,-0,-0,-0,-0,-0,-0,-0,-0,-0,-0,-0,-0,-0,-0,-0,-0
-0,-0,-0,0.11278674987216797,0.10764674851714438,-0,-0,-0,-0,-0,-0,0.1179644995465338,0.10331668525312095,-0,-0,-0,-0,-0,-0,0.11066613275625506,0.10804657294284792,-0,-0,-0,-0,-0,-0,0.11179742999494614,0.11075725440767249,-0,-0,-0
-0,-0,-0,-0,-0,-0,-0,-0,-0,-0,-0,-0,-0,-0,-0,-0,-0,-0,-0,-0,-0,-0,-0,-0,-0,-0,-0,-0,-0,-0,-0,-0
-0,-0,-0,-0,-0,-0,-0,-0,-0,-0,-0,-0,-0,-0,-0,-0,-0,-0,-0,-0,-0,-0,-0,-0,-0,-0,-0,-0,-0,-0,-0,-0
-0,-0,-0,-0,-0,-0,-0,-0,-0,-0,-0,-0,-0,-0,-0,-0,-0,-0,-0,-0,-0,-0,-0,-0,-0,-0,-0,-0,-0,-0,-0,-0
-0,-0,-0,-0,-0,-0,-0,-0,-0,-0,-0,-0,-0,-0,-0,-0,-0,-0,-0,-0,-0,-0,-0,-0,-0,-0,-0,-0,-0,-0,-0,-0
0.22815931395589276,0.13615192007537297,-0,0.41510325226188127,0.23079806030788633,0.23701518779622638,0.49408052451789042,-0,0.23355803747649101,0.14197566493902197,-0,0.40806091963435898,0.22528702968190564,0.24570449337355199,0.50151379774627303,-0,0.22151031159114293,0.13594787652601345,-0,0.41927667689174009,0.23427100592352174,0.23977760575039428,0.50130082293198797,-0,0.22620646040227843,0.12107103234181642,-0,0.4165526238802853,0.22844019566614013,0.23682648945647319,0.48668398082768505,-0
-0,-0,-0,-0,-0,-0,-0,-0,-0,-0,-0,-0,-0,-0,-0,-0,-0,-0,-0,-0,-0,-0,-0,-0,-0,-0,-0,-0,-0,-0,-0,-0
-0,-0,-0,-0,-0,-0,-0,-0,-0,-0,-0,-0,-0,-0,-0,-0,-0,-0,-0,-0,-0,-0,-0,-0,-0,-0,-0,-0,-0,-0,-0,-0
-0,-0,-0,-0,-0,-0,-0,-0,-0,-0,-0,-0,-0,-0,-0,-0,-0,-0,-0,-0,-0,-0,-0,-0,-0,-0,-0,-0,-0,-0,-0,-0
-0,-0,-0,-0,-0,-0,-0,-0,-0,-0,-0,-0,-0,-0,-0,-0,-0,-0,-0,-0,-0,-0,-0,-0,-0,-0,-0,-0,-0,-0,-0,-0
-0,0.018541326666015184,-0,0.39684646564213388,0.7136180284928989,-0,0.39376938319477844,-0,-0,0.014494051388149604,-0,0.39373600381981855,0.7106418302736115,-0,0.39499375889892685,-0,-0,0.031967171163483597,-0,0.39585652034624819,0.70666394361479945,-0,0.39630207692768038,-0,-0,0.002608335842275749,-0,0.39581138077150702,0.71309489444335028,-0,0.39248737096722303,-0
-0,0.36663012263164374,0.14322764682625869,0.118739848088512,0.024597434459819763,0.19780766587446114,-0,-0,-0,0.37251265385732285,0.13294197671943581,0.12288477331493904,0.015327097052706304,0.19413739966892402,-0,-0,-0,0.37584998172644501,0.14464195291754889,0.12626021422405329,0.029117765519927081,0.20194371413722809,-0,-0,-0,0.35934642974110431,0.14185212009461218,0.11572176696314312,0.024041448446057767,0.20205759684079083,-0,-0
-0,0.27691794077192827,-0,-0,-0,-0,-0,-0,-0,0.28479932836119598,-0,-0,-0,-0,-0,-0,-0,0.2756651106105581,-0,-0,-0,-0,-0,-0,-0,0.26724407612566348,-0,-0,-0,-0,-0,-0
-0,-0,-0,-0,-0,-0,-0,-0,-0,-0,-0,-0,-0,-0,-0,-0,-0,-0,-0,-0,-0,-0,-0,-0,-0,-0,-0,-0,-0,-0,-0,-0
0.13324018763167422,0.33318209845808061,0.10673732629259014,0.25727788552219844,0.66994200907000923,0.21908700466656836,0.037936734196317184,-0,0.1316968769512841,0.32828559096306087,0.085614139917920648,0.25790586646806701,0.66070302127637526,0.21674921676768891,0.042608817107354299,-0,0.13342513997062092,0.34698975993375425,0.10275752192138043,0.25965256389768815,0.66565411380141792,0.21215222045986185,0.03650373156751812,-0,0.12549613365174273,0.33197715371920922,0.10079197912819034,0.25283073529276356,0.667079965117928,0.21620513862895249,0.039926122206272098,-0
-0,-0,-0,-0,-0,-0,-0,-0,-0,-0,-0,-0,-0,-0,-0,-0,-0,-0,-0,-0,-0,-0,-0,-0,-0,-0,-0,-0,-0,-0,-0,-0
-0,-0,-0,-0,-0,-0,-0,-0,-0,-0,-0,-0,-0,-0,-0,-0,-0,-0,-0,-0,-0,-0,-0,-0,-0,-0,-0,-0,-0,-0,-0,-0
-0,-0,0.070765147487529712,-0,-0,-0,-0,-0,-0,-0,0.075034019861794282,-0,-0,-0,-0,-0,-0,-0,0.066651330482054086,-0,-0,-0,-0,-0,-0,-0,0.062882572825546004,-0,-0,-0,-0,-0
-0,-0,-0,-0,-0,-0,-0,-0,-0,-0,-0,-0,-0,-0,-0,-0,-0,-0,-0,-0,-0,-0,-0,-0,-0,-0,-0,-0,-0,-0,-0,-0
-0,-0,-0,-0,-0,-0,-0,-0,-0,-0,-0,-0,-0,-0,-0,-0,-0,-0,-0,-0,-0,-0,-0,-0,-0,-0,-0,-0,-0,-0,-0,-0
-0,0.0044336442058618714,-0,-0,-0,-0,-0,-0,-0,0.0075652434750941785,-0,-0,-0,-0,-0,-0,-0,0.018890362602071071,-0,-0,-0,-0,-0,-0,-0,0.0087842251167678104,-0,-0,-0,-0,-0,-0
-0,-0,0.13112226844860145,0.071578820310854385,0.22381223894159746,-0,-0,-0,-0,-0,0.12153710226993908,0.07641164994720745,0.20983620897519789,-0,-0,-0,-0,-0,0.13030113383525199,0.079554481873102947,0.22793161909675638,-0,-0,-0,-0,-0,0.12261222743811841,0.068512230978106353,0.22374513458848305,-0,-0,-0
-0,-0,-0,-0,-0,-0,-0,-0,-0,-0,-0,-0,-0,-0,-0,-0,-0,-0,-0,-0,-0,-0,-0,-0,-0,-0,-0,-0,-0,-0,-0,-0
-0,-0,-0,-0,-0,-0,-0,-0,-0,-0,-0,-0,-0,-0,-0,-0,-0,-0,-0,-0,-0,-0,-0,-0,-0,-0,-0,-0,-0,-0,-0,-0
-0,-0,-0,-0,-0,-0,-0,-0,-0,-0,-0,-0,-0,-0,-0,-0,-0,-0,-0,-0,-0,-0,-0,-0,-0,-0,-0,-0,-0,-0,-0,-0
-0,-0,-0,-0,-0,-0,-0,-0,-0,-0,-0,-0,-0,-0,-0,-0,-0,-0,-0,-0,-0,-0,-0,-0,-0,-0,-0,-0,-0,-0,-0,-0
-0,-0,-0,-0,-0,-0,-0,-0,-0,-0,-0,-0,-0,-0,-0,-0,-0,-0,-0,-0,-0,-0,-0,-0,-0,-0,-0,-0,-0,-0,-0,-0
-0,-0,-0,-0,-0,-0,-0,-0,-0,-0,-0,-0,-0,-0,-0,-0,-0,-0,-0,-0,-0,-0,-0,-0,-0,-0,-0,-0,-0,-0,-0,-0
-0,-0,-0,-0,-0,-0,-0,-0,-0,-0,-0,-0,-0,-0,-0,-0,-0,-0,-0,-0,-0,-0,-0,-0,-0,-0,-0,-0,-0,-0,-0,-0
0.57507320595002343,0.55244398980462328,0.29557576864977853,0.41067644754639926,0.5746216999223176,0.22505208567030052,0.28724090626748477,-0,0.56714164346796769,0.54971798178651021,0.2853248153484228,0.41264052765054154,0.56648309320439005,0.23161392785059595,0.29327871562647068,-0,0.56425427473867151,0.55020200340017156,0.28595842095059198,0.40924351021528516,0.56754087913061291,0.23248619326963466,0.28759684236639071,-0,0.57271087066449644,0.55279517168275627,0.29555146517374714,0.41080533072179237,0.5714065082741524,0.21792782766919369,0.27409256175549818,-0
-0,-0,-0,-0,-0,-0,-0,-0,-0,-0,-0,-0,-0,-0,-0,-0,-0,-0,-0,-0,-0,-0,-0,-0,-0,-0,-0,-0,-0,-0,-0,-0
0.24546444498028142,0.2633238090581132,0.0018000532960978797,0.24794746134551809,0.4614504917587775,0.099502746003936243,-0,0.14480704847623113,0.23753791497699223,0.2687761229131353,0.0025283352907902587,0.2590769663520564,0.45259710743594683,0.11009820711519097,-0,0.14665968073213573,0.2730339151871351,0.25275325696921436,-0,0.2567247060616718,0.45850141515296022,0.10760934523353714,-0,0.1497772763740213,0.24238428375874627,0.27849303602900732,0.0045876956187582488,0.24738606461215987,0.46340300945007379,0.097288803398848128,-0,0.13720759368747598
-0,0.034601222441042127,-0,-0,-0,-0,-0,-0,-0,0.03968316343245102,-0,-0,-0,-0,-0,-0,-0,0.029023341871117121,-0,-0,-0,-0,-0,-0,-0,0.026693109366840783,-0,-0,-0,-0,-0,-0
-0,-0,-0,-0,-0,-0,-0,-0,-0,-0,-0,-0,-0,-0,-0,-0,-0,-0,-0,-0,-0,-0,-0,-0,-0,-0,-0,-0,-0,-0,-0,-0
-0,-0,-0,-0,-0,-0,-0,-0,-0,-0,-0,-0,-0,-0,-0,-0,-0,-0,-0,-0,-0,-0,-0,-0,-0,-0,-0,-0,-0,-0,-0,-0
-0,-0,-0,-0,-0,-0,-0,-0,-0,-0,-0,-0,-0,-0,-0,-0,-0,-0,-0,-0,-0,-0,-0,-0,-0,-0,-0,-0,-0,-0,-0,-0
-0,-0,-0,0.16637729972693077,0.13480076200113317,-0,-0,0.033398200938277833,-0,-0,-0,0.17349053336211395,0.1261058294379114,-0,-0,0.024773732168546891,-0,-0,-0,0.17372415549778511,0.12417154144677629,-0,-0,0.041999546691768724,-0,-0,-0,0.16153779250125458,0.12428832959262542,-0,-0,0.049114379494959094
-0,0.27181991091096153,-0,-0,0.1647170037247814,-0,0.044443660762915921,-0,-0,0.27059750627543011,-0,-0,0.15876095198597778,-0,0.043433003928249815,-0,-0,0.26273837012098478,-0,-0,0.16756512535051199,-0,0.045988864411776631,-0,-0,0.2705211207839639,-0,-0,0.17470404698753059,-0,0.042434006301803322,-0
-0,-0,-0,-0,-0,-0,-0,-0,-0,-0,-0,-0,-0,-0,-0,-0,-0,-0,-0,-0,-0,-0,-0,-0,-0,-0,-0,-0,-0,-0,-0,-0
-0,-0,-0,-0,-0,-0,-0,-0,-0,-0,-0,-0,-0,-0,-0,-0,-0,-0,-0,-0,-0,-0,-0,-0,-0,-0,-0,-0,-0,-0,-0,-0
-0,0.0018424467016515979,-0,0.085243415937993505,-0,-0,-0,-0,-0,0.013406380720676733,-0,0.083724147962267514,-0,-0,-0,-0,-0,0.0097864204137817976,-0,0.098714049920724439,-0,-0,-0,-0,-0,-0,-0,0.089895737237778536,-0,-0,-0,-0
-0,-0,-0,-0,-0,-0,-0,-0,-0,-0,-0,-0,-0,-0,-0,-0,-0,-0,-0,-0,-0,-0,-0,-0,-0,-0,-0,-0,-0,-0,-0,-0
0.42312005546771009,0.19026426366938998,0.19246078742420469,0.3608756234201056,0.38390994296239184,0.2061397595682371,0.049855777420677892,-0,0.40788641348792476,0.19067237010187194,0.17949592383928473,0.36801146108863408,0.38364858201248098,0.21080560024943273,0.053521092681499599,-0,0.4222900268526894,0.19439109959400563,0.1829829999532103,0.36312554232147065,0.38315410508093789,0.20998184575606441,0.045581881249094805,-0,0.41484788428428326,0.20241987394931615,0.18820684803756349,0.35526719434454285,0.38667254437889137,0.20210054145171774,0.037985880123089961,-0
-0,-0,-0,-0,-0,-0,-0,-0,-0,-0,-0,-0,-0,-0,-0,-0,-0,-0,-0,-0,-0,-0,-0,-0,-0,-0,-0,-0,-0,-0,-0,-0
-0,-0,-0,-0,-0,-0,-0,-0,-0,-0,-0,-0,-0,-0,-0,-0,-0,-0,-0,-0,-0,-0,-0,-0,-0,-0,-0,-0,-0,-0,-0,-0
-0,0.060606137868810514,-0,0.038512218626682901,0.0096067985798833997,-0,0.22349713812568472,-0,-0,0.058468014679337682,-0,0.041878716226052846,0.00066059424481967562,-0,0.22834739893992587,-0,-0,0.063825787542111281,-0,0.03774478366148605,0.014961029742746594,-0,0.22027692441431149,-0,-0,0.054916288298085286,-0,0.03419748805893566,0.014041238391645443,-0,0.21341333127071885,-0
-0,-0,-0,-0,-0,-0,-0,-0,-0,-0,-0,-0,-0,-0,-0,-0,-0,-0,-0,-0,-0,-0,-0,-0,-0,-0,-0,-0,-0,-0,-0,-0
-0,-0,-0,-0,-0,-0,-0,-0,-0,-0,-0,-0,-0,-0,-0,-0,-0,-0,-0,-0,-0,-0,-0,-0,-0,-0,-0,-0,-0,-0,-0,-0
-0,-0,-0,-0,-0,-0,-0,-0,-0,-0,-0,-0,-0,-0,-0,-0,-0,-0,-0,-0,-0,-0,-0,-0,-0,-0,-0,-0,-0,-0,-0,-0
-0,-0,-0,-0,-0,-0,-0,-0,-0,-0,-0,-0,-0,-0,-0,-0,-0,-0,-0,-0,-0,-0,-0,-0,-0,-0,-0,-0,-0,-0,-0,-0
-0,-0,-0,-0,-0,-0,-0,-0,-0,-0,-0,-0,-0,-0,-0,-0,-0,-0,-0,-0,-0,-0,-0,-0,-0,-0,-0,-0,-0,-0,-0,-0
-0,0.016987935005966914,-0,-0,-0,-0,-0,-0,-0,0.026072348620091969,-0,-0,-0,-0,-0,-0,-0,0.018507224882873523,-0,-0,-0,-0,-0,-0,-0,0.0224670854099456,-0,-0,-0,-0,-0,-0
-0,-0,-0,-0,-0,-0,-0,-0,-0,-0,-0,-0,-0,-0,-0,-0,-0,-0,-0,-0,-0,-0,-0,-0,-0,-0,-0,-0,-0,-0,-0,-0
-0,-0,-0,-0,-0,-0,-0,-0,-0,-0,-0,-0,-0,-0,-0,-0,-0,-0,-0,-0,-0,-0,-0,-0,-0,-0,-0,-0,-0,-0,-0,-0
-0,-0,-0,-0,-0,-0,-0,-0,-0,-0,-0,-0,-0,-0,-0,-0,-0,-0,-0,-0,-0,-0,-0,-0,-0,-0,-0,-0,-0,-0,-0,-0
-0,-0,-0,-0,-0,-0,-0,-0,-0,-0,-0,-0,-0,-0,-0,-0,-0,-0,-0,-0,-0,-0,-0,-0,-0,-0,-0,-0,-0,-0,-0,-0
-0,-0,-0,-0,-0,-0,-0,-0,-0,-0,-0,-0,-0,-0,-0,-0,-0,-0,-0,-0,-0,-0,-0,-0,-0,-0,-0,-0,-0,-0,-0,-0
-0,-0,-0,-0,-0,-0,-0,-0,-0,-0,-0,-0,-0,-0,-0,-0,-0,-0,-0,-0,-0,-0,-0,-0,-0,-0,-0,-0,-0,-0,-0,-0
-0,-0,-0,-0,-0,-0,-0,-0,-0,-0,-0,-0,-0,-0,-0,-0,-0,-0,-0,-0,-0,-0,-0,-0,-0,-0,-0,-0,-0,-0,-0,-0
-0,-0,-0,-0,-0,-0,-0,-0,-0,-0,-0,-0,-0,-0,-0,-0,-0,-0,-0,-0,-0,-0,-0,-0,-0,-0,-0,-0,-0,-0,-0,-0
-0,-0,-0,-0,-0,-0,-0,-0,-0,-0,-0,-0,-0,-0,-0,-0,-0,-0,-0,-0,-0,-0,-0,-0,-0,-0,-0,-0,-0,-0,-0,-0
-0,0.19248396355527181,-0,-0,-0,-0,0.061241909695967087,-0,-0,0.20216538035988263,-0,-0,-0,-0,0.065074399890812706,-0,-0,0.19851185645792555,-0,-0,-0,-0,0.060038438130353124,-0,-0,0.1791452249401605,-0,-0,-0,-0,0.061264912980911551,-0
-0,-0,-0,-0,-0,-0,-0,-0,-0,-0,-0,-0,-0,-0,-0,-0,-0,-0,-0,-0,-0,-0,-0,-0,-0,-0,-0,-0,-0,-0,-0,-0
-0,-0,-0,-0,-0,-0,-0,-0,-0,-0,-0,-0,-0,-0,-0,-0,-0,-0,-0,-0,-0,-0,-0,-0,-0,-0,-0,-0,-0,-0,-0,-0
-0,-0,-0,-0,-0,-0,-0,-0,-0,-0,-0,-0,-0,-0,-0,-0,-0,-0,-0,-0,-0,-0,-0,-0,-0,-0,-0,-0,-0,-0,-0,-0
-0,-0,-0,-0,-0,-0,-0,-0,-0,-0,-0,-0,-0,-0,-0,-0,-0,-0,-0,-0,-0,-0,-0,-0,-0,-0,-0,-0,-0,-0,-0,-0
-0,-0,-0,-0,-0,-0,-0,-0,-0,-0,-0,-0,-0,-0,-0,-0,-0,-0,-0,-0,-0,-0,-0,-0,-0,-0,-0,-0,-0,-0,-0,-0
-0,-0,-0,-0,-0,-0,-0,-0,-0,-0,-0,-0,-0,-0,-0,-0,-0,-0,-0,-0,-0,-0,-0,-0,-0,-0,-0,-0,-0,-0,-0,-0
0.087794540497581022,-0,-0,-0,-0,-0,-0,-0,0.082606796484129649,-0,-0,-0,-0,-0,-0,-0,0.073797435895105692,-0,-0,-0,-0,-0,-0,-0,0.086740619322962828,-0,-0,-0,-0,-0,-0,-0
-0,-0,0.063838910179057726,0.070405965471734971,-0,-0,-0,-0,-0,-0,0.062118883511852747,0.067570516912253756,-0,-0,-0,-0,-0,-0,0.064838487600860514,0.083826548205767029,-0,-0,-0,-0,-0,-0,0.067514061715261281,0.077909822450980104,-0,-0,-0,-0
-0,-0,-0,-0,-0,-0,-0,-0,-0,-0,-0,-0,-0,-0,-0,-0,-0,-0,-0,-0,-0,-0,-0,-0,-0,-0,-0,-0,-0,-0,-0,-0
-0,0.11780464536523418,-0,-0,-0,-0,0.031799320851737846,-0,-0,0.11404623326763776,-0,-0,-0,-0,0.031389056022490626,-0,-0,0.11454140983055315,-0,-0,-0,-0,0.032130245539633825,-0,-0,0.11535183250025181,-0,-0,-0,-0,0.028562448589330738,-0
-0,-0,-0,-0,-0,-0,-0,-0,-0,-0,-0,-0,-0,-0,-0,-0,-0,-0,-0,-0,-0,-0,-0,-0,-0,-0,-0,-0,-0,-0,-0,-0
0.74076452714997265,0.27494762635861641,0.037383826714981569,0.53527514735338255,0.34701006934144857,0.53004907090992204,0.40734151373223748,0.1253986791877838,0.74020946389536069,0.28085417390955991,0.039423211835097047,0.53291381792626713,0.3477929055667921,0.53597194651016111,0.41079713809018725,0.12420924716153642,0.73106668956773646,0.28183173624116514,0.037334879792776769,0.53738392930009093,0.3534439438072754,0.52057132261194383,0.40976306516570499,0.12583342668195149,0.73955931889092785,0.25938651484246306,0.041677555938483726,0.53594578845009566,0.34613191388394771,0.52630133453676775,0.40199624743062362,0.12024977167988357
-0,-0,-0,-0,-0,-0,-0,-0,-0,-0,-0,-0,-0,-0,-0,-0,-0,-0,-0,-0,-0,-0,-0,-0,-0,-0,-0,-0,-0,-0,-0,-0
-0,-0,-0,-0,0.015773590848487392,-0,-0,-0,-0,-0,-0,-0,0.007285895636760146,-0,-0,-0,-0,-0,-0,-0,0.017963101589518669,-0,-0,-0,-0,-0,-0,-0,0.017512088041352576,-0,-0,-0
-0,-0,-0,-0,-0,-0,-0,-0,-0,-0,-0,-0,-0,-0,-0,-0,-0,-0,-0,-0,-0,-0,-0,-0,-0,-0,-0,-0,-0,-0,-0,-0
-0,-0,-0,-0,-0,-0,-0,-0,-0,-0,-0,-0,-0,-0,-0,-0,-0,-0,-0,-0,-0,-0,-0,-0,-0,-0,-0,-0,-0,-0,-0,-0
-0,0.1233000228178838,0.00032230275997785442,0.20866135429416774,0.17391321480722227,0.067853913438887969,0.24306371242853828,-0,-0,0.12490845963388,0.0072085680049729936,0.20691947440899391,0.16103386506007081,0.076565720795196149,0.2451367680667535,-0,-0,0.12945956538391698,-0,0.19996805302880555,0.16893224318577901,0.075243609062022099,0.23963769264764187,-0,-0,0.10663841121905247,0.0075599567114912362,0.21260734092969019,0.18011905659756383,0.065950447978449178,0.23019926736487442,-0
-0,-0,-0,-0,-0,-0,-0,-0,-0,-0,-0,-0,-0,-0,-0,-0,-0,-0,-0,-0,-0,-0,-0,-0,-0,-0,-0,-0,-0,-0,-0,-0
-0,-0,-0,-0,-0,-0,-0,-0,-0,-0,-0,-0,-0,-0,-0,-0,-0,-0,-0,-0,-0,-0,-0,-0,-0,-0,-0,-0,-0,-0,-0,-0
-0,-0,-0,-0,-0,-0,-0,-0,-0,-0,-0,-0,-0,-0,-0,-0,-0,-0,-0,-0,-0,-0,-0,-0,-0,-0,-0,-0,-0,-0,-0,-0
-0,-0,-0,-0,-0,-0,0.17870196549998674,-0,-0,-0,-0,-0,-0,-0,0.18158490300942592,-0,-0,-0,-0,-0,-0,-0,0.17929642708943719,-0,-0,-0,-0,-0,-0,-0,0.17408484826357462,-0
-0,-0,-0,-0,-0,-0,-0,-0,-0,-0,-0,-0,-0,-0,-0,-0,-0,-0,-0,-0,-0,-0,-0,-0,-0,-0,-0,-0,-0,-0,-0,-0
-0,-0,-0,-0,0.0055257982088376331,-0,-0,-0,-0,-0,-0,-0,0.0016975695445005695,-0,-0,-0,-0,-0,-0,-0,0.013506579904100294,-0,-0,-0,-0,-0,-0,-0,0.0053653937291695897,-0,-0,-0
-0,-0,-0,0.064970039561145915,0.159301375870009,-0,-0,-0,-0,-0,-0,0.067645919938412041,0.16163969810042456,-0,-0,-0,-0,-0,-0,0.07547040727144752,0.16547387118813972,-0,-0,-0,-0,-0,-0,0.06582183277217904,0.15724945140233035,-0,-0,-0
-0,0.00088224549474260412,-0,-0,0.1038582212623832,-0,-0,-0,-0,-0,-0,-0,0.099905758200336578,-0,-0,-0,-0,-0,-0,-0,0.097368210055449628,-0,-0,-0,-0,-0,-0,-0,0.10756033512429862,-0,-0,-0
-0,-0,-0,-0,-0,-0,-0,-0,-0,-0,-0,-0,-0,-0,-0,-0,-0,-0,-0,-0,-0,-0,-0,-0,-0,-0,-0,-0,-0,-0,-0,-0
-0,-0,-0,-0,-0,-0,-0,-0,-0,-0,-0,-0,-0,-0,-0,-0,-0,-0,-0,-0,-0,-0,-0,-0,-0,-0,-0,-0,-0,-0,-0,-0
-0,-0,-0,-0,0.013951268202674425,-0,-0,-0,-0,-0,-0,-0,0.0035021533402301553,-0,-0,-0,-0,-0,-0,-0,0.019451524155021032,-0,-0,-0,-0,-0,-0,-0,0.010149074760358454,-0,-0,-0
-0,-0,-0,-0,-0,-0,-0,-0,-0,-0,-0,-0,-0,-0,-0,-0,-0,-0,-0,-0,-0,-0,-0,-0,-0,-0,-0,-0,-0,-0,-0,-0
-0,-0,-0,-0,-0,-0,-0,-0,-0,-0,-0,-0,-0,-0,-0,-0,-0,-0,-0,-0,-0,-0,-0,-0,-0,-0,-0,-0,-0,-0,-0,-0
-0,-0,0.022695014324689032,-0,-0,-0,-0,-0,-0,-0,0.015875784622849103,-0,-0,-0,-0,-0,-0,-0,0.023661556347310955,-0,-0,-0,-0,-0,-0,-0,0.020607295984024762,-0,-0,-0,-0,-0
-0,-0,-0,-0,-0,-0,-0,-0,-0,-0,-0,-0,-0,-0,-0,-0,-0,-0,-0,-0,-0,-0,-0,-0,-0,-0,-0,-0,-0,-0,-0,-0
-0,-0,-0,-0,-0,-0,-0,-0,-0,-0,-0,-0,-0,-0,-0,-0,-0,-0,-0,-0,-0,-0,-0,-0,-0,-0,-0,-0,-0,-0,-0,-0
-0,-0,-0,-0,-0,-0,-0,-0,-0,-0,-0,-0,-0,-0,-0,-0,-0,-0,-0,-0,-0,-0,-0,-0,-0,-0,-0,-0,-0,-0,-0,-0
-0,-0,-0,-0,-0,-0,-0,-0,-0,-0,-0,-0,-0,-0,-0,-0,-0,-0,-0,-0,-0,-0,-0,-0,-0,-0,-0,-0,-0,-0,-0,-0
-0,0.29840346974142906,-0,-0,-0,-0,-0,-0,-0,0.29925924163486683,-0,-0,-0,-0,-0,-0,-0,0.3102346476274993,-0,-0,-0,-0,-0,-0,-0,0.28942123742818066,-0,-0,-0,-0,-0,-0
-0,-0,-0,-0,-0,-0,-0,-0,-0,-0,-0,-0,-0,-0,-0,-0,-0,-0,-0,-0,-0,-0,-0,-0,-0,-0,-0,-0,-0,-0,-0,-0
-0,-0,-0,-0,-0,-0,-0,-0,-0,-0,-0,-0,-0,-0,-0,-0,-0,-0,-0,-0,-0,-0,-0,-0,-0,-0,-0,-0,-0,-0,-0,-0
-0,-0,-0,-0,-0,-0,-0,-0,-0,-0,-0,-0,-0,-0,-0,-0,-0,-0,-0,-0,-0,-0,-0,-0,-0,-0,-0,-0,-0,-0,-0,-0
-0,-0,-0,-0,-0,-0,-0,-0,-0,-0,-0,-0,-0,-0,-0,-0,-0,-0,-0,-0,-0,-0,-0,-0,-0,-0,-0,-0,-0,-0,-0,-0
-0,-0,-0,-0,-0,-0,-0,-0,-0,-0,-0,-0,-0,-0,-0,-0,-0,-0,-0,-0,-0,-0,-0,-0,-0,-0,-0,-0,-0,-0,-0,-0
-0,-0,-0,-0,-0,-0,-0,-0,-0,-0,-0,-0,-0,-0,-0,-0,-0,-0,-0,-0,-0,-0,-0,-0,-0,-0,-0,-0,-0,-0,-0,-0
-0,-0,-0,-0,-0,-0,-0,-0,-0,-0,-0,-0,-0,-0,-0,-0,-0,-0,-0,-0,-0,-0,-0,-0,-0,-0,-0,-0,-0,-0,-0,-0
-0,-0,-0,-0,-0,-0,-0,-0,-0,-0,-0,-0,-0,-0,-0,-0,-0,-0,-0,-0,-0,-0,-0,-0,-0,-0,-0,-0,-0,-0,-0,-0
0.0056595037093134922,-0,-0,-0,0.034547343265053612,-0,-0,-0,0.0034457880920487466,-0,-0,-0,0.028720382393956648,-0,-0,-0,-0,-0,-0,-0,0.039167290949039549,-0,-0,-0,0.0033200414471482856,-0,-0,-0,0.032657552141442281,-0,-0,-0
0.062770091592589589,-0,-0,0.045219554711751313,0.11022867532181709,-0,-0,-0,0.064162795370924508,-0,-0,0.045602684923021941,0.11239901008924411,-0,-0,-0,0.064176642093697445,-0,-0,0.060661194526360623,0.11723771444476534,-0,-0,-0,0.0600033824135313,-0,-0,0.045323307040889604,0.11488466534741652,-0,-0,-0
-0,-0,-0,-0,-0,-0,-0,-0,-0,-0,-0,-0,-0,-0,-0,-0,-0,-0,-0,-0,-0,-0,-0,-0,-0,-0,-0,-0,-0,-0,-0,-0
-0,0.22672796352684732,-0,0.10162915239509751,-0,-0,0.03760776547438989,-0,-0,0.23055017502230174,-0,0.10349577055000679,-0,-0,0.042332724039075557,-0,-0,0.23097611340026547,-0,0.11621670566172274,-0,-0,0.03823349160889343,-0,-0,0.22251011691395853,-0,0.093714802969804029,-0,-0,0.022158251818123927,-0
0.16517029842557077,0.34705777773634505,0.20506288618070528,0.44284667539908734,0.55849883245237064,0.0010996441497923318,0.058704094367273293,0.15132677661142321,0.15939893994683044,0.35077366464860538,0.20434237705290584,0.44138437066730518,0.55587008086653633,0.0057871721780543769,0.0595405540068304,0.1504013855610174,0.17777971365110484,0.3341100585919578,0.20511960866854853,0.46913435354250443,0.55606107469841604,0.0058552858663645721,0.065749666276578411,0.16386464252908192,0.17075498613999268,0.34716219118185915,0.21941326139182063,0.44300274765235859,0.56132587564129177,0.00050792918355111556,0.054130108171709379,0.14854730031383265
-0,-0,-0,-0,-0,-0,-0,-0,-0,-0,-0,-0,-0,-0,-0,-0,-0,-0,-0,-0,-0,-0,-0,-0,-0,-0,-0,-0,-0,-0,-0,-0
-0,-0,-0,-0,-0,-0,-0,-0,-0,-0,-0,-0,-0,-0,-0,-0,-0,-0,-0,-0,-0,-0,-0,-0,-0,-0,-0,-0,-0,-0,-0,-0
-0,-0,-0,-0,-0,-0,-0,-0,-0,-0,-0,-0,-0,-0,-0,-0,-0,-0,-0,-0,-0,-0,-0,-0,-0,-0,-0,-0,-0,-0,-0,-0
-0,-0,-0,-0,-0,-0,-0,-0,-0,-0,-0,-0,-0,-0,-0,-0,-0,-0,-0,-0,-0,-0,-0,-0,-0,-0,-0,-0,-0,-0,-0,-0
-0,-0,-0,-0,0.046694802506204863,-0,-0,-0,-0,-0,-0,-0,0.044024810362045107,-0,-0,-0,-0,-0,-0,-0,0.043935935756332395,-0,-0,-0,-0,-0,-0,-0,0.052860835641564331,-0,-0,-0
-0,-0,-0,-0,-0,-0,-0,-0,-0,-0,-0,-0,-0,-0,-0,-0,-0,-0,-0,-0,-0,-0,-0,-0,-0,-0,-0,-0,-0,-0,-0,-0
-0,-0,-0,-0,-0,-0,-0,-0,-0,-0,-0,-0,-0,-0,-0,-0,-0,-0,-0,-0,-0,-0,-0,-0,-0,-0,-0,-0,-0,-0,-0,-0
-0,-0,-0,-0,-0,-0,-0,-0,-0,-0,-0,-0,-0,-0,-0,-0,-0,-0,-0,-0,-0,-0,-0,-0,-0,-0,-0,-0,-0,-0,-0,-0
-0,-0,-0,-0,-0,-0,-0,-0,-0,-0,-0,-0,-0,-0,-0,-0,-0,-0,-0,-0,-0,-0,-0,-0,-0,-0,-0,-0,-0,-0,-0,-0
-0,-0,-0,-0,-0,-0,-0,-0,-0,-0,-0,-0,-0,-0,-0,-0,-0,-0,-0,-0,-0,-0,-0,-0,-0,-0,-0,-0,-0,-0,-0,-0
-0,-0,-0,-0,-0,-0,-0,-0,-0,-0,-0,-0,-0,-0,-0,-0,-0,-0,-0,-0,-0,-0,-0,-0,-0,-0,-0,-0,-0,-0,-0,-0
-0,-0,-0,-0,-0,-0,-0,-0,-0,-0,-0,-0,-0,-0,-0,-0,-0,-0,-0,-0,-0,-0,-0,-0,-0,-0,-0,-0,-0,-0,-0,-0
-0,-0,-0,-0,-0,-0,-0,-0,-0,-0,-0,-0,-0,-0,-0,-0,-0,-0,-0,-0,-0,-0,-0,-0,-0,-0,-0,-0,-0,-0,-0,-0
0.045511886924664485,0.20024670622105697,0.57377227720501556,0.10837867121104963,0.30225699732369654,0.36743698770856775,-0,-0,0.041088759639838317,0.1945591355641009,0.56595448735140452,0.10995926418137267,0.29814696644306027,0.35560830162932761,-0,-0,0.041562950159004006,0.20268199393021838,0.56691541680539836,0.10469621406684944,0.29998409303400436,0.36755293142569129,-0,-0,0.04112680542888212,0.2059230247951902,0.56602876110453937,0.098872707245922259,0.30326291535422845,0.36818089461873238,-0,-0
-0,0.15032122657865513,-0,-0,-0,-0,-0,-0,-0,0.15660797251327338,-0,-0,-0,-0,-0,-0,-0,0.17157306523247795,-0,-0,-0,-0,-0,-0,-0,0.13633940553655652,-0,-0,-0,-0,-0,-0
-0,-0,-0,-0,-0,-0,-0,-0,-0,-0,-0,-0,-0,-0,-0,-0,-0,-0,-0,-0,-0,-0,-0,-0,-0,-0,-0,-0,-0,-0,-0,-0
-0,-0,-0,-0,-0,-0,-0,-0,-0,-0,-0,-0,-0,-0,-0,-0,-0,-0,-0,-0,-0,-0,-0,-0,-0,-0,-0,-0,-0,-0,-0,-0
-0,-0,-0,-0,-0,-0,-0,-0,-0,-0,-0,-0,-0,-0,-0,-0,-0,-0,-0,-0,-0,-0,-0,-0,-0,-0,-0,-0,-0,-0,-0,-0
-0,-0,-0,0.047237301447358708,0.08312633252943874,0.12705751046098579,-0,-0,-0,-0,-0,0.051749696498591145,0.078957843343915604,0.12335373028148253,-0,-0,-0,-0,-0,0.043530966759786432,0.084845511844819962,0.127936750847813,-0,-0,-0,-0,-0,0.043435865530730269,0.080445288612552776,0.13250571453283375,-0,-0
-0,-0,-0,-0,-0,-0,-0,-0,-0,-0,-0,-0,-0,-0,-0,-0,-0,-0,-0,-0,-0,-0,-0,-0,-0,-0,-0,-0,-0,-0,-0,-0
-0,-0,-0,0.38547208188041232,-0,0.10560173500479494,0.50969521437170118,-0,-0,-0,-0,0.37933246910491109,-0,0.11081232805452999,0.51681050842230769,-0,-0,-0,-0,0.39660049926154622,-0,0.10877318306294714,0.51606553317032933,-0,-0,-0,-0,0.38730560152948951,-0,0.10214188603275472,0.49318725687501913,-0
-0,-0,-0,-0,-0,-0,-0,-0,-0,-0,-0,-0,-0,-0,-0,-0,-0,-0,-0,-0,-0,-0,-0,-0,-0,-0,-0,-0,-0,-0,-0,-0
0.18615937145613656,-0,-0,-0,0.053986695187764173,-0,-0,-0,0.18261125156789829,-0,-0,-0,0.04796991582529072,-0,-0,-0,0.18944859041292197,-0,-0,-0,0.05936176587213262,-0,-0,-0,0.18383386332273008,-0,-0,-0,0.056424055687211261,-0,-0,-0
-0,-0,-0,-0,-0,-0,-0,-0,-0,-0,-0,-0,-0,-0,-0,-0,-0,-0,-0,-0,-0,-0,-0,-0,-0,-0,-0,-0,-0,-0,-0,-0
-0,-0,-0,-0,-0,-0,-0,0.0028053986288712018,-0,-0,-0,-0,-0,-0,-0,-0,-0,-0,-0,-0,-0,-0,-0,0.0095240078161583346,-0,-0,-0,-0,-0,-0,-0,0.0028874921336201525
-0,-0,-0,-0,-0,-0,-0,-0,-0,-0,-0,-0,-0,-0,-0,-0,-0,-0,-0,-0,-0,-0,-0,-0,-0,-0,-0,-0,-0,-0,-0,-0
-0,-0,-0,-0,-0,-0,-0,-0,-0,-0,-0,-0,-0,-0,-0,-0,-0,-0,-0,-0,-0,-0,-0,-0,-0,-0,-0,-0,-0,-0,-0,-0
-0,-0,-0,-0,-0,-0,-0,-0,-0,-0,-0,-0,-0,-0,-0,-0,-0,-0,-0,-0,-0,-0,-0,-0,-0,-0,-0,-0,-0,-0,-0,-0
-0,-0,-0,-0,-0,-0,-0,-0,-0,-0,-0,-0,-0,-0,-0,-0,-0,-0,-0,-0,-0,-0,-0,-0,-0,-0,-0,-0,-0,-0,-0,-0
-0,-0,-0,-0,0.05728106625975634,-0,-0,-0,-0,-0,-0,-0,0.054285794589751822,-0,-0,-0,-0,-0,-0,-0,0.053593009361714461,-0,-0,-0,-0,-0,-0,-0,0.05079148116223086,-0,-0,-0
-0,-0,-0,-0,-0,-0,-0,-0,-0,-0,-0,-0,-0,-0,-0,-0,-0,-0,-0,-0,-0,-0,-0,-0,-0,-0,-0,-0,-0,-0,-0,-0
-0,-0,-0,-0,-0,-0,-0,-0,-0,-0,-0,-0,-0,-0,-0,-0,-0,-0,-0,-0,-0,-0,-0,-0,-0,-0,-0,-0,-0,-0,-0,-0
-0,0.40965425582698967,-0,-0,-0,-0,0.087772013220954292,0.071693280569887871,-0,0.41243122522008324,-0,-0,-0,-0,0.092199543528647204,0.067820292306489643,-0,0.42547420842504702,-0,-0,-0,-0,0.082181245895751945,0.071315218114594625,-0,0.41179502940115198,-0,-0,-0,-0,0.082075871605945191,0.081912477233601455
-0,-0,-0,-0,-0,-0,-0,-0,-0,-0,-0,-0,-0,-0,-0,-0,-0,-0,-0,-0,-0,-0,-0,-0,-0,-0,-0,-0,-0,-0,-0,-0
-0,-0,-0,-0,-0,-0,-0,-0,-0,-0,-0,-0,-0,-0,-0,-0,-0,-0,-0,-0,-0,-0,-0,-0,-0,-0,-0,-0,-0,-0,-0,-0
-0,-0,-0,-0,-0,-0,-0,-0,-0,-0,-0,-0,-0,-0,-0,-0,-0,-0,-0,-0,-0,-0,-0,-0,-0,-0,-0,-0,-0,-0,-0,-0
-0,-0,-0,-0,-0,-0,-0,-0,-0,-0,-0,-0,-0,-0,-0,-0,-0,-0,-0,-0,-0,-0,-0,-0,-0,-0,-0,-0,-0,-0,-0,-0
-0,-0,-0,-0,-0,-0,-0,-0,-0,-0,-0,-0,-0,-0,-0,-0,-0,-0,-0,-0,-0,-0,-0,-0,-0,-0,-0,-0,-0,-0,-0,-0
-0,-0,-0,-0,-0,-0,-0,-0,-0,-0,-0,-0,-0,-0,-0,-0,-0,-0,-0,-0,-0,-0,-0,-0,-0,-0,-0,-0,-0,-0,-0,-0
-0,-0,-0,-0,-0,-0,-0,-0,-0,-0,-0,-0,-0,-0,-0,-0,-0,-0,-0,-0,-0,-0,-0,-0,-0,-0,-0,-0,-0,-0,-0,-0
-0,-0,0.021306236367427945,-0,0.090128217233880564,-0,-0,-0,-0,-0,0.026104514449478283,-0,0.087068217606743048,-0,-0,-0,-0,-0,0.018482310786181278,-0,0.090674525835098538,-0,-0,-0,-0,-0,0.015713419895686923,-0,0.093067182568908155,-0,-0,-0
-0,-0,-0,-0,-0,-0,-0,-0,-0,-0,-0,-0,-0,-0,-0,-0,-0,-0,-0,-0,-0,-0,-0,-0,-0,-0,-0,-0,-0,-0,-0,-0
-0,-0,-0,-0,-0,-0,-0,-0,-0,-0,-0,-0,-0,-0,-0,-0,-0,-0,-0,-0,-0,-0,-0,-0,-0,-0,-0,-0,-0,-0,-0,-0
-0,-0,-0,-0,-0,-0,-0,-0,-0,-0,-0,-0,-0,-0,-0,-0,-0,-0,-0,-0,-0,-0,-0,-0,-0,-0,-0,-0,-0,-0,-0,-0
-0,-0,-0,-0,-0,-0,-0,-0,-0,-0,-0,-0,-0,-0,-0,-0,-0,-0,-0,-0,-0,-0,-0,-0,-0,-0,-0,-0,-0,-0,-0,-0
0.11253300473941806,0.64331303989750133,-0,0.0005714617823189286,0.21887112824135124,-0,0.29641738993798078,-0,0.1161471409001892,0.6407428687863308,-0,0.004031012036110118,0.20148878660101474,-0,0.30299344255609045,-0,0.11590367708003356,0.63629689184433447,-0,0.013663368568533354,0.22663725492923845,-0,0.29673050029724007,-0,0.10999556293146799,0.63907850911486663,-0,-0,0.22708459726140567,-0,0.29018970876937344,-0
-0,-0,-0,-0,-0,-0,-0,-0,-0,-0,-0,-0,-0,-0,-0,-0,-0,-0,-0,-0,-0,-0,-0,-0,-0,-0,-0,-0,-0,-0,-0,-0
-0,-0,-0,-0,-0,-0,-0,-0,-0,-0,-0,-0,-0,-0,-0,-0,-0,-0,-0,-0,-0,-0,-0,-0,-0,-0,-0,-0,-0,-0,-0,-0
-0,-0,-0,0.086833742079923157,0.15068956968432506,-0,-0,-0,-0,-0,-0,0.089055036311205177,0.14959551763925338,-0,0.0029201577195209073,-0,-0,-0,-0,0.088244450511327815,0.15049935115023491,-0,-0,-0,-0,-0,-0,0.078548607191480269,0.15393540553301654,-0,-0,-0
-0,-0,-0,-0,-0,-0,-0,-0,-0,-0,-0,-0,-0,-0,-0,-0,-0,-0,-0,-0,-0,-0,-0,-0,-0,-0,-0,-0,-0,-0,-0,-0
-0,-0,-0,-0,-0,-0,-0,-0,-0,-0,-0,-0,-0,-0,-0,-0,-0,-0,-0,-0,-0,-0,-0,-0,-0,-0,-0,-0,-0,-0,-0,-0
-0,-0,-0,-0,-0,-0,-0,-0,-0,-0,-0,-0,-0,-0,-0,-0,-0,-0,-0,-0,-0,-0,-0,-0,-0,-0,-0,-0,-0,-0,-0,-0
-0,-0,-0,-0,-0,-0,-0,-0,-0,-0,-0,-0,-0,-0,-0,-0,-0,-0,-0,-0,-0,-0,-0,-0,-0,-0,-0,-0,-0,-0,-0,-0
0.027299921027961686,0.20394314355180709,0.46036198501059428,0.22581980274462568,0.36139819466660222,0.22443464960542434,0.084907032538998686,0.023045714771581204,0.027760810952235215,0.19804528957378639,0.45739600455933366,0.22398335963892879,0.35118308821236799,0.220479164663132,0.089908879877447265,0.015421845600836984,0.023306787762717447,0.2045390585989135,0.45894230666879288,0.22928131092387993,0.35083401121907798,0.23378064725406186,0.086175020886697054,0.029329365672660382,0.030615974603885605,0.20537190157676585,0.46151417113832954,0.22484964287209749,0.35289590199481641,0.22760046513297771,0.082932186544661057,0.03033794283070813
-0,-0,-0,-0,-0,-0,-0,-0,-0,-0,-0,-0,-0,-0,-0,-0,-0,-0,-0,-0,-0,-0,-0,-0,-0,-0,-0,-0,-0,-0,-0,-0
-0,-0,-0,0.16714444728036551,0.26193213299704049,-0,0.019230451404543616,-0,-0,-0,-0,0.16697700138252686,0.26029975369231145,-0,0.022000249571451969,-0,-0,-0,-0,0.18124667967167457,0.26614653705144314,-0,0.026419619722789653,-0,-0,-0,-0,0.16861752661779578,0.26251760872518198,-0,0.019906631372334765,-0
