-0,0.0078730945277369988,-0,0.18995667706399177,-0,-0,-0,-0,-0,0.017549127511924351,-0,0.18081466513488217,-0,-0,-0,-0,-0,0.016594738823323886,-0,0.21753476439064331,-0,-0,-0,-0,-0,-0,-0,0.19363346626332237,-0,-0,-0,-0
-0,-0,-0,-0,-0,-0,-0,-0,-0,-0,-0,0.01554781465449513,-0,-0,-0,-0,-0,-0,-0,-0,-0,-0,-0,-0,-0,-0,-0,-0,-0,-0,-0,-0
-0,0.19414694692089154,-0,-0,-0,-0,0.13266755639433875,-0,-0,0.19932735109355207,-0,-0,-0,-0,0.14607324202301078,-0,-0,0.2181641167061735,-0,-0,-0,-0,0.14719465439112353,-0,-0,0.13026159502701101,-0,-0,-0,-0,0.14857332918958244,-0
-0,-0,-0,-0,-0,-0,-0,-0,-0,-0,-0,-0,-0,-0,-0,-0,-0,-0,-0,-0,-0,-0,-0,-0,-0,-0,-0,-0,-0,-0,-0,-0
-0,-0,-0,-0,-0,-0,-0,-0,-0,-0,-0,-0,-0,-0,-0,-0,-0,-0,-0,-0,-0,-0,-0,-0,-0,-0,-0,-0,-0,-0,-0,-0
-0,-0,-0,-0,-0,-0,-0,-0,-0,-0,-0,-0,-0,-0,-0,-0,-0,-0,-0,-0,-0,-0,-0,-0,-0,-0,-0,-0,-0,-0,-0,-0
0.26152892394162564,-0,-0,-0,-0,-0,-0,0.047758209790689253,0.26456082162454009,-0,-0,-0,-0,-0,-0,0.047869009023478112,0.28345866329865538,-0,-0,-0,-0,-0,-0,0.043939930555341296,0.26508021495260536,-0,-0,-0,-0,-0,-0,0.021588928618221512
-0,-0,-0,-0,-0,-0,-0,-0,-0,-0,-0,-0,-0,-0,-0,-0,-0,-0,-0,-0,-0,-0,-0,-0,-0,-0,-0,-0,-0,-0,-0,-0
-0,-0,-0,-0,-0,-0,-0,-0,-0,-0,-0,-0,-0,-0,-0,-0,-0,-0,-0,-0,-0,-0,-0,-0,-0,-0,-0,-0,-0,-0,-0,-0
-0,-0,-0,-0,-0,-0,-0,-0,-0,-0,-0,-0,-0,-0,-0,-0,-0,-0,-0,-0,-0,-0,-0,-0,-0,-0,-0,-0,-0,-0,-0,-0
-0,-0,-0,-0,-0,-0,-0,-0,-0,-0,-0,-0,-0,-0,-0,-0,-0,-0,-0,-0,-0,-0,-0,-0,-0,-0,-0,-0,-0,-0,-0,-0
-0,-0,-0,-0,-0,-0,-0,-0,-0,-0,-0,-0,-0,-0,-0,-0,-0,-0,-0,-0,-0,-0,-0,-0,-0,-0,-0,-0,-0,-0,-0,-0
-0,-0,-0,-0,-0,-0,-0,0.056287076201348291,-0,-0,-0,-0,-0,-0,-0,0.063353126980251084,-0,-0,-0,-0,-0,-0,-0,0.064955237213020336,-0,-0,-0,-0,-0,-0,-0,0.033723970996138573
-0,0.30157925828384918,0.027018155944889485,-0,-0,-0,-0,-0,-0,0.2967798570537275,-0,-0,-0,-0,-0,-0,-0,0.31225912510509901,0.012808215793834763,-0,-0,-0,-0,-0,-0,0.32003252877433408,0.026159213094730214,-0,-0,-0,-0,-0
-0,-0,-0,-0,-0,-0,-0,-0,-0,-0,-0,-0,-0,-0,-0,-0,-0,-0,-0,-0,-0,-0,-0,-0,-0,-0,-0,-0,-0,-0,-0,-0
-0,-0,-0,-0,-0,0.072415483366120248,-0,-0,-0,-0,-0,-0,-0,0.073171598302515684,-0,-0,-0,-0,-0,-0,-0,0.083424206926382222,-0,-0,-0,-0,-0,-0,-0,0.092360859515780519,-0,-0
-0,-0,-0,-0,-0,-0,0.11172722862540285,-0,-0,-0,-0,-0,-0,-0,0.13180059168435881,-0,-0,-0,-0,-0,-0,-0,0.11163002914618084,-0,-0,-0,-0,-0,-0,-0,0.084079920142496364,-0
-0,-0,-0,0.047467461868002103,0.33676659633090295,-0,-0,-0,-0,-0,-0,0.062101044143449823,0.31973623040843224,-0,-0,-0,-0,-0,-0,0.039028664585931738,0.34542180968450026,-0,-0,-0,-0,-0,-0,0.0464950055505082,0.33857523200544243,-0,-0,-0
-0,-0,-0,-0,-0,-0,-0,-0,-0,-0,-0,-0,-0,-0,-0,-0,-0,-0,-0,-0,-0,-0,-0,-0,-0,-0,-0,-0,-0,-0,-0,-0
-0,-0,-0,-0,-0,-0,-0,-0,-0,-0,-0,-0,-0,-0,-0,-0,-0,-0,-0,-0,-0,-0,-0,-0,-0,-0,-0,-0,-0,-0,-0,-0
-0,-0,-0,-0,0.1283980269940844,-0,-0,-0,-0,-0,-0,-0,0.11585303053863388,-0,-0,-0,-0,-0,-0,-0,0.13622415540200661,-0,-0,-0,-0,-0,-0,-0,0.12464314928199979,-0,-0,-0
-0,-0,-0,-0,-0,-0,-0,-0,-0,-0,-0,-0,-0,-0,-0,-0,-0,-0,-0,-0,-0,-0,-0,-0,-0,-0,-0,-0,-0,-0,-0,-0
-0,-0,-0,0.13105407363396218,0.21723746535981231,-0,-0,-0,-0,-0,-0,0.13241210656871233,0.1966938930314559,-0,-0,-0,-0,-0,-0,0.14066983683999554,0.22072147081684668,-0,-0,-0,-0,-0,-0,0.13208152466087156,0.20886368076467335,-0,-0,-0
-0,-0,-0,-0,0.49159115106156248,-0,-0,-0,-0,-0,-0,-0,0.48736844200909174,-0,-0,-0,-0,-0,-0,-0,0.49465796929378802,-0,-0,-0,-0,-0,-0,-0,0.50063343500613111,-0,-0,-0
-0,-0,-0,-0,-0,-0,-0,-0,-0,-0,-0,-0,-0,-0,-0,-0,-0,-0,-0,-0,-0,-0,-0,-0,-0,-0,-0,-0,-0,-0,-0,-0
-0,-0,-0,-0,0.27349650043416834,-0,-0,-0,-0,-0,-0,-0,0.27817331096789122,-0,-0,-0,-0,-0,-0,-0,0.27276264877624179,-0,-0,-0,-0,-0,-0,-0,0.27898075170002223,-0,-0,-0
-0,-0,-0,-0,-0,-0,-0,-0,-0,-0,-0,-0,-0,-0,-0,-0,-0,-0,-0,-0,-0,-0,-0,-0,-0,-0,-0,-0,-0,-0,-0,-0
-0,-0,-0,-0,-0,-0,-0,-0,-0,-0,-0,-0,-0,-0,-0,-0,-0,-0,-0,-0,-0,-0,-0,-0,-0,-0,-0,-0,-0,-0,-0,-0
-0,-0,-0,-0,-0,-0,-0,-0,-0,-0,-0,-0,-0,-0,-0,-0,-0,-0,-0,-0,-0,-0,-0,-0,-0,-0,-0,-0,-0,-0,-0,-0
-0,0.21728412508525766,-0,-0,-0,-0,-0,-0,-0,0.22444428603812902,-0,-0,-0,-0,-0,-0,-0,0.18468006408640492,-0,-0,-0,-0,-0,-0,-0,0.20788775140356933,-0,-0,-0,-0,-0,-0
0.2094684828805112,-0,-0,-0,-0,-0,-0,-0,0.20842466479621988,-0,-0,-0,-0,-0,7.1715203085083188e-05,-0,0.20293899272216795,-0,-0,-0,-0,-0,0.00021580494532874001,-0,0.2022937354707442,-0,-0,-0,-0,-0,-0,-0
-0,-0,-0,-0,-0,-0,-0,-0,-0,-0,-0,-0,-0,-0,-0,-0,-0,-0,-0,-0,-0,-0,-0,-0,-0,-0,-0,-0,-0,-0,-0,-0
-0,-0,-0,-0,-0,-0,-0,-0,-0,-0,-0,-0,-0,-0,-0,-0,-0,-0,-0,-0,-0,-0,-0,-0,-0,-0,-0,-0,-0,-0,-0,-0
-0,-0,-0,0.13799226196107547,-0,-0,0.038896389782598101,-0,-0,-0,-0,0.14727543034877916,-0,-0,0.05486933301362372,-0,-0,-0,-0,0.166689868266194,-0,-0,0.048359722864992273,-0,-0,-0,-0,0.12291828189753226,-0,-0,0.015649697235208614,-0
-0,-0,-0,-0,0.4019261881457144,-0,-0,-0,-0,-0,-0,-0,0.40547996856584612,-0,-0,-0,-0,-0,-0,-0,0.40068671165702174,-0,-0,-0,-0,-0,-0,-0,0.39410104002118224,-0,-0,-0
-0,0.26473644795928553,-0,-0,-0,-0,-0,-0,-0,0.25332266352285426,-0,-0,-0,-0,-0,-0,-0,0.25492271959149709,-0,-0,-0,-0,-0,-0,-0,0.25870620537290118,-0,-0,-0,-0,-0,-0
-0,-0,-0,-0,-0,-0,-0,-0,-0,-0,-0,-0,-0,-0,-0,-0,-0,-0,-0,-0,-0,-0,-0,-0,-0,-0,-0,-0,-0,-0,-0,-0
-0,-0,-0,-0,-0,-0,-0,-0,-0,-0,-0,-0,-0,-0,-0,-0,-0,-0,-0,-0,-0,-0,-0,-0,-0,-0,-0,-0,-0,-0,-0,-0
-0,-0,-0,-0,-0,-0,-0,-0,-0,-0,-0,-0,-0,-0,-0,-0,-0,-0,-0,-0,-0,-0,-0,-0,-0,-0,-0,-0,-0,-0,-0,-0
-0,-0,-0,0.20713951265387145,0.040292294706579322,-0,0.17139401044045896,-0,-0,-0,-0,0.21158263005004307,0.040910348455571885,-0,0.17331366074069601,-0,-0,-0,-0,0.21229250314134293,0.039579425299930311,-0,0.18171523368032916,-0,-0,-0,-0,0.21331526673726686,0.042946828275366666,-0,0.15770118725811649,-0
-0,0.31958257449685545,-0,-0,-0,-0,-0,-0,-0,0.31891290894730212,-0,-0,-0,-0,-0,-0,-0,0.32480094242050872,-0,-0,-0,-0,-0,-0,-0,0.31888966288182224,-0,-0,-0,-0,-0,-0
-0,-0,-0,-0,-0,0.011618447353807794,-0,-0,-0,-0,-0,-0,-0,0.025792633555343388,-0,-0,-0,-0,-0,-0,-0,0.015332827794611547,-0,-0,-0,-0,-0,-0,-0,0.016716268136226335,-0,-0
-0,-0,-0,-0,0.22106508093771182,-0,-0,-0,-0,-0,-0,-0,0.23761164542826374,-0,-0,-0,-0,-0,-0,-0,0.2199371898767313,-0,-0,-0,-0,-0,-0,-0,0.23931296128942273,-0,-0,-0
-0,0.1920604919572558,-0,-0,-0,-0,-0,-0,-0,0.21656203469614541,-0,-0,-0,-0,-0,-0,-0,0.20524933716958521,-0,-0,-0,-0,-0,-0,-0,0.1799950636751016,-0,-0,-0,-0,-0,-0
-0,-0,-0,-0,0.072373894825408458,-0,-0,-0,-0,-0,-0,-0,0.071810349383090749,-0,-0,-0,-0,-0,-0,-0,0.075052008731590639,-0,-0,-0,-0,-0,-0,-0,0.085258537989486113,-0,-0,-0
-0,-0,-0,-0,-0,-0,-0,-0,-0,-0,-0,-0,-0,-0,-0,-0,-0,-0,-0,-0,-0,-0,-0,-0,-0,-0,-0,-0,-0,-0,-0,-0
-0,-0,-0,-0,0.072758013585822331,-0,-0,-0,-0,-0,-0,-0,0.081977909240291608,-0,-0,-0,-0,-0,-0,-0,0.079781202096564502,-0,-0,-0,-0,-0,-0,-0,0.074303820377697116,-0,-0,-0
-0,-0,-0,-0,-0,-0,-0,-0,-0,-0,-0,-0,-0,-0,-0,-0,-0,-0,-0,-0,-0,-0,-0,-0,-0,-0,-0,-0,-0,-0,-0,-0
-0,0.045880397725012963,-0,-0,-0,-0,-0,-0,-0,0.050833814898268354,-0,-0,-0,-0,-0,-0,-0,0.047376538458253709,-0,-0,-0,-0,-0,-0,-0,0.026451914428942219,-0,-0,-0,-0,-0,-0
-0,-0,-0,-0,-0,-0,-0,-0,-0,-0,-0,-0,-0,-0,-0,-0,-0,-0,-0,-0,-0,-0,-0,-0,-0,-0,-0,-0,-0,-0,-0,-0
-0,-0,-0,-0,-0,-0,-0,-0,-0,-0,-0,-0,-0,-0,-0,-0,-0,-0,-0,-0,-0,-0,-0,-0,-0,-0,-0,-0,-0,-0,-0,-0
-0,-0,-0,-0,-0,-0,-0,-0,-0,-0,-0,-0,-0,-0,-0,-0,-0,-0,-0,-0,-0,-0,-0,-0,-0,-0,-0,-0,-0,-0,-0,-0
-0,0.30091443471842255,-0,-0,-0,-0,-0,-0,-0,0.30018880193961872,-0,-0,-0,-0,-0,-0,-0,0.30142643369729261,-0,-0,-0,-0,-0,-0,-0,0.3023304054974752,-0,-0,-0,-0,-0,-0
-0,-0,-0,-0,-0,-0,-0,-0,-0,-0,-0,-0,-0,-0,-0,-0,-0,-0,-0,-0,-0,-0,-0,-0,-0,-0,-0,-0,-0,-0,-0,-0
-0,0.053306438858083845,-0,-0,-0,-0,-0,-0,-0,0.044916300732438283,-0,-0,-0,-0,-0,-0,-0,0.047978139920848234,-0,-0,-0,-0,-0,-0,-0,0.054173313464267604,-0,-0,-0,-0,-0,-0
-0,-0,-0,0.098513552873774612,-0,-0,-0,-0,-0,-0,-0,0.11290884883265416,-0,-0,-0,-0,-0,-0,-0,0.13645179744285363,-0,-0,-0,-0,-0,-0,-0,0.093877219258915484,-0,-0,-0,-0
-0,-0,-0,-0,0.13090625781481971,-0,-0,-0,-0,-0,-0,-0,0.073066962122948304,-0,-0,-0,-0,-0,-0,-0,0.13234281965247588,-0,-0,-0,-0,-0,-0,-0,0.14814559522972739,-0,-0,-0
-0,-0,0.17740113017825551,-0,-0,-0,-0,-0,-0,-0,0.18557195152950579,-0,-0,-0,-0,-0,-0,-0,0.16604539741454147,-0,-0,-0,-0,-0,-0,-0,0.15395475516930085,-0,-0,-0,-0,-0
-0,-0,-0,-0,-0,-0,-0,-0,-0,-0,-0,-0,-0,-0,-0,-0,-0,-0,-0,-0,-0,-0,-0,-0,-0,-0,-0,-0,-0,-0,-0,-0
-0,-0,-0,-0,-0,-0,-0,-0,-0,-0,-0,-0,-0,-0,-0,-0,-0,-0,-0,-0,-0,-0,-0,-0,-0,-0,-0,-0,-0,-0,-0,-0
0.39060154930944918,-0,-0,-0,0.81261704009938096,-0,-0,-0,0.3282050447484674,-0,-0,-0,0.85487920660112104,-0,-0,-0,0.38073011465429485,-0,-0,-0,0.82567067844576214,-0,-0,-0,0.39803964212279364,-0,-0,-0,0.83944974856710008,-0,-0,-0
-0,-0,-0,-0,-0,-0,-0,-0,-0,-0,-0,-0,-0,-0,-0,-0,-0,-0,-0,0.013458054263900419,-0,-0,-0,-0,-0,-0,-0,-0,-0,-0,-0,-0
-0,0.082561491847343821,-0,-0,-0,-0,-0,-0,-0,0.077484454136721975,-0,-0,-0,-0,-0,-0,-0,0.057535894861419128,-0,-0,-0,-0,-0,-0,-0,0.11005906555835648,-0,-0,-0,-0,-0,-0
-0,-0,-0,-0,-0,-0,-0,-0,-0,-0,-0,-0,-0,-0,-0,-0,-0,-0,-0,-0,-0,-0,-0,-0,-0,-0,-0,-0,-0,-0,-0,-0
0.14267534922042061,-0,-0,0.025733790999611979,-0,0.030450373289768174,-0,0.063529959654998303,0.14113425189508047,-0,-0,0.030788375893222752,-0,0.037490550009385629,-0,0.075330676645298911,0.15894288455482133,-0,-0,0.036845622274129637,-0,0.029381266987334644,-0,0.061041028698696473,0.13392896061386064,-0,-0,0.027589065214309167,-0,0.03529032391016157,-0,0.045787615373147648
-0,-0,-0,-0,-0,-0,-0,-0,-0,-0,-0,-0,-0,-0,-0,-0,-0,-0,-0,-0,-0,-0,-0,-0,-0,-0,-0,-0,-0,-0,-0,-0
-0,0.10910726964505039,-0,-0,-0,-0,-0,-0,-0,0.10716694265784188,-0,-0,-0,-0,-0,-0,-0,0.11048742369240062,-0,-0,-0,-0,-0,-0,-0,0.11897821294264205,-0,-0,-0,-0,-0,-0
-0,0.33764531726829222,-0,-0,-0,-0,0.64791494474772515,-0,-0,0.3477166578486387,-0,-0,-0,-0,0.66460226237351772,-0,-0,0.35246713536287455,-0,-0,-0,-0,0.65534132361182829,-0,-0,0.32079074276702607,-0,-0,-0,-0,0.63216768513718957,-0
-0,-0,-0,-0,-0,-0,-0,-0,-0,-0,-0,-0,-0,-0,-0,-0,-0,-0,-0,-0,-0,-0,-0,-0,-0,-0,-0,-0,-0,-0,-0,-0
-0,-0,-0,-0,-0,-0,-0,-0,-0,-0,-0,-0,-0,-0,-0,-0,-0,-0,-0,-0,-0,-0,-0,-0,-0,-0,-0,-0,-0,-0,-0,-0
-0,-0,-0,-0,0.57452238119539356,-0,-0,-0,-0,-0,-0,-0,0.57304549231425117,-0,-0,-0,-0,-0,-0,-0,0.57439085456906247,-0,-0,-0,-0,-0,-0,-0,0.59239153538870593,-0,-0,-0
-0,-0,-0,-0,0.13456416685893086,-0,-0,-0,-0,-0,-0,-0,0.12421731260914852,-0,-0,-0,0.02761697146094191,-0,-0,-0,0.12766660441108085,-0,-0,-0,-0,-0,-0,-0,0.13552773340960847,-0,-0,-0
-0,-0,-0,-0,-0,-0,-0,-0,-0,-0,-0,-0,-0,-0,0.0030073481176418853,-0,-0,-0,-0,-0,-0,-0,-0,-0,-0,-0,-0,-0,-0,-0,-0,-0
-0,-0,-0,-0,-0,-0,-0,-0,-0,-0,-0,-0,-0,-0,-0,-0,-0,-0,-0,-0,-0,-0,-0,-0,-0,-0,-0,-0,-0,-0,-0,-0
0.16699629218225229,-0,-0,-0,-0,-0,-0,-0,0.17361184174930713,-0,-0,-0,-0,-0,-0,-0,0.15498425671628205,-0,-0,-0,-0,-0,-0,-0,0.17901847647204711,-0,-0,-0,-0,-0,-0,-0
-0,-0,-0,0.25120799701701196,-0,-0,-0,-0,-0,-0,-0,0.2511928971507596,-0,-0,-0,-0,-0,-0,-0,0.31194008582831867,-0,-0,-0,-0,-0,-0,-0,0.26229029080867899,-0,-0,-0,-0
-0,-0,-0,-0,-0,-0,-0,-0,-0,-0,-0,-0,-0,-0,-0,-0,-0,-0,-0,-0,-0,-0,-0,-0,-0,-0,-0,-0,-0,-0,-0,-0
-0,0.30776327326611141,-0,-0,-0,-0,-0,-0,-0,0.30813272265403546,-0,-0,-0,-0,-0,-0,-0,0.29870866578415106,-0,-0,-0,-0,-0,-0,-0,0.29808927682529546,-0,-0,-0,-0,-0,-0
-0,-0,-0,-0,-0,-0,-0,-0,-0,-0,-0,-0,-0,-0,-0,-0,-0,-0,-0,-0,-0,-0,-0,-0,-0,-0,-0,-0,-0,-0,-0,-0
-0,-0,-0,-0,0.42337130048848487,-0,-0,-0,-0,-0,-0,-0,0.39188768151432712,-0,-0,-0,-0,-0,-0,-0,0.44207661736433024,-0,-0,-0,-0,-0,-0,-0,0.44543853743563311,-0,-0,-0
0.34219147113217252,-0,-0,-0,-0,-0,-0,-0,0.31805297055272841,-0,-0,-0,-0,-0,-0,-0,0.34330139338548943,-0,-0,-0,-0,-0,-0,-0,0.36170046604124545,-0,-0,-0,-0,-0,-0,-0
-0,-0,-0,0.038028489432028127,-0,-0,-0,-0,-0,-0,-0,0.022299574036833896,-0,-0,-0,-0,-0,-0,-0,0.048863377682883763,-0,-0,-0,-0,-0,-0,-0,0.04482990237320552,-0,-0,-0,-0
-0,-0,-0,-0,-0,-0,-0,-0,-0,-0,-0,-0,-0,-0,-0,-0,-0,-0,-0,-0,-0,-0,-0,-0,-0,-0,0.0028193492161803623,-0,-0,-0,-0,-0
-0,-0,-0,-0,-0,-0,-0,-0,-0,-0,-0,-0,-0,-0,-0,-0,-0,-0,-0,-0,-0,-0,-0,-0,-0,-0,-0,-0,-0,-0,-0,-0
-0,-0,-0,0.025734816087604567,0.30277374895985665,-0,0.21862489455074477,-0,-0,-0,-0,0.022147899778228133,0.30647079408861916,-0,0.22598369482010106,-0,-0,-0,-0,0.0012915908260409186,0.29843586891163143,-0,0.23053170744255358,-0,-0,-0,-0,0.022607033883292688,0.30418477245875436,-0,0.20600000963948426,-0
-0,-0,-0,-0,-0,-0,-0,-0,-0,-0,-0,-0,-0,-0,-0,-0,-0,-0,-0,-0,-0,-0,-0,-0,-0,-0,-0,-0,-0,-0,-0,-0
-0,-0,-0,-0,-0,-0,-0,-0,-0,-0,-0,-0,-0,-0,-0,-0,-0,-0,-0,-0,-0,-0,-0,-0,-0,-0,-0,-0,-0,-0,-0,-0
-0,-0,0.20662918560888732,-0,-0,-0,-0,-0,-0,-0,0.19814678775178471,-0,-0,-0,-0,-0,-0,-0,0.2077568704550061,-0,-0,-0,-0,-0,-0,-0,0.19900484554023365,-0,-0,-0,-0,-0
-0,-0,-0,-0,-0,-0,-0,-0,-0,-0,-0,-0,-0,-0,-0,-0,-0,-0,-0,-0,-0,-0,-0,-0,-0,-0,-0,-0,-0,-0,-0,-0
-0,-0,-0,-0,-0,-0,-0,-0,-0,-0,-0,-0,-0,-0,-0,-0,-0,-0,-0,-0,-0,-0,-0,-0,-0,-0,-0,-0,-0,-0,-0,-0
-0,-0,-0,-0,-0,-0,0.096611503466566384,-0,-0,-0,-0,-0,-0,-0,0.10188203840185688,-0,-0,-0,-0,-0,-0,-0,0.097366628349837531,-0,-0,-0,-0,-0,-0,-0,0.09851382760649588,-0
-0,-0,-0,-0,-0,-0,0.073727116477946622,-0,-0,-0,-0,-0,-0,-0,0.091055907841205361,-0,-0,-0,-0,-0,-0,-0,0.073331723812525063,-0,-0,-0,-0,-0,-0,-0,0.054109291190242235,-0
-0,-0,-0,-0,0.33554682334876462,-0,-0,-0,-0,-0,-0,-0,0.36028730697647765,-0,-0,-0,-0,-0,-0,-0,0.35208863180976452,-0,-0,-0,-0,-0,-0,-0,0.37612837776873231,-0,-0,-0
-0,-0,-0,-0,-0,-0,-0,-0,-0,-0,-0,-0,-0,-0,-0,-0,-0,-0,-0,-0,-0,-0,-0,-0,-0,-0,-0,-0,-0,-0,-0,-0
-0,-0,-0,-0,-0,-0,0.0073467125383291018,-0,-0,-0,-0,-0,-0,-0,0.013002519785063355,-0,-0,-0,-0,-0,-0,-0,0.0088990174958957953,-0,-0,-0,-0,-0,-0,-0,0.011412500205509898,-0
-0,-0,-0,-0,-0,-0,-0,-0,-0,-0,-0,-0,-0,-0,-0,-0,-0,-0,-0,-0,-0,-0,-0,-0,-0,-0,-0,-0,-0,-0,-0,-0
0.26083135737812363,-0,-0,-0,-0,-0,-0,-0,0.23241577351359777,-0,-0,-0,-0,-0,-0,-0,0.27380972185823915,-0,-0,-0,-0,-0,-0,-0,0.26303610907085234,-0,-0,-0,-0,-0,-0,-0
-0,-0,-0,-0,-0,-0,-0,-0,-0,-0,-0,-0,-0,-0,-0,-0,-0,-0,-0,-0,-0,-0,-0,-0,-0,-0,-0,-0,-0,-0,-0,-0
-0,-0,-0,-0,-0,-0,-0,-0,-0,-0,-0,-0,-0,-0,-0,-0,-0,-0,-0,-0,-0,-0,-0,-0,-0,-0,-0,-0,-0,-0,-0,-0
-0,0.074735046003655548,-0,0.0090196062975152601,-0,-0,-0,-0,-0,0.06789113591729859,-0,0.021167844041170124,-0,-0,-0,-0,-0,0.090872827904435252,-0,0.033573887950220344,-0,-0,-0,-0,-0,0.11690782139056084,-0,-0,-0,-0,-0,-0
0.26810940445170794,-0,-0,-0,0.12209527452801409,-0,-0,-0,0.26805479954524569,-0,-0,-0,0.12576245099486824,-0,-0,-0,0.2616388851620956,-0,-0,-0,0.11059014352245163,-0,-0,-0,0.26004237974810307,-0,-0,-0,0.11109302415831683,-0,-0,-0
-0,-0,-0,-0,-0,-0,-0,-0,-0,-0,-0,-0,-0,-0,-0,-0,-0,-0,-0,-0,-0,-0,-0,-0,-0,-0,-0,-0,-0,-0,-0,-0
-0,-0,-0,-0,-0,-0,-0,-0,-0,-0,-0,-0,-0,-0,-0,-0,-0,-0,-0,-0,-0,-0,-0,-0,-0,-0,-0,-0,-0,-0,-0,-0
-0,-0,0.017783513912838358,-0,-0,-0,0.022923490629787501,-0,-0,-0,0.021321951638798207,-0,-0,-0,0.026893485795057046,-0,-0,-0,0.018237930544179201,-0,-0,-0,0.024053938621435803,-0,-0,-0,0.013462045680418895,-0,-0,-0,0.026294402902966463,-0
-0,-0,-0,-0,-0,-0,-0,-0,-0,-0,-0,-0,-0,-0,-0,-0,-0,-0,-0,-0,-0,-0,-0,-0,-0,-0,-0,-0,-0,-0,-0,-0
-0,-0,-0,-0,-0,-0,-0,-0,-0,-0,-0,-0,-0,-0,-0,-0,-0,-0,-0,-0,-0,-0,-0,-0,-0,-0,-0,-0,-0,-0,-0,-0
-0,-0,-0,-0,-0,-0,-0,-0,-0,-0,-0,-0,-0,-0,-0,-0,-0,-0,-0,-0,-0,-0,-0,-0,-0,-0,-0,-0,-0,-0,-0,-0
0.10069176773034014,-0,-0,-0,0.017483303058841784,-0,-0,-0,0.08388930185740405,-0,-0,-0,0.015269396319291934,-0,-0,-0,0.11510404123683639,-0,-0,-0,0.011128778166855945,-0,-0,-0,0.097696619040094482,-0,-0,-0,0.00604327211969593,-0,-0,-0
-0,-0,0.32797810278974338,-0,0.22109573281478581,0.16067100253915254,-0,-0,-0,-0,0.29985837167423063,-0,0.23300214768051766,0.14092157004750056,-0,-0,-0,-0,0.31293436573154787,-0,0.21114718859721263,0.1544203077855523,-0,-0,-0,-0,0.33706883869719123,-0,0.22640988291704914,0.16369653956552965,-0,-0
-0,-0,-0,-0,-0,-0,-0,-0,-0,-0,-0,-0,-0,-0,-0,-0,-0,-0,-0,-0,-0,-0,-0,-0,-0,-0,-0,-0,-0,-0,-0,-0
-0,-0,-0,0.17064813714497684,0.16804899910155618,-0,-0,-0,-0,-0,-0,0.1959878169798919,0.14774692904919379,-0,-0,-0,-0,-0,-0,0.21190926910326752,0.17590788186598927,-0,-0,-0,-0,-0,-0,0.16373832875558708,0.17097012944345411,-0,-0,-0
-0,-0,-0,0.0014873507552124556,-0,-0,-0,-0,-0,-0,-0,0.0051623432349345889,-0,-0,-0,-0,-0,-0,-0,0.0064173844074137719,-0,-0,-0,-0,-0,-0,-0,-0,-0,-0,-0,-0
-0,-0,-0,-0,-0,-0,-0,-0,-0,-0,-0,-0,-0,-0,-0,-0,-0,-0,-0,-0,-0,-0,-0,-0,-0,-0,-0,-0,-0,-0,-0,-0
-0,-0,-0,-0,-0,-0,-0,-0,-0,-0,-0,-0,-0,-0,-0,-0,-0,-0,-0,-0,-0,-0,-0,-0,-0,-0,-0,-0,-0,-0,-0,-0
-0,-0,-0,-0,0.16481186040163792,-0,-0,-0,-0,-0,-0,-0,0.13485500395335026,-0,-0,-0,-0,-0,-0,-0,0.16152164747489309,-0,-0,-0,-0,-0,-0,-0,0.16632648078534407,-0,-0,-0
-0,-0,-0,-0,-0,-0,-0,-0,-0,-0,-0,-0,-0,-0,-0,-0,-0,-0,-0,-0,-0,-0,-0,-0,-0,-0,-0,-0,-0,-0,-0,-0
-0,-0,-0,-0,-0,-0,-0,-0,-0,-0,-0,-0,-0,-0,-0,-0,-0,-0,-0,-0,-0,-0,-0,-0,-0,-0,-0,-0,-0,-0,-0,-0
-0,-0,-0,-0,-0,0.2990057227053009,-0,-0,-0,-0,-0,-0,-0,0.29747348874539692,-0,-0,-0,-0,-0,-0,-0,0.29615085293925436,-0,-0,-0,-0,-0,-0,-0,0.31133674279427254,-0,-0
-0,-0,-0,0.072085326224074098,-0,-0,-0,-0,-0,-0,-0,0.068622569673253406,-0,-0,-0,-0,-0,-0,-0,0.09740858256670526,-0,-0,0.014275540951491476,-0,-0,-0,-0,0.075640649430177301,-0,-0,-0,-0
-0,-0,-0,-0,-0,-0,-0,-0,-0,-0,-0,-0,-0,-0,-0,-0,-0,-0,-0,-0,-0,-0,-0,-0,-0,-0,-0,-0,-0,-0,-0,-0
-0,-0,-0,-0,-0,-0,-0,-0,-0,-0,-0,-0,-0,-0,-0,-0,-0,-0,-0,-0,-0,-0,-0,-0,-0,-0,-0,-0,-0,-0,-0,-0
-0,-0,-0,-0,0.64483369298208015,-0,-0,-0,-0,-0,-0,-0,0.68027040986637477,-0,-0,-0,-0,-0,-0,-0,0.6493124025460435,-0,-0,-0,-0,-0,-0,-0,0.65434059941813227,-0,-0,-0
0.064443571388398374,-0,-0,-0,-0,-0,-0,-0,0.059624755248896294,-0,-0,-0,-0,-0,-0,-0,0.063805284232812218,-0,-0,-0,-0,-0,-0,-0,0.051519630559260565,-0,-0,-0,-0,-0,-0,-0
-0,-0,-0,-0,-0,-0,-0,-0,-0,-0,-0,-0,-0,-0,-0,-0,-0,-0,-0,-0,-0,-0,-0,-0,-0,-0,-0,-0,-0,-0,-0,-0
-0,-0,-0,-0,-0,-0,-0,-0,-0,-0,-0,-0,-0,-0,-0,-0,-0,-0,-0,-0,-0,-0,-0,-0,-0,-0,-0,-0,-0,-0,-0,-0
-0,-0,-0,-0,-0,-0,-0,-0,-0,-0,-0,-0,-0,-0,-0,-0,-0,-0,-0,-0,-0,-0,-0,-0,-0,-0,-0,-0,-0,-0,-0,-0
0.11664275724559593,-0,-0,-0,0.38181910096370453,-0,-0,-0,0.069761382692126422,-0,-0,-0,0.40269034079199012,-0,-0,-0,0.11959835840491401,-0,-0,-0,0.3572141547964835,-0,-0,-0,0.10980621968173516,-0,-0,-0,0.38665787896420045,-0,-0,-0
-0,-0,-0,-0,-0,-0,-0,-0,-0,-0,-0,-0,-0,-0,-0,-0,-0,-0,-0,-0,-0,-0,-0,-0,-0,-0,-0,-0,-0,-0,-0,-0
-0,-0,-0,-0,-0,-0,-0,-0,-0,-0,-0,-0,-0,-0,-0,-0,-0,-0,-0,-0,-0,-0,-0,-0,-0,-0,-0,-0,-0,-0,-0,-0
-0,-0,-0,-0,-0,-0,-0,-0,-0,-0,-0,-0,-0,-0,-0,-0,-0,-0,-0,-0,-0,-0,-0,-0,-0,-0,-0,-0,-0,-0,-0,-0
-0,0.4491892088191991,-0,-0,-0,-0,-0,-0,-0,0.46631186402669217,-0,-0,-0,-0,-0,-0,-0,0.47931160651997162,-0,-0,-0,-0,-0,-0,-0,0.39743471352460996,-0,-0,-0,-0,-0,-0
-0,-0,-0,0.12974663558737154,-0,-0,-0,-0,-0,-0,-0,0.14533196393461445,-0,-0,-0,-0,-0,-0,-0,0.19300452583940733,-0,-0,-0,-0,-0,-0,-0,0.088864448674454657,-0,-0,-0,-0
-0,-0,-0,-0,-0,-0,-0,-0,-0,-0,-0,-0,-0,-0,-0,-0,-0,-0,-0,-0,-0,-0,-0,-0,-0,-0,-0,-0,-0,-0,-0,-0
-0,0.084196673563285265,-0,-0,-0,-0,-0,-0,-0,0.073035576070105537,-0,-0,-0,-0,-0,-0,-0,0.078334195934862821,-0,-0,-0,-0,-0,-0,-0,0.083693282708974692,-0,-0,-0,-0,-0,-0
-0,-0,-0,-0,0.058974242201721941,-0,-0,-0,-0,-0,-0,-0,0.058982684221112601,-0,-0,-0,-0,-0,-0,-0,0.03442869662421346,-0,-0,-0,-0,-0,-0,-0,0.051622195575091498,-0,-0,-0
0.11397661576489519,-0,-0,-0,-0,-0,-0,-0,0.11635737212021673,-0,-0,-0,-0,-0,-0,-0,0.13794748349798405,-0,-0,-0,-0,-0,-0,-0,0.12264109747876684,-0,-0,-0,-0,-0,-0,-0
-0,-0,-0,-0,-0,-0,0.044151042096366541,-0,-0,-0,-0,-0,-0,-0,0.048894730071231705,-0,-0,-0,-0,-0,-0,-0,0.052180947134740349,-0,-0,-0,-0,-0,-0,-0,0.031261603590150025,-0
-0,-0,-0,-0,-0,-0,-0,-0,-0,-0,-0,-0,-0,-0,-0,-0,-0,-0,-0,-0,-0,-0,-0,-0,-0,-0,-0,-0,-0,-0,-0,-0
-0,-0,-0,-0,-0,-0,0.14847109054917809,-0,-0,-0,-0,-0,-0,-0,0.15845958985595449,-0,-0,-0,-0,-0,-0,-0,0.15534774284173195,-0,-0,-0,-0,-0,-0,-0,0.13756405928950591,-0
-0,-0,-0,-0,-0,-0,-0,-0,-0,-0,-0,-0,-0,-0,-0,-0,-0,-0,-0,-0,-0,-0,-0,-0,-0,-0,-0,-0,-0,-0,-0,-0
-0,0.51844023287323193,-0,-0,-0,-0,-0,-0,-0,0.53320808550784482,-0,-0,-0,-0,-0,-0,-0,0.49622065445425029,-0,-0,-0,-0,-0,-0,-0,0.49280347943269326,-0,-0,-0,-0,-0,-0
-0,-0,-0,-0,-0,-0,-0,-0,-0,-0,-0,-0,-0,-0,-0,-0,-0,-0,-0,-0,-0,-0,-0,-0,-0,-0,-0,-0,-0,-0,-0,-0
-0,-0,-0,-0,-0,-0,-0,-0,-0,-0,-0,-0,-0,-0,-0,-0,-0,-0,-0,-0,-0,-0,-0,-0,-0,-0,-0,-0,-0,-0,-0,-0
-0,-0,-0,-0,-0,-0,-0,-0,-0,-0,-0,-0,-0,-0,-0,-0,-0,-0,-0,-0,-0,-0,-0,-0,-0,-0,-0,-0,0.002381024302965874,-0,-0,-0
-0,0.14238219062961069,-0,-0,-0,-0,-0,-0,-0,0.1528936218662586,-0,-0,-0,-0,-0,-0,-0,0.13624126958921934,-0,-0,-0,-0,-0,-0,-0,0.12751459334977852,-0,-0,-0,-0,-0,-0
-0,-0,-0,-0,0.1140171897894004,-0,0.50306553015686406,-0,-0,-0,-0,-0,0.10192701607616254,-0,0.51232491524199408,-0,-0,-0,-0,-0,0.10552945330755582,-0,0.52099423655674948,-0,-0,-0,-0,-0,0.1131195134131949,-0,0.49219357338276898,-0
-0,-0,-0,0.23649113242360703,-0,-0,0.078202655548510455,-0,-0,-0,-0,0.22270952046923509,-0,-0,0.080532820267265492,-0,-0,-0,-0,0.29995510626451699,-0,-0,0.12001985606155025,-0,-0,-0,-0,0.24057472099873442,-0,-0,0.062851107217350613,-0
-0,0.10807043816953665,-0,-0,-0,-0,-0,-0,-0,0.12963656883304905,-0,-0,-0,-0,-0,-0,-0,0.11044311877824194,-0,-0,-0,-0,-0,-0,-0,0.08417135317046523,-0,-0,-0,-0,-0,-0
-0,-0,-0,-0,-0,-0,-0,-0,-0,-0,-0,-0,-0,-0,-0,-0,-0,-0,-0,-0,-0,-0,-0,-0,-0,-0,-0,-0,-0,-0,-0,-0
-0,-0,-0,-0,-0,-0,-0,-0,-0,-0,-0,-0,-0,-0,-0,-0,-0,-0,-0,-0,-0,-0,-0,-0,-0,-0,-0,-0,-0,-0,-0,-0
-0,0.22519339256112955,-0,-0,0.34783258203664735,-0,-0,-0,-0,0.21888223497426393,-0,-0,0.34293490101356611,-0,-0,-0,-0,0.21651411284837807,-0,-0,0.35582432726884083,-0,-0,-0,-0,0.22164062980158267,-0,-0,0.34538924035127938,-0,-0,-0
-0,-0,-0,-0,-0,-0,-0,-0,-0,-0,-0,-0,-0,-0,-0,-0,-0,-0,-0,-0,-0,-0,-0,-0,-0,-0,-0,-0,-0,-0,-0,-0
-0,-0,-0,-0,-0,-0,-0,-0,-0,-0,-0,-0,-0,-0,-0,-0,-0,-0,-0,-0,-0,-0,-0,-0,-0,-0,-0,-0,-0,0.0092581592649230281,-0,-0
-0,-0,-0,-0,-0,-0,-0,-0,-0,-0,-0,-0,-0,-0,-0,-0,-0,-0,-0,-0,-0,-0,-0,-0,-0,-0,-0,-0,-0,-0,-0,-0
-0,-0,-0,-0,-0,-0,-0,-0,-0,-0,-0,-0,-0,-0,-0,-0,-0,-0,-0,-0,-0,-0,-0,-0,-0,-0,-0,-0,-0,-0,-0,-0
-0,-0,-0,0.32295809985451229,0.48232979242571622,-0,-0,-0,-0,-0,-0,0.33673992972820632,0.46810044233405523,-0,-0,-0,-0,-0,-0,0.35311908263470204,0.48822322933856399,-0,-0,-0,-0,-0,-0,0.31232651565839881,0.48056883275523532,-0,-0,-0
-0,-0,-0,-0,-0,-0,-0,-0,-0,-0,-0,-0,-0,-0,-0,-0,-0,-0,-0,-0,-0,-0,-0,-0,-0,-0,-0,-0,-0,-0,-0,-0
-0,-0,-0,-0,-0,-0,-0,-0,-0,-0,-0,-0,-0,-0,-0,-0,-0,-0,-0,-0,-0,-0,-0,-0,-0,-0,-0,-0,-0,-0,-0,-0
-0,-0,-0,-0,-0,-0,-0,-0,-0,-0,-0,-0,-0,-0,-0,-0,-0,-0,-0,-0,-0,-0,-0,-0,-0,-0,-0,-0,-0,-0,-0,-0
-0,-0,-0,-0,-0,0.093613692564062989,0.04036967687498634,-0,-0,-0,-0,-0,-0,0.092730614272799577,0.040330194391780608,-0,-0,-0,-0,-0,-0,0.092047308110327353,0.045895473448693519,-0,-0,-0,-0,-0,-0,0.095771023796156818,0.034266138524396222,-0
-0,-0,-0,-0,-0,-0,-0,-0,-0,-0,-0,-0,-0,-0,-0,-0,-0,-0,-0,-0,-0,-0,-0,-0,-0,-0,-0,-0,-0,-0,-0,-0
-0,-0,-0,-0,-0,0.3729512874192612,-0,-0,-0,-0,-0,-0,-0,0.3501558915890417,-0,-0,-0,-0,-0,-0,-0,0.36801107732587685,-0,-0,-0,-0,-0,-0,-0,0.37352912582416037,-0,-0
-0,0.20965915379378341,-0,-0,-0,-0,-0,-0,-0,0.21322771603383503,-0,-0,-0,-0,-0,-0,-0,0.2071669905845625,-0,-0,-0,-0,-0,-0,-0,0.21699212972379675,-0,-0,-0,-0,-0,-0
-0,-0,-0,-0,-0,-0,-0,-0,-0,-0,-0,-0,-0,-0,-0,-0,-0,-0,-0,-0,-0,-0,-0,-0,-0,-0,-0,-0,-0,-0,-0,-0
-0,-0,-0,-0,-0,0.29457201839651576,-0,-0,-0,-0,-0,-0,-0,0.27838721952525641,-0,-0,-0,-0,-0,-0,-0,0.29966487814497134,-0,-0,-0,-0,-0,-0,-0,0.30642128053701018,-0,-0
-0,-0,-0,-0,-0,-0,-0,-0,-0,-0,-0,-0,-0,-0,-0,-0,-0,-0,-0,-0,-0,-0,-0,-0,-0,-0,-0,-0,-0,-0,-0,-0
-0,-0,-0,-0,-0,-0,-0,-0,-0,-0,-0,-0,-0,-0,-0,-0,-0,-0,-0,-0,-0,-0,-0,-0,-0,-0,-0,-0,-0,-0,-0,-0
-0,0.032905686694666265,-0,-0,-0,-0,-0,-0,-0,0.033580235071906821,-0,-0,-0,-0,-0,-0,-0,0.064426834509156233,-0,-0,-0,-0,-0,-0,-0,0.034626510928992424,-0,-0,-0,-0,-0,-0
-0,-0,-0,-0,-0,-0,-0,-0,-0,-0,-0,-0,-0,-0,-0,-0,-0,-0,-0,-0,-0,-0,-0,-0,-0,-0,-0,-0,-0,-0,-0,-0
-0,-0,-0,0.090341992968850468,0.50757038958188105,-0,-0,-0,-0,-0,-0,0.10111927395692052,0.50680394332399692,-0,-0,-0,-0,-0,-0,0.090551798898662092,0.50876761930289605,-0,-0,-0,-0,-0,-0,0.08288419624487714,0.49863740584951366,-0,-0,-0
-0,-0,-0,-0,-0,-0,-0,-0,-0,-0,-0,-0,-0,-0,-0,-0,-0,-0,-0,-0,-0,-0,-0,-0,-0,-0,-0,-0,-0,-0,-0,-0
-0,-0,-0,-0,-0,-0,-0,-0,-0,-0,-0,-0,-0,-0,-0,-0,-0,-0,-0,-0,-0,-0,-0,-0,-0,-0,-0,-0,-0,-0,-0,-0
-0,-0,-0,-0,0.0066997332219853566,-0,-0,-0,-0,-0,-0,-0,-0,-0,-0,-0,-0,-0,-0,-0,0.0086090015244577565,-0,-0,-0,-0,-0,-0,-0,0.016307599207423192,-0,-0,-0
-0,-0,0.24459416537906481,-0,0.002019242635497596,-0,-0,-0,-0,-0,0.2171317565724262,-0,-0,-0,-0,-0,-0,-0,0.22524981914622699,-0,-0,-0,-0,-0,-0,-0,0.25298907087966443,-0,-0,-0,-0,-0
-0,-0,-0,-0,-0,0.016947078494353455,-0,-0,-0,-0,-0,-0,-0,0.000527595306606138,-0,-0,-0,-0,-0,-0,-0,0.0072244712912790691,-0,-0,-0,-0,-0,-0,-0,0.02831749936757889,-0,-0
-0,-0,-0,0.078624329131892934,-0,-0,-0,-0,-0,-0,-0,0.095462711399408373,-0,-0,-0,-0,-0,-0,-0,0.12102615300868023,-0,-0,-0,-0,-0,-0,-0,0.071728993060270141,-0,-0,-0,-0
-0,-0,-0,-0,-0,-0,-0,-0,-0,-0,-0,-0,-0,-0,-0,-0,-0,-0,-0,-0,-0,-0,-0,-0,-0,-0,-0,-0,-0,-0,-0,-0
-0,-0,-0,-0,-0,-0,-0,-0,-0,-0,-0,-0,-0,-0,-0,-0,-0,-0,-0,-0,-0,-0,-0,-0,-0,-0,-0,-0,-0,-0,-0,-0
-0,-0,-0,-0,-0,-0,-0,-0,-0,-0,-0,-0,-0,-0,-0,-0,-0,-0,-0,-0,-0,-0,-0,-0,-0,-0,-0,-0,-0,-0,-0,-0
-0,-0,-0,-0,0.46762719566433386,-0,-0,-0,-0,-0,-0,-0,0.46381276687459755,-0,-0,-0,-0,-0,-0,-0,0.48598251812556709,-0,-0,-0,-0,-0,-0,-0,0.49533158865192395,-0,-0,-0
-0,-0,-0,-0,-0,-0,-0,-0,-0,-0,-0,-0,-0,-0,-0,-0,-0,-0,-0,-0,-0,-0,-0,-0,-0,-0,-0,-0,-0,-0,-0,-0
-0,-0,-0,-0,-0,-0,-0,-0,-0,-0,-0,-0,-0,-0,-0,-0,-0,-0,-0,-0,-0,-0,-0,-0,-0,-0,-0,-0,-0,-0,-0,-0
-0,0.14330874989740064,-0,-0,-0,-0,-0,-0,-0,0.15141511643536237,-0,-0,-0,-0,-0,-0,-0,0.14874188937643848,-0,-0,-0,-0,-0,-0,-0,0.13102780398446456,-0,-0,-0,-0,-0,-0
-0,-0,-0,-0,-0,-0,-0,-0,-0,-0,-0,-0,-0,-0,-0,-0,-0,-0,-0,0.0137791879907758,-0,-0,-0,-0,-0,-0,-0,-0,-0,-0,-0,-0
-0,-0,-0,-0,-0,-0,-0,-0,-0,-0,-0,-0,-0,-0,-0,-0,-0,-0,-0,-0,-0,-0,-0,-0,-0,-0,-0,-0,-0,-0,-0,-0
-0,-0,-0,0.14121386300579516,0.038969177296973467,-0,-0,-0,-0,-0,-0,0.14271686305555598,0.045555732249256589,-0,-0,-0,-0,-0,-0,0.15402598363494022,0.057397717705786375,-0,-0,-0,-0,-0,-0,0.14268517139296155,0.067575555628801506,-0,-0,-0
-0,-0,-0,-0,-0,-0,-0,-0,-0,-0,-0,-0,-0,-0,-0,-0,0.0057984304635693394,-0,-0,-0,-0,-0,-0,-0,0.0058861601909458335,-0,-0,-0,-0,-0,-0,-0
-0,0.51871862226115861,-0,-0,-0,-0,-0,-0,-0,0.52537523612289905,-0,-0,-0,-0,-0,-0,-0,0.52225049147799629,-0,-0,-0,-0,-0,-0,-0,0.49715517571939277,-0,-0,-0,-0,-0,-0
-0,0.0089527209213373822,-0,-0,-0,0.34094416529717708,-0,-0,-0,0.0096316608224770988,-0,-0,-0,0.326376224323982,-0,-0,-0,0.020739639955842642,-0,-0,-0,0.34894993264729257,-0,-0,-0,0.027839394468944872,-0,-0,-0,0.34021115742319563,-0,-0
-0,-0,-0,-0,-0,-0,-0,-0,-0,-0,-0,-0,-0,-0,-0,-0,-0,-0,-0,-0,-0,-0,-0,-0,-0,-0,-0,-0,-0,-0,-0,-0
-0,-0,0.097754384472975658,-0,-0,-0,-0,-0,-0,-0,0.08996471472354696,-0,-0,-0,-0,-0,-0,-0,0.082013302694438142,-0,-0,-0,-0,-0,-0,-0,0.087397555138920169,-0,-0,-0,-0,-0
-0,-0,-0,-0,-0,-0,-0,-0,-0,-0,-0,-0,-0,-0,-0,-0,-0,-0,-0,-0,-0,-0,-0,-0,-0,-0,-0,-0,-0,-0,-0,-0
-0,-0,-0,-0,0.0021267451169197245,-0,-0,-0,-0,-0,-0,-0,0.0063763425254353316,-0,-0,-0,-0,-0,-0,-0,0.00054408039247699953,-0,-0,-0,-0,-0,-0,-0,0.010382884227203489,-0,-0,-0
-0,0.051428505622395218,-0,-0,-0,-0,0.22626886689949102,-0,-0,0.055683526249403766,-0,-0,-0,-0,0.23993963926673512,-0,-0,0.086884784030389323,-0,-0,-0,-0,0.21933781831447507,-0,-0,0.019560865736351112,-0,-0,-0,-0,0.20559675672417504,-0
-0,-0,-0,-0,-0,-0,-0,-0,-0,-0,-0,-0,-0,-0,-0,-0,0.0062000361012587643,-0,-0,-0,-0,-0,-0,-0,-0,-0,-0,-0,-0,-0,-0,-0
-0,-0,-0,0.015199843838370478,0.11542252721965582,-0,-0,-0,-0,-0,-0,0.02790479306566138,0.094549950352030843,-0,-0,-0,-0,-0,-0,0.018017116118572221,0.11322106040664429,-0,-0,-0,-0,-0,-0,0.020210044677234706,0.10466650060797972,-0,-0,-0
-0,-0,-0,-0,-0,-0,-0,-0,-0,-0,-0,-0,-0,-0,-0,-0,-0,-0,-0,-0,-0,-0,-0,-0,-0,-0,-0,-0,-0,-0,-0,-0
-0,-0,-0,-0,-0,-0,-0,-0,-0,-0,-0,-0,-0,-0,-0,-0,-0,-0,-0,-0,-0,-0,-0,-0,-0,-0,-0,-0,-0,-0,-0,-0
-0,-0,-0,0.18681539592470628,-0,-0,-0,-0,-0,-0,-0,0.20978414066639994,-0,-0,-0,-0,-0,-0,-0,0.22207891486122586,-0,-0,-0,-0,-0,-0,-0,0.17215046338969722,-0,-0,-0,-0
-0,-0,-0,-0,-0,-0,-0,-0,-0,-0,-0,-0,-0,-0,-0,-0,-0,-0,-0,-0,-0,-0,-0,-0,-0,-0,-0,-0,-0,-0,-0,-0
-0,0.019301283830497215,-0,-0,-0,-0,-0,-0,-0,0.023216072095551103,-0,-0,-0,-0,-0,-0,-0,0.048216328539904138,-0,-0,-0,-0,-0,-0,-0,-0,-0,-0,-0,-0,-0,-0
-0,-0,-0,-0,0.31906187285249338,-0,-0,-0,-0,-0,-0,-0,0.29897827862887233,-0,-0,-0,-0,-0,-0,-0,0.33483252957386489,-0,-0,-0,-0,-0,-0,-0,0.33847634112773456,-0,-0,-0
-0,-0,0.14546092165160046,-0,-0,-0,-0,-0,-0,-0,0.1348302188630604,-0,-0,-0,-0,-0,-0,-0,0.14089436636671251,-0,-0,-0,-0,-0,-0,-0,0.11061487638404902,-0,-0,-0,-0,-0
-0,-0,-0,-0,-0,-0,-0,-0,-0,-0,-0,-0,-0,-0,-0,-0,-0,-0,-0,-0,-0,-0,-0,-0,-0,-0,-0,-0,-0,-0,-0,-0
-0,-0,-0,-0,-0,-0,-0,-0,-0,-0,-0,-0,-0,-0,-0,-0,-0,-0,-0,-0,-0,-0,-0,-0,-0,-0,-0,-0,-0,-0,-0,-0
-0,-0,-0,-0,-0,-0,-0,-0,-0,-0,-0,-0,-0,-0,-0,-0,-0,0.0013822359379882247,-0,-0,-0,-0,-0,-0,-0,-0,-0,-0,-0,-0,-0,-0
-0,-0,-0,-0,-0,-0,-0,0.088422324301868832,-0,-0,-0,-0,-0,-0,-0,0.089969144751886429,-0,-0,-0,-0,-0,-0,-0,0.10036695857703613,-0,-0,-0,-0,-0,-0,-0,0.0703467179116192
-0,-0,-0,-0,0.22889334980255205,-0,-0,-0,-0,-0,-0,-0,0.19902998470463887,-0,-0,-0,-0,-0,-0,-0,0.23393551897453804,-0,-0,-0,-0,-0,-0,-0,0.22998144367962009,-0,-0,-0
-0,-0,-0,0.083149078078168154,-0,-0,-0,-0,-0,-0,-0,0.071388270291929151,-0,-0,-0,-0,-0,-0,-0,0.090492216365354372,-0,-0,-0,-0,-0,-0,-0,0.084575576729557789,-0,-0,-0,-0
-0,0.023580683162377939,-0,-0,-0,-0,-0,-0,-0,0.027759247107568767,-0,-0,-0,-0,-0,-0,-0,0.0090811291524630043,-0,-0,-0,-0,-0,-0,-0,0.016287163672185755,-0,-0,-0,-0,-0,-0
-0,-0,-0,-0,-0,-0,-0,-0,-0,-0,-0,-0,-0,-0,-0,-0,-0,-0,-0,-0,-0,-0,-0,-0,-0,-0,-0,-0,-0,-0,-0,-0
-0,-0,-0,-0,-0,0.071453675813379539,-0,-0,-0,-0,-0,-0,-0,0.045494434783923419,-0,-0,-0,-0,-0,-0,-0,0.074092146161595235,-0,-0,-0,7.6444319605780293e-05,-0,-0,-0,0.090731486024176106,-0,-0
-0,-0,-0,0.10510001311821489,-0,-0,-0,-0,-0,-0,-0,0.13208163995078495,-0,-0,-0,-0,-0,-0,-0,0.12773974000116059,-0,-0,-0,-0,-0,-0,-0,0.045989607231532871,-0,-0,-0,-0
-0,-0,-0,-0,-0,-0,-0,-0,-0,-0,-0,-0,-0,-0,-0,-0,-0,-0,-0,-0,-0,-0,-0,-0,-0,-0,-0,-0,-0,-0,-0,-0
-0,-0,-0,-0,0.12282992913868697,-0,-0,-0,-0,-0,-0,-0,0.10301804463940392,-0,-0,-0,-0,-0,-0,-0,0.12671167164526939,-0,-0,-0,-0,-0,-0,-0,0.12296688223723445,-0,-0,-0
-0,-0,-0,-0,0.10431515029274552,-0,-0,-0,-0,-0,-0,-0,0.12002356307904465,-0,-0,-0,-0,-0,-0,-0,0.10598233529133497,-0,-0,-0,-0,-0,-0,-0,0.099358964324811797,-0,-0,-0
-0,-0,-0,-0,-0,-0,-0,-0,-0,-0,-0,-0,-0,-0,-0,-0,-0,-0,-0,-0,-0,-0,-0,-0,-0,-0,-0,-0,-0,-0,-0,-0
-0,0.02103386357772196,-0,-0,-0,-0,-0,-0,-0,0.027434755658196509,-0,-0,-0,-0,-0,-0,-0,0.039435645615753447,-0,-0,-0,-0,-0,-0,-0,0.015758108131559374,-0,-0,-0,-0,-0,-0
-0,-0,-0,-0,-0,-0,-0,-0,-0,-0,-0,-0,-0,-0,-0,-0,-0,-0,-0,-0,-0,-0,-0,-0,-0,-0,-0,-0,-0,-0,-0,-0
-0,-0,-0,0.21953335167899446,-0,-0,-0,-0,-0,-0,-0,0.21784042363645387,-0,-0,-0,-0,-0,-0,-0,0.24840395281732228,-0,-0,-0,-0,-0,-0,-0,0.23214455990135141,-0,-0,-0,-0
-0,-0,-0,-0,-0,-0,-0,-0,-0,-0,-0,-0,-0,-0,-0,-0,-0,-0,-0,-0,-0,-0,-0,-0,-0,-0,-0,-0,-0,-0,-0,-0
-0,-0,-0,-0,-0,-0,-0,-0,-0,-0,-0,-0,-0,-0,-0,-0,-0,-0,-0,-0,-0,-0,-0,-0,-0,-0,-0,-0,-0,-0,-0,-0
-0,-0,-0,-0,0.1677464152336916,-0,0.41501338472148863,-0,-0,-0,-0,-0,0.15935181986116628,-0,0.42472225899345778,-0,-0,-0,-0,-0,0.14313290847384749,-0,0.42660310895138143,-0,-0,-0,-0,-0,0.15924027721114112,-0,0.42480953120441062,-0
-0,-0,-0,-0,-0,-0,-0,-0,-0,-0,-0,-0,-0,-0,-0,-0,-0,-0,-0,-0,-0,-0,-0,-0,-0,-0,-0,-0,-0,-0,-0,-0
-0,-0,-0,-0,-0,-0,-0,-0,-0,-0,-0,-0,-0,-0,-0,-0,-0,-0,-0,-0,-0,-0,-0,-0,-0,-0,-0,-0,-0,-0,-0,-0
-0,-0,-0,-0,-0,-0,-0,-0,-0,-0,-0,-0,-0,-0,-0,-0,-0,-0,-0,-0,-0,-0,-0,-0,-0,-0,-0,-0,-0,-0,-0,-0
-0,-0,-0,-0,-0,-0,-0,-0,-0,-0,-0,-0,-0,-0,-0,-0,-0,-0,-0,-0,-0,-0,-0,-0,-0,-0,-0,-0,-0,-0,-0,-0
-0,-0,-0,-0,-0,-0,-0,-0,-0,-0,-0,-0,-0,-0,-0,-0,-0,-0,-0,-0,-0,-0,-0,-0,-0,-0,-0,-0,-0,-0,-0,-0
0.078183450206220709,-0,-0,0.037985938780701903,0.027076716904637008,-0,-0,-0,0.082924811735508377,-0,-0,0.03768570720371154,-0,-0,-0,-0,0.084716290334894792,-0,-0,0.057514765983305176,0.028799905263166448,-0,-0,-0,0.063796236379262711,-0,-0,0.043427014442240869,0.0096334282794549274,-0,-0,-0
-0,-0,-0,-0,-0,-0,-0,-0,-0,-0,-0,-0,-0,-0,-0,-0,-0,-0,-0,-0,-0,-0,-0,-0,-0,-0,-0,-0,-0,-0,-0,-0
-0,-0,-0,-0,-0,-0,-0,-0,-0,-0,-0,-0,-0,-0,-0,-0,-0,-0,-0,-0,-0,-0,-0,-0,-0,-0,-0,-0,-0,-0,-0,-0
-0,-0,-0,-0,-0,-0,-0,-0,-0,-0,-0,-0,-0,-0,-0,-0,-0,-0,-0,-0,-0,-0,-0,-0,-0,-0,-0,-0,-0,-0,-0,-0
-0,-0,-0,-0,-0,-0,0.086011247260051549,-0,-0,-0,-0,-0,-0,-0,0.10333143658902816,-0,-0,-0,-0,-0,-0,-0,0.094087436114607695,-0,-0,-0,-0,-0,-0,-0,0.084711899201017765,-0
-0,0.19733467674036709,-0,-0,-0,-0,-0,-0,-0,0.21893830378821408,-0,-0,-0,-0,-0,-0,-0,0.18909381840896941,-0,-0,-0,-0,-0,-0,-0,0.1757960323925617,-0,-0,-0,-0,-0,-0
-0,-0,-0,0.022027544281941518,-0,-0,-0,-0,-0,-0,-0,0.027373909309888218,-0,-0,-0,-0,-0,-0,-0,0.04223571097440993,-0,-0,-0,-0,-0,-0,-0,0.00060804550876137307,-0,-0,-0,-0
-0,-0,-0,-0,0.63300331856040093,-0,-0,-0,-0,-0,-0,-0,0.63192434643838458,-0,-0,-0,-0,-0,-0,-0,0.64267000961604959,-0,-0,-0,-0,-0,-0,-0,0.65857920330040487,-0,-0,-0
-0,-0,-0,-0,-0,-0,-0,-0,-0,-0,-0,-0,-0,-0,-0,-0,-0,-0,-0,-0,-0,-0,-0,-0,-0,-0,-0,-0,-0,-0,-0,-0
-0,-0,-0,-0,-0,-0,-0,-0,-0,-0,-0,-0,-0,-0,-0,-0,-0,-0,-0,-0,-0,-0,-0,-0,-0,-0,-0,-0,-0,-0,-0,-0
-0,0.39591677735426145,-0,-0,-0,-0,-0,-0,-0,0.38147504287322048,0.0072658288745375494,-0,-0,-0,-0,-0,-0,0.39800862261984321,-0,-0,-0,-0,-0,-0,-0,0.3911294018902457,-0,-0,-0,-0,-0,-0
-0,-0,-0,-0,0.32817308159587127,-0,0.17731413928147366,-0,-0,-0,-0,-0,0.29345745727175082,-0,0.19234686700396258,-0,-0,-0,-0,-0,0.30547611870820784,-0,0.18558757120372654,-0,-0,-0,-0,-0,0.3198869564558201,-0,0.18184338338551501,-0
-0,0.12576389886456091,-0,-0,-0,-0,-0,-0,-0,0.13373753626294307,-0,-0,-0,-0,-0,-0,-0,0.15233277266328632,-0,-0,-0,-0,-0,-0,-0,0.11082870568318877,-0,-0,-0,-0,-0,-0
-0,-0,-0,-0,-0,-0,-0,-0,-0,-0,-0,-0,-0,-0,-0,-0,-0,-0,-0,-0,-0,-0,-0,-0,-0,-0,-0,-0,-0,-0,-0,-0
-0,-0,-0,-0,-0,-0,-0,-0,-0,-0,-0,-0,-0,-0,-0,-0,-0,-0,-0,-0,-0,-0,-0,-0,-0,-0,-0,-0,-0,-0,-0,-0
0.25429525710446171,-0,-0,-0,-0,0.39727947705041811,-0,-0,0.24883566186862954,-0,-0,-0,-0,0.40887405344933608,-0,-0,0.26601484811455617,-0,-0,-0,-0,0.38467788577756368,-0,-0,0.23995956646957839,-0,-0,-0,-0,0.40784646327098789,-0,-0
-0,-0,-0,0.041358632443267915,0.29031802279858804,-0,0.3344866771755784,-0,-0,-0,-0,0.045929081663963534,0.2913045474339091,-0,0.33251184320714705,-0,-0,-0,-0,0.038745884295756004,0.28212370855450397,-0,0.34194768362188938,-0,-0,-0,-0,0.04442491289415397,0.29242334552302024,-0,0.33306465800390256,-0
-0,-0,-0,-0,-0,-0,-0,-0,-0,-0,-0,-0,-0,-0,-0,-0,-0,-0,-0,-0,-0,-0,-0,-0,-0,-0,-0,-0,-0,-0,-0,-0
0.46263682673177409,-0,-0,-0,-0,-0,-0,-0,0.45579897086905674,-0,-0,-0,-0,-0,-0,-0,0.46907803697056893,-0,-0,-0,-0,-0,-0,-0,0.46157972514621037,-0,-0,-0,-0,-0,-0,-0
-0,-0,-0,-0,-0,-0,-0,-0,-0,-0,-0,-0,-0,-0,-0,-0,-0,0.015876005001820258,-0,0.0010960137299576415,-0,-0,-0,-0,-0,-0,-0,0.00082394233662586079,-0,-0,-0,-0
-0,-0,-0,-0,-0,-0,-0,-0,-0,-0,-0,-0,-0,-0,-0,-0,-0,-0,-0,-0,-0,-0,-0,-0,-0,-0,-0,-0,-0,0.0055106046142426087,-0,-0
-0,-0,-0,-0,-0,-0,0.041719856814626172,-0,-0,-0,-0,-0,-0,-0,0.044793779591303602,-0,-0,-0,-0,0.017060825517272463,-0,-0,0.054005065577932797,-0,-0,-0,-0,-0,-0,-0,0.046823240262885091,-0
-0,-0,-0,-0,-0,-0,-0,-0,-0,-0,-0,-0,-0,-0,-0,-0,-0,-0,-0,-0,-0,-0,-0,-0,-0,-0,-0,-0,-0,-0,-0,-0
0.2065874996418092,-0,-0,-0,-0,-0,-0,-0,0.20122075428304731,-0,-0,-0,-0,-0,-0,-0,0.21818902039073329,-0,-0,-0,-0,-0,-0,-0,0.19908442068825624,-0,-0,-0,-0,-0,-0,-0
0.015669413939070849,-0,-0,-0,-0,-0,-0,-0,0.012322989859008159,-0,-0,-0,-0,-0,-0,-0,0.0081878987787100711,-0,-0,-0,-0,-0,-0,-0,0.0046784495954738589,-0,-0,-0,-0,-0,-0,-0
-0,-0,-0,0.6692167485612267,-0,-0,-0,-0,-0,-0,-0,0.6712676361957034,-0,-0,-0,-0,-0,-0,-0,0.74925032302569683,-0,-0,-0,-0,-0,-0,-0,0.67952102398647618,-0,-0,-0,-0
0.23356524542138996,-0,-0,0.26788302067851033,0.14589339794573281,-0,-0,-0,0.21358649651886463,-0,-0,0.28650885686315991,0.12576491043777599,-0,-0,-0,0.21075956949731889,-0,-0,0.30342956435879614,0.15812801459705667,-0,-0,-0,0.21930097483444869,-0,-0,0.2596222592608502,0.16057309371505496,-0,-0,-0
-0,-0,-0,-0,-0,-0,-0,-0,-0,-0,-0,-0,-0,-0,-0,-0,-0,-0,-0,-0,-0,-0,-0,-0,-0,-0,-0,-0,-0,-0,-0,-0
0.34515914412454046,-0,-0,-0,0.041325723131542279,-0,-0,-0,0.34513935942869284,-0,-0,-0,0.050936382310811788,-0,-0,-0,0.3573356688050679,-0,-0,-0,0.032067074735359462,-0,-0,-0,0.34077304545049342,-0,-0,-0,0.047191650726898127,-0,-0,-0
-0,-0,-0,-0,-0,-0,-0,-0,-0,-0,-0,-0,-0,-0,-0,-0,-0,-0,-0,-0,-0,-0,-0,-0,-0,-0,-0,-0,-0,-0,-0,-0
-0,-0,-0,-0,-0,-0,-0,-0,-0,-0,-0,-0,-0,-0,-0,-0,-0,-0,-0,-0,-0,-0,-0,-0,-0,-0,-0,-0,-0,-0,-0,-0
-0,-0,-0,0.24041565048464808,0.20383198914853978,-0,-0,-0,-0,-0,-0,0.24685323487978131,0.1832225377781119,-0,-0,-0,-0,-0,-0,0.23632365276812001,0.20885717986036442,-0,-0,-0,-0,-0,-0,0.23936844143043312,0.20929314613993436,-0,-0,-0
-0,-0,0.008610456992733986,-0,-0,-0,-0,-0,-0,-0,-0,-0,-0,-0,-0,-0,-0,-0,-0,-0,-0,-0,-0,-0,-0,-0,-0,-0,-0,-0,-0,-0
-0,-0,-0,-0,0.079989816352328103,-0,-0,-0,-0,-0,-0,-0,0.075786475245703908,-0,-0,-0,-0,-0,-0,-0,0.081996289694420368,-0,-0,-0,-0,-0,-0,-0,0.088553860135796955,-0,-0,-0
-0,-0,-0,-0,0.20375516498117413,-0,-0,-0,-0,-0,-0,-0,0.16965349310759401,-0,-0,-0,-0,-0,-0,-0,0.2159809048248702,-0,-0,-0,-0,-0,-0,-0,0.21600091749593753,-0,-0,-0
-0,-0,-0,-0,0.18774888152835759,-0,-0,-0,-0,-0,-0,-0,0.17860225410796912,-0,-0,-0,-0,-0,-0,-0,0.19273364960797867,-0,-0,-0,-0,-0,-0,-0,0.20410098674606206,-0,-0,-0
-0,-0,-0,-0,0.041348856223925916,-0,0.45949133386197538,-0,-0,-0,-0,-0,0.035382600867260215,-0,0.46015834760218438,-0,-0,-0,-0,-0,0.03102424921322517,-0,0.48341756724586071,-0,-0,-0,-0,-0,0.047592733966067113,-0,0.45357784014335911,-0
-0,-0,-0,-0,-0,-0,-0,-0,-0,-0,-0,-0,-0,-0,-0,-0,-0,-0,-0,-0,-0,-0,-0,-0,-0,-0,-0,-0,-0,-0,-0,-0
-0,-0,-0,-0,0.55357851000330738,-0,-0,-0,-0,-0,-0,-0,0.56460787539462964,-0,-0,-0,-0,-0,-0,-0,0.54085375156287818,-0,-0,-0,-0,-0,-0,-0,0.56056407588351065,-0,-0,-0
-0,-0,-0,-0,-0,-0,-0,-0,-0,-0,-0,-0,-0,-0,-0,-0,-0,-0,-0,-0,-0,-0,-0,-0,-0,-0,-0,-0,-0,-0,-0,-0
-0,0.4479367049827499,-0,-0,-0,-0,-0,-0,-0,0.46530670510539957,-0,-0,-0,-0,-0,-0,-0,0.46463877502492057,-0,-0,-0,-0,-0,-0,-0,0.41596215955651294,-0,-0,-0,-0,-0,-0
0.18742316427436992,-0,-0,-0,-0,-0,-0,-0,0.18870143717511975,-0,-0,-0,-0,-0,-0,-0,0.17792773731506931,-0,-0,-0,-0,-0,-0,-0,0.18316576011734051,-0,-0,-0,-0,-0,-0,-0
-0,-0,-0,-0,-0,-0,-0,-0,-0,-0,-0,-0,-0,-0,-0,-0,-0,-0,-0,-0,-0,-0,-0,-0,-0,-0,-0,-0,-0,-0,-0,-0
0.37858637140616441,-0,-0,0.10545389847664231,0.067822205535002678,-0,-0,-0,0.37600372803371912,-0,-0,0.10629476950866741,0.056302656252728935,-0,-0,-0,0.38721931153520717,-0,-0,0.13589360926229363,0.08088195500988532,-0,-0,-0,0.37127154568887832,-0,-0,0.10740262936119183,0.063889812503046858,-0,-0,-0
-0,-0,-0,-0,0.28180967241076049,-0,-0,-0,-0,-0,-0,-0,0.26919952369100114,-0,-0,-0,-0,-0,-0,-0,0.28873416335542446,-0,-0,-0,-0,-0,-0,-0,0.31169859118633636,-0,-0,-0
-0,-0,-0,-0,0.070603695725212745,-0,0.17110269156946437,-0,-0,-0,-0,-0,0.076088038603432509,-0,0.17994946246175003,-0,-0,-0,-0,-0,0.058566683860099659,-0,0.1694685907841591,-0,-0,-0,-0,-0,0.066962223613893646,-0,0.15513566606855295,-0
-0,-0,-0,-0,-0,-0,-0,-0,-0,-0,-0,-0,-0,-0,-0,-0,-0,-0,-0,-0,-0,-0,-0,-0,-0,-0,-0,-0,-0,-0,-0,-0
-0,-0,-0,-0,-0,-0,-0,-0,-0,-0,-0,-0,-0,-0,-0,-0,-0,0.00032558731937248013,-0,-0,-0,-0,-0,-0,-0,-0,-0,-0,-0,-0,-0,-0
0.11430867418792993,-0,-0,-0,-0,-0,-0,-0,0.10664862155413057,-0,-0,-0,-0,-0,-0,-0,0.11764827314332905,-0,-0,-0,-0,-0,-0,-0,0.11669211270870042,-0,-0,-0,-0,-0,-0,-0
-0,-0,-0,-0,-0,-0,-0,-0,-0,-0,-0,-0,-0,-0,-0,-0,-0,-0,-0,-0,-0,-0,-0,-0,-0,-0,-0,-0,-0,-0,-0,-0
-0,-0,-0,-0,-0,-0,-0,-0,-0,-0,-0,-0,-0,-0,-0,-0,-0,-0,-0,-0,-0,-0,-0,-0,-0,-0,-0,-0,-0,-0,-0,-0
-0,-0,-0,-0,-0,-0,-0,-0,-0,-0,-0,-0,-0,-0,-0,-0,-0,-0,-0,-0,-0,-0,-0,-0,-0,-0,-0,-0,-0,-0,-0,-0
-0,-0,-0,0.072578182762133708,-0,-0,-0,-0,-0,-0,-0,0.067743183684508171,-0,-0,-0,-0,-0,-0,-0,0.12178322063268898,-0,-0,-0,-0,-0,-0,-0,0.088070203686249598,-0,-0,-0,-0
-0,-0,-0,0.0030466446856737021,0.11835228888302758,-0,-0,-0,-0,-0,-0,0.021776456771422769,0.096475443882262646,-0,-0,-0,-0,-0,-0,0.005436764939664546,0.11112917381217996,-0,-0,-0,-0,-0,-0,-0,0.11297490441986685,-0,-0,-0
-0,-0,-0,-0,-0,-0,-0,-0,-0,-0,-0,-0,-0,-0,-0,-0,-0,-0,-0,-0,-0,-0,-0,-0,-0,-0,-0,-0,-0,-0,-0,-0
-0,-0,-0,-0,-0,-0,-0,-0,-0,-0,-0,-0,-0,-0,-0,-0,-0,-0,-0,-0,-0,-0,-0,-0,-0,-0,-0,-0,-0,-0,-0,-0
-0,-0,-0,-0,-0,-0,-0,-0,-0,-0,-0,-0,-0,-0,-0,-0,-0,-0,-0,-0,-0,-0,-0,-0,-0,-0,-0,-0,-0,-0,-0,-0
-0,0.037615783492941111,0.099048593023348494,0.15527173545516088,0.37781872694911711,-0,-0,-0,-0,0.028629766543575477,0.074802790947183215,0.15920550344004331,0.36907727024053055,-0,-0,-0,-0,0.057923199145910619,0.08920112543497194,0.16193890087180865,0.3803524908023046,-0,-0,-0,-0,0.048622356497374258,0.080696630010525114,0.12678706953646399,0.37743711086705223,-0,-0,-0
-0,-0,-0,-0,-0,-0,-0,-0,-0,-0,-0,-0,-0,-0,-0,-0,-0,-0,-0,-0,-0,-0,-0,-0,-0,-0,-0,-0,-0,-0,-0,-0
-0,-0,-0,-0,-0,-0,-0,-0,-0,-0,-0,-0,-0,-0,-0,-0,-0,-0,-0,-0,-0,-0,-0,-0,-0,-0,-0,-0,-0,-0,-0,-0
0.013711597055025053,-0,-0,-0,-0,-0,-0,-0,0.023174952140174416,-0,-0,-0,-0,-0,-0,-0,0.034115460793569752,-0,-0,-0,-0,-0,-0,-0,0.010675328688679297,-0,-0,-0,-0,-0,-0,-0
-0,-0,-0,-0,-0,-0,-0,-0,-0,-0,-0,-0,-0,-0,-0,-0,-0,-0,-0,-0,-0,-0,-0,-0,-0,-0,-0,-0,-0,-0,-0,-0
-0,-0,-0,-0,-0,-0,-0,0.088820778072349227,-0,-0,-0,-0,-0,-0,-0,0.092572019383990206,-0,-0,-0,-0,-0,-0,-0,0.098293995978766369,-0,-0,-0,-0,-0,-0,-0,0.077602271645363444
-0,-0,-0,-0,-0,-0,-0,-0,-0,-0,-0,-0,-0,-0,-0,-0,-0,-0,-0,-0,-0,-0,-0,-0,-0,-0,-0,-0,-0,-0,-0,-0
-0,-0,-0,-0,0.32552965264558581,-0,-0,-0,-0,-0,-0,-0,0.31715260019956154,-0,-0,-0,-0,-0,-0,-0,0.33270507783965209,-0,-0,-0,-0,-0,-0,-0,0.35526027476058847,-0,-0,-0
0.028744596492230295,-0,-0,-0,-0,-0,-0,-0,-0,-0,-0,-0,-0,-0,-0,-0,0.031476294016430692,-0,-0,-0,-0,-0,-0,-0,0.028006871042341262,-0,-0,-0,-0,-0,-0,-0
-0,-0,-0,-0,-0,-0,-0,-0,-0,-0,-0,-0,-0,-0,-0,-0,-0,-0,-0,-0,-0,-0,-0,-0,-0,-0,-0,-0,-0,-0,-0,-0
-0,-0,-0,-0,-0,-0,-0,-0,-0,-0,-0,-0,-0,-0,-0,-0,-0,-0,-0,-0,-0,-0,-0,-0,-0,-0,-0,-0,-0,-0,-0,-0
-0,-0,-0,-0,-0,0.22749313767470586,-0,-0,-0,-0,-0,-0,-0,0.21819215902455069,-0,-0,-0,-0,-0,-0,-0,0.22909985218867182,-0,-0,-0,-0,-0,-0,-0,0.22919124236175564,-0,-0
-0,-0,-0,0.81101319771042435,0.50299082207964818,-0,-0,-0,-0,-0,-0,0.83392664374843484,0.48467579670285865,-0,-0,-0,-0,-0,-0,0.86194411774768498,0.51230837563571741,-0,-0,-0,-0,-0,-0,0.77963539549771288,0.5106912120678021,-0,-0,-0
-0,-0,-0,-0,0.2373954674656451,-0,-0,-0,-0,-0,-0,-0,0.24650943466748906,-0,-0,-0,-0,-0,-0,-0,0.21901347771279248,-0,-0,-0,-0,-0,-0,-0,0.22721975678220074,-0,-0,-0
-0,-0,-0,-0,-0,-0,-0,-0,-0,-0,-0,-0,-0,-0,-0,-0,-0,-0,-0,0.0045253800562709686,-0,-0,-0,-0,-0,-0,-0,-0,-0,-0,-0,-0
-0,-0,-0,-0,-0,-0,-0,-0,-0,-0,-0,-0,-0,-0,-0,-0,-0,-0,-0,-0,-0,-0,-0,-0,-0,-0,-0,-0,-0,-0,-0,-0
-0,-0,-0,-0,0.026827354886455188,-0,-0,-0,-0,-0,-0,-0,-0,-0,-0,-0,-0,-0,-0,-0,0.039163800497804629,-0,-0,-0,-0,-0,-0,-0,0.032225559146089947,-0,-0,-0
-0,-0,-0,-0,0.47920175790545322,0.059913176970880291,-0,-0,-0,-0,-0,-0,0.47920250992855257,0.045784723784767931,-0,-0,-0,-0,-0,-0,0.47582227891338685,0.062623517620082822,-0,-0,-0,-0,-0,-0,0.48796827879969246,0.070780349828386588,-0,-0
-0,-0,-0,-0,0.16749160773791888,-0,-0,0.053744737938562361,-0,-0,-0,0.00025117644595530945,0.17462811047713753,-0,-0,0.056115949964841094,-0,-0,-0,-0,0.17028353075624028,-0,-0,0.056110646416487789,-0,-0,-0,-0,0.17809041972788664,-0,-0,0.045851787506920642
-0,-0,-0,-0,-0,-0,0.20128171147762366,-0,-0,-0,-0,-0,-0,-0,0.21153190162517668,-0,-0,-0,-0,-0,-0,-0,0.20099497328213314,-0,-0,-0,-0,-0,-0,-0,0.18440644628160133,-0
-0,-0,-0,-0,-0,-0,-0,-0,-0,-0,-0,-0,-0,-0,-0,-0,-0,-0,-0,-0,-0,-0,-0,-0,-0,-0,-0,-0,-0,-0,-0,-0
-0,-0,-0,-0,-0,-0,-0,-0,-0,-0,-0,-0,-0,-0,-0,-0,-0,-0,-0,-0,-0,-0,-0,-0,-0,-0,-0,-0,-0,-0,-0,-0
-0,-0,-0,-0,-0,0.22394767975868957,-0,-0,-0,-0,-0,-0,-0,0.19971950322596058,-0,-0,-0,-0,-0,-0,-0,0.23399485875808104,-0,-0,-0,0.01039640613812853,-0,-0,-0,0.22429806884775561,-0,-0
-0,-0,-0,-0,-0,-0,-0,-0,-0,-0,-0,-0,-0,-0,-0,-0,-0,-0,-0,-0,-0,-0,-0,-0,-0,-0,-0,-0,-0,-0,-0,-0
-0,-0,-0,-0,-0,-0,0.031320736772248822,-0,-0,-0,-0,-0,-0,-0,0.051383887962689792,-0,-0,-0,-0,-0,-0,-0,0.028873975600635465,-0,-0,-0,-0,-0,-0,-0,0.024891525870499694,-0
-0,-0,-0,0.17926504727701656,-0,-0,-0,-0,-0,-0,-0,0.17801501035475284,-0,-0,-0,-0,-0,-0,-0,0.22708126570224174,-0,-0,-0,-0,-0,-0,-0,0.17239452467893537,-0,-0,-0,-0
-0,-0,-0,-0,-0,-0,-0,-0,-0,-0,-0,-0,-0,-0,-0,-0,-0,-0,-0,-0,-0,-0,-0,-0,-0,-0,-0,-0,-0,-0,-0,-0
-0,-0,-0,-0,-0,-0,-0,-0,-0,-0,-0,-0,-0,-0,-0,-0,-0,-0,-0,-0,-0,-0,-0,-0,-0,-0,-0,-0,-0,-0,-0,-0
-0,-0,-0,-0,0.00078061644097476997,-0,-0,-0,-0,-0,-0,-0,-0,-0,-0,-0,-0,-0,-0,0.019892432296734833,0.00032370072318003908,-0,-0,-0,-0,-0,-0,-0,-0,-0,-0,-0
0.13576538638619995,-0,-0,-0,-0,-0,-0,-0,0.12861403067773605,-0,-0,-0,-0,-0,-0,-0,0.12812317567218678,-0,-0,-0,-0,-0,-0,-0,0.13785118037147184,-0,-0,-0,-0,-0,-0,-0
-0,-0,-0,-0,-0,-0,0.13023600714181494,-0,-0,-0,-0,-0,-0,-0,0.13503759945012653,-0,-0,-0,-0,-0,-0,-0,0.1369408727128954,-0,-0,-0,-0,-0,-0,-0,0.14547128635733736,-0
-0,0.053132667551648249,-0,-0,-0,-0,-0,-0,-0,0.066884621845899397,-0,-0,-0,-0,-0,-0,-0,0.061271407453866486,-0,-0,-0,-0,-0,-0,-0,0.046450805566915956,-0,-0,-0,-0,-0,-0
0.24970859709359583,-0,-0,-0,0.44020555585376336,-0,-0,-0,0.20693922227079931,-0,-0,-0,0.4331552780498561,-0,-0,-0,0.26300408776073125,-0,-0,-0,0.43869516679145371,-0,-0,-0,0.25948061858800503,-0,-0,-0,0.43985948038852313,-0,-0,-0
-0,-0,-0,-0,-0,-0,-0,-0,-0,-0,-0,-0,-0,-0,-0,-0,-0,-0,-0,-0,-0,-0,-0,-0,-0,-0,-0,-0,-0,-0,-0,-0
-0,-0,-0,-0,-0,-0,-0,-0,-0,-0,-0,-0,-0,-0,-0,-0,-0,-0,-0,-0,-0,-0,-0,-0,-0,-0,-0,-0,-0,-0,-0,-0
-0,-0,-0,-0,-0,-0,-0,-0,-0,-0,-0,-0,-0,-0,-0,-0,-0,-0,-0,-0,-0,-0,-0,-0,-0,-0,-0,-0,-0,-0,-0,-0
-0,-0,-0,-0,-0,-0,-0,-0,-0,-0,-0,-0,-0,-0,-0,-0,-0,-0,-0,-0,-0,-0,-0,-0,-0,-0,-0,-0,-0,-0,-0,-0
-0,-0,-0,-0,-0,-0,-0,-0,-0,-0,-0,-0,-0,-0,-0,-0,-0,-0,-0,-0,-0,-0,-0,-0,-0,-0,-0,-0,-0,-0,-0,-0
-0,-0,-0,0.03787936939948687,-0,-0,-0,-0,-0,-0,-0,0.034595429701018192,-0,-0,-0,-0,-0,-0,-0,0.060914859708156785,-0,-0,-0,-0,-0,-0,-0,0.041390056877712189,-0,-0,-0,-0
-0,-0,-0,-0,-0,-0,-0,-0,-0,-0,-0,-0,-0,-0,-0,-0,-0,-0,-0,-0,-0,-0,-0,-0,-0,-0,-0,-0,-0,-0,-0,-0
-0,-0,-0,-0,-0,-0,-0,-0,-0,-0,-0,-0,-0,-0,-0,-0,-0,-0,-0,-0,-0,-0,-0,-0,-0,-0,-0,-0,-0,-0,-0,-0
-0,-0,-0,-0,0.052115793332432415,-0,-0,-0,-0,-0,-0,-0,-0,-0,-0,-0,-0,-0,-0,-0,0.0318109308238054,-0,-0,-0,-0,-0,-0,-0,0.029508472513994025,-0,-0,-0
-0,-0,-0,-0,-0,-0,-0,-0,-0,-0,-0,-0,-0,-0,-0,-0,-0,-0,-0,-0,-0,-0,-0,-0,-0,-0,-0,-0,-0,-0,-0,-0
-0,-0,-0,-0,-0,-0,-0,-0,-0,-0,-0,-0,-0,-0,-0,-0,-0,-0,-0,-0,-0,-0,-0,-0,-0,-0,-0,-0,-0,-0,-0,-0
-0,-0,-0,-0,-0,-0,-0,-0,-0,-0,-0,-0,-0,-0,-0,-0,-0,-0,-0,-0,-0,-0,-0,-0,-0,-0,-0,-0,-0,-0,-0,-0
-0,-0,-0,-0,-0,-0,-0,-0,-0,-0,-0,-0,-0,-0,-0,-0,-0,-0,-0,-0,-0,-0,-0,-0,-0,-0,-0,-0,-0,-0,-0,-0
-0,-0,-0,0.14623155723033215,0.2689507328579519,-0,-0,-0,-0,-0,-0,0.15574989986682791,0.26823885673389858,-0,-0,-0,-0,-0,-0,0.15658088859759389,0.26740348267971181,-0,-0,-0,-0,-0,-0,0.14149076815781639,0.27062445098127708,-0,-0,-0
-0,-0,-0,-0,0.3220643911193769,-0,-0,-0,-0,-0,-0,-0,0.31569876753440085,-0,-0,-0,-0,-0,-0,-0,0.32686364804688917,-0,-0,-0,-0,-0,-0,-0,0.32907420438493989,-0,-0,-0
-0,-0,-0,-0,0.040580564980544472,-0,0.60321539793539203,-0,-0,-0,-0,-0,0.023396515352616928,-0,0.61315383988641359,-0,-0,-0,-0,-0,0.022956954402672348,-0,0.62440431216670356,-0,-0,-0,-0,-0,0.023166940491229606,-0,0.60028255428331745,-0
-0,-0,-0,-0,0.57512440700030631,-0,-0,-0,-0,-0,-0,-0,0.5762630010476405,-0,-0,-0,-0,-0,-0,-0,0.57295405830930446,-0,-0,-0,-0,-0,-0,-0,0.59262518481878734,-0,-0,-0
-0,-0,-0,-0,-0,-0,-0,-0,-0,-0,-0,-0,-0,-0,-0,-0,-0,-0,-0,-0,-0,-0,-0,-0,-0,-0,-0,-0,-0,-0,-0,-0
-0,-0,-0,-0,-0,-0,-0,-0,-0,-0,-0,-0,-0,-0,-0,-0,-0,-0,-0,-0,-0,-0,-0,-0,-0,-0,-0,-0,-0,-0,-0,-0
-0,-0,-0,-0,0.62076763362913745,-0,-0,-0,-0,-0,-0,-0,0.63053494820428935,-0,-0,-0,-0,-0,-0,-0,0.62332322235222615,-0,-0,-0,-0,-0,-0,-0,0.64622170053294248,-0,-0,-0
-0,-0,-0,-0,-0,-0,0.60027960299901328,-0,-0,-0,-0,-0,-0,-0,0.61263248418354965,-0,-0,-0,-0,-0,-0,-0,0.61476246650163835,-0,-0,-0,-0,-0,-0,-0,0.59900977642082465,-0
-0,-0,-0,-0,0.36135896707129617,-0,-0,-0,-0,-0,-0,-0,0.35898304939027037,-0,-0,-0,-0,-0,-0,-0,0.36264836357902791,-0,-0,-0,-0,-0,-0,-0,0.35313293650851602,-0,-0,-0
-0,-0,-0,-0,-0,-0,-0,-0,-0,-0,-0,-0,-0,-0,-0,-0,-0,-0,-0,-0,-0,-0,-0,-0,-0,-0,-0,-0,-0,-0,-0,-0
0.078231917224103012,-0,-0,-0,-0,-0,-0,0.013456953138589359,0.082949143188970301,-0,-0,-0,-0,-0,-0,0.0095455087963779561,0.093542766274428146,-0,-0,-0,-0,-0,-0,0.01693928133844113,0.085977308411947992,-0,-0,-0,-0,-0,-0,-0
-0,-0,-0,-0,-0,-0,-0,-0,-0,-0,-0,-0,-0,-0,-0,-0,-0,-0,-0,-0,-0,-0,-0,-0,-0,-0,-0,-0,-0,-0,-0,-0
-0,0.010707616433123492,-0,-0,-0,-0,-0,-0,-0,0.020923601920930592,-0,-0,-0,-0,-0,-0,-0,-0,-0,-0,-0,-0,-0,-0,-0,0.02043239395728606,-0,-0,-0,-0,-0,-0
0.22237613188369365,-0,-0,-0,-0,0.45823683650310615,-0,-0,0.19115244474761134,-0,-0,-0,-0,0.43724587384301761,-0,-0,0.2182624129518157,-0,-0,-0,-0,0.41733827656944861,-0,-0,0.21300495037764222,-0,-0,-0,-0,0.44901121601351135,-0,-0
-0,-0,-0,-0,-0,-0,-0,-0,-0,-0,-0,-0,-0,-0,-0,-0,-0,-0,-0,-0,-0,-0,-0,-0,-0,-0,-0,-0,-0,-0,-0,-0
-0,-0,-0,-0,-0,-0,-0,-0,-0,-0,-0,-0,-0,-0,-0,-0,-0,-0,-0,-0,-0,-0,-0,-0,-0,-0,-0,-0,-0,-0,-0,-0
-0,-0,-0,-0,-0,-0,-0,-0,-0,-0,-0,-0,-0,-0,-0,-0,-0,-0,-0,-0,-0,-0,-0,-0,-0,-0,-0,-0,-0,-0,-0,-0
-0,-0,-0,-0,-0,-0,-0,-0,-0,-0,-0,-0,-0,-0,-0,-0,-0,-0,-0,-0,-0,-0,-0,-0,-0,-0,-0,-0,-0,-0,-0,-0
-0,-0,-0,-0,-0,-0,-0,-0,-0,-0,-0,-0,-0,-0,-0,-0,-0,-0,-0,-0,-0,-0,-0,-0,-0,-0,-0,-0,-0,-0,-0,-0
-0,-0,-0,-0,-0,-0,-0,-0,-0,-0,-0,-0,-0,-0,-0,-0,-0,-0,-0,-0,-0,-0,-0,-0,-0,-0,-0,-0,-0,-0,-0,-0
-0,-0,-0,-0,-0,-0,0.17718847550296812,-0,-0,-0,-0,-0,-0,-0,0.20406112002649809,-0,-0,-0,-0,-0,-0,-0,0.16927541912155911,-0,-0,-0,-0,-0,-0,-0,0.13921395235573072,-0
-0,-0,-0,-0,-0,-0,-0,-0,-0,-0,-0,-0,-0,-0,-0,-0,-0,-0,-0,-0,-0,-0,-0,-0,-0,-0,-0,-0,-0,-0,-0,-0
-0,-0,-0,-0,-0,-0,0.060893419131600686,-0,-0,-0,-0,-0,-0,-0,0.060022488993585053,-0,-0,-0,-0,-0,-0,-0,0.063970547302639416,-0,-0,-0,-0,-0,-0,-0,0.056270558707969084,-0
-0,-0,-0,-0,-0,-0,-0,-0,-0,-0,-0,-0,-0,-0,-0,-0,-0,-0,-0,-0,-0,-0,-0,-0,-0,-0,-0,-0,-0,-0,-0,-0
-0,-0,-0,-0,-0,-0,-0,-0,-0,-0,-0,-0,-0,-0,-0,-0,-0,-0,-0,-0,-0,-0,-0,-0,-0,-0,-0,-0,-0,-0,-0,-0
0.13517699396915792,-0,-0,0.031432069456165897,0.45503240593773092,-0,-0,-0,0.088985247415266672,-0,-0,0.041618886163310789,0.47033796348831991,-0,-0,-0,0.13861328914738899,-0,-0,0.02413660504831645,0.46800432709805129,-0,-0,-0,0.12497691410912937,-0,-0,0.029074821547563596,0.46788066830495151,-0,-0,-0
-0,-0,-0,-0,-0,-0,-0,-0,-0,-0,-0,-0,-0,-0,-0,-0,-0,-0,-0,-0,-0,-0,-0,-0,-0,-0,-0,-0,-0,-0,-0,-0
0.24982136111141637,-0,-0,-0,-0,-0,-0,-0,0.23798962161862139,-0,-0,-0,-0,-0,-0,-0,0.24419030157847493,-0,-0,-0,-0,-0,-0,-0,0.24767459567355643,-0,-0,-0,-0,-0,-0,-0
-0,-0,-0,-0,-0,-0,0.10251470119054792,-0,-0,-0,-0,-0,-0,-0,0.11408486627238193,-0,-0,-0,-0,-0,-0,-0,0.10086110013851811,-0,-0,-0,-0,-0,-0,-0,0.069465292828981215,-0
-0,-0,-0,-0,-0,-0,-0,-0,-0,-0,-0,-0,-0,-0,-0,-0,-0,-0,-0,-0,-0,-0,-0,-0,-0,-0,-0,-0,-0,-0,-0,-0
-0,-0,-0,-0,-0,-0,-0,-0,-0,-0,-0,-0,-0,-0,-0,-0,-0,-0,-0,-0,-0,-0,-0,-0,-0,-0,-0,-0,-0,-0,-0,-0
-0,0.039446972302388014,-0,-0,-0,-0,-0,-0,-0,0.053567622526154927,-0,-0,-0,-0,-0,-0,-0,0.062317947194847741,-0,-0,-0,-0,-0,-0,-0,0.011273294180100819,-0,-0,-0,-0,-0,-0
-0,-0,-0,-0,-0,-0,-0,-0,-0,-0,-0,-0,-0,-0,-0,-0,-0,-0,-0,-0,-0,-0,-0,-0,-0,-0,-0,-0,-0,-0,-0,-0
-0,-0,-0,0.17322679152066128,0.57317860050143221,-0,-0,-0,-0,-0,-0,0.17811886948248334,0.57198494505889907,-0,-0,-0,-0,-0,-0,0.18245537733449316,0.57245082449842732,-0,-0,-0,-0,-0,-0,0.17408314237132211,0.56920576037752124,-0,-0,-0
-0,-0,0.060193229446459336,-0,-0,-0,-0,-0,-0,-0,0.058818801207591344,-0,-0,-0,-0,-0,-0,-0,0.044981344044526111,-0,-0,-0,-0,-0,-0,-0,0.05612117404572977,-0,-0,-0,-0,-0
-0,-0,-0,-0,-0,-0,-0,-0,-0,-0,-0,-0,-0,-0,-0,-0,-0,-0,-0,-0,-0,-0,-0,-0,-0,-0,-0,-0,-0,-0,-0,-0
-0,-0,-0,-0,-0,-0,-0,-0,-0,-0,-0,-0,-0,-0,-0,-0,-0,-0,-0,-0,-0,-0,-0,-0,-0,-0,-0,-0,-0,-0,-0,-0
-0,0.072786445911479619,-0,-0,0.073415223299470811,-0,0.11911797153871082,-0,-0,0.05515969950935392,-0,-0,0.03276018596222393,-0,0.12858346541220719,-0,-0,0.075495045608823225,-0,-0,0.077971740124406094,-0,0.12339817787122155,-0,-0,0.045178867378381601,-0,-0,0.077952126290199528,-0,0.11194019649494499,-0
0.0057208029616013971,-0,-0,-0,-0,-0,-0,-0,-0,-0,-0,-0,-0,-0,-0,-0,0.036187546838123016,-0,-0,-0,-0,-0,-0,-0,-0,-0,-0,-0,-0,-0,-0,-0
-0,-0,-0,-0,-0,-0,-0,-0,-0,-0,-0,-0,-0,-0,-0,-0,-0,-0,-0,-0,-0,-0,-0,-0,-0,-0,-0,-0,-0,-0,-0,-0
-0,-0,-0,-0,-0,-0,-0,-0,-0,-0,-0,-0,-0,-0,-0,-0,-0,-0,-0,-0,-0,-0,-0,-0,-0,-0,-0,-0,-0,-0,-0,-0
-0,-0,0.047147657634922464,-0,-0,-0,-0,-0,-0,-0,0.04892286500732991,-0,-0,-0,-0,-0,-0,-0,0.045253246677195713,-0,-0,-0,-0,-0,-0,-0,0.046505012459360534,-0,-0,-0,-0,-0
-0,-0,-0,-0,-0,-0,-0,-0,-0,-0,-0,-0,-0,-0,-0,-0,-0,-0,-0,-0,-0,-0,-0,-0,-0,-0,-0,-0,-0,-0,-0,-0
-0,-0,-0,-0,0.2696318676321604,-0,-0,-0,-0,-0,-0,-0,0.25555854135564454,-0,-0,-0,-0,-0,-0,-0,0.27909856825416501,-0,-0,-0,-0,-0,-0,-0,0.26664426516805961,-0,-0,-0
-0,-0,-0,-0,-0,-0,-0,-0,-0,-0,-0,-0,-0,-0,-0,-0,-0,-0,-0,-0,-0,-0,-0,-0,-0,-0,-0,-0,-0,-0,-0,-0
-0,-0,-0,-0,-0,-0,-0,-0,-0,-0,-0,-0,-0,-0,-0,-0,-0,-0,-0,-0,-0,-0,-0,-0,-0,-0,-0,-0,-0,-0,-0,-0
-0,-0,0.086532363374182186,-0,-0,-0,-0,-0,-0,-0,0.0915821239131345,-0,-0,-0,-0,-0,-0,-0,0.083234104277340515,-0,-0,-0,-0,-0,-0,-0,0.074145453744376907,-0,-0,-0,-0,-0
-0,-0,-0,-0,-0,-0,-0,-0,-0,-0,-0,-0,-0,-0,-0,-0,-0,-0,-0,-0,-0,-0,-0,-0,-0,-0,-0,-0,-0,-0,-0,-0
-0,-0,-0,-0,-0,-0,-0,-0,-0,-0,-0,-0,-0,-0,-0,-0,-0,-0,-0,-0,-0,-0,-0,-0,-0,-0,-0,-0,-0,-0,-0,-0
-0,-0,-0,-0,-0,0.078243896495516219,-0,-0,-0,-0,-0,-0,-0,0.062471840712342824,-0,-0,-0,-0,-0,-0,-0,0.079204912052339482,-0,-0,-0,-0,-0,-0,-0,0.10040726378763731,-0,-0
-0,-0,-0,-0,0.43814723856648558,-0,-0,-0,-0,-0,-0,-0,0.4466700565495243,-0,-0,-0,-0,-0,-0,-0,0.4482580748883439,-0,-0,-0,-0,-0,-0,-0,0.45743124121543227,-0,-0,-0
-0,-0,-0,0.21926331291219375,-0,-0,-0,-0,-0,-0,-0,0.22269733430016572,-0,-0,-0,-0,-0,-0,-0,0.25623857853811255,-0,-0,-0,-0,-0,-0,-0,0.20114516988942341,-0,-0,-0,-0
-0,0.37140577427270499,-0,-0,-0,-0,-0,-0,-0,0.37041113440444756,-0,-0,-0,-0,-0,-0,-0,0.35129543474681812,-0,-0,-0,-0,-0,-0,-0,0.38878990691369869,-0,-0,-0,-0,-0,-0
-0,-0,-0,-0,-0,-0,-0,-0,-0,-0,-0,-0,-0,-0,-0,-0,-0,-0,-0,-0,-0,-0,-0,-0,-0,-0,-0,-0,-0,-0,-0,-0
-0,-0,-0,-0,-0,-0,-0,-0,-0,-0,-0,-0,-0,-0,-0,-0,-0,-0,-0,-0,-0,-0,-0,-0,-0,-0,-0,-0,-0,-0,-0,-0
-0,-0,-0,-0,-0,-0,0.22264106372679346,-0,-0,-0,-0,-0,-0,-0,0.22922806164960802,-0,-0,-0,-0,-0,-0,-0,0.2333551160970668,-0,-0,-0,-0,-0,-0,-0,0.22904028832831824,-0
-0,-0,-0,0.32625032404811083,0.11020191948255997,-0,-0,-0,-0,-0,-0,0.32031485653852504,0.10363704125575188,-0,-0,-0,-0,-0,-0,0.36613779396855173,0.11792200219448781,-0,-0,-0,-0,-0,-0,0.33009070368653209,0.10911876593370584,-0,-0,-0
-0,-0,-0,-0,-0,-0,-0,-0,-0,-0,-0,-0,-0,-0,-0,-0,-0,-0,-0,-0,-0,-0,-0,-0,-0,-0,-0,-0,-0,-0,-0,-0
-0,-0,-0,-0,-0,-0,-0,-0,-0,-0,-0,-0,-0,-0,-0,-0,-0,-0,-0,-0,-0,-0,-0,-0,-0,-0,-0,-0,-0,-0,-0,-0
0.34977654129584818,-0,-0,-0,-0,-0,-0,-0,0.34807345068113588,-0,-0,-0,-0,-0,-0,-0,0.33548180874870254,-0,-0,-0,-0,-0,-0,-0,0.35292320684169026,-0,-0,-0,6.5032981146947606e-05,-0,-0,-0
-0,-0,-0,-0,0.11990624543621364,-0,-0,-0,-0,-0,-0,-0,0.11957116174970753,-0,-0,-0,-0,-0,-0,-0,0.082404303482442792,-0,-0,-0,-0,-0,-0,-0,0.086480700034804972,-0,-0,-0
-0,-0,-0,-0,-0,-0,-0,-0,-0,-0,-0,-0,-0,-0,-0,-0,-0,-0,-0,-0,-0,-0,-0,-0,-0,-0,-0,-0,-0,-0,-0,-0
-0,-0,-0,-0,0.62829242688524767,-0,-0,-0,-0,-0,-0,-0,0.63977834289534941,-0,-0,-0,-0,-0,-0,-0,0.6428670264474643,-0,-0,-0,-0,-0,-0,-0,0.65857329133931131,-0,-0,-0
-0,-0,-0,-0,-0,-0,-0,-0,-0,-0,-0,-0,-0,-0,-0,-0,-0,-0,-0,-0,-0,-0,-0,-0,-0,-0,-0,-0,-0,-0,-0,-0
-0,-0,-0,-0,-0,-0,-0,-0,-0,-0,-0,-0,-0,-0,-0,-0,-0,-0,-0,-0,-0,-0,-0,-0,-0,-0,-0,-0,-0,-0,-0,-0
-0,0.30431024665435491,-0,-0,0.0060301742806961392,-0,-0,-0,-0,0.30083213101599893,-0,-0,-0,-0,-0,-0,-0,0.32226601926176079,-0,-0,0.017246532994821172,-0,-0,-0,-0,0.29444125771269392,-0,-0,0.018910976616408077,-0,-0,-0
-0,-0,-0,-0,-0,-0,-0,-0,-0,-0,-0,-0,-0,-0,-0,-0,-0,-0,-0,-0,-0,-0,-0,-0,-0,-0,-0,-0,-0,-0,-0,-0
-0,-0,-0,-0,0.056653427404826394,-0,-0,-0,-0,-0,-0,-0,0.040187277038508135,-0,-0,-0,-0,-0,-0,-0,0.060586475493458559,-0,-0,-0,-0,-0,-0,-0,0.066736518638941297,-0,-0,-0
-0,-0,-0,-0,-0,-0,-0,-0,-0,-0,-0,-0,-0,-0,-0,-0,-0,-0,-0,-0,-0,-0,-0,-0,-0,-0,-0,-0,-0,-0,-0,-0
-0,-0,-0,-0,0.5355605567433066,-0,-0,-0,-0,-0,-0,-0,0.49007536042553584,-0,-0,-0,-0,-0,-0,0.0011881891784915513,0.52907463794224929,-0,-0,-0,-0,-0,-0,-0,0.53385172782298362,-0,-0,-0
-0,0.30042109791317356,-0,-0,-0,-0,-0,-0,-0,0.30488959072545169,-0,-0,-0,-0,-0,-0,-0,0.29702486422261715,-0,-0,-0,-0,-0,-0,-0,0.31516054806275379,-0,-0,-0,-0,-0,-0
-0,-0,-0,-0,-0,-0,0.30322222289618672,-0,-0,-0,-0,-0,-0,-0,0.30942723081299561,-0,-0,-0,-0,-0,-0,-0,0.31159069298722164,-0,-0,-0,-0,-0,-0,-0,0.31316213074199856,-0
-0,-0,-0,-0,-0,-0,0.28402930474461291,-0,-0,-0,-0,-0,-0,-0,0.29236137932917089,-0,-0,-0,-0,-0,-0,-0,0.28832832954406529,-0,-0,-0,-0,-0,-0,-0,0.28200742818426716,-0
-0,-0,-0,-0,-0,-0,-0,-0,-0,-0,-0,-0,-0,-0,-0,-0,-0,-0,-0,-0,-0,-0,-0,-0,-0,-0,-0,-0,-0,-0,-0,-0
-0,0.35779311291929367,-0,-0,-0,-0,-0,-0,-0,0.3660864078451625,-0,-0,-0,-0,-0,-0,-0,0.35771270836275321,-0,-0,-0,-0,-0,-0,-0,0.34018408319069576,-0,-0,-0,-0,-0,-0
-0,-0,-0,-0,-0,0.19683261973141267,-0,-0,-0,-0,-0,-0,-0,0.18058724543992261,-0,-0,-0,-0,-0,-0,-0,0.19330625789229394,-0,-0,-0,-0,-0,-0,-0,0.19546163698417524,-0,-0
-0,-0,-0,-0,-0,-0,-0,-0,-0,-0,-0,-0,-0,-0,-0,-0,-0,-0,-0,-0,-0,-0,-0,-0,-0,-0,-0,-0,-0,-0,-0,-0
-0,-0,-0,-0,-0,-0,-0,-0,-0,-0,-0,-0,-0,-0,-0,-0,-0,-0,-0,-0,-0,-0,-0,-0,-0,-0,-0,-0,-0,-0,-0,-0
0.31868269541096994,-0,-0,-0,-0,-0,-0,-0,0.30761588799848433,-0,-0,-0,-0,-0,-0,-0,0.31329799918451173,-0,-0,-0,-0,-0,-0,-0,0.32766743246045199,-0,-0,-0,-0,-0,-0,-0
0.27953734329565327,-0,-0,-0,-0,-0,-0,-0,0.26333343273457283,-0,-0,-0,-0,-0,-0,-0,0.28647113898075099,-0,-0,-0,-0,-0,-0,-0,0.27490245225901555,-0,-0,-0,-0,-0,-0,-0
-0,-0,-0,-0,-0,-0,-0,-0,-0,-0,-0,-0,-0,-0,-0,-0,-0,-0,-0,-0,-0,-0,-0,-0,-0,-0,-0,-0,-0,-0,-0,-0
-0,0.011474616649340918,-0,-0,-0,-0,-0,-0,-0,0.005940702798365477,-0,-0,-0,-0,-0,-0,-0,0.0058028823058118703,-0,-0,-0,-0,-0,-0,-0,0.024111213240492001,-0,-0,-0,-0,-0,-0
-0,-0,-0,-0,-0,-0,-0,-0,-0,-0,-0,-0,-0,-0,-0,-0,-0,-0,-0,-0,-0,-0,-0,-0,-0,-0,-0,-0,-0,-0,-0,-0
0.1126759538786383,-0,-0,-0,0.31035977865264575,-0,-0,-0,0.1015595952695335,-0,-0,-0,0.30848849571623221,-0,-0,-0,0.14998006536061975,-0,-0,-0,0.30726580719101415,-0,-0,-0,0.11689801211540281,-0,-0,-0,0.29574416093192929,-0,-0,-0
-0,-0,-0,-0,0.0033037870416121168,-0,-0,-0,-0,-0,-0,-0,-0,-0,-0,-0,-0,-0,-0,-0,-0,-0,-0,-0,-0,-0,-0,-0,-0,-0,-0,-0
0.38052244248069339,-0,-0,-0,-0,-0,-0,0.0033189243700873818,0.3803140880025383,-0,-0,-0,-0,0.00088914860579662064,-0,0.0078214706275910977,0.39575029801464162,-0,-0,-0,-0,-0,-0,0.0029987150223937261,0.37646402561955883,-0,-0,-0,-0,-0,-0,-0
-0,-0,-0,-0,-0,-0,-0,-0,-0,-0,-0,-0,-0,-0,-0,-0,-0,-0,-0,-0,-0,-0,-0,-0,-0,-0,-0,-0,-0,-0,-0,-0
-0,-0,0.083732292333446479,-0,0.080286785089607862,-0,-0,-0,-0,-0,0.06231508908490889,-0,0.050102015628520437,-0,-0,-0,-0,-0,0.073205101766705999,-0,0.07490859533036491,-0,-0,-0,-0,-0,0.07198949230953619,-0,0.081202933413767234,-0,-0,-0
-0,-0,-0,-0,-0,-0,-0,-0,-0,-0,-0,-0,-0,-0,-0,-0,-0,-0,-0,-0,-0,-0,-0,-0,-0,-0,-0,-0,-0,-0,-0,-0
-0,-0,-0,-0,-0,-0,-0,-0,-0,-0,-0,-0,-0,-0,-0,-0,-0,-0,-0,-0,-0,-0,-0,-0,-0,-0,-0,-0,-0,-0,-0,-0
-0,-0,-0,-0,0.50390577159489236,-0,0.087067269851255513,-0,-0,-0,-0,-0,0.50194987262844692,-0,0.084216619006801954,-0,-0,-0,-0,-0,0.496746624569189,-0,0.089236079637851587,-0,-0,-0,-0,-0,0.51700282492677219,-0,0.093912056914565334,-0
-0,-0,-0,-0,0.27535778687355628,-0,-0,-0,-0,-0,-0,-0,0.26757554372460385,-0,-0,-0,-0,-0,-0,-0,0.26478426494267615,-0,-0,-0,-0,-0,-0,-0,0.26417386908010937,-0,-0,-0
-0,-0,-0,-0,-0,-0,-0,-0,-0,-0,-0,-0,-0,-0,-0,-0,-0,-0,-0,-0,-0,-0,-0,-0,-0,-0,-0,-0,-0,-0,-0,-0
-0,-0,-0,-0,-0,-0,-0,-0,-0,-0,-0,-0,-0,-0,-0,-0,-0,-0,-0,-0,-0,-0,-0,-0,-0,-0,-0,-0,-0,-0,-0,-0
0.10498435097774501,-0,-0,-0,-0,-0,-0,-0,0.11709575568000861,-0,-0,-0,-0,-0,-0,-0,0.088952861472067657,-0,-0,-0,-0,-0,-0,-0,0.10024204143166991,-0,-0,-0,-0,-0,-0,-0
-0,-0,-0,-0,-0,-0,-0,-0,-0,-0,-0,-0,-0,-0,-0,-0,-0,-0,-0,-0,-0,-0,-0,-0,-0,-0,-0,-0,-0,-0,-0,-0
-0,-0,-0,-0,-0,-0,-0,-0,-0,-0,-0,-0,-0,-0,-0,-0,-0,-0,-0,-0,-0,-0,-0,-0,-0,-0,-0,-0,-0,-0,-0,-0
-0,-0,-0,-0,0.046466225278834969,-0,-0,-0,-0,-0,-0,-0,0.024111022952612401,-0,-0,-0,-0,-0,-0,-0,0.028254248378710822,-0,-0,-0,-0,-0,-0,-0,0.033162856476412657,-0,-0,-0
-0,-0,-0,-0,-0,0.51138866930103211,-0,-0,-0,-0,-0,-0,-0,0.49571507010598276,-0,-0,-0,-0,-0,-0,-0,0.50140370930930034,-0,-0,-0,-0,-0,-0,-0,0.5274529112923908,-0,-0
-0,-0,-0,-0,-0,-0,-0,-0,-0,-0,-0,-0,-0,-0,-0,-0,-0,-0,-0,-0,-0,-0,-0,-0,-0,-0,-0,-0,-0,-0,-0,-0
-0,-0,-0,-0,0.068489600935042999,-0,-0,-0,-0,-0,-0,-0,0.062887951108927365,-0,-0,-0,-0,-0,-0,-0,0.056487789581594949,-0,-0,-0,-0,-0,-0,-0,0.071710540196441935,-0,-0,-0
-0,-0,-0,-0,-0,-0,-0,-0,-0,-0,-0,-0,-0,-0,-0,-0,-0,-0,-0,-0,-0,-0,-0,-0,-0,-0,-0,-0,-0,-0,-0,-0
-0,-0,0.10917725474061128,-0,-0,-0,-0,-0,-0,-0,0.11594911285482846,-0,-0,-0,-0,-0,-0,-0,0.093527523276330626,-0,-0,-0,-0,-0,-0,-0,0.1302304334735595,-0,-0,-0,-0,-0
-0,-0,-0,-0,-0,-0,0.15150043534935853,-0,-0,-0,-0,-0,-0,-0,0.16024113093079564,-0,-0,-0,-0,-0,-0,-0,0.15850287881413705,-0,-0,-0,-0,-0,-0,-0,0.13401780366813953,-0
-0,-0,-0,-0,0.12673385112945851,-0,-0,-0,-0,-0,-0,-0,0.12093965081271515,-0,-0,-0,-0,-0,-0,-0,0.12082359144495014,-0,-0,-0,-0,-0,-0,-0,0.13216090988855636,-0,-0,-0
-0,-0,-0,-0,-0,-0,0.0058906037548459959,-0,-0,-0,-0,-0,-0,-0,0.0087399282919835512,-0,-0,-0,-0,-0,-0,-0,0.015281299405032044,-0,-0,-0,-0,-0,-0,-0,7.249903602309866e-05,-0
-0,-0,-0,-0,-0,-0,-0,-0,-0,-0,-0,-0,-0,-0,-0,-0,-0,-0,-0,-0,-0,-0,-0,-0,-0,-0,-0,-0,-0,-0,-0,-0
0.42438189471268239,-0,-0,-0,-0,-0,-0,-0,0.41656209886544787,-0,-0,-0,-0,-0,-0,-0,0.42725930717844435,-0,-0,-0,-0,-0,-0,-0,0.40319555560384296,-0,-0,-0,-0,-0,-0,-0
-0,0.29583159621393923,-0,-0,-0,-0,-0,-0,-0,0.31958104986488445,-0,-0,-0,-0,-0,-0,-0,0.32910095000799661,-0,-0,-0,-0,-0,-0,-0,0.26292454829321071,-0,-0,-0,-0,-0,-0
-0,-0,-0,-0,0.073065276370392868,-0,-0,-0,-0,-0,-0,-0,0.087430128818227246,-0,-0,-0,-0,-0,-0,-0,0.076266293134292562,-0,-0,-0,-0,-0,-0,-0,0.090480654814292155,-0,-0,-0
-0,-0,-0,0.050143454019839238,0.23800443295137746,-0,-0,-0,-0,-0,-0,0.067306831939601519,0.2318428898131854,-0,-0,-0,-0,-0,-0,0.057863797975651089,0.23865421434323758,-0,-0,-0,-0,-0,-0,0.046614792972454203,0.22100975126039679,-0,-0,-0
-0,-0,0.033435509828951541,-0,-0,0.1370309651618962,-0,-0,-0,-0,0.049793591969591294,-0,-0,0.12598006940504008,-0,-0,-0,-0,0.023891030100356835,-0,-0,0.11876355891990033,-0,-0,-0,-0,0.035070195936197417,-0,-0,0.14103441953025919,-0,-0
0.25837068717437656,-0,-0,-0,-0,-0,-0,-0,0.25297388252103653,-0,-0,-0,-0,-0,-0,-0,0.26814455739049442,-0,-0,-0,-0,-0,-0,-0,0.24269620721841542,-0,-0,-0,-0,-0,-0,-0
-0,-0,-0,-0,-0,-0,-0,-0,-0,-0,-0,-0,-0,-0,-0,-0,-0,-0,-0,-0,-0,-0,-0,-0,-0,-0,-0,-0,-0,-0,-0,-0
0.22200933060616662,-0,-0,-0,-0,-0,-0,-0,0.19403962781348658,-0,-0,-0,-0,-0,-0,-0,0.21537421122371916,-0,-0,-0,-0,-0,-0,-0,0.22793553932502433,-0,-0,-0,-0,-0,-0,-0
-0,-0,-0,-0,-0,-0,-0,-0,-0,-0,-0,-0,-0,-0,-0,-0,-0,-0,-0,-0,-0,-0,-0,-0,-0,-0,-0,-0,-0,-0,-0,-0
-0,-0,-0,-0,0.004842926653622963,-0,-0,-0,-0,-0,-0,-0,-0,-0,-0,-0,-0,-0,-0,-0,0.0087524854351656179,-0,-0,-0,-0,-0,-0,-0,0.020654127432788365,-0,-0,-0
-0,-0,-0,-0,0.32646107920595457,-0,-0,-0,-0,-0,-0,-0,0.32134734089876854,-0,-0,-0,-0,-0,-0,-0,0.32602088888830127,-0,-0,-0,-0,-0,-0,-0,0.32801579919511048,-0,-0,-0
-0,-0,-0,-0,-0,-0,-0,-0,-0,-0,-0,-0,-0,-0,-0,-0,-0,-0,-0,-0,-0,-0,-0,-0,-0,-0,-0,-0,-0,-0,-0,-0
-0,-0,-0,-0,-0,-0,-0,-0,-0,-0,-0,-0,-0,-0,-0,-0,-0,-0,-0,-0,-0,-0,-0,-0,-0,-0,-0,-0,-0,-0,-0,-0
-0,-0,-0,-0,-0,-0,-0,-0,-0,-0,-0,-0,-0,-0,-0,-0,-0,-0,-0,-0,-0,-0,-0,-0,-0,-0,-0,-0,-0,-0,-0,-0
-0,-0,-0,-0,-0,-0,-0,-0,-0,-0,-0,-0,-0,-0,-0,-0,-0,-0,-0,-0,-0,-0,-0,-0,-0,-0,-0,-0,-0,-0,-0,-0
-0,-0,-0,-0,-0,-0,-0,-0,-0,-0,-0,0.011898568440837667,-0,-0,-0,-0,-0,-0,-0,0.0068436225359725725,-0,-0,-0,-0,-0,-0,-0,-0,-0,-0,-0,-0
-0,-0,-0,-0,-0,-0,-0,-0,-0,-0,-0,-0,-0,-0,-0,-0,-0,-0,-0,-0,-0,-0,-0,-0,-0,-0,-0,-0,-0,-0,-0,-0
-0,-0,-0,0.040411191839694299,-0,-0,-0,-0,-0,-0,-0,0.06371375598178762,-0,-0,-0,-0,-0,-0,-0,0.061524680094869236,-0,-0,-0,-0,-0,-0,-0,0.027893094549173773,-0,-0,-0,-0
-0,-0,-0,-0,-0,-0,-0,-0,-0,-0,-0,-0,-0,-0,-0,-0,-0,-0,-0,-0,-0,-0,-0,-0,-0,-0,-0,-0,-0,-0,-0,-0
-0,0.077321503365320426,-0,-0,-0,0.058097500558398081,-0,-0,-0,0.0759122443689184,-0,-0,-0,0.027857879440923682,-0,-0,-0,0.093400631904384052,-0,-0,-0,0.05998857062994889,-0,-0,-0,0.081916565029262339,-0,-0,-0,0.070211002020121038,-0,-0
-0,-0,-0,0.34641130164525058,0.36542925777793261,-0,-0,-0,-0,-0,-0,0.37120660104791914,0.36754227760098013,-0,-0,-0,-0,-0,-0,0.36587153951343293,0.37977753173309431,-0,-0,-0,-0,-0,-0,0.33851790390697561,0.37005417795553691,-0,-0,-0
-0,-0,0.11651707581346647,-0,-0,-0,-0,-0,-0,-0,0.11841459951621777,-0,-0,-0,-0,-0,-0,-0,0.11227140124202388,-0,-0,-0,-0,-0,-0,-0,0.10991746445583027,-0,-0,-0,-0,-0
-0,-0,-0,-0,-0,-0,-0,-0,-0,-0,-0,-0,-0,-0,-0,-0,-0,-0,-0,-0,-0,-0,-0,-0,-0,-0,-0,-0,-0,-0,-0,-0
-0,0.034435343282490538,-0,-0,-0,-0,-0,-0,-0,0.042907178594628205,-0,-0,-0,-0,-0,-0,-0,0.046379270902667254,-0,-0,-0,-0,-0,-0,-0,0.0082579307166236997,-0,-0,-0,-0,-0,-0
-0,-0,-0,-0,-0,-0,-0,-0,-0,-0,-0,-0,-0,-0,-0,-0,-0,-0,-0,-0,-0,-0,-0,-0,-0,-0,-0,-0,-0,-0,-0,-0
-0,-0,-0,-0,-0,-0,-0,-0,-0,-0,-0,-0,-0,-0,-0,-0,-0,-0,-0,-0,-0,-0,-0,-0,-0,-0,-0,-0,-0,-0,-0,-0
-0,-0,-0,-0,-0,-0,-0,-0,-0,-0,-0,-0,-0,-0,-0,-0,-0,-0,-0,-0,-0,-0,-0,-0,-0,-0,-0,-0,-0,-0,-0,-0
-0,-0,0.073400334018031532,-0,-0,-0,-0,-0,-0,-0,0.08422330322264035,-0,-0,-0,-0,-0,-0,-0,0.067626199329368322,-0,-0,-0,-0,-0,-0,-0,0.073388158277505375,-0,-0,-0,-0,-0
-0,-0,-0,-0,0.10248637211164349,-0,0.42651718367516794,-0,-0,-0,-0,-0,0.11000399359390338,-0,0.42469105409811558,-0,-0,-0,-0,-0,0.095027596522182747,-0,0.43630259013323536,-0,-0,-0,-0,-0,0.097124015947364389,-0,0.44470866072266824,-0
-0,-0,-0,-0,-0,-0,-0,-0,-0,-0,-0,-0,-0,-0,-0,-0,-0,-0,-0,-0,-0,-0,-0,-0,-0,-0,-0,-0,-0,-0,-0,-0
-0,-0,-0,-0,0.0073500890068791992,-0,-0,0.019719578776144338,-0,-0,-0,-0,0.01078176515702294,-0,-0,0.025118004258916929,-0,-0,-0,-0,0.02091048668946267,-0,-0,0.031037591771522832,-0,-0,-0,-0,0.016334866255222763,-0,-0,0.0054146145027504948
-0,-0,-0,-0,-0,-0,-0,-0,-0,-0,-0,-0,-0,-0,-0,-0,-0,-0,-0,-0,-0,-0,-0,-0,-0,-0,-0,-0,-0,-0,-0,-0
-0,-0,-0,-0,-0,-0,0.038705808442980834,-0,-0,-0,-0,-0,-0,-0,0.041100813451030206,-0,-0,-0,-0,-0,-0,-0,0.05276291766022969,-0,-0,-0,-0,-0,-0,-0,0.02734612254363596,-0
-0,-0,-0,-0,-0,-0,-0,-0,-0,-0,-0,-0,-0,-0,-0,-0,-0,-0,-0,-0,-0,-0,-0,-0,-0,-0,-0,-0,-0,-0,-0,-0
-0,-0,-0,-0,-0,-0,-0,-0,-0,-0,-0,-0,-0,-0,-0,-0,-0,-0,-0,-0,-0,-0,-0,-0,-0,-0,-0,-0,-0,-0,-0,-0
0.45176633179862485,-0,-0,-0,-0,-0,-0,-0,0.44599474836390141,-0,-0,-0,-0,-0,-0,-0,0.42960246282069731,-0,-0,-0,-0,-0,-0,-0,0.45453251972024517,-0,-0,-0,-0,-0,-0,-0
0.013900095847745379,-0,-0,-0,0.20252099979918722,-0,-0,-0,0.004476615803921502,-0,-0,-0,0.20880483696859001,-0,-0,-0,0.0204515212346956,-0,-0,-0,0.21408938332648098,-0,-0,-0,0.027283668788122269,-0,-0,-0,0.19567074051193215,-0,-0,-0
-0,-0,-0,-0,-0,-0,-0,-0,-0,-0,-0,-0,-0,-0,-0,-0,-0,-0,-0,-0,-0,-0,-0,-0,-0,-0,-0,-0,-0,-0,-0,-0
-0,0.25199678572693301,0.026735581215984915,0.13764953693072166,0.0010085158990128487,-0,-0,-0,-0,0.24401875572097623,0.015879521761954118,0.13371017065314963,-0,-0,-0,-0,-0,0.25577051748168139,0.027086079590985846,0.17107267865043155,0.011166244122818046,-0,-0,-0,-0,0.2439236284896589,0.0080166391613106722,0.12046576339056711,-0,-0,-0,-0
0.11967330191470361,-0,-0,0.27728082321924763,-0,-0,-0,-0,0.12465652868111932,-0,-0,0.28127669454378473,-0,-0,-0,-0,0.132783475756792,-0,-0,0.31526242861637971,-0,-0,-0,-0,0.11341766035454491,-0,-0,0.28538402982150834,-0,-0,-0,-0
-0,-0,-0,-0,-0,-0,-0,-0,-0,-0,-0,-0,-0,-0,-0,-0,-0,-0,-0,-0,-0,-0,-0,-0,-0,-0,-0,-0,-0,-0,-0,-0
-0,-0,-0,-0,-0,-0,-0,-0,-0,-0,-0,-0,-0,-0,-0,-0,-0,-0,-0,-0,-0,-0,-0,-0,-0,-0,-0,-0,-0,-0,-0,-0
-0,-0,-0,-0,-0,-0,-0,-0,-0,-0,-0,-0,-0,-0,-0,-0,-0,-0,-0,-0,-0,-0,-0,-0,-0,-0,-0,-0,-0,-0,-0,-0
-0,0.15713099717272996,-0,-0,-0,-0,0.15203496636676564,-0,-0,0.17918114247683409,-0,-0,-0,-0,0.16156274169796242,-0,-0,0.15956304073381752,-0,-0,-0,-0,0.17842185647332018,-0,-0,0.10863598180427024,-0,-0,-0,-0,0.14331427003983566,-0
-0,-0,-0,-0,-0,-0,-0,-0,-0,-0,-0,-0,-0,-0,-0,-0,-0,-0,-0,-0,-0,-0,-0,-0,-0,-0,-0,-0,-0,-0,-0,-0
-0,-0,-0,-0,-0,-0,0.057787581042072045,-0,-0,-0,-0,-0,-0,-0,0.074873929682841775,-0,-0,-0,-0,-0,-0,-0,0.043983787119568608,-0,-0,-0,-0,-0,-0,-0,0.024029450336975032,-0
-0,-0,-0,-0,-0,-0,-0,-0,-0,-0,-0,-0,-0,-0,-0,-0,-0,-0,-0,-0,-0,-0,-0,-0,-0,-0,-0,-0,-0,-0,-0,-0
-0,-0,-0,-0,-0,-0,-0,-0,-0,-0,-0,-0,-0,-0,-0,-0,-0,-0,-0,-0,-0,-0,-0,-0,-0,-0,-0,-0,-0,-0,-0,-0
-0,0.34100113712738656,-0,-0,-0,-0,-0,-0,-0,0.36351981138891082,-0,-0,-0,-0,-0,-0,-0,0.34616434846099375,-0,-0,-0,-0,-0,-0,-0,0.33469827942818947,-0,-0,-0,-0,-0,-0
-0,-0,-0,-0,-0,-0,-0,-0,-0,-0,-0,-0,-0,-0,-0,-0,-0,-0,-0,-0,-0,-0,-0,-0,-0,-0,-0,-0,-0,-0,-0,-0
-0,-0,0.15118224744318709,-0,-0,-0,-0,-0,-0,-0,0.15189040418015293,-0,-0,-0,-0,-0,-0,-0,0.14762097605328409,-0,-0,-0,-0,-0,-0,-0,0.15958053882032469,-0,-0,-0,-0,-0
-0,-0,-0,-0,-0,-0,-0,-0,-0,-0,-0,-0,-0,-0,-0,-0,-0,-0,-0,-0,-0,-0,-0,-0,-0,-0,-0,-0,-0,-0,-0,-0
-0,-0,-0,-0,-0,-0,-0,-0,-0,-0,-0,-0,-0,-0,-0,-0,-0,-0,-0,-0,-0,-0,-0,-0,-0,-0,-0,-0,-0,-0,-0,-0
-0,-0,-0,-0,-0,-0,0.047787766203268245,-0,-0,-0,-0,-0,-0,-0,0.044763441326902423,-0,-0,-0,-0,-0,-0,-0,0.059732881530264757,-0,-0,-0,-0,-0,-0,-0,0.045530697703443236,-0
-0,-0,-0,-0,-0,-0,-0,-0,-0,-0,-0,-0,-0,-0,-0,-0,-0,-0,-0,-0,-0,-0,-0,-0,-0,-0,-0,-0,-0,-0,-0,-0
-0,-0,-0,-0,-0,-0,-0,-0,-0,-0,-0,-0,-0,-0,-0,-0,-0,-0,-0,-0,-0,-0,-0,-0,-0,-0,-0,-0,-0,-0,-0,-0
-0,-0,-0,-0,-0,-0,-0,-0,-0,-0,-0,-0,-0,-0,-0,-0,-0,-0,-0,-0,-0,-0,-0,-0,-0,-0,-0,-0,-0,-0,-0,-0
-0,-0,-0,-0,-0,-0,-0,-0,-0,-0,-0,-0,-0,-0,-0,-0,-0,-0,-0,-0,-0,-0,-0,-0,-0,-0,-0,-0,-0,-0,-0,-0
-0,-0,-0,-0,-0,-0,-0,-0,-0,-0,-0,-0,-0,-0,-0,-0,-0,-0,-0,-0,-0,-0,-0,-0,-0,-0,-0,-0,-0,-0,-0,-0
-0,-0,-0,-0,-0,-0,-0,-0,-0,-0,-0,-0,-0,-0,-0,-0,-0,-0,-0,-0,-0,-0,-0,-0,-0,-0,-0,-0,-0,-0,-0,-0
-0,-0,0.18610021420659184,-0,0.013359713862337733,-0,-0,-0,-0,-0,0.17743147526637557,-0,-0,-0,-0,-0,-0,-0,0.17929998831579158,-0,-0,-0,-0,-0,-0,-0,0.20761303861607441,-0,0.024244977707780554,-0,-0,-0
-0,-0,-0,-0,-0,-0,0.16174906025004271,-0,-0,-0,-0,-0,-0,-0,0.16605376509004066,-0,-0,-0,-0,-0,-0,-0,0.16633213913215256,-0,-0,-0,-0,-0,-0,-0,0.15121412355325159,-0
-0,-0,-0,-0,-0,-0,-0,-0,-0,-0,-0,-0,-0,-0,-0,-0,-0,-0,-0,-0,-0,-0,-0,-0,-0,-0,-0,-0,-0,-0,-0,-0
-0,-0,-0,-0,0.18216277093841973,-0,-0,-0,-0,-0,-0,-0,0.17597960555320635,-0,-0,-0,-0,-0,-0,-0,0.19514401100609655,-0,-0,-0,-0,-0,-0,-0,0.18362314450226122,-0,-0,-0
-0,-0,0.17426889416683369,-0,-0,-0,-0,-0,-0,-0,0.19081065541499237,-0,-0,-0,-0,-0,-0,-0,0.15645395788434149,-0,-0,-0,-0,-0,-0,-0,0.15470433986429716,-0,-0,-0,-0,-0
0.031302934106462961,-0,-0,-0,0.19236305609356982,-0,0.04994388900311806,-0,0.027948926658856864,-0,-0,-0,0.21133055323062194,-0,0.051897534290297302,-0,0.036692972736637956,-0,-0,-0,0.19056120004627544,-0,0.048435334726736272,-0,0.034414950341002476,-0,-0,-0,0.19243182619571303,-0,0.069566420017757674,-0
-0,0.051138242077260442,-0,-0,-0,-0,-0,-0,-0,0.05825489282355191,-0,-0,-0,-0,-0,-0,-0,0.052230197308995072,-0,-0,-0,-0,-0,-0,-0,0.020782677502712302,-0,-0,-0,-0,-0,-0
-0,-0,-0,-0,-0,-0,-0,-0,-0,-0,-0,-0,-0,-0,-0,-0,-0,-0,-0,-0,-0,-0,-0,-0,-0,-0,-0,-0,-0,-0,-0,-0
-0,-0,-0,-0,-0,-0,-0,-0,-0,-0,-0,-0,-0,-0,-0,-0,-0,-0,-0,-0,-0,-0,-0,-0,-0,-0,-0,-0,-0,-0,-0,-0
-0,0.058903493086195573,-0,-0,0.080771258793060949,-0,0.0029037923533388253,-0,-0,0.064739206021415127,-0,-0,0.097087752875305092,-0,0.0035026186844718085,-0,-0,0.076039180025313707,-0,-0,0.087248537130510034,-0,-0,-0,-0,0.055874955600459443,-0,-0,0.092991635386125468,-0,-0,-0
-0,0.088158084864478972,0.20638822478731567,-0,-0,-0,-0,-0,-0,0.076008516275361593,0.21105723912535798,-0,-0,-0,-0,-0,-0,0.072068858249620171,0.2013560337469808,-0,-0,-0,-0,-0,-0,0.088919516829027448,0.20074489771225021,-0,-0,-0,-0,-0
-0,-0,-0,-0,-0,-0,-0,-0,-0,-0,-0,-0,-0,-0,-0,-0,-0,-0,-0,-0,-0,-0,-0,-0,-0,-0,-0,-0,-0,-0,-0,-0
-0,-0,-0,-0,-0,-0,-0,-0,-0,-0,-0,-0,-0,-0,-0,-0,-0,-0,-0,-0,-0,-0,-0,-0,-0,-0,-0,-0,-0,-0,-0,-0
0.2433742964064706,-0,-0,-0,0.00047036138594393391,-0,-0,-0,0.23496552089849199,-0,-0,-0,-0,-0,-0,-0,0.2508673872686652,-0,-0,-0,-0,-0,-0,-0,0.2455757520969826,-0,-0,-0,-0,-0,-0,-0
-0,-0,-0,-0,-0,-0,-0,-0,-0,-0,-0,-0,-0,-0,-0,-0,-0,-0,-0,-0,-0,-0,-0,-0,-0,-0,-0,-0,-0,-0,-0,-0
-0,-0,-0,-0,0.22160789415973245,-0,-0,-0,-0,-0,-0,-0,0.1895906225007743,-0,-0,-0,-0,-0,-0,-0,0.21016631349767395,-0,-0,-0,-0,-0,-0,-0,0.21730013388944619,-0,-0,-0
-0,-0,-0,-0,-0,-0,-0,-0,-0,-0,-0,-0,-0,-0,-0,-0,-0,-0,-0,-0,-0,-0,-0,-0,-0,-0,-0,-0,-0,-0,-0,-0
-0,-0,-0,0.24117846217415323,-0,-0,-0,-0,-0,-0,-0,0.27683443572986965,-0,-0,-0,-0,-0,-0,-0,0.29010465064439556,-0,-0,-0,-0,-0,-0,-0,0.20645520900136513,-0,-0,-0,-0
-0,-0,-0,-0,-0,-0,0.27075959681652728,-0,-0,-0,-0,-0,-0,-0,0.28138639217155004,-0,-0,-0,-0,-0,-0,-0,0.28360106552706388,-0,-0,-0,-0,-0,-0,-0,0.27977323153985501,-0
-0,0.41158577060807305,-0,-0,-0,-0,-0,-0,-0,0.39840569762789824,-0,-0,-0,-0,-0,-0,-0,0.42562975297485151,-0,-0,-0,-0,-0,-0,-0,0.38792972033614542,-0,-0,-0,-0,-0,-0
-0,-0,-0,-0,0.067581468595446448,-0,-0,-0,-0,-0,-0,-0,0.060963451083494914,-0,-0,-0,-0,-0,-0,-0,0.045729702766213284,-0,-0,-0,-0,-0,-0,-0,0.050882912740584048,-0,-0,-0
-0,-0,-0,-0,-0,-0,-0,-0,-0,-0,-0,-0,-0,-0,-0,-0,-0,-0,-0,-0,-0,-0,-0,-0,-0,-0,-0,-0,-0,-0,-0,-0
-0,-0,0.088376415384598686,-0,-0,-0,-0,-0,-0,-0,0.1006208393610042,-0,-0,-0,-0,-0,-0,-0,0.085741477753691883,-0,-0,-0,-0,-0,-0,-0,0.079156775153480546,-0,-0,-0,-0,-0
-0,-0,-0,-0,-0,-0,0.47421635336883905,-0,-0,-0,-0,-0,-0,-0,0.48386482185870527,-0,-0,-0,-0,-0,-0,-0,0.4861612424851447,-0,-0,-0,-0,-0,-0,-0,0.4681549161172211,-0
-0,-0,-0,-0,0.22249548597477062,-0,0.060980533644106417,-0,-0,-0,-0,-0,0.23342457870342481,-0,0.063761638848087721,-0,-0,-0,-0,-0,0.2133331391167044,-0,0.057445315015283709,-0,-0,-0,-0,-0,0.23042774237264571,-0,0.057899786012394421,-0
-0,-0,-0,-0,-0,0.1370156174531964,-0,-0,-0,-0,-0,-0,-0,0.12738428187153128,-0,-0,-0,-0,-0,-0,-0,0.14840342974745876,-0,-0,-0,-0,-0,-0,-0,0.14690755565439242,-0,-0
0.12028951450734526,-0,-0,-0,-0,-0,-0,-0,0.1156677740711243,-0,-0,-0,-0,-0,-0,-0,0.092302267029439472,-0,-0,-0,-0,-0,-0,-0,0.10227559414269502,-0,-0,-0,-0,-0,-0,-0
-0,-0,-0,0.033322597525509284,0.19380965281410281,-0,-0,-0,-0,-0,-0,0.057735805344714508,0.14737213457499659,-0,-0,-0,-0,-0,-0,0.055344294530988228,0.19402451468790988,-0,-0,-0,-0,-0,-0,0.024025243126877587,0.18364513816553851,-0,-0,-0
-0,-0,-0,0.18644316523779814,0.38847629115018462,-0,-0,-0,-0,-0,-0,0.19434283438408281,0.39983102560296957,-0,-0,-0,-0,-0,-0,0.21606298835942886,0.40144172657141458,-0,-0,-0,-0,-0,-0,0.18380081287980432,0.39620720616633948,-0,-0,-0
-0,-0,0.070302739071246539,0.10106131321483383,0.045635732031014967,-0,-0,-0,-0,-0,0.049869042478343902,0.12621499003450851,0.048723557302786935,-0,-0,-0,-0,-0,0.041013526129825638,0.10917616877310864,0.035855366215821791,-0,-0,-0,-0,-0,0.056893216355995417,0.049180893371812674,0.053444306181359605,-0,-0,-0
-0,-0,0.30759680463005129,-0,-0,-0,-0,-0,-0,-0,0.28249363182851028,-0,-0,-0,-0,-0,-0,-0,0.28225675393371169,-0,-0,-0,-0,-0,-0,-0,0.28577511490463742,-0,-0,-0,-0,-0
-0,-0,-0,0.13303188661916182,0.21511822785442114,-0,-0,-0,-0,-0,-0,0.14969170196559395,0.19062375943734533,-0,-0,-0,-0,-0,-0,0.13634508637535891,0.22172441316201716,-0,-0,-0,-0,-0,-0,0.1399444613515711,0.20466191643916354,-0,-0,-0
-0,-0,-0,-0,-0,-0,0.21635557648500708,-0,-0,-0,-0,-0,-0,-0,0.22645577717353024,-0,-0,-0,-0,-0,-0,-0,0.24385923601479767,-0,-0,-0,-0,-0,-0,-0,0.19755491409796302,-0
-0,0.12517273584221728,-0,-0,-0,-0,-0,-0,-0,0.14847213066032419,-0,-0,-0,-0,-0,-0,-0,0.137017383641796,-0,-0,-0,-0,-0,-0,-0,0.098574058878641416,-0,-0,-0,-0,-0,-0
-0,-0,-0,-0,-0,-0,-0,-0,-0,-0,-0,-0,-0,-0,-0,-0,-0,-0,-0,-0,-0,-0,-0,-0,-0,-0,-0,-0,-0,-0,-0,-0
-0,-0,-0,-0,0.083558901992064533,-0,-0,-0,-0,-0,-0,-0,0.080737643326361117,-0,-0,-0,-0,-0,-0,-0,0.084928830323695081,-0,-0,-0,-0,-0,-0,-0,0.087565250670691042,-0,-0,-0
-0,-0,-0,-0,-0,-0,-0,-0,-0,-0,-0,-0,-0,-0,-0,-0,-0,-0,-0,-0,-0,-0,-0,-0,-0,-0,-0,-0,-0,-0,-0,-0
-0,-0,-0,0.091359329400496056,-0,-0,-0,-0,-0,-0,-0,0.071625960442023587,-0,-0,-0,-0,-0,-0,-0,0.16047429639165298,-0,-0,-0,-0,-0,-0,-0,0.098373876625475157,-0,-0,-0,-0
-0,-0,-0,0.23261041332067905,0.47038310951919576,-0,-0,-0,-0,-0,-0,0.24933578427885947,0.43942671854693138,-0,-0,-0,-0,-0,-0,0.23700421224183091,0.47086050398124052,-0,-0,-0,-0,-0,-0,0.23907970521094041,0.46435678955276205,-0,-0,-0
-0,-0,-0,-0,0.036853746850039663,0.051228352235127221,-0,-0,-0,-0,-0,-0,0.020756963399898801,0.048741605128681725,-0,-0,-0,-0,-0,-0,0.04220999287485646,0.050502096770294908,-0,-0,-0,-0,-0,-0,0.031916114813277677,0.055968222165825858,-0,-0
-0,-0,-0,-0,-0,-0,-0,-0,-0,-0,-0,-0,-0,-0,-0,-0,-0,-0,-0,-0,-0,-0,-0,-0,-0,-0,-0,-0,-0,-0,-0,-0
-0,-0,-0,-0,-0,-0,-0,-0,-0,-0,-0,-0,-0,-0,-0,-0,-0,-0,-0,-0,-0,-0,-0,-0,-0,-0,-0,-0,-0,-0,-0,-0
-0,-0,-0,-0,-0,-0,-0,-0,-0,-0,-0,-0,-0,-0,-0,-0,-0,-0,-0,-0,-0,-0,-0,-0,-0,-0,-0,-0,-0,-0,-0,-0
-0,-0,-0,-0,-0,-0,-0,-0,-0,-0,-0,-0,-0,-0,-0,-0,-0,-0,-0,-0,-0,-0,-0,-0,-0,-0,-0,-0,-0,-0,-0,-0
0.074868500377687747,-0,-0,-0,-0,-0,-0,-0,0.06877197170592847,-0,-0,-0,-0,-0,-0,-0,0.066690781861346055,-0,-0,-0,-0,-0,-0,-0,0.040715883183711686,-0,-0,-0,-0,-0,-0,-0
-0,-0,-0,-0,-0,-0,-0,-0,-0,-0,-0,-0,-0,-0,-0,-0,-0,-0,-0,-0,-0,-0,-0,-0,-0,-0,-0,-0,-0,-0,-0,-0
-0,-0,-0,-0,-0,-0,-0,-0,-0,-0,-0,-0,-0,-0,-0,-0,-0,-0,-0,-0,-0,-0,-0,-0,-0,-0,-0,-0,-0,-0,-0,-0
-0,-0,-0,-0,-0,-0,-0,-0,-0,-0,-0,-0,-0,-0,-0,-0,-0,-0,-0,-0,-0,-0,-0,-0,-0,-0,-0,-0,-0,-0,-0,-0
-0,-0,-0,-0,-0,-0,-0,-0,-0,-0,-0,-0,-0,-0,-0,-0,-0,-0,-0,-0,-0,-0,-0,-0,-0,-0,-0,-0,-0,-0,-0,-0
-0,-0,-0,-0,-0,-0,0.32262390206322061,-0,-0,-0,-0,-0,-0,-0,0.33011662144524706,-0,-0,-0,-0,-0,-0,-0,0.33146459794962485,-0,-0,-0,-0,-0,-0,-0,0.33677339371072157,-0
-0,-0,-0,-0,-0,-0,-0,-0,-0,-0,-0,-0,-0,-0,-0,-0,-0,-0,-0,-0,-0,-0,-0,-0,-0,-0,-0,-0,-0,-0,-0,-0
-0,-0,-0,0.081234489069068661,-0,-0,-0,-0,-0,-0,-0,0.082471288347608265,-0,-0,-0,-0,-0,-0,-0,0.11251004753360923,-0,-0,-0,-0,-0,-0,-0,0.065459524253092288,-0,-0,-0,-0
-0,-0,-0,-0,-0,-0,-0,-0,-0,-0,-0,-0,-0,-0,-0,-0,-0,-0,-0,-0,-0,-0,-0,-0,-0,-0,-0,-0,-0,-0,-0,-0
-0,-0,-0,-0,-0,-0,-0,-0,-0,-0,-0,-0,-0,-0,-0,-0,-0,-0,-0,-0,-0,-0,-0,-0,-0,-0,-0,-0,-0,-0,-0,-0
-0,-0,-0,-0,-0,-0,-0,-0,-0,-0,-0,-0,-0,-0,-0,-0,-0,-0,-0,-0,-0,-0,-0,-0,-0,-0,-0,-0,-0,-0,-0,-0
-0,0.0058614353099414249,0.061090689583451645,-0,-0,-0,-0,-0,-0,-0,0.067269190241075347,-0,-0,-0,-0,-0,-0,0.00086291573132284236,0.061843759611212495,-0,-0,-0,-0,-0,-0,0.010783917062347711,0.048291874744964443,-0,-0,-0,-0,-0
-0,-0,-0,-0,-0,-0,-0,-0,-0,-0,-0,0.00093661911847637983,-0,-0,-0,-0,-0,-0,-0,0.036686930710025926,-0,-0,-0,-0,-0,-0,-0,0.010617536533798971,-0,-0,-0,-0
-0,-0,-0,-0,0.15244273753827156,-0,-0,-0,-0,-0,-0,-0,0.15975410293028813,-0,-0,-0,-0,-0,-0,-0,0.15141248010735528,-0,-0,-0,-0,-0,-0,-0,0.15947903680921363,-0,-0,-0
-0,-0,-0,0.072660123176560718,-0,-0,-0,-0,-0,-0,-0,0.080551934959764426,-0,-0,-0,-0,-0,-0,-0,0.099365771194254854,-0,-0,-0,-0,-0,-0,-0,0.052725615766095191,-0,-0,-0,-0
0.044283634649483275,-0,-0,0.062424456775185641,0.067671665183894086,-0,-0,-0,0.042930049498696589,-0,-0,0.067519254272123547,0.051738196745005544,-0,-0,-0,0.046265370507700208,-0,-0,0.071416423374013743,0.062381690770712935,-0,-0,-0,0.037678041893776992,-0,-0,0.065975916702195256,0.064476451489384953,-0,-0,-0
-0,-0,-0,0.0043881645914655406,-0,-0,-0,-0,-0,-0,-0,0.0099619717890386261,-0,-0,-0,-0,-0,-0,-0,0.0075185088829351869,-0,-0,-0,-0,-0,-0,-0,0.0012483826956363308,-0,-0,-0,-0
-0,-0,-0,-0,-0,-0,-0,-0,-0,-0,-0,-0,-0,-0,-0,-0,-0,-0,-0,-0,-0,-0,-0,-0,-0,-0,-0,-0,-0,-0,-0,-0
-0,-0,-0,-0,-0,-0,0.34766061424565065,-0,-0,-0,-0,-0,-0,-0,0.35439972398341951,-0,-0,-0,-0,-0,-0,-0,0.35580507029848646,-0,-0,-0,-0,-0,-0,-0,0.37161460196451956,-0
-0,-0,-0,-0,-0,-0,-0,-0,-0,-0,-0,-0,-0,-0,-0,-0,-0,-0,-0,-0,-0,-0,-0,-0,-0,-0,-0,-0,-0,-0,-0,-0
-0,0.0034155536981614306,-0,-0,0.054725868865174436,-0,-0,-0,-0,-0,-0,-0,0.021392691102307976,-0,-0,-0,-0,0.0060345830330688485,-0,-0,0.053311563728768586,-0,-0,-0,-0,0.016583394643891591,-0,-0,0.046585132801713912,-0,-0,-0
-0,-0,-0,0.21438753081369913,-0,-0,-0,-0,-0,-0,-0,0.21883482241992308,-0,-0,-0,-0,-0,-0,-0,0.23485117258574478,-0,-0,-0,-0,-0,-0,-0,0.2115049329810498,-0,-0,-0,-0
-0,-0,-0,-0,-0,-0,-0,-0,-0,-0,-0,-0,-0,-0,-0,-0,-0,-0,-0,-0,-0,-0,-0,-0,-0,-0,-0,-0,-0,-0,-0,-0
-0,-0,-0,-0,-0,-0,-0,-0,-0,-0,-0,-0,-0,-0,-0,-0,-0,-0,-0,-0,-0,-0,-0,-0,-0,-0,-0,-0,-0,-0,-0,-0
-0,-0,-0,-0,-0,-0,-0,-0,-0,-0,-0,-0,-0,-0,-0,-0,-0,-0,-0,-0,-0,-0,-0,-0,-0,-0,-0,-0,-0,-0,-0,-0
0.24030756613148724,-0,-0,-0,-0,-0,-0,-0,0.23828184858941653,-0,-0,-0,-0,-0,-0,-0,0.26026344521219369,-0,-0,-0,-0,-0,-0,-0,0.23010687361938564,-0,-0,-0,-0,-0,-0,-0
-0,-0,-0,-0,-0,-0,0.28045051574617091,-0,-0,-0,-0,-0,-0,-0,0.28594830932297793,-0,-0,-0,-0,-0,-0,-0,0.28012483566941487,-0,-0,-0,-0,-0,-0,-0,0.27387323779240225,-0
-0,-0,-0,-0,0.3352222831758867,-0,-0,-0,-0,-0,-0,-0,0.31556243081716462,-0,-0,-0,-0,-0,-0,-0,0.33597898381760627,-0,-0,-0,-0,-0,-0,-0,0.33248133667501023,-0,-0,-0
-0,-0,-0,-0,-0,-0,-0,-0,-0,-0,-0,-0,-0,-0,-0,-0,-0,-0,-0,-0,-0,-0,-0,-0,-0,-0,-0,-0,-0,-0,-0,-0
-0,0.07841384587126754,-0,-0,-0,-0,-0,-0,-0,0.077641375139431382,-0,-0,-0,-0,-0,-0,-0,0.060697408036690527,-0,-0,-0,-0,-0,-0,-0,0.065104928481050109,-0,-0,-0,-0,-0,-0
-0,-0,-0,-0,-0,-0,-0,-0,-0,-0,-0,-0,-0,-0,-0,-0,-0,-0,-0,-0,-0,-0,-0,-0,-0,-0,-0,-0,-0,-0,-0,-0
-0,-0,-0,-0,-0,-0,0.068489425589216099,-0,-0,-0,-0,-0,-0,-0,0.076108825453652398,-0,-0,-0,-0,-0,-0,-0,0.077877557311284595,-0,-0,-0,-0,-0,-0,-0,0.087440539266605596,-0
-0,-0,-0,0.059881252732086054,0.11849141874707668,-0,-0,-0,-0,-0,-0,0.063905746676937089,0.088650414211420919,-0,-0,-0,-0,-0,-0,0.06320370551921127,0.10953656289618555,-0,-0,-0,-0,-0,-0,0.049301334325863942,0.11491121639323383,-0,-0,-0
-0,-0,-0,-0,-0,-0,-0,-0,-0,-0,-0,-0,-0,-0,-0,-0,-0,-0,-0,-0,-0,-0,-0,-0,-0,-0,-0,-0,-0,-0,-0,-0
-0,-0,-0,0.33954946916163409,-0,-0,-0,-0,-0,-0,-0,0.33639744870651789,-0,-0,-0,-0,-0,-0,-0,0.39774287288323451,-0,-0,-0,-0,-0,-0,-0,0.35001191395913112,-0,-0,-0,-0
-0,0.10541014696749365,-0,-0,-0,-0,-0,-0,-0,0.10467233196125321,-0,-0,-0,-0,-0,-0,-0,0.084121099131404808,-0,-0,-0,-0,-0,-0,-0,0.12243714484732324,-0,-0,-0,-0,-0,-0
0.16041256604802961,-0,-0,-0,-0,-0,-0,-0,0.14753948644626974,-0,-0,-0,-0,-0,-0,-0,0.17023702222994905,-0,-0,-0,-0,-0,-0,-0,0.16013742947803997,-0,-0,-0,-0,-0,-0,-0
-0,-0,-0,-0,-0,-0,-0,-0,-0,-0,-0,-0,-0,-0,-0,-0,-0,-0,-0,-0,-0,-0,-0,-0,-0,-0,-0,-0,-0,-0,-0,-0
0.11738119270011638,-0,-0,-0,0.11488615080475653,-0,-0,0.023848756451231329,0.11352737532452857,-0,-0,-0,0.13227128945569161,-0,-0,0.023552100707496724,0.1308928025459605,-0,-0,-0,0.12132264909247154,-0,-0,0.027713367868272817,0.12943984916586213,-0,-0,-0,0.13024498429898448,-0,-0,0.0066547161982996568
-0,-0,0.10326345281994279,-0,-0,-0,-0,-0,-0,-0,0.13062491245125368,-0,-0,-0,-0,-0,-0,-0,0.091509105485381312,-0,-0,-0,-0,-0,-0,-0,0.098795731224938094,-0,-0,-0,-0,-0
-0,-0,-0,-0,-0,-0,-0,-0,-0,-0,-0,-0,-0,-0,-0,-0,-0,-0,-0,-0,-0,-0,-0,-0,-0,-0,-0,-0,-0,-0,-0,-0
-0,-0,-0,-0,-0,-0,-0,-0,-0,-0,-0,-0,-0,-0,-0,-0,-0,-0,-0,-0,-0,-0,-0,-0,-0,-0,-0,-0,-0,-0,-0,-0
-0,-0,-0,-0,-0,-0,-0,-0,-0,-0,-0,-0,-0,-0,-0,-0,-0,-0,-0,-0,-0,-0,-0,-0,-0,-0,-0,-0,-0,-0,-0,-0
-0,-0,-0,-0,-0,-0,-0,-0,-0,-0,-0,-0,-0,-0,-0,-0,-0,-0,-0,-0,-0,-0,-0,-0,-0,-0,-0,-0,-0,-0,-0,-0
-0,-0,-0,0.14134641268509923,0.18612651054921142,-0,-0,-0,-0,-0,-0,0.15583037892603605,0.18848315479026437,-0,-0,-0,-0,-0,-0,0.15424461947063231,0.20386925780301313,-0,-0,-0,-0,-0,-0,0.12729443338534407,0.19123020918087244,-0,-0,-0
-0,-0,-0,-0,-0,-0,-0,-0,-0,-0,-0,-0,-0,-0,-0,-0,-0,-0,-0,-0,-0,-0,-0,-0,-0,-0,-0,-0,-0,-0,-0,-0
-0,-0,-0,-0,0.045550367943006993,0.11681786793725116,-0,-0,-0,-0,-0,-0,0.041150897586322441,0.099610628922143687,-0,-0,-0,-0,-0,-0,0.048896454310421583,0.11781103354764434,-0,-0,-0,-0,-0,-0,0.051346246316778595,0.12581874548641586,-0,-0
-0,0.22483633247074683,-0,-0,0.17243084915720797,-0,-0,-0,-0,0.23103194753991232,-0,-0,0.17080143598122297,-0,-0,-0,-0,0.21000795521842644,-0,-0,0.1742694587779057,-0,-0,-0,-0,0.21753336008834043,-0,-0,0.19014662026766849,-0,-0,-0
-0,-0,-0,-0,-0,-0,0.047391675705552139,-0,-0,-0,-0,-0,-0,-0,0.048232270185793902,-0,-0,-0,-0,-0,-0,-0,0.050624878779158423,-0,-0,-0,-0,-0,-0,-0,0.040484383996114981,-0
-0,-0,-0,-0,-0,-0,-0,-0,-0,-0,-0,-0,-0,-0,-0,-0,-0,-0,-0,-0,-0,-0,-0,-0,-0,-0,-0,-0,-0,-0,-0,-0
-0,-0,-0,-0,-0,-0,-0,-0,-0,-0,-0,-0,-0,-0,-0,-0,-0,-0,-0,-0,-0,-0,-0,-0,-0,-0,-0,-0,-0,-0,-0,-0
-0,-0,-0,-0,-0,0.011753462344555831,-0,-0,-0,-0,-0,-0,-0,0.0035200420527254916,-0,-0,-0,-0,-0,-0,-0,0.0087837037873092216,-0,-0,-0,-0,-0,-0,-0,0.014248631362934869,-0,-0
-0,-0,-0,-0,-0,0.046086567294546826,-0,-0,-0,-0,-0,-0,-0,0.042204076230563617,-0,-0,-0,-0,-0,-0,-0,0.054537399527169246,-0,-0,-0,-0,-0,-0,-0,0.041246069754037433,-0,-0
-0,-0,-0,-0,0.32863857270713864,-0,0.28312778625684171,-0,-0,-0,-0,-0,0.30580100887199796,-0,0.28730709368451751,-0,-0,-0,-0,-0,0.3172908134326764,-0,0.28894195769796183,-0,-0,-0,-0,-0,0.33114035784496426,-0,0.28031715645148331,-0
-0,-0,-0,-0,-0,-0,-0,-0,-0,-0,-0,-0,-0,-0,-0,-0,-0,-0,-0,-0,-0,-0,-0,-0,-0,-0,-0,-0,-0,-0,-0,-0
-0,0.052942989810517066,-0,-0,-0,-0,-0,-0,-0,0.050830114294983089,-0,-0,-0,-0,-0,-0,-0,0.050870951875202061,-0,-0,-0,-0,-0,-0,-0,0.055516584188193836,-0,-0,-0,-0,-0,-0
-0,-0,-0,-0,-0,-0,-0,-0,-0,-0,-0,-0,-0,-0,-0,-0,-0,-0,-0,-0,-0,-0,-0,-0,-0,-0,-0,-0,-0,-0,-0,-0
-0,-0,-0,-0,-0,-0,-0,-0,-0,-0,-0,-0,-0,-0,-0,-0,-0,-0,-0,-0,-0,-0,-0,-0,-0,-0,-0,-0,-0,-0,-0,-0
0.026229489232932179,-0,0.042678919027883927,0.14199058427282768,0.21713402179784452,-0,-0,-0,0.0058829331693991344,-0,0.035710897628313004,0.14802289065281249,0.22490106373248381,-0,-0,-0,0.023238641560795848,-0,0.034923179095753543,0.13969695280991853,0.21652056515403098,-0,-0,-0,0.026403113938454997,-0,0.04232537654812947,0.13563628835015137,0.22328887896637889,-0,-0,-0
-0,-0,-0,-0,-0,-0,-0,-0,-0,-0,-0,-0,-0,-0,-0,-0,-0,-0,-0,-0,-0,-0,-0,-0,-0,-0,-0,-0,-0,-0,-0,-0
-0,-0,-0,-0,0.25752787051259701,-0,-0,-0,-0,-0,-0,-0,0.18655040396010952,-0,-0,-0,-0,-0,-0,-0,0.25790479141651862,-0,-0,-0,-0,-0,-0,-0,0.25281849480580371,-0,-0,-0
-0,-0,-0,-0,-0,-0,-0,-0,-0,-0,-0,-0,-0,-0,-0,-0,-0,-0,-0,-0,-0,-0,-0,-0,-0,-0,-0,-0,-0,-0,-0,-0
-0,-0,-0,-0,-0,-0,-0,-0,-0,-0,-0,-0,-0,-0,-0,-0,-0,-0,-0,-0,-0,-0,-0,-0,-0,-0,-0,-0,-0,-0,-0,-0
-0,-0,-0,-0,-0,-0,-0,-0,-0,-0,-0,-0,-0,-0,-0,-0,-0,-0,-0,-0,-0,-0,-0,-0,-0,-0,-0,-0,-0,-0,-0,-0
-0,-0,-0,-0,-0,-0,-0,-0,-0,-0,-0,-0,-0,-0,-0,-0,-0,-0,-0,-0,-0,-0,-0,-0,-0,-0,-0,-0,-0,-0,-0,-0
-0,-0,-0,-0,0.33448994990832226,-0,-0,-0,-0,-0,-0,-0,0.32536475539963294,-0,-0,-0,-0,-0,-0,-0,0.33213971126191721,-0,-0,-0,-0,-0,-0,-0,0.33473591621043164,-0,-0,-0
-0,0.050302760645539679,-0,-0,-0,-0,-0,-0,-0,0.048334020592751145,-0,-0,-0,-0,-0,-0,-0,0.048597489908797094,-0,-0,-0,-0,-0,-0,-0,0.049735799233720117,-0,-0,-0,-0,-0,-0
-0,-0,-0,-0,-0,-0,-0,-0,-0,-0,-0,-0,-0,-0,-0,-0,-0,-0,-0,-0,-0,-0,-0,-0,-0,-0,-0,-0,-0,-0,-0,-0
-0,-0,-0,-0,-0,-0,-0,-0,-0,-0,-0,-0,-0,-0,-0,-0,-0,-0,-0,-0,-0,-0,-0,-0,-0,-0,-0,-0,-0,-0,-0,-0
-0,-0,-0,-0,-0,-0,-0,-0,-0,-0,-0,-0,-0,-0,-0,-0,-0,-0,-0,-0,-0,-0,-0,-0,-0,-0,-0,-0,-0,-0,-0,-0
-0,-0,-0,-0,-0,-0,-0,-0,-0,-0,-0,-0,-0,-0,-0,-0,-0,-0,-0,-0,-0,-0,-0,-0,-0,-0,-0,-0,-0,-0,-0,-0
-0,0.11526867874092755,-0,-0,-0,-0,0.14130363650351491,-0,-0,0.10330939696720248,-0,-0,-0,-0,0.14140928500348851,-0,-0,0.095936976789427586,-0,-0,-0,-0,0.14785064044904098,-0,-0,0.09876710550071259,-0,-0,-0,-0,0.14785592436179196,-0
0.12525136921721333,-0,-0,-0,-0,-0,-0,-0,0.1111906133626001,-0,-0,-0,-0,-0,-0,-0,0.11398714962156424,-0,-0,-0,-0,-0,-0,-0,0.11690390622770909,-0,-0,-0,-0,-0,-0,-0
-0,0.25275378831902179,-0,-0,-0,-0,-0,-0,-0,0.25048179915765867,-0,-0,-0,-0,-0,-0,-0,0.24269109105342265,-0,-0,-0,-0,-0,-0,-0,0.22603467128039031,-0,-0,-0,-0,-0,-0
-0,0.41231346720078171,-0,-0,-0,-0,-0,-0,-0,0.42037635531587147,-0,-0,-0,-0,-0,-0,-0,0.41559491843336127,-0,-0,-0,-0,-0,-0,-0,0.39705829721816244,-0,-0,-0,-0,-0,-0
-0,-0,-0,-0,-0,-0,-0,-0,-0,-0,-0,-0,-0,-0,-0,-0,-0,-0,-0,-0,-0,-0,-0,-0,-0,-0,-0,-0,-0,-0,-0,-0
-0,-0,-0,-0,-0,-0,0.29970489644936077,-0,-0,-0,-0,-0,-0,-0,0.30946344444746132,-0,-0,-0,-0,-0,-0,-0,0.3138194712547942,-0,-0,-0,-0,-0,-0,-0,0.29516367174722957,-0
-0,-0,-0,-0,-0,-0,0.035402601621168754,-0,-0,-0,-0,-0,-0,-0,0.044535568071425481,-0,-0,-0,-0,-0,-0,-0,0.036923387848037441,-0,-0,-0,-0,-0,-0,-0,0.043486215578906737,-0
-0,-0,-0,-0,0.30359319707376831,-0,0.02436548937063867,-0,-0,-0,-0,-0,0.28544810275533206,-0,0.03776798816425031,-0,-0,-0,-0,-0,0.28748457638621283,-0,0.035135370063918363,-0,-0,-0,-0,-0,0.30249255907200884,-0,0.029921040758693063,-0
-0,-0,-0,-0,-0,-0,-0,-0,-0,-0,-0,-0,-0,-0,-0,-0,-0,-0,-0,-0,-0,-0,-0,-0,-0,-0,-0,-0,-0,-0,-0,-0
-0,-0,-0,-0,0.0096398935211371006,-0,-0,-0,-0,-0,-0,-0,0.0066591920930749154,-0,-0,-0,-0,-0,-0,-0,0.021757230155633741,-0,-0,-0,-0,-0,-0,-0,0.016450385517316961,-0,-0,-0
-0,0.23308014647814213,-0,-0,-0,-0,-0,-0,-0,0.2368534600750917,-0,-0,-0,-0,-0,-0,-0,0.22677404062714968,-0,-0,-0,-0,-0,-0,-0,0.21667022657750057,-0,-0,-0,-0,-0,-0
-0,-0,-0,-0,0.025223802440552775,-0,-0,-0,-0,-0,-0,-0,0.029496773824455268,-0,-0,-0,-0,-0,-0,-0,0.032723564080634766,-0,-0,-0,-0,-0,-0,-0,0.046353167112155369,-0,-0,-0
-0,0.34143595038214303,-0,-0,-0,-0,0.20438489460774015,-0,-0,0.35215776983892849,-0,-0,-0,-0,0.21223438472594022,-0,-0,0.3545681281612712,-0,-0,-0,-0,0.2155838202386656,-0,-0,0.30217012126069137,-0,-0,-0,-0,0.21236195764069002,-0
-0,0.01995215401114013,-0,0.0164188826160361,0.25359582591675028,-0,-0,-0,-0,0.011850949194076683,-0,0.032266214013004522,0.25355015080672577,-0,-0,-0,-0,0.017860444635014155,-0,0.025283128306600958,0.25889499483569217,-0,-0,-0,-0,0.017847206400421117,-0,-0,0.27174624034964678,-0,-0,-0
-0,-0,0.023052022785160685,0.2084737130512509,0.37300968580659949,-0,-0,-0,-0,-0,0.010321318479864665,0.2142495006982903,0.36303792478276153,-0,-0,-0,-0,-0,0.021814289837811428,0.21046205144283583,0.37941268170453546,-0,-0,-0,-0,-0,0.016240413878491393,0.20941775864277593,0.3803597106091301,-0,-0,-0
-0,-0,-0,-0,-0,-0,0.49662736241590988,-0,-0,-0,-0,-0,-0,-0,0.51391864857422342,-0,-0,-0,-0,-0,-0,-0,0.52257239548107903,-0,-0,-0,-0,-0,-0,-0,0.4927529110727879,-0
-0,-0,-0,-0,-0,-0,-0,-0,-0,-0,-0,-0,-0,-0,-0,-0,-0,-0,-0,-0,-0,-0,-0,-0,-0,-0,-0,-0,-0,-0,-0,-0
-0,0.21101469856240274,-0,-0,-0,-0,0.045701571361877927,-0,-0,0.23515490858399229,-0,-0,-0,-0,0.049141235890907575,-0,-0,0.22440840517208679,-0,-0,-0,-0,0.061738454299735387,-0,-0,0.17950413711831431,-0,-0,-0,-0,0.049158842242388326,-0
-0,-0,-0,-0,-0,0.1727894643344044,-0,-0,-0,-0,-0,-0,-0,0.16272085232746922,-0,-0,-0,-0,-0,-0,-0,0.16743974406668716,-0,-0,-0,-0,-0,-0,-0,0.18008606450136461,-0,-0
-0,-0,-0,-0,-0,-0,-0,-0,-0,-0,-0,-0,-0,-0,-0,-0,-0,-0,-0,-0,-0,-0,-0,-0,-0,-0,-0,-0,-0,-0,-0,-0
-0,-0,-0,-0,-0,-0,-0,-0,-0,-0,-0,-0,-0,-0,-0,-0,-0,-0,-0,-0,-0,-0,-0,-0,-0,-0,-0,-0,-0,-0,-0,-0
-0,-0,-0,-0,0.06844471672377983,-0,0.15682471733814388,-0,-0,-0,-0,-0,0.034212386627066528,-0,0.17202828364374295,-0,-0,-0,-0,-0,0.057720273395420477,-0,0.15412833095887729,-0,-0,-0,-0,-0,0.058032576668893429,-0,0.16488948946825568,-0
-0,-0,-0,0.0086002049279251154,0.30259399411292093,-0,-0,-0,-0,-0,-0,0.017768356523931734,0.27512500490174951,-0,-0,-0,-0,-0,-0,0.027075236868893428,0.30053192244616383,-0,-0,-0,-0,-0,-0,-0,0.28610411890315479,-0,-0,-0
-0,-0,-0,0.11664334666461361,-0,-0,-0,-0,-0,-0,-0,0.11812311283039265,-0,-0,-0,-0,-0,-0,-0,0.15569072515145629,-0,-0,-0,-0,-0,-0,-0,0.096306304832030412,-0,-0,-0,-0
-0,-0,-0,-0,0.35704782726670936,-0,-0,-0,-0,-0,-0,-0,0.33158079041443583,-0,-0,-0,-0,-0,-0,-0,0.35787711638614056,-0,-0,-0,-0,-0,-0,-0,0.3760953112770104,-0,-0,-0
-0,-0,-0,-0,-0,-0,-0,-0,-0,-0,-0,-0,-0,-0,-0,-0,-0,-0,-0,-0,-0,-0,-0,-0,-0,-0,-0,-0,-0,-0,-0,-0
-0,-0,-0,-0,-0,-0,-0,-0,-0,-0,-0,-0,-0,-0,-0,-0,-0,-0,-0,-0,-0,-0,-0,-0,-0,-0,-0,-0,-0,-0,-0,-0
-0,-0,-0,-0,0.16021263226500476,-0,0.094734015846669975,-0,-0,-0,-0,-0,0.14863018679177292,-0,0.096556070974161412,-0,-0,-0,-0,-0,0.12806000448455357,-0,0.10378939881819906,-0,-0,-0,-0,-0,0.16060211963246343,-0,0.11360210129212533,-0
-0,-0,-0,-0,0.17991289147388778,-0,0.065369077637546277,-0,-0,-0,-0,-0,0.18022769807140385,-0,0.07171150467179066,-0,-0,-0,-0,-0,0.1663555518871592,-0,0.065578016260274222,-0,-0,-0,-0,-0,0.17821872349815218,-0,0.058299672856166877,-0
-0,-0,-0,-0,-0,-0,-0,-0,-0,-0,-0,-0,-0,-0,-0,-0,-0,-0,-0,-0,-0,-0,-0,-0,-0,-0,-0,-0,-0,-0,-0,-0
-0,-0,-0,0.29751843016930268,0.304898195561212,-0,-0,-0,-0,-0,-0,0.31001769345426788,0.29185961965670604,-0,-0,-0,-0,-0,-0,0.30710294326368703,0.31781378281686423,-0,-0,-0,-0,-0,-0,0.28721463282495052,0.30995620261496037,-0,-0,-0
-0,0.08329081540244887,-0,-0,-0,-0,0.055441871288381052,-0,-0,0.084906833466943152,-0,-0,-0,-0,0.07200655498601477,-0,-0,0.088542730646892262,-0,-0,-0,-0,0.047015230235842684,-0,-0,0.069442169781529839,-0,-0,-0,-0,0.025807338238739454,-0
-0,-0,-0,-0,-0,-0,-0,-0,-0,-0,-0,-0,-0,-0,-0,-0,-0,-0,-0,-0,-0,-0,-0,-0,-0,-0,-0,-0,-0,-0,-0,-0
-0,-0,-0,-0,-0,-0,-0,-0,-0,-0,-0,-0,-0,-0,-0,-0,-0,-0,-0,-0,-0,-0,-0,-0,-0,-0,-0,-0,-0,-0,-0,-0
-0,-0,-0,-0,-0,-0,-0,-0,-0,-0,-0,0.010946751545183434,-0,-0,-0,-0,-0,-0,-0,0.0098343916135452993,-0,-0,-0,-0,-0,-0,-0,-0,-0,-0,-0,-0
0.021660802330384775,-0,-0,-0,-0,-0,-0,-0,0.027997957633453082,-0,-0,-0,-0,-0,-0,-0,0.052899474791884851,-0,-0,-0,-0,-0,-0,-0,0.016034446346488075,-0,-0,-0,-0,-0,-0,-0
-0,-0,-0,-0,-0,-0,-0,-0,-0,-0,-0,-0,-0,-0,-0,-0,-0,-0,-0,-0,-0,-0,-0,-0,-0,-0,-0,-0,-0,-0,-0,-0
-0,-0,-0,-0,0.581212392211924,-0,-0,-0,-0,-0,-0,-0,0.61045367683172169,-0,-0,-0,-0,-0,-0,-0,0.58117284235837208,-0,-0,-0,-0,-0,-0,-0,0.58967655635250116,-0,-0,-0
-0,-0,-0,-0,-0,-0,-0,-0,-0,-0,-0,-0,-0,-0,-0,-0,-0,-0,-0,-0,-0,-0,-0,-0,-0,-0,-0,-0,-0,-0,-0,-0
-0,0.10285299852480756,-0,-0,-0,-0,-0,-0,-0,0.13069240671719096,-0,-0,-0,-0,-0,-0,-0,0.13793091899296822,-0,-0,-0,-0,-0,-0,-0,0.06698527178778689,-0,-0,-0,-0,-0,-0
-0,-0,-0,-0,-0,-0,-0,-0,-0,-0,-0,-0,-0,-0,-0,-0,-0,-0,-0,-0,-0,-0,-0,-0,-0,-0,-0,-0,-0,-0,-0,-0
-0,-0,-0,-0,-0,0.10901244404423711,-0,-0,-0,-0,-0,-0,-0,0.098903094147513693,-0,-0,-0,-0,-0,-0,-0,0.14120117769183993,-0,-0,-0,-0,-0,-0,-0,0.093673331246450234,-0,-0
-0,-0,0.14378344811189422,0.056514182487760863,-0,-0,-0,-0,-0,-0,0.12930251283224631,0.052599491984474188,-0,-0,-0,-0,-0,-0,0.14815618590569399,0.077683401658571599,-0,-0,-0,-0,-0,-0,0.15243337161137654,0.065638281649214342,-0,-0,-0,-0
-0,-0,-0,-0,-0,-0,-0,-0,-0,-0,-0,-0,-0,-0,-0,-0,-0,-0,-0,0.023479900113659139,-0,-0,-0,-0,-0,-0,-0,-0,-0,-0,-0,-0
-0,-0,-0,-0,-0,-0,-0,-0,-0,-0,-0,-0,-0,-0,-0,-0,-0,-0,-0,-0,-0,-0,-0,-0,-0,-0,-0,-0,-0,-0,-0,-0
-0,-0,-0,0.20700043297908463,-0,-0,-0,-0,-0,-0,-0,0.20708270584251484,-0,-0,-0,-0,-0,-0,-0,0.23873556087662978,-0,-0,-0,-0,-0,-0,-0,0.18784911906090618,-0,-0,-0,-0
-0,-0,-0,-0,0.055341722147505899,-0,-0,-0,-0,-0,-0,-0,0.031364637007929408,-0,-0,-0,-0,-0,-0,-0,0.058265362591847336,-0,-0,-0,-0,-0,-0,-0,0.045481411873234519,-0,-0,-0
0.30814645654320083,-0,-0,-0,-0,-0,-0,-0,0.31027013891784522,-0,-0,-0,-0,-0,-0,-0,0.30096928155713465,-0,-0,-0,-0,-0,-0,-0,0.2783267374901498,-0,-0,-0,-0,-0,-0,-0
-0,-0,-0,-0,-0,-0,-0,-0,-0,-0,-0,-0,-0,-0,-0,-0,-0,-0,-0,-0,-0,-0,-0,-0,-0,-0,-0,-0,-0,-0,-0,-0
-0,-0,-0,-0,-0,-0,-0,-0,-0,-0,-0,-0,-0,-0,-0,-0,-0,-0,-0,-0,-0,-0,-0,-0,-0,-0,-0,-0,-0,-0,-0,-0
-0,0.13175988729826554,-0,-0,-0,-0,-0,-0,-0,0.13575933929672937,-0,-0,-0,-0,-0,-0,-0,0.14427960805109266,-0,-0,-0,-0,-0,-0,-0,0.1148266160884814,-0,-0,-0,-0,-0,-0
-0,-0,-0,-0,-0,-0,-0,-0,-0,-0,-0,-0,-0,-0,-0,-0,-0,-0,-0,-0,-0,-0,-0,-0,-0,-0,-0,-0,-0,-0,-0,-0
-0,0.1864800237707894,-0,-0,-0,-0,-0,-0,-0,0.18727581214242109,-0,-0,-0,-0,-0,-0,-0,0.19225980567931081,-0,-0,-0,-0,-0,-0,-0,0.16554132535186816,-0,-0,-0,-0,-0,-0
-0,-0,-0,-0,-0,-0,-0,-0,-0,-0,-0,-0,-0,-0,-0,-0,-0,-0,-0,-0,-0,-0,-0,-0,-0,-0,-0,-0,-0,-0,-0,-0
-0,-0,-0,-0,-0,-0,-0,-0,-0,-0,-0,-0,-0,-0,-0,-0,-0,-0,-0,-0,-0,-0,-0,-0,-0,-0,-0,-0,-0,-0,-0,-0
-0,-0,-0,0.0021516886839508995,-0,-0,-0,-0,-0,-0,-0,0.0056706014362606924,-0,-0,-0,-0,-0,-0,-0,0.015716821931668377,-0,-0,-0,-0,-0,-0,-0,0.0042320095876408831,-0,-0,-0,-0
-0,-0,0.49646775077115829,-0,-0,-0,-0,-0,-0,-0,0.48848446432232939,-0,-0,-0,-0,-0,-0,-0,0.49673202141008777,-0,-0,-0,-0,-0,-0,-0,0.48772998240070792,-0,-0,-0,-0,-0
-0,-0,-0,-0,-0,-0,-0,-0,-0,-0,-0,-0,-0,-0,-0,-0,-0,-0,-0,-0,-0,-0,-0,-0,-0,-0,-0,-0,-0,-0,-0,-0
-0,-0,-0,0.1272091225012888,0.31786624717213491,-0,0.18756178111291519,-0,-0,-0,-0,0.13266780483610227,0.32116456352554529,-0,0.19540252137473063,-0,-0,-0,-0,0.16526417288432388,0.31007498896341967,-0,0.19735595401572181,-0,-0,-0,-0,0.11380632420807731,0.31608082595839532,-0,0.16681592140838952,-0
-0,-0,-0,-0,-0,-0,-0,-0,-0,-0,-0,-0,-0,-0,-0,-0,-0,-0,-0,-0,-0,-0,-0,-0,-0,-0,-0,-0,-0,-0,-0,-0
-0,0.096209927701276218,-0,-0,-0,-0,-0,-0,-0,0.10032107092557614,-0,-0,-0,-0,-0,-0,-0,0.10262839732277386,-0,-0,-0,-0,-0,-0,-0,0.12759815419618689,-0,-0,-0,-0,-0,-0
-0,0.24789395864076605,-0,-0,-0,-0,-0,-0,-0,0.25955676518740373,-0,-0,-0,-0,-0,-0,-0,0.27417394938627826,-0,-0,-0,-0,-0,-0,-0,0.2095103704631322,-0,-0,-0,-0,-0,-0
-0,-0,-0,-0,0.002671649207021638,-0,-0,-0,-0,-0,-0,-0,0.0061619395522266142,-0,-0,-0,-0,-0,-0,-0,0.0081956329437291985,-0,-0,-0,-0,-0,-0,-0,0.012505917968475638,-0,-0,-0
-0,-0,-0,-0,-0,-0,-0,-0,-0,-0,-0,-0,-0,-0,-0,-0,-0,-0,-0,-0,-0,-0,-0,-0,-0,-0,-0,-0,-0,-0,-0,-0
-0,-0,-0,-0,-0,0.019494069801318039,-0,-0,-0,-0,-0,-0,-0,0.017553931188871445,-0,-0,-0,-0,-0,-0,-0,0.015604129019447473,-0,-0,-0,-0,-0,-0,-0,0.029317081505830147,-0,-0
-0,-0,-0,-0,0.15744225828980379,-0,-0,-0,-0,-0,-0,0.0040436933333030346,0.10521058101240195,-0,-0,-0,-0,-0,-0,0.0061584695492596375,0.15584642312931288,-0,-0,-0,-0,-0,-0,-0,0.14873254755957882,-0,-0,-0
-0,-0,-0,-0,-0,-0,-0,-0,-0,-0,-0,-0,-0,-0,-0,-0,-0,-0,-0,-0,-0,-0,-0,-0,-0,-0,-0,-0,-0,-0,-0,-0
-0,-0,-0,-0,-0,-0,-0,0.0067624937666848906,-0,-0,-0,-0,-0,-0,-0,0.010111599357577236,-0,-0,-0,-0,-0,-0,-0,0.0099401314373621756,-0,-0,-0,-0,-0,-0,-0,-0
-0,-0,-0,-0,-0,-0,-0,-0,-0,-0,-0,-0,-0,-0,-0,-0,-0,-0,-0,-0,-0,-0,-0,-0,-0,-0,-0,-0,-0,-0,-0,-0
-0,-0,-0,-0,-0,-0,-0,-0,-0,-0,-0,-0,-0,-0,-0,-0,-0,-0,-0,-0,-0,-0,-0,-0,-0,-0,-0,-0,-0,-0,-0,-0
-0,-0,-0,-0,-0,-0,-0,-0,-0,-0,-0,-0,-0,-0,-0,-0,-0,-0,-0,-0,-0,-0,-0,-0,-0,-0,-0,-0,-0,-0,-0,-0
-0,0.05466990038174608,-0,-0,-0,-0,-0,-0,-0,0.053773369634456322,-0,-0,-0,-0,-0,-0,-0,0.079896812504320597,-0,-0,-0,-0,-0,-0,-0,0.031364288635954009,-0,-0,-0,-0,-0,-0
-0,-0,-0,-0,-0,-0,-0,-0,-0,-0,-0,-0,-0,-0,-0,-0,-0,-0,-0,-0,-0,-0,-0,-0,-0,-0,-0,-0,-0,-0,-0,-0
-0,-0,-0,-0,-0,-0,-0,-0,-0,-0,-0,-0,-0,-0,-0,-0,-0,-0,-0,-0,-0,-0,-0,-0,-0,-0,-0,-0,-0,-0,-0,-0
0.015439282860137704,-0,-0,-0,-0,-0,0.24931682446279421,-0,-0,-0,-0,-0,-0,-0,0.26402236048437133,-0,0.013665289407602406,-0,-0,-0,-0,-0,0.24685907961439191,-0,0.017810848185406934,-0,-0,-0,-0,-0,0.24197912707592517,-0
-0,0.18862718893961797,-0,-0,-0,-0,-0,-0,-0,0.20939514426176861,-0,-0,-0,-0,-0,-0,-0,0.18923096693029853,-0,0.056062271520879697,-0,-0,-0,-0,-0,0.15520893987082932,-0,-0,-0,-0,-0,-0
-0,-0,-0,-0,-0,-0,0.094475493842701264,-0,-0,-0,-0,-0,-0,-0,0.097319721212618546,-0,-0,-0,-0,-0,-0,-0,0.10038648754658797,-0,-0,-0,-0,-0,-0,-0,0.073627359278740145,-0
-0,-0,-0,-0,-0,-0,-0,-0,-0,-0,-0,-0,-0,-0,-0,-0,-0,-0,-0,-0,-0,-0,-0,-0,-0,-0,-0,-0,-0,-0,-0,-0
0.16364535023140456,0.065967428181711266,-0,-0,0.2023470705402072,-0,-0,-0,0.16144382147734668,0.057852662875071154,-0,-0,0.18640672045025175,-0,-0,-0,0.15983740994901716,0.057585402413249179,-0,-0,0.20839937455046303,-0,-0,-0,0.16025194991613975,0.064229686521716456,-0,-0,0.20845929994758261,-0,-0,-0
-0,-0,-0,-0,-0,-0,0.060351729920733378,-0,-0,-0,-0,-0,-0,-0,0.064093913728728164,-0,-0,-0,-0,-0,-0,-0,0.07389058995876642,-0,-0,-0,-0,-0,-0,-0,0.043622914429644256,-0
-0,-0,-0,0.10274327289275449,0.0099567698887323124,-0,-0,-0,-0,-0,-0,0.11959728053744266,0.0013453969387642848,-0,-0,-0,-0,-0,-0,0.12268347044993692,0.020838115041583973,-0,-0,-0,-0,-0,-0,0.080971521536649479,0.024266878057648759,-0,-0,-0
-0,-0,-0,-0,-0,-0,-0,-0,-0,-0,-0,-0,-0,-0,-0,-0,-0,-0,-0,-0,-0,-0,-0,-0,-0,-0,-0,-0,-0,-0,-0,-0
-0,-0,-0,-0,-0,-0,-0,-0,-0,-0,-0,-0,-0,-0,-0,-0,-0,-0,-0,-0,-0,-0,-0,-0,-0,-0,-0,-0,-0,-0,-0,-0
-0,0.24537805469126861,-0,-0,-0,-0,-0,-0,-0,0.25034206705826756,-0,-0,-0,-0,-0,-0,-0,0.24543858281843511,-0,-0,-0,-0,-0,-0,-0,0.22494376033675101,-0,-0,-0,-0,-0,-0
-0,-0,-0,-0,-0,-0,-0,-0,-0,-0,-0,-0,-0,-0,-0,-0,-0,-0,-0,-0,-0,-0,-0,-0,-0,-0,-0,-0,-0,-0,-0,-0
-0,-0,-0,-0,-0,-0,-0,-0,-0,-0,-0,-0,-0,-0,-0,-0,-0,-0,-0,-0,-0,-0,-0,-0,-0,-0,-0,-0,-0,-0,-0,-0
-0,-0,-0,-0,-0,0.091948984938132874,-0,-0,-0,-0,-0,-0,-0,0.087320001087849514,-0,-0,-0,-0,-0,-0,-0,0.088144398662963877,-0,-0,-0,-0,-0,-0,-0,0.10085496879429404,-0,-0
-0,-0,-0,-0,-0,-0,-0,-0,-0,-0,-0,-0,-0,-0,-0,-0,-0,-0,-0,-0,-0,-0,-0,-0,-0,-0,-0,-0,-0,-0,-0,-0
-0,-0,-0,-0,-0,0.079495210007518233,-0,-0,-0,-0,-0,-0,-0,0.074050427984131778,-0,-0,-0,-0,-0,-0,-0,0.064882828159722988,-0,-0,-0,-0,-0,-0,-0,0.081408606531379046,-0,-0
-0,-0,-0,-0,-0,-0,-0,-0,-0,-0,-0,-0,-0,-0,-0,-0,-0,-0,-0,-0,-0,-0,-0,-0,-0,-0,-0,-0,-0,-0,-0,-0
-0,-0,-0,0.2113917218591814,-0,-0,-0,-0,-0,-0,-0,0.21188350757655836,-0,-0,-0,-0,-0,-0,-0,0.23821127164149655,-0,-0,-0,-0,-0,-0,-0,0.21451590538488219,-0,-0,-0,-0
0.058304448785139976,-0,-0,0.047539344920809648,0.063794422666547154,-0,-0,-0,0.056776751998116909,-0,-0,0.058852566632088613,0.055023756571855896,-0,-0,-0,0.079369941384839771,-0,-0,0.055213162411150027,0.074899581458628642,-0,-0,-0,0.051524235338325938,-0,-0,0.050791097992152374,0.058592338981697301,-0,-0,-0
-0,-0,-0,0.23090765654700077,-0,-0,-0,-0,-0,-0,-0,0.23464870110877367,-0,-0,-0,-0,-0,-0,-0,0.24328072959417157,-0,-0,-0,-0,-0,-0,-0,0.22017075695796126,-0,-0,-0,-0
-0,-0,-0,-0,0.29790333327864194,-0,0.38814289455396195,-0,-0,-0,-0,-0,0.29970165293508583,-0,0.39526739296827729,-0,-0,-0,-0,-0,0.27563743328889517,-0,0.39867183057931921,-0,-0,-0,-0,-0,0.28743233320532796,-0,0.39444569545264496,-0
-0,-0,-0,-0,-0,-0,-0,-0,-0,-0,-0,-0,-0,-0,-0,-0,-0,-0,-0,-0,-0,-0,-0,-0,-0,-0,-0,-0,-0,-0,-0,-0
-0,-0,-0,-0,-0,-0,-0,-0,-0,-0,-0,-0,-0,-0,-0,-0,-0,-0,-0,-0,-0,-0,-0,-0,-0,-0,-0,-0,-0,-0,-0,-0
-0,-0,-0,-0,-0,0.12318957170997479,-0,-0,-0,-0,-0,-0,-0,0.11414078154423597,-0,-0,-0,-0,-0,-0,-0,0.1197262648850463,-0,-0,-0,-0,-0,-0,-0,0.11590596966500342,-0,-0
-0,-0,0.11110879512683758,-0,-0,-0,0.26988464018717273,-0,-0,-0,0.13092300132702941,-0,-0,-0,0.28299013138051771,-0,-0,-0,0.10480621472951621,-0,-0,-0,0.27764858197646869,-0,-0,-0,0.10064617177965629,-0,-0,-0,0.27888137832669174,-0
-0,0.015315915522388899,-0,-0,-0,-0,-0,-0,-0,0.054557657867349521,-0,-0,-0,-0,-0,-0,-0,0.028464615797998659,-0,-0,-0,-0,-0,-0,-0,-0,-0,-0,-0,-0,-0,-0
-0,0.29458118264598743,-0,-0,-0,-0,-0,-0,-0,0.28286012069728411,-0,-0,-0,-0,-0,-0,-0,0.28812810490769802,-0,-0,-0,-0,-0,-0,-0,0.28702698331397047,-0,-0,-0,-0,-0,-0
-0,0.078954197325743353,-0,-0,-0,-0,-0,-0,-0,0.094651289765148305,-0,-0,-0,-0,-0,-0,-0,0.097603854132124551,-0,-0,-0,-0,-0,-0,-0,0.062438658901387514,-0,-0,-0,-0,-0,-0
-0,-0,-0,-0,0.075244962699584639,-0,-0,-0,-0,-0,-0,-0,0.07679349686551222,-0,-0,-0,-0,-0,-0,-0,0.07279926316886115,-0,-0,-0,-0,-0,-0,-0,0.090448182323928192,-0,-0,-0
-0,-0,-0,-0,-0,-0,-0,-0,-0,-0,-0,-0,-0,-0,-0,-0,-0,-0,-0,-0,-0,-0,-0,-0,-0,-0,-0,-0,-0,-0,-0,-0
-0,-0,-0,0.3332310087038996,-0,-0,-0,-0,-0,-0,-0,0.33632067581673403,-0,-0,-0,-0,-0,-0,-0,0.35189835602032438,-0,-0,-0,-0,-0,-0,-0,0.32111247455701203,-0,-0,-0,-0
-0,0.021810322125591163,-0,-0,-0,-0,-0,-0,-0,0.051860260183796365,-0,-0,-0,-0,-0,-0,-0,0.025265858417742423,-0,-0,-0,-0,-0,-0,-0,0.025490062703780327,-0,-0,-0,-0,-0,-0
0.40895885679859406,-0,-0,-0,0.73141298699990709,-0,-0,-0,0.3864398087053863,-0,-0,0.0040370352705585526,0.73160147608089909,-0,-0,-0,0.41907038101328797,-0,-0,0.0025469455126133768,0.74021803996714353,-0,-0,-0,0.41355048322588495,-0,-0,-0,0.7300889214372368,-0,-0,-0
-0,-0,-0,-0,0.063921227030612759,-0,-0,-0,-0,-0,-0,-0,0.054286541855364918,-0,-0,-0,-0,-0,-0,-0,0.054770646624187,-0,-0,-0,-0,-0,-0,-0,0.055493072176882402,-0,-0,-0
-0,-0,-0,-0,-0,-0,-0,-0,-0,-0,-0,-0,-0,-0,-0,-0,-0,-0,-0,-0,-0,-0,-0,-0,-0,-0,-0,-0,-0,-0,-0,-0
0.31788149496455359,-0,-0,-0,-0,-0,-0,-0,0.29175940617285379,-0,-0,-0,-0,-0,-0,-0,0.3342210424642551,-0,-0,-0,-0,-0,-0,-0,0.33539792214579361,-0,-0,-0,-0,-0,-0,-0
-0,-0,-0,-0,0.19084405686098413,-0,-0,-0,-0,-0,-0,-0,0.1866368552979347,-0,-0,-0,-0,-0,-0,-0,0.1807456918455938,-0,-0,-0,-0,-0,-0,-0,0.20406851435907181,-0,-0,-0
-0,-0,-0,-0,-0,-0,0.086124018211264169,-0,-0,-0,-0,-0,-0,-0,0.10220785784961728,-0,-0,-0,-0,-0,-0,-0,0.10655565536426613,-0,-0,-0,-0,-0,-0,-0,0.064760102832092922,-0
-0,-0,-0,-0,-0,-0,-0,-0,-0,-0,-0,-0,-0,-0,-0,-0,-0,-0,-0,-0,-0,-0,-0,-0,-0,-0,-0,-0,-0,-0,-0,-0
-0,-0,-0,-0,-0,-0,-0,-0,-0,-0,-0,-0,-0,-0,-0,-0,-0,-0,-0,-0,-0,-0,-0,-0,-0,-0,-0,-0,-0,-0,-0,-0
-0,0.19290283030750824,-0,-0,-0,-0,-0,-0,-0,0.20430575987331423,-0,-0,-0,-0,-0,-0,-0,0.18457652213440348,-0,-0,-0,-0,-0,-0,-0,0.16279925186632957,-0,-0,-0,-0,-0,-0
0.4610938900562393,-0,-0,-0,-0,-0,-0,-0,0.45615260397848578,-0,-0,-0,-0,-0,-0,-0,0.45012222280602604,-0,-0,-0,-0,-0,-0,-0,0.45070179408009048,-0,-0,-0,-0,-0,-0,-0
-0,0.49192614654441297,-0,-0,-0,-0,-0,-0,-0,0.49992108462437529,-0,-0,-0,-0,-0,-0,-0,0.46391250212704455,-0,-0,-0,-0,-0,-0,-0,0.4887433464258229,-0,-0,-0,-0,-0,-0
-0,-0,-0,-0,-0,-0,0.23581359992214637,-0,-0,-0,-0,-0,-0,-0,0.24155132800779736,-0,-0,-0,-0,-0,-0,-0,0.24555514850413607,-0,-0,-0,-0,-0,-0,-0,0.25171426640323818,-0
-0,-0,-0,-0,-0,-0,-0,-0,-0,-0,-0,-0,-0,-0,-0,-0,-0,-0,-0,-0,-0,-0,-0,-0,-0,0.013320705860863299,-0,-0,-0,-0,-0,-0
-0,-0,-0,-0,-0,-0,-0,-0,-0,-0,-0,-0,-0,-0,-0,-0,-0,-0,-0,-0,-0,-0,-0,-0,-0,-0,-0,-0,-0,-0,-0,-0
-0,-0,-0,-0,-0,-0,-0,-0,-0,-0,-0,-0,-0,-0,-0,-0,-0,-0,-0,-0,-0,-0,-0,-0,-0,-0,-0,-0,-0,-0,-0,-0
-0,-0,-0,-0,-0,-0,-0,-0,-0,-0,-0,-0,-0,-0,-0,-0,-0,-0,-0,-0,-0,-0,-0,-0,-0,-0,-0,-0,-0,-0,-0,-0
-0,-0,-0,0.22421969882833451,0.39864367547734259,-0,0.094933450903569569,-0,-0,-0,-0,0.22304195531792415,0.41926039995291825,-0,0.094151862221110091,-0,-0,-0,-0,0.24850784991172797,0.40529300975766458,-0,0.11708779625329249,-0,-0,-0,-0,0.21739656637160237,0.39718693290310148,-0,0.088483196644516163,-0
0.30438084495388112,-0,-0,-0,-0,0.018652698250528666,-0,-0,0.28289279934479511,-0,-0,-0,-0,0.020242987127313844,-0,-0,0.29428392167042106,-0,-0,-0,-0,0.018155930827880275,-0,-0,0.29935551141166222,-0,-0,-0,-0,0.0094747491524581982,-0,-0
-0,-0,-0,-0,-0,0.013313316028415024,-0,-0,-0,-0,-0,-0,-0,0.016811992512470668,-0,-0,-0,-0,-0,-0,-0,0.0088689855526017537,-0,-0,-0,-0,-0,-0,-0,0.015462506141428536,-0,-0
-0,-0,-0,-0,-0,-0,-0,-0,-0,-0,-0,-0,-0,-0,-0,-0,-0,-0,-0,-0,-0,-0,-0,-0,-0,-0,-0,-0,-0,-0,-0,-0
-0,-0,-0,-0,-0,-0,-0,-0,-0,-0,-0,-0,-0,-0,-0,-0,-0,-0,-0,-0,-0,-0,-0,-0,-0,-0,-0,-0,-0,-0,-0,-0
-0,-0,-0,-0,-0,-0,-0,-0,-0,-0,-0,-0,-0,-0,-0,-0,-0,-0,-0,-0,-0,-0,-0,-0,-0,-0,-0,-0,-0,-0,-0,-0
-0,-0,-0,-0,-0,-0,-0,-0,-0,-0,-0,-0,-0,-0,-0,-0,-0,-0,-0,-0,-0,-0,-0,-0,-0,-0,-0,-0,-0,-0,-0,-0
-0,-0,-0,-0,-0,-0,0.058556895898202121,-0,-0,-0,-0,-0,-0,-0,0.089519653528184584,-0,-0,-0,-0,-0,-0,-0,0.053264701144137762,-0,-0,-0,-0,-0,-0,-0,0.040417972727583858,-0
-0,-0,-0,0.031151831269989452,0.53212132095683728,-0,0.40256308361151122,-0,-0,-0,-0,0.04129259707893846,0.53604617084306372,-0,0.41160738236448879,-0,-0,-0,-0,0.031362920732859095,0.51295820960652139,-0,0.40809994701033142,-0,-0,-0,-0,0.02098818708607296,0.52634416978522802,-0,0.38373411592710172,-0
-0,-0,-0,0.13684174082782155,0.26398106186581566,-0,-0,-0,-0,-0,-0,0.1435895632606142,0.27333015932598093,-0,-0,-0,-0,-0,-0,0.13309364362717327,0.2684656502305498,-0,-0,-0,-0,-0,-0,0.13607198487616437,0.27239570727352846,-0,-0,-0
0.2930783122914139,-0,-0,-0,-0,-0,-0,-0,0.29803605574424868,-0,-0,-0,-0,-0,-0,-0,0.27865612213370988,-0,-0,-0,-0,-0,-0,-0,0.2945977935318308,-0,-0,-0,-0,-0,-0,-0
-0,-0,-0,-0,-0,-0,-0,-0,-0,-0,-0,-0,-0,-0,-0,-0,-0,-0,-0,-0,-0,-0,-0,-0,-0,-0,-0,-0,-0,-0,-0,-0
-0,-0,-0,-0,-0,-0,-0,-0,-0,-0,-0,-0,-0,-0,-0,-0,-0,-0,-0,-0,-0,-0,-0,-0,-0,-0,-0,-0,-0,-0,-0,-0
-0,-0,-0,0.12007454288492495,0.36367501911376504,-0,-0,-0,-0,-0,-0,0.13062712474174512,0.35678767141187806,-0,-0,-0,-0,-0,-0,0.13399124605504156,0.34783769935983128,-0,-0,-0,-0,-0,-0,0.12872257026861939,0.35814200900933479,-0,-0,-0
-0,0.17679409190049342,0.037585143431688547,-0,-0,-0,-0,-0,-0,0.17092111946184929,0.052984815018749389,-0,-0,-0,-0,-0,-0,0.19190951270465417,0.032054067366594927,-0,-0,-0,-0,-0,-0,0.15913452369183262,0.020080932178107497,-0,-0,-0,-0,-0
-0,-0,-0,-0,-0,0.1629648422871082,-0,-0,-0,-0,-0,-0,-0,0.15672496293009894,-0,-0,-0,-0,-0,-0,-0,0.16937701629668664,-0,-0,-0,-0,-0,-0,-0,0.16292017859544189,-0,-0
-0,-0,-0,-0,-0,-0,-0,-0,-0,-0,-0,-0,-0,-0,-0,-0,-0,-0,-0,-0,-0,-0,-0,-0,-0,-0,-0,-0,-0,-0,-0,-0
-0,-0,-0,-0,-0,-0,-0,-0,-0,-0,-0,-0,-0,-0,-0,-0,-0,-0,-0,-0,-0,-0,-0,-0,-0,-0,-0,-0,-0,-0,-0,-0
-0,0.13010003342640419,-0,-0,-0,-0,0.17215329300294324,-0,-0,0.13723012191968306,-0,-0,-0,-0,0.17881055640289603,-0,-0,0.13352864518406438,-0,-0,-0,-0,0.17474079462329933,-0,-0,0.11954097569881703,-0,-0,-0,-0,0.17346915333110999,-0
-0,-0,-0,-0,-0,-0,-0,-0,-0,-0,-0,-0,-0,-0,-0,-0,-0,-0,-0,-0,-0,-0,-0,-0,-0,-0,-0,-0,-0,-0,-0,-0
-0,-0,-0,-0,-0,-0,-0,-0,-0,-0,-0,-0,-0,-0,-0,-0,-0,-0,-0,-0,-0,-0,-0,-0,-0,-0,-0,-0,-0,-0,-0,-0
-0,0.49355981312777208,-0,-0,-0,-0,-0,-0,-0,0.49330364512179248,-0,-0,-0,-0,-0,-0,-0,0.48881850191662957,-0,-0,-0,-0,-0,-0,-0,0.47311318823220183,-0,-0,-0,-0,-0,-0
-0,-0,-0,-0,-0,-0,-0,-0,-0,-0,-0,-0,-0,-0,-0,-0,-0,-0,-0,-0,-0,-0,-0,-0,-0,-0,-0,-0,-0,-0,-0,-0
-0,-0,-0,-0,-0,-0,-0,-0,-0,-0,-0,-0,-0,-0,-0,-0,-0,-0,-0,-0,-0,-0,-0,-0,-0,-0,-0,-0,-0,-0,-0,-0
-0,-0,-0,-0,-0,-0,-0,-0,-0,-0,-0,-0,-0,-0,-0,-0,-0,-0,-0,-0,-0,-0,-0,-0,-0,-0,-0,-0,-0,-0,-0,-0
-0,-0,-0,-0,0.50460986613398262,-0,-0,-0,-0,-0,-0,-0,0.51981727913025455,-0,-0,-0,-0,-0,-0,-0,0.49411493713775878,-0,-0,-0,-0,-0,-0,-0,0.51891419768549574,-0,-0,-0
-0,-0,-0,0.19192777394114435,0.045131726801476035,-0,-0,-0,-0,-0,-0,0.19960568992827316,0.032940371829705606,-0,-0,-0,-0,-0,-0,0.19793543038089267,0.062617835388185702,-0,-0,-0,-0,-0,-0,0.19714164309085588,0.054776669905218164,-0,-0,-0
-0,-0,-0,0.020006681338626799,0.2662676680261612,-0,-0,-0,-0,-0,-0,0.041267304696271677,0.26572914919813556,-0,-0,-0,-0,-0,-0,0.0076496311498260054,0.27235060904071878,-0,-0,-0,-0,-0,-0,0.015335847274054562,0.24999166023612268,-0,-0,-0
-0,-0,-0,-0,-0,0.038587328851868427,-0,-0,-0,-0,-0,-0,-0,0.038361733861833155,-0,-0,-0,-0,-0,-0,-0,0.036169593446929077,-0,-0,-0,-0,-0,-0,-0,0.038048560923453663,-0,-0
0.20502333447797491,-0,-0,-0,0.20754555981750764,-0,-0,-0,0.18153924962420526,-0,-0,-0,0.21405074896854956,-0,-0,-0,0.20754854846193468,-0,-0,-0,0.22369200034884235,-0,-0,-0,0.20805848700339449,-0,-0,-0,0.20197731084035417,-0,-0,-0
-0,0.14605616863866311,-0,-0,-0,-0,-0,-0,-0,0.16396896126772251,-0,-0,-0,-0,-0,-0,-0,0.17375341945285022,-0,-0,-0,-0,-0,-0,-0,0.17068911720199789,-0,-0,-0,-0,-0,-0
-0,-0,-0,0.1128953861426948,1,-0,-0,-0,-0,-0,-0,0.12866415658795566,0.97871570823129816,-0,-0,-0,-0,-0,-0,0.12261644403493009,0.99525687411218455,-0,-0,-0,-0,-0,-0,0.10829421600185628,1.0005916813506603,-0,-0,-0
-0,-0,-0,-0,-0,-0,-0,-0,-0,-0,-0,-0,-0,-0,-0,-0,-0,-0,-0,-0,-0,-0,-0,-0,-0,-0,-0,-0,-0,-0,-0,-0
-0,-0,-0,-0,-0,-0,-0,-0,-0,-0,-0,-0,-0,-0,-0,-0,-0,-0,-0,-0,-0,-0,-0,-0,-0,-0,-0,-0,-0,-0,-0,-0
-0,-0,-0,-0,-0,-0,-0,-0,-0,-0,-0,-0,-0,-0,-0,-0,-0,-0,-0,-0,-0,-0,-0,-0,-0,-0,-0,-0,-0,-0,-0,-0
-0,-0,-0,-0,-0,-0,-0,-0,-0,-0,-0,-0,-0,-0,-0,-0,-0,-0,-0,-0,-0,-0,-0,-0,-0,-0,-0,-0,-0,-0,-0,-0
-0,-0,-0,0.27651609525901483,0.28803548196495288,-0,0.038308759900954129,-0,-0,-0,-0,0.27055891532083781,0.28803629075519088,-0,0.034701089894570117,-0,-0,-0,-0,0.30687239318810228,0.29728602839492418,-0,0.051238654324892649,-0,-0,-0,-0,0.2752155967814342,0.29681074102776484,-0,0.041104370999633565,-0
-0,-0,-0,-0,-0,-0,-0,-0,-0,-0,-0,-0,-0,-0,-0,-0,-0,-0,-0,-0,-0,-0,-0,-0,-0,-0,-0,-0,-0,-0,-0,-0
-0,-0,-0,-0,-0,-0,-0,-0,-0,-0,-0,-0,-0,-0,-0,-0,-0,-0,-0,-0,-0,-0,-0,-0,-0,-0,-0,-0,-0,-0,-0,-0
-0,-0,-0,-0,-0,-0,-0,-0,-0,-0,-0,-0,-0,-0,-0,-0,-0,-0,-0,-0,-0,-0,-0,-0,-0,-0,-0,-0,-0,-0,-0,-0
-0,-0,-0,-0,-0,-0,0.0047107028890075115,-0,-0,-0,-0,-0,-0,-0,0.01849454135178381,-0,-0,-0,-0,-0,-0,-0,0.016093892892381386,-0,-0,-0,-0,-0,-0,-0,0.017935843637290182,-0
-0,-0,-0,-0,0.15814438550504997,-0,-0,-0,-0,-0,-0,-0,0.14166296540994136,-0,-0,-0,-0,-0,-0,-0,0.16134324242781775,-0,-0,-0,-0,-0,-0,-0,0.15355471922830921,-0,-0,-0
-0,-0,-0,-0,-0,-0,-0,-0,-0,-0,-0,-0,-0,-0,-0,-0,-0,-0,-0,-0,-0,-0,-0,-0,-0,-0,-0,-0,-0,-0,-0,-0
-0,-0,-0,-0,-0,-0,-0,-0,-0,-0,-0,-0,-0,-0,-0,-0,-0,-0,-0,-0,-0,-0,-0,-0,-0,-0,-0,-0,-0,-0,-0,-0
-0,-0,-0,0.081099003637386313,0.53078343096872838,-0,-0,-0,-0,-0,-0,0.10629022242207585,0.49598711599378587,-0,-0,-0,-0,-0,-0,0.10923066406014793,0.55201638846113532,-0,-0,-0,-0,-0,-0,0.066860118246176437,0.54975667813231921,-0,-0,-0
-0,-0,-0,-0,0.014106585441402862,-0,-0,-0,-0,-0,-0,-0,0.015716262042807367,-0,-0,-0,-0,-0,-0,-0,0.0040764059150991093,-0,-0,-0,-0,-0,-0,-0,0.0059176442730330897,-0,-0,-0
-0,-0,-0,0.11089784284980636,0.36184114859643657,-0,-0,-0,-0,-0,-0,0.12271459657005437,0.34358654458152399,-0,-0,-0,-0,-0,-0,0.12347871460447564,0.36406465574496355,-0,-0,-0,-0,-0,-0,0.090031293605275051,0.36252970239739885,-0,-0,-0
-0,-0,-0,-0,-0,-0,-0,-0,-0,-0,-0,-0,-0,-0,-0,-0,-0,-0,-0,-0,-0,-0,-0,-0,-0,-0,-0,-0,-0,-0,-0,-0
-0,0.47784051697422364,-0,-0,-0,-0,-0,-0,-0,0.48878435797818059,-0,-0,-0,-0,-0,-0,-0,0.48292039661456393,-0,-0,-0,-0,-0,-0,-0,0.44771060259777334,-0,-0,-0,-0,-0,-0
-0,-0,-0,-0,-0,-0,-0,-0,-0,-0,-0,-0,-0,-0,-0,-0,-0,-0,-0,-0,-0,-0,-0,-0,-0,-0,-0,-0,-0,-0,-0,-0
-0,-0,-0,-0,0.085834127652940545,-0,-0,-0,-0,-0,-0,-0,0.029814668154090087,-0,-0,-0,-0,-0,-0,-0,0.082072458145299981,-0,-0,-0,-0,-0,-0,-0,0.062634669735663243,-0,-0,-0
0.07229122015955762,-0,-0,-0,-0,-0,-0,-0,0.01779364668673139,-0,-0,-0,-0,-0,-0,-0,0.061480081948784557,-0,-0,-0,-0,-0,-0,-0,0.049871267842747646,-0,-0,-0,-0,-0,-0,-0
-0,-0,-0,-0,-0,-0,-0,-0,-0,-0,-0,-0,-0,-0,-0,-0,-0,-0,-0,-0,-0,-0,-0,-0,-0,-0,-0,-0,-0,-0,-0,-0
-0,-0,-0,-0,0.63206013461360522,-0,-0,-0,-0,-0,-0,-0,0.67002303140151664,-0,-0,-0,-0,-0,-0,-0,0.64118250726774761,-0,-0,-0,-0,-0,-0,-0,0.64950037419118767,-0,-0,-0
-0,-0,-0,-0,-0,-0,-0,-0,-0,-0,-0,-0,-0,-0,-0,-0,-0,-0,-0,-0,-0,-0,-0,-0,-0,-0,-0,-0,-0,-0,-0,-0
-0,-0,-0,-0,-0,-0,-0,-0,-0,-0,-0,-0,-0,-0,-0,-0,-0,-0,-0,-0,-0,-0,-0,-0,-0,-0,-0,-0,-0,-0,-0,-0
-0,-0,-0,0.20773780976057632,-0,-0,-0,-0,-0,-0,-0,0.20898636504846821,-0,-0,-0,-0,-0,-0,-0,0.249598803601117,0.0012834975652512939,-0,-0,-0,-0,-0,-0,0.20185616778762583,0.017873672927981987,-0,-0,-0
-0,-0,-0,-0,-0,-0,-0,-0,-0,-0,0.011405480257566344,-0,-0,-0,-0,-0,-0,-0,-0,-0,-0,-0,-0,-0,-0,-0,-0,-0,-0,-0,-0,-0
-0,-0,-0,-0,-0,-0,-0,-0,-0,-0,-0,-0,-0,-0,-0,-0,-0,-0,-0,-0,-0,-0,-0,-0,-0,-0,-0,-0,-0,-0,-0,-0
-0,-0,-0,-0,-0,-0,-0,-0,-0,-0,-0,-0,-0,-0,-0,-0,-0,-0,-0,-0,-0,-0,-0,-0,-0,-0,-0,-0,-0,-0,-0,-0
-0,0.14671671477781695,-0,-0,-0,-0,-0,-0,-0,0.15707956242336452,-0,-0,-0,-0,-0,-0,-0,0.16404893883267835,-0,-0,-0,-0,-0,-0,-0,0.13034610205091876,-0,-0,-0,-0,-0,-0
-0,-0,-0,0.18764946222417422,-0,-0,-0,-0,-0,-0,-0,0.19274614776283427,-0,-0,-0,-0,-0,-0,-0,0.22766215220378352,-0,-0,-0,-0,-0,-0,-0,0.18383270643623231,-0,-0,-0,-0
-0,-0,-0,-0,-0,-0,0.34591049744257296,-0,-0,-0,-0,-0,-0,-0,0.35586144548062182,-0,-0,-0,-0,-0,-0,-0,0.37230047094506369,-0,-0,-0,-0,-0,-0,-0,0.34565168849817396,-0
-0,0.22061487320065964,-0,-0,-0,-0,-0,-0,-0,0.21671096980678109,-0,-0,-0,-0,-0,-0,-0,0.20900437290982954,-0,-0,-0,-0,-0,-0,-0,0.21978464127542838,-0,-0,-0,-0,-0,-0
0.38100719495751573,-0,-0,0.15175393475733159,0.027045652471366807,-0,-0,-0,0.35274294216848129,-0,-0,0.16676094967680477,0.01820001536027039,-0,-0,-0,0.39711522970556473,-0,-0,0.16991282141584949,0.026794414410486585,-0,-0,-0,0.3574406812093141,-0,-0,0.14922263516459283,0.017359330499319758,-0,-0,-0
-0,-0,-0,-0,-0,-0,-0,-0,-0,-0,-0,-0,-0,-0,-0,-0,-0,-0,-0,-0,-0,-0,-0,-0,-0,-0,-0,-0,-0,-0,-0,-0
-0,-0,-0,-0,-0,-0,-0,-0,-0,-0,-0,-0,-0,-0,-0,-0,-0,-0,-0,-0,-0,-0,-0,-0,-0,-0,-0,-0,-0,-0,-0,-0
-0,-0,-0,-0,-0,-0,0.26849677715438502,-0,-0,-0,-0,-0,-0,-0,0.27799285961075465,-0,-0,-0,-0,-0,-0,-0,0.27528732440766196,-0,-0,-0,-0,-0,-0,-0,0.25934798789592095,-0
-0,-0,-0,-0,-0,-0,-0,-0,-0,-0,-0,-0,-0,-0,-0,-0,-0,-0,-0,-0,-0,-0,-0,-0,-0,-0,-0,-0,-0,-0,-0,-0
-0,-0,-0,-0,-0,-0,-0,-0,-0,-0,-0,-0,-0,-0,-0,-0,-0,-0,-0,-0,-0,-0,-0,-0,-0,-0,-0,-0,-0,-0,-0,-0
-0,-0,-0,0.053553783800397207,-0,-0,-0,-0,-0,-0,-0,0.05855750319585324,-0,-0,-0,-0,-0,-0,-0,0.07408029259899597,-0,-0,-0,-0,-0,-0,-0,0.048499554360874921,-0,-0,-0,-0
-0,-0,-0,-0,-0,-0,-0,-0,-0,-0,-0,-0,-0,-0,-0,-0,-0,-0,-0,-0,-0,-0,-0,-0,-0,-0,-0,-0,-0,-0,-0,-0
-0,-0,-0,-0,-0,-0,-0,-0,-0,-0,-0,-0,-0,-0,-0,-0,-0,-0,-0,-0,-0,-0,-0,-0,-0,-0,-0,-0,-0,-0,-0,-0
-0,-0,-0,-0,-0,-0,-0,-0,-0,-0,-0,-0,-0,-0,-0,-0,-0,-0,-0,-0,-0,-0,-0,-0,-0,-0,-0,-0,-0,-0,-0,-0
-0,-0,-0,-0,-0,-0,-0,-0,-0,-0,-0,-0,-0,-0,-0,-0,-0,-0,-0,-0,-0,-0,-0,-0,-0,-0,-0,-0,-0,-0,-0,-0
-0,-0,-0,-0,-0,-0,-0,-0,-0,-0,-0,-0,-0,-0,-0,-0,-0,-0,-0,-0,-0,-0,-0,-0,-0,-0,-0,-0,-0,-0,-0,-0
-0,-0,-0,-0,-0,-0,-0,-0,-0,-0,-0,-0,-0,-0,-0,-0,-0,-0,-0,-0,-0,-0,-0,-0,-0,-0,-0,-0,-0,-0,-0,-0
-0,-0,-0,-0,-0,-0,-0,-0,-0,-0,-0,-0,-0,-0,-0,-0,-0,-0,-0,-0,-0,-0,-0,-0,-0,-0,-0,-0,-0,-0,-0,-0
-0,-0,-0,-0,-0,-0,-0,-0,-0,-0,-0,-0,-0,-0,-0,-0,-0,-0,-0,-0,-0,-0,-0,-0,-0,-0,-0,-0,-0,-0,-0,-0
-0,-0,-0,-0,0.25472992875850259,0.023304274940136611,-0,-0,-0,-0,-0,-0,0.2679874097111184,0.026475962033558276,-0,-0,-0,-0,-0,-0,0.27062939292539478,0.025263575179377658,-0,-0,-0,-0,-0,-0,0.26757741507455979,0.036341859593762439,-0,-0
-0,0.0020473516683297832,-0,-0,-0,-0,0.18838769276198475,-0,-0,0.0051486282853033293,-0,-0,-0,-0,0.18806167207102678,-0,-0,0.00052688450700514699,-0,-0,-0,-0,0.20239280575487531,-0,-0,-0,-0,-0,-0,-0,0.20781288033240589,-0
-0,0.15039467484137881,-0,-0,-0,-0,-0,-0,-0,0.1381773520666903,-0,-0,-0,-0,-0,-0,-0,0.12419796856212899,-0,-0,-0,-0,-0,-0,-0,0.15669776876537955,-0,-0,-0,-0,-0,-0
-0,-0,-0,-0,-0,-0,-0,-0,-0,-0,-0,-0,-0,-0,-0,-0,-0,-0,-0,-0,-0,-0,-0,-0,-0,-0,-0,-0,-0,-0,-0,-0
-0,-0,-0,-0,-0,-0,-0,-0,-0,-0,-0,-0,-0,-0,-0,-0,-0,-0,-0,-0,-0,-0,-0,-0,-0,-0,-0,-0,-0,-0,-0,-0
-0,-0,-0,0.36419900448119918,0.78543819972265383,-0,-0,-0,-0,-0,-0,0.39415214815872041,0.7844604531800301,-0,-0,-0,-0,-0,-0,0.36630861918994961,0.7971891124794962,-0,-0,-0,-0,-0,-0,0.34946113549568364,0.79305410809749199,-0,-0,-0
-0,0.00044678723982894097,-0,-0,-0,-0,-0,-0,-0,0.035378605159137357,-0,-0,-0,-0,-0,-0,-0,0.038978113837127563,-0,-0,-0,-0,-0,-0,-0,-0,-0,-0,-0,-0,-0,-0
-0,-0,-0,0.028448973669980365,-0,-0,-0,-0,-0,-0,-0,0.041635013199363712,-0,-0,-0,-0,-0,-0,-0,0.04592800462497177,-0,-0,-0,-0,-0,-0,-0,0.013743973153258416,-0,-0,-0,-0
-0,-0,-0,-0,-0,-0,-0,-0,-0,-0,-0,-0,-0,-0,-0,-0,-0,-0,-0,-0,-0,-0,-0,-0,-0,-0,-0,-0,-0,-0,-0,-0
-0,-0,-0,-0,-0,-0,-0,-0,-0,-0,-0,-0,-0,-0,-0,-0,-0,-0,-0,-0,-0,-0,-0,-0,-0,-0,-0,-0,-0,-0,-0,-0
-0,0.00041442332348218746,0.13890204018203028,-0,0.12448711514421996,-0,-0,-0,-0,0.0085542769774417937,0.096910439821445357,-0,0.094943153001618666,-0,-0,-0,-0,0.01399279097593841,0.13901000444166514,-0,0.13411989513967634,-0,-0,-0,-0,-0,0.13450080004498224,-0,0.12516072026557271,-0,-0,-0
-0,0.32112844831196607,0.045364980157785666,-0,-0,-0,-0,-0,-0,0.32432392777277308,0.0003939852713032312,-0,-0,-0,-0,-0,-0,0.34710847368084058,0.01669552530349537,-0,-0,-0,-0,-0,-0,0.3474853538882427,0.030500204533948808,-0,-0,-0,-0,-0
-0,-0,-0,-0,-0,-0,-0,-0,-0,-0,-0,-0,-0,-0,-0,-0,-0,-0,-0,-0,-0,-0,-0,-0,-0,-0,-0,-0,-0,-0,-0,-0
-0,-0,-0,-0,-0,-0,-0,-0,-0,-0,-0,-0,-0,-0,-0,-0,-0,-0,-0,-0,-0,-0,-0,-0,-0,-0,-0,-0,-0,-0,-0,-0
0.055041166336655421,-0,0.024979811523513324,-0,-0,-0,-0,-0,0.033776730470284372,-0,0.0096396015342327859,-0,-0,-0,-0,-0,0.045472775546019459,-0,0.0065832928525172236,-0,-0,-0,-0,-0,0.034851948591821044,-0,0.017381443457475103,-0,-0,-0,-0,-0
-0,0.040581023245985288,-0,-0,-0,-0,-0,-0,-0,0.04898833234026527,-0,-0,-0,-0,-0,-0,-0,0.044375005856718656,-0,-0,-0,-0,-0,-0,-0,0.011282611197588407,-0,-0,-0,-0,-0,-0
-0,-0,-0,0.017046838318358286,0.0015957200923474081,-0,-0,-0,-0,-0,-0,0.031689706815980365,-0,-0,-0,-0,-0,-0,-0,0.023671826431499298,-0,-0,-0,-0,-0,-0,-0,0.012638456027771111,-0,-0,-0,-0
-0,-0,-0,-0,-0,-0,-0,-0,-0,-0,-0,-0,-0,-0,-0,-0,-0,-0,-0,-0,-0,-0,-0,-0,-0,-0,-0,-0,-0,-0,-0,-0
0.11297257453932992,-0,-0,-0,-0,0.1856968964085309,-0,-0,0.0906575562938602,-0,-0,-0,-0,0.18625061919935687,-0,-0,0.10955413965428022,-0,-0,-0,-0,0.17569972653865165,-0,-0,0.11961397504607592,-0,-0,-0,-0,0.17522092096211864,-0,-0
-0,-0,-0,-0,-0,-0,-0,-0,-0,-0,-0,-0,-0,-0,-0,-0,-0,-0,-0,-0,-0,-0,-0,-0,-0,-0,-0,-0,-0,-0,-0,-0
0.25253570687225585,-0,-0,-0,-0,0.04134818584657305,-0,-0,0.24693697256286914,-0,-0,-0,-0,0.047748717875204162,-0,-0,0.25302632686134557,-0,-0,-0,-0,0.032620982306065319,-0,-0,0.24607903606251857,-0,-0,-0,-0,0.045247401213028171,-0,-0
-0,0.045163301786991704,0.074585375122469155,0.040806375788639895,0.20573379195921535,-0,-0,-0,-0,0.035997826973170485,0.081890934485897279,0.052457384934447585,0.20313836155952247,-0,-0,-0,-0,0.038760162483493101,0.078523328925967695,0.052554298217954286,0.20891749624701633,-0,-0,-0,-0,0.045315478535781967,0.079956710747429591,0.015337616820890479,0.21914590581931112,-0,-0,-0
-0,-0,-0,-0,-0,0.21200559900098256,-0,-0,-0,-0,-0,-0,-0,0.19543027935217039,-0,-0,-0,-0,-0,-0,-0,0.21004305161085698,-0,-0,-0,-0,-0,-0,-0,0.21711689412461097,-0,-0
0.14904868980053568,-0,-0,-0,0.18272352663143307,-0,-0,-0,0.12367194125369484,-0,-0,-0,0.20029724312674327,-0,-0,-0,0.14143345137887847,-0,-0,-0,0.19259697302139084,-0,-0,-0,0.15494839367248739,-0,-0,-0,0.18525582068787674,-0,-0,-0
-0,-0,-0,-0,-0,-0,-0,-0,-0,-0,-0,-0,-0,-0,-0,-0,-0,-0,-0,-0,-0,-0,-0,-0,-0,-0,-0,-0,-0,-0,-0,-0
-0,0.041994238926416641,-0,-0,0.3898818696553944,-0,-0,-0,-0,0.02248835999105863,-0,-0,0.36572793496822242,-0,-0,-0,-0,0.055633615937779976,-0,-0,0.38496059091726009,-0,-0,-0,-0,0.045353889201205845,-0,-0,0.38625738649610508,-0,-0,-0
-0,-0,-0,-0,-0,-0,-0,-0,-0,-0,-0,-0,-0,-0,-0,-0,-0,-0,-0,-0,-0,-0,-0,-0,-0,-0,-0,-0,-0,-0,-0,-0
-0,-0,-0,-0,-0,-0,-0,-0,-0,-0,-0,-0,-0,-0,-0,-0,-0,-0,-0,-0,-0,-0,-0,-0,-0,-0,-0,-0,-0,-0,-0,-0
-0,-0,0.34418562953206866,-0,-0,-0,-0,-0,-0,-0,0.34772428116528326,-0,-0,-0,-0,-0,-0,-0,0.33979427863935552,-0,-0,-0,-0,-0,-0,-0,0.33533282548191351,-0,-0,-0,-0,-0
-0,-0,-0,-0,-0,-0,-0,-0,-0,-0,-0,-0,-0,-0,-0,-0,-0,-0,-0,-0,-0,-0,-0,-0,-0,-0,-0,-0,-0,-0,-0,-0
-0,0.036816386185312584,-0,-0,0.28342189868382556,-0,-0,-0,-0,0.038524864947282751,-0,-0,0.28448336536291807,-0,-0,-0,-0,0.027715454269752318,-0,-0,0.28533963603301321,-0,-0,-0,-0,0.034937226689471197,-0,-0,0.30689883852596622,-0,-0,-0
-0,0.2832472290027454,-0,-0,0.067704471289714269,-0,-0,-0,-0,0.27469217076282021,-0,-0,0.056408066451528925,-0,-0,-0,-0,0.29099868927330463,-0,-0,0.060232278395800871,-0,-0,-0,-0,0.28507736890093288,-0,-0,0.065137891295055081,-0,-0,-0
-0,-0,-0,-0,-0,-0,-0,-0,-0,-0,-0,-0,-0,-0,-0,-0,-0,-0,-0,-0,-0,-0,-0,-0,-0,-0,-0,-0,-0,-0,-0,-0
-0,-0,-0,-0,-0,-0,-0,-0,-0,-0,-0,-0,-0,-0,-0,-0,-0,-0,-0,-0,-0,-0,-0,-0,-0,-0,-0,-0,-0,-0,-0,-0
-0,-0,-0,0.026128528947232183,-0,-0,-0,-0,-0,-0,-0,0.034433983758342786,-0,-0,-0,-0,-0,-0,-0,0.021656696523116421,-0,-0,-0,-0,-0,-0,-0,0.032380440453513015,-0,-0,-0,-0
0.68239912463678176,-0,-0,-0,0.08059685757058424,-0,-0,-0,0.67983589583810378,-0,-0,-0,0.070706828553064094,-0,-0,-0,0.67109903584729114,-0,-0,-0,0.090822871674004019,-0,-0,-0,0.67352219483000475,-0,-0,-0,0.087890699927064039,-0,-0,-0
0.17048252944594336,-0,-0,0.24734316562154718,-0,-0,-0,-0,0.16835376526839124,-0,-0,0.24268044563185981,-0,-0,-0,-0,0.19415267289752089,-0,-0,0.30086378863945473,-0,-0,-0,-0,0.17386758933157789,-0,-0,0.26312215837345826,-0,-0,-0,-0
-0,-0,-0,-0,0.035224356569970208,-0,-0,-0,-0,-0,-0,-0,0.028110132429827715,-0,-0,-0,-0,-0,-0,-0,0.031937439544208732,-0,-0,-0,-0,-0,-0,-0,0.040540261118404197,-0,-0,-0
0.28332930947475665,-0,-0,0.00094747067496978119,0.061161481705931935,-0,-0,-0,0.28185135296379094,-0,-0,-0,0.053793087513642715,-0,-0,-0,0.28119383305569384,-0,-0,0.035520915113273127,0.068916600963841765,-0,-0,-0,0.28143041007324943,-0,-0,0.0049369063790428687,0.064826557361460355,-0,-0,-0
0.45628440813485516,-0,-0,-0,-0,-0,-0,-0,0.44257016699683888,-0,-0,-0,-0,-0,-0,-0,0.45709350923117864,-0,-0,-0,-0,-0,-0,-0,0.44759893251657107,-0,-0,-0,-0,-0,-0,-0
-0,-0,-0,-0,0.08543455957449729,-0,-0,-0,-0,-0,-0,-0,0.066415717319348075,-0,-0,-0,-0,-0,-0,-0,0.081562216311127173,-0,-0,-0,-0,-0,-0,-0,0.092437752072313362,-0,-0,-0
0.03111308823352537,-0,-0,-0,-0,-0,-0,-0,0.03438892420033992,-0,-0,-0,-0,-0,-0,-0,0.018342402049423036,-0,-0,-0,-0,-0,-0,-0,0.011457674555213987,-0,-0,-0,-0,-0,-0,-0
-0,-0,-0,-0,-0,-0,-0,-0,-0,-0,-0,-0,-0,-0,-0,-0,-0,-0,-0,-0,-0,-0,-0,-0,-0,-0,-0,-0,-0,-0,-0,-0
-0,0.076305995037839539,-0,-0,-0,-0,-0,-0,-0,0.079930618021946939,-0,-0,-0,-0,-0,-0,-0,0.086951177815395048,-0,-0,-0,-0,-0,-0,-0,0.07491552910825193,-0,-0,-0,-0,-0,-0
-0,-0,-0,0.18409354116743157,-0,-0,-0,-0,-0,-0,-0,0.18895782187797089,-0,-0,-0,-0,-0,-0,-0,0.18767831205596935,-0,-0,-0,-0,-0,-0,-0,0.18367772836726126,-0,-0,-0,-0
-0,-0,-0,-0,-0,-0,-0,-0,-0,-0,-0,-0,-0,-0,-0,-0,-0,-0,-0,-0,-0,-0,-0,-0,-0,-0,-0,-0,-0,-0,-0,-0
-0,-0,-0,-0,-0,-0,-0,-0,-0,-0,-0,-0,-0,-0,-0,-0,-0,-0,-0,-0,-0,-0,-0,-0,-0,-0,-0,-0,-0,-0,-0,-0
-0,-0,-0,-0,-0,-0,-0,-0,-0,-0,-0,-0,-0,-0,-0,-0,-0,-0,-0,-0,-0,-0,-0,-0,-0,-0,-0,-0,-0,-0,-0,-0
-0,-0,-0,0.12756068885888872,0.44859685286556811,-0,-0,-0,-0,-0,-0,0.14079835556342563,0.46481211813771112,-0,-0,-0,-0,-0,-0,0.13183484095124914,0.45867655935387869,-0,-0,-0,-0,-0,-0,0.12014385219901431,0.46791179692272467,-0,-0,-0
-0,-0,-0,-0,0.34207737504838115,0.13597171013467679,-0,-0,-0,-0,-0,-0,0.35773866414695615,0.12992617081278426,-0,-0,-0,-0,-0,-0,0.35051955748191849,0.13005091690587092,-0,-0,-0,-0,-0,-0,0.3479873030448471,0.13774382915640307,-0,-0
-0,-0,-0,-0,0.014454464537452427,-0,-0,-0,-0,-0,-0,-0,-0,-0,-0,-0,-0,-0,-0,-0,0.0039312905166602611,-0,-0,-0,-0,-0,-0,-0,0.023113277669175675,-0,-0,-0
-0,-0,-0,0.27087916282306507,-0,-0,-0,-0,-0,-0,-0,0.27448226120753566,-0,-0,-0,-0,-0,-0,-0,0.34108716232598885,-0,-0,-0,-0,-0,-0,-0,0.25795320882681039,-0,-0,-0,-0
-0,-0,-0,-0,-0,-0,0.11442611062130693,-0,-0,-0,-0,-0,-0,-0,0.12816932951716173,-0,-0,-0,-0,-0,-0,-0,0.1099266733947124,-0,-0,-0,-0,-0,-0,-0,0.085997401186254777,-0
-0,-0,-0,-0,-0,-0,0.10885144315252136,-0,-0,-0,-0,-0,-0,-0,0.11980761409697935,-0,-0,-0,-0,-0,-0,-0,0.14423208070387442,-0,-0,-0,-0,-0,-0,-0,0.078981635605972433,-0
-0,-0,-0,-0,-0,-0,0.19594781975044012,-0,-0,-0,-0,-0,-0,-0,0.20787982558768869,-0,-0,-0,-0,-0,-0,-0,0.19422447950689922,-0,-0,-0,-0,-0,-0,-0,0.18118304373544153,-0
-0,-0,-0,-0,-0,-0,-0,-0,-0,-0,-0,-0,-0,-0,-0,-0,-0,-0,-0,-0,-0,-0,-0,-0,-0,-0,-0,-0,-0,-0,-0,-0
-0,-0,-0,-0,-0,-0,-0,-0,-0,-0,-0,-0,-0,-0,-0,-0,-0,-0,-0,-0,-0,-0,-0,-0,-0,-0,-0,-0,-0,-0,-0,-0
-0,-0,-0,-0,0.29013984004366727,-0,0.12637304288966089,-0,-0,-0,-0,-0,0.26071853124093863,-0,0.13295095476956778,-0,-0,-0,-0,-0,0.28157108235031481,-0,0.12658326186584648,-0,-0,-0,-0,-0,0.29906464976974262,-0,0.12119626960788735,-0
-0,-0,-0,-0,-0,-0,-0,-0,-0,-0,-0,-0,-0,-0,-0,-0,-0,-0,-0,-0,-0,-0,-0,-0,-0,-0,-0,-0,-0,-0,-0,-0
-0,-0,-0,-0,-0,-0,-0,-0,-0,-0,-0,-0,-0,-0,-0,-0,-0,-0,-0,-0,-0,-0,-0,-0,-0,-0,-0,-0,-0,-0,-0,-0
-0,-0,-0,0.622872316123393,-0,-0,-0,-0,-0,-0,-0,0.63508984557748971,-0,-0,-0,-0,-0,-0,-0,0.70244499361988655,-0,-0,-0,-0,-0,-0,-0,0.62563960146615893,-0,-0,-0,-0
-0,-0,-0,-0,-0,0.051759440712498266,-0,-0,-0,-0,-0,-0,-0,0.041120728672506518,-0,-0,-0,-0,-0,-0,-0,0.044730736827145463,-0,-0,-0,-0,-0,-0,-0,0.038103525301538467,-0,-0
-0,-0,-0,-0,0.23570837935045089,-0,-0,-0,-0,-0,-0,-0,0.2195068807473938,-0,-0,-0,-0,-0,-0,-0,0.23702595508737603,-0,-0,-0,-0,-0,-0,-0,0.2525021192381921,-0,-0,-0
-0,0.67382401730788466,-0,-0,-0,-0,-0,-0,-0,0.67216938674505045,-0,-0,-0,-0,-0,-0,-0,0.66781456680937556,-0,-0,-0,-0,-0,-0,-0,0.66950986790307043,-0,-0,-0,-0,-0,-0
-0,-0,-0,-0,0.16609145886717028,-0,-0,-0,-0,-0,-0,-0,0.1080637938878394,-0,-0,-0,-0,-0,-0,-0,0.16194262872517923,-0,-0,-0,-0,-0,-0,-0,0.16727476781346351,-0,-0,-0
-0,-0,-0,-0,-0,-0,-0,-0,-0,-0,-0,-0,-0,-0,-0,-0,-0,-0,-0,-0,-0,-0,-0,-0,-0,-0,-0,-0,-0,-0,-0,-0
-0,-0,-0,0.045512852148714165,-0,-0,-0,0.018632437763662194,-0,-0,-0,0.043509721743917484,-0,-0,-0,0.010733665813702586,-0,-0,-0,0.085028377439894609,-0,-0,-0,0.027898496709305404,-0,-0,-0,0.042519812603966541,-0,-0,-0,0.0021900986411139429
-0,-0,0.23414035513082274,-0,0.45348953162141237,-0,-0,-0,-0,-0,0.21759919697779598,-0,0.44494839384908169,-0,-0,-0,-0,-0,0.23599218854684664,-0,0.44434677201923278,-0,-0,-0,-0,-0,0.23258618869459188,-0,0.46299916877778102,-0,-0,-0
-0,-0,-0,-0,-0,-0,-0,-0,-0,-0,-0,-0,-0,-0,-0,-0,-0,-0,-0,-0,-0,-0,-0,-0,-0,-0,-0,-0,-0,-0,-0,-0
-0,0.15915049050306818,-0,-0,-0,-0,-0,-0,-0,0.16840366357494951,-0,-0,-0,-0,-0,-0,-0,0.13379847946753309,-0,-0,-0,-0,-0,-0,-0,0.17384023094843526,-0,-0,-0,-0,-0,-0
-0,-0,-0,0.044990117448103377,0.098945149136523053,-0,-0,-0,-0,-0,-0,0.060282275770670156,0.093562086861447943,-0,-0,-0,-0,-0,-0,0.049404401123703916,0.10436428773816604,-0,-0,-0,-0,-0,-0,0.029308325188651355,0.097287843817164821,-0,-0,-0
-0,-0,-0,-0,-0,-0,-0,-0,-0,-0,-0,-0,-0,-0,-0,-0,-0,-0,-0,-0,-0,-0,-0,-0,-0,-0,-0,-0,-0,-0,-0,-0
-0,-0,-0,-0,-0,-0,-0,-0,-0,-0,-0,-0,-0,-0,-0,-0,-0,-0,-0,-0,-0,-0,-0,-0,-0,-0,-0,-0,-0,-0,-0,-0
-0,-0,-0,-0,-0,-0,0.25920668448395584,-0,-0,-0,-0,-0,-0,-0,0.27265315751823549,-0,-0,-0,-0,-0,-0,-0,0.26154042147512846,-0,-0,-0,-0,-0,-0,-0,0.24365681985532936,-0
-0,-0,-0,-0,-0,-0,-0,-0,-0,-0,-0,-0,-0,-0,-0,-0,-0,-0,-0,-0,-0,-0,-0,-0,-0,-0,-0,-0,-0,-0,-0,-0
-0,-0,-0,-0,-0,-0,-0,-0,-0,-0,-0,-0,-0,-0,-0,-0,-0,-0,-0,-0,-0,-0,-0,-0,-0,-0,-0,-0,-0,-0,-0,-0
-0,-0,-0,-0,-0,-0,-0,-0,-0,-0,-0,-0,-0,-0,-0,-0,-0,-0,-0,-0,-0,-0,-0,-0,-0,-0,-0,-0,-0,-0,-0,-0
-0,-0,-0,0.16438863941071746,0.31235008589846808,-0,-0,-0,-0,-0,-0,0.1744389936218281,0.29990111860184077,-0,-0,-0,-0,-0,-0,0.19507463166197167,0.31074764731729509,-0,-0,-0,-0,-0,-0,0.17251637602405392,0.3161423518551485,-0,-0,-0
-0,-0,-0,-0,-0,-0,-0,-0,-0,-0,-0,-0,-0,-0,-0,-0,-0,-0,-0,-0,-0,-0,-0,-0,-0,-0,-0,-0,-0,-0,-0,-0
-0,-0,-0,0.061848419643494135,0.35932411199682568,-0,-0,-0,-0,-0,-0,0.074990483720417153,0.36150134941489681,-0,-0,-0,-0,-0,-0,0.071954852381072965,0.35826905153377986,-0,-0,-0,-0,-0,-0,0.052096733075620773,0.36950271881105701,-0,-0,-0
-0,-0,-0,-0,-0,-0,-0,-0,-0,-0,-0,-0,-0,-0,-0,-0,-0,-0,-0,-0,-0,-0,-0,-0,-0,-0,-0,-0,-0,-0,-0,-0
-0,-0,-0,-0,0.42906056150735117,-0,0.068410935629193675,-0,-0,-0,-0,-0,0.38144215188987729,-0,0.083625056857240629,-0,-0,-0,-0,-0,0.41892679443362807,-0,0.076879499456202385,-0,-0,-0,-0,-0,0.41462962632159556,-0,0.066777949284755694,-0
-0,-0,-0,-0,-0,-0,-0,-0,-0,-0,-0,-0,-0,-0,-0,-0,-0,-0,-0,-0,-0,-0,-0,-0,-0,-0,-0,-0,-0,-0,-0,-0
0.29746248014992038,-0,-0,-0,-0,0.22896597886339523,-0,-0,0.29245818267913271,-0,-0,-0,-0,0.2206207018707127,-0,-0,0.29462906040240455,-0,-0,-0,-0,0.2081263993942625,-0,-0,0.29406168097000474,-0,-0,-0,-0,0.23034884451524582,-0,-0
-0,-0,-0,0.10727003385485007,0.1297786058214575,-0,-0,-0,-0,-0,-0,0.12207323444659304,0.11106253807212277,-0,-0,-0,-0,-0,-0,0.13127778084373593,0.13339443046166338,-0,-0,-0,-0,-0,-0,0.080244642221901669,0.1287157040343225,-0,-0,-0
-0,-0,-0,0.26020912135502045,-0,-0,-0,-0,-0,-0,-0,0.26137133245484162,-0,-0,-0,-0,-0,-0,-0,0.29329296400775173,-0,-0,-0,-0,-0,-0,-0,0.25083993006775823,-0,-0,-0,-0
-0,-0,-0,-0,-0,-0,-0,-0,-0,-0,-0,-0,-0,-0,-0,-0,-0,-0,-0,-0,-0,-0,-0,-0,-0,-0,-0,-0,-0,-0,-0,-0
-0,-0,-0,-0,-0,-0,-0,-0,-0,-0,-0,-0,-0,-0,-0,-0,-0,-0,-0,-0,-0,-0,-0,-0,-0,-0,-0,-0,-0,-0,-0,-0
-0,-0,-0,-0,-0,-0,-0,-0,-0,-0,-0,-0,-0,-0,-0,-0,-0,-0,-0,-0,-0,-0,-0,-0,-0,-0,-0,-0,-0,-0,-0,-0
-0,-0,-0,-0,-0,-0,-0,-0,-0,-0,-0,-0,-0,-0,-0,-0,-0,-0,-0,-0,-0,-0,-0,-0,-0,-0,-0,-0,-0,-0,-0,-0
-0,-0,-0,-0,0.090445879706028159,-0,-0,-0,-0,-0,-0,-0,0.070093771077404221,-0,-0,-0,-0,-0,-0,-0,0.088482933694538871,-0,-0,-0,-0,-0,-0,-0,0.07568144123808232,-0,-0,-0
-0,0.015022644743434486,-0,-0,-0,-0,-0,-0,-0,0.012843235657748696,-0,-0,-0,-0,-0,-0,-0,-0,-0,-0,-0,-0,-0,-0,-0,0.02414524713108241,-0,-0,-0,-0,-0,-0
-0,-0,-0,-0,-0,-0,-0,-0,-0,-0,-0,-0,-0,-0,-0,-0,-0,-0,-0,-0,-0,-0,-0,-0,-0,-0,-0,-0,-0,-0,-0,-0
-0,-0,-0,-0,-0,-0,-0,-0,-0,-0,-0,-0,-0,-0,-0,-0,-0,-0,-0,-0,-0,-0,-0,-0,-0,-0,-0,-0,-0,-0,-0,-0
-0,-0,-0,0.23980369049766262,0.6712722722712916,-0,-0,-0,-0,-0,-0,0.24685903502483897,0.68129487079298678,-0,-0,-0,-0,-0,-0,0.25267510694484485,0.68463734500321072,-0,-0,-0,-0,-0,-0,0.23369440800952235,0.68365818074239415,-0,-0,-0
0.26948627934765262,-0,-0,-0,0.079449283814857677,-0,-0,-0,0.26027643590483329,-0,-0,-0,0.075013275047545291,-0,-0,-0,0.27555687879850621,-0,-0,-0,0.076635201316236037,-0,-0,-0,0.27589975762285446,-0,-0,-0,0.075603042354261962,-0,-0,-0
-0,-0,-0,-0,-0,0.31977081381495875,-0,-0,-0,-0,-0,-0,-0,0.31979254935250528,-0,-0,-0,-0,-0,-0,-0,0.32732683684464248,-0,-0,-0,-0,-0,-0,-0,0.33712713693218982,-0,-0
0.19078724967270527,-0,-0,-0,0.15499013089475838,-0,-0,-0,0.18670053455753635,-0,-0,-0,0.14560012321526328,-0,-0,-0,0.18315169756237776,-0,-0,-0,0.16540428194672871,-0,-0,-0,0.18864184231736383,-0,-0,-0,0.16088533485642662,-0,-0,-0
-0,-0,-0,-0,-0,-0,-0,-0,-0,-0,-0,-0,-0,-0,-0,-0,-0,-0,-0,-0,-0,-0,-0,-0,-0,-0,-0,-0,-0,-0,-0,-0
-0,-0,-0,-0,0.55689138003226246,-0,-0,-0,-0,-0,-0,-0,0.53835257648403845,-0,-0,-0,-0,-0,-0,-0,0.54522279187071132,-0,-0,-0,-0,-0,-0,-0,0.56008943063735905,-0,-0,-0
-0,-0,-0,-0,-0,-0,-0,-0,-0,-0,-0,-0,-0,-0,-0,-0,-0,-0,-0,-0,-0,-0,-0,-0,-0,-0,-0,-0,-0,-0,-0,-0
-0,-0,-0,-0,-0,-0,-0,-0,-0,-0,-0,-0,-0,-0,-0,-0,-0,-0,-0,0.04421937580613871,-0,-0,-0,-0,-0,-0,-0,-0,-0,-0,-0,-0
-0,0.38167339601794137,-0,-0,-0,-0,-0,-0,-0,0.38450092181121998,-0,-0,-0,-0,-0,-0,-0,0.3712577209248546,-0,-0,-0,-0,-0,-0,-0,0.37200499164670392,-0,-0,-0,-0,-0,-0
-0,-0,-0,-0,-0,-0,-0,-0,-0,-0,-0,-0,-0,-0,-0,-0,-0,-0,-0,-0,-0,-0,-0,-0,-0,-0,-0,-0,-0,-0,-0,-0
0.28498965097526169,-0,-0,-0,-0,0.019564203867780763,-0,-0,0.26412758900561262,-0,-0,-0,-0,0.02421985913143038,-0,-0,0.29139430004083217,-0,-0,-0,-0,0.026230828614642016,-0,-0,0.26505346823802023,-0,-0,-0,-0,0.016670275287144987,-0,-0
-0,-0,-0,-0,-0,-0,-0,-0,-0,-0,-0,-0,-0,-0,-0,-0,-0,-0,-0,-0,-0,-0,-0,-0,-0,-0,-0,-0,-0,-0,-0,-0
-0,-0,-0,0.47160434449848043,0.31217882412133674,-0,-0,-0,-0,-0,-0,0.47824570490130203,0.28247807219083454,-0,-0,-0,-0,-0,-0,0.51112054954775599,0.31642040152854389,-0,-0,-0,-0,-0,-0,0.47174187448098948,0.30368733903609246,-0,-0,-0
-0,-0,-0,-0,-0,-0,-0,-0,-0,-0,-0,-0,-0,-0,-0,-0,-0,-0,-0,-0,-0,-0,-0,-0,-0,-0,-0,-0,-0,-0,-0,-0
-0,-0,-0,-0,-0,-0,-0,-0,-0,-0,-0,-0,-0,-0,-0,-0,-0,-0,-0,-0,-0,-0,-0,-0,-0,-0,-0,-0,-0,-0,-0,-0
-0,-0,-0,-0,-0,-0,-0,-0,-0,-0,-0,-0,-0,-0,-0,-0,-0,-0,-0,-0,-0,-0,-0,-0,-0,-0,-0,-0,-0,-0,-0,-0
-0,-0,-0,-0,-0,-0,-0,-0,-0,-0,-0,-0,-0,-0,-0,-0,-0,-0,-0,-0,-0,-0,-0,-0,-0,-0,-0,-0,-0,-0,-0,-0
0.33153740172081109,-0,-0,-0,0.19434508643355508,-0,-0,-0,0.32832442289693231,-0,-0,-0,0.20298998591826917,-0,-0,-0,0.33762443181495061,-0,-0,-0,0.19572427387128685,-0,-0,-0,0.32883385666192438,-0,-0,-0,0.18999249879746452,-0,-0,-0
-0,-0,-0,-0,-0,-0,-0,-0,-0,-0,-0,-0,-0,-0,-0,-0,-0,-0,-0,-0,-0,-0,-0,-0,-0,-0,-0,-0,-0,-0,-0,-0
-0,-0,-0,-0,-0,-0,-0,-0,-0,-0,-0,-0,-0,-0,-0,-0,-0,-0,-0,-0,-0,-0,-0,-0,-0,-0,-0,-0,-0,-0,-0,-0
-0,0.20501975946532902,-0,-0,-0,-0,-0,-0,-0,0.21027155019202995,-0,-0,-0,-0,-0,-0,-0,0.18763648919110493,-0,-0,-0,-0,-0,-0,-0,0.21148143722119842,-0,-0,-0,-0,-0,-0
-0,0.23851921823795486,-0,-0,-0,-0,-0,-0,-0,0.2560935196189813,-0,-0,-0,-0,-0,-0,-0,0.25428508004307587,-0,-0,-0,-0,-0,-0,-0,0.2402644558326622,-0,-0,-0,-0,-0,-0
-0,-0,-0,-0,0.49828195869025993,-0,-0,-0,-0,-0,-0,-0,0.4994519403340667,-0,-0,-0,-0,-0,-0,-0,0.49712267001121374,-0,-0,-0,-0,-0,-0,-0,0.50018389354727522,-0,-0,-0
-0,-0,-0,-0,-0,-0,-0,-0,-0,-0,-0,-0,-0,-0,-0,-0,-0,-0,-0,-0,-0,-0,-0,-0,-0,-0,-0,-0,-0,-0,-0,-0
-0,-0,-0,0.17490626845336341,0.94489614595567994,-0,-0,-0,-0,-0,-0,0.19439747692737641,0.93880630889772643,-0,-0,-0,-0,-0,-0,0.18248198650079087,0.95792258361210592,-0,-0,-0,-0,-0,-0,0.1559116695383711,0.96669206310635525,-0,-0,-0
-0,0.040272520935636311,-0,-0,-0,-0,0.16324387737566318,-0,-0,0.063073383577082739,-0,-0,-0,-0,0.17206473393778976,-0,-0,0.06786979899749937,-0,-0,-0,-0,0.18583524360462392,-0,-0,-0,-0,-0,-0,-0,0.1622628908334236,-0
-0,-0,0.39383979458234558,-0,0.0017170023929750148,-0,-0,-0,-0,-0,0.39030357276594552,-0,-0,-0,-0,-0,-0,-0,0.38961838086007256,-0,0.0042982640060809131,-0,-0,-0,-0,-0,0.37810348628633178,-0,0.0084132383591386112,-0,-0,-0
-0,-0,-0,-0,-0,-0,-0,-0,-0,-0,-0,-0,-0,-0,-0,-0,-0,-0,-0,-0,-0,-0,-0,-0,-0,-0,-0,-0,-0,-0,-0,-0
-0,-0,-0,-0,-0,-0,-0,-0,-0,-0,-0,-0,-0,-0,-0,-0,-0,-0,-0,-0,-0,-0,-0,-0,-0,-0,-0,-0,-0,-0,-0,-0
-0,0.43956762358141899,-0,-0,-0,-0,-0,-0,-0,0.44920008297595632,-0,-0,-0,-0,-0,-0,-0,0.45706247966781455,-0,-0,-0,-0,-0,-0,-0,0.4199460245665762,-0,-0,-0,-0,-0,-0
-0,-0,-0,-0,-0,-0,-0,-0,-0,-0,-0,-0,-0,-0,-0,-0,-0,-0,-0,-0,-0,-0,-0,-0,-0,-0,-0,-0,-0,-0,-0,-0
-0,-0,-0,0.021344961907742724,0.10889696464659572,-0,0.16600072235288563,-0,-0,-0,-0,0.024802150874312624,0.10009412114780883,-0,0.16904230887538768,-0,-0,-0,-0,0.016175076147385638,0.10642248580045147,-0,0.17748233475038258,-0,-0,-0,-0,0.021495060053884119,0.11496574947913889,-0,0.16276014239972636,-0
-0,-0,-0,-0,-0,-0,0.18605894570375642,-0,-0,-0,-0,-0,-0,-0,0.19386330812049873,-0,-0,-0,-0,-0,-0,-0,0.19780102052177748,-0,-0,-0,-0,-0,-0,-0,0.17974839878337623,-0
-0,-0,-0,-0,-0,-0,-0,-0,-0,-0,-0,-0,-0,-0,-0,-0,-0,-0,-0,-0,-0,-0,-0,-0,-0,-0,-0,-0,-0,-0,-0,-0
-0,-0,-0,0.13203295230853293,0.34979713156403669,-0,-0,-0,-0,-0,-0,0.13706442893990031,0.29103531357424822,-0,-0,-0,-0,-0,-0,0.14988467341376469,0.33983734275220767,-0,-0,-0,-0,-0,-0,0.14527723008993682,0.32548137511628727,-0,-0,-0
-0,-0,0.032312677459225399,0.042875426233001786,-0,-0,-0,-0,-0,-0,0.041357591604141229,0.054522491175146286,-0,-0,-0,-0,-0,-0,0.039778359376375166,0.065829882624434635,-0,-0,-0,-0,-0,-0,0.035567202326011488,0.0048978025852915927,-0,-0,-0,-0
-0,-0,-0,-0,-0,-0,0.06144120755667707,-0,-0,-0,-0,-0,-0,-0,0.068312889199888774,-0,-0,-0,-0,-0,-0,-0,0.064170160638036433,-0,-0,-0,-0,-0,-0,-0,0.08380236671436031,-0
-0,0.20091467653975717,-0,-0,-0,-0,-0,-0,-0,0.19088792755765024,-0,-0,-0,-0,-0,-0,-0,0.20393873439469234,-0,-0,-0,-0,-0,-0,-0,0.20498724056010487,-0,-0,-0,-0,-0,-0
-0,-0,-0,-0,-0,-0,-0,-0,-0,-0,-0,-0,-0,-0,-0,-0,-0,-0,-0,-0,-0,-0,-0,-0,-0,-0,-0,-0,-0,-0,-0,-0
-0,-0,-0,-0,0.14090345416904329,-0,-0,-0,-0,-0,-0,-0,0.14720418333271129,-0,-0,-0,-0,-0,-0,-0,0.14903319517410074,-0,-0,-0,-0,-0,-0,-0,0.15725066964719678,-0,-0,-0
-0,-0,-0,-0,-0,0.14221751656311105,-0,-0,-0,-0,-0,-0,-0,0.12835685260465113,-0,-0,-0,-0,-0,-0,-0,0.14545139626793213,-0,-0,-0,-0,-0,-0,-0,0.14311934917868088,-0,-0
-0,-0,-0,-0,-0,-0,-0,-0,-0,-0,-0,-0,-0,-0,-0,-0,-0,-0,-0,-0,-0,-0,-0,-0,-0,-0,-0,-0,-0,-0,-0,-0
-0,-0,-0,-0,-0,-0,-0,-0,-0,-0,-0,-0,-0,-0,-0,-0,-0,-0,-0,-0,-0,-0,-0,-0,-0,-0,-0,-0,-0,-0,-0,-0
-0,-0,-0,-0,-0,-0,-0,-0,-0,-0,-0,-0,-0,-0,-0,-0,-0,-0,-0,-0,-0,-0,-0,-0,-0,-0,-0,-0,-0,-0,-0,-0
-0,-0,-0,-0,0.13465970360870216,-0,-0,-0,-0,-0,-0,-0,0.12629874266800004,-0,-0,-0,-0,-0,-0,-0,0.12944180730245605,-0,-0,-0,-0,-0,-0,-0,0.12210879926736511,-0,-0,-0
-0,-0,0.029444587130687386,-0,-0,-0,-0,-0,-0,-0,0.0099104795491702317,-0,-0,-0,-0,-0,-0,-0,0.019310518532855876,-0,-0,-0,-0,-0,-0,-0,0.020077599875945498,-0,-0,-0,-0,-0
-0,-0,-0,-0,-0,-0,-0,-0,-0,-0,-0,-0,-0,-0,-0,-0,-0,-0,-0,-0,-0,-0,-0,-0,-0,-0,-0,-0,-0,-0,-0,-0
-0,-0,-0,-0,-0,-0,0.27566299757371465,-0,-0,-0,-0,-0,-0,-0,0.28096269912334376,-0,-0,-0,-0,-0,-0,-0,0.2818078561868424,-0,-0,-0,-0,-0,-0,-0,0.28240698923484842,-0
-0,-0,-0,-0,-0,-0,-0,-0,-0,-0,-0,-0,-0,-0,-0,-0,-0,-0,-0,-0,-0,-0,-0,-0,-0,-0,-0,-0,-0,-0,-0,-0
-0,-0,-0,-0,-0,-0,-0,-0,-0,-0,-0,-0,-0,-0,-0,-0,-0,-0,-0,-0,-0,-0,-0,-0,-0,-0,-0,-0,-0,-0,-0,-0
-0,-0,-0,-0,-0,-0,-0,-0,-0,-0,-0,-0,-0,-0,-0,-0,-0,-0,-0,-0,-0,-0,-0,-0,-0,-0,-0,-0,-0,-0,-0,-0
-0,-0,-0,0.14645129540014662,-0,-0,-0,-0,-0,-0,-0,0.17051949768868044,-0,-0,-0,-0,-0,-0,-0,0.1746687941425161,-0,-0,-0,-0,-0,-0,-0,0.14328750801374848,-0,-0,-0,-0
-0,-0,-0,0.061156396065686298,0.45078847860691318,-0,-0,-0,-0,-0,-0,0.084857120948701473,0.43415019638629049,-0,-0,-0,-0,-0,-0,0.057531576755244951,0.46183781921215272,-0,-0,-0,-0,-0,-0,0.06052684034586743,0.44767216867063353,-0,-0,-0
-0,-0,-0,0.027454359875198366,-0,-0,-0,-0,-0,-0,-0,0.029604615786076083,-0,-0,-0,-0,-0,-0,-0,0.069588971036909739,-0,-0,-0,-0,-0,-0,-0,0.016261853773522524,-0,-0,-0,-0
-0,-0,-0,-0,-0,-0,-0,-0,-0,-0,-0,-0,-0,-0,-0,-0,-0,-0,-0,-0,-0,-0,-0,-0,-0,-0,-0,-0,-0,-0,-0,-0
-0,-0,-0,-0,-0,-0,0.52171252991803096,-0,-0,-0,-0,-0,-0,-0,0.54125614439146286,-0,-0,-0,-0,-0,-0,-0,0.53426753022534557,-0,-0,-0,-0,-0,-0,-0,0.53487615606843708,-0
-0,-0,-0,-0,-0,-0,-0,-0,-0,-0,-0,-0,-0,-0,-0,-0,-0,-0,-0,-0,-0,-0,-0,-0,-0,-0,-0,-0,-0,-0,-0,-0
-0,-0,0.30423340515999098,-0,-0,-0,-0,-0,-0,-0,0.28848594299157398,-0,-0,-0,-0,-0,-0,-0,0.30226351656181499,-0,-0,-0,-0,-0,-0,-0,0.30692405830051162,-0,-0,-0,-0,-0
-0,-0,-0,-0,-0,-0,-0,-0,-0,-0,-0,-0,-0,-0,-0,-0,-0,-0,-0,-0,-0,-0,-0,-0,-0,-0,-0,-0,-0,-0,-0,-0
0.00062826531605722643,-0,-0,-0,0.5711410907574942,-0,-0,-0,-0,-0,-0,-0,0.59831280673338016,-0,-0,-0,0.011024955261952074,-0,-0,-0,0.58917863297223416,-0,-0,-0,0.016846891039172935,-0,-0,-0,0.57522877679533679,-0,-0,-0
-0,-0,0.16088272183058505,-0,-0,-0,-0,-0,-0,-0,0.17843893405661362,-0,-0,-0,-0,-0,-0,-0,0.15102740771029835,-0,-0,-0,-0,-0,-0,-0,0.14791071428016897,-0,-0,-0,-0,-0
-0,-0,-0,-0,-0,-0,-0,-0,-0,-0,-0,-0,-0,-0,-0,-0,-0,-0,-0,-0,-0,-0,-0,-0,-0,-0,-0,-0,-0,-0,-0,-0
-0,-0,-0,-0,-0,-0,0.11413634272900514,-0,-0,-0,-0,-0,-0,-0,0.11530483588179503,-0,-0,-0,-0,-0,-0,-0,0.11949457968866223,-0,-0,-0,-0,-0,-0,-0,0.119328969623836,-0
-0,-0,-0,-0,-0,-0,-0,-0,-0,-0,-0,-0,-0,-0,-0,-0,-0,-0,-0,-0,-0,-0,-0,-0,-0,-0,-0,-0,-0,-0,-0,-0
-0,-0,0.19491684565554859,0.19255491581605649,0.18889297597284935,-0,-0,-0,-0,-0,0.17058052403794502,0.19848582264994968,0.16226065566481138,-0,-0,-0,-0,-0,0.1745527404698495,0.21126121438552103,0.17890531741823781,-0,-0,-0,-0,-0,0.17638166732421193,0.17031326447526471,0.18675619938785373,-0,-0,-0
-0,-0,-0,-0,-0,-0,-0,-0,-0,-0,-0,-0,-0,-0,-0,-0,-0,-0,-0,-0,-0,-0,-0,-0,-0,-0,-0,-0,-0,-0,-0,-0
-0,-0,-0,-0,-0,-0,-0,-0,-0,-0,-0,-0,-0,-0,-0,-0,-0,-0,-0,-0,-0,-0,-0,-0,-0,-0,-0,-0,-0,-0,-0,-0
-0,-0,-0,-0,0.22089286173853084,-0,-0,-0,-0,-0,-0,-0,0.21375738600315861,-0,-0,-0,-0,-0,-0,-0,0.20449592034866781,-0,-0,-0,-0,-0,-0,-0,0.21614501266833849,-0,-0,-0
0.21871391493898892,-0,-0,0.085990091059544138,-0,-0,-0,-0,0.20894410893480342,-0,-0,0.096718847344987743,-0,-0,-0,-0,0.26487630182183247,-0,-0,0.12861108182711847,-0,-0,-0,-0,0.20015580352584561,-0,-0,0.09376304642424288,-0,-0,-0,-0
-0,-0,-0,-0,-0,-0,-0,-0,-0,-0,-0,-0,-0,-0,-0,-0,-0,-0,-0,-0,-0,-0,-0,-0,-0,-0,-0,-0,-0,-0,-0,-0
-0,0.10219777327094705,-0,-0,-0,-0,-0,-0,-0,0.090762355860238578,-0,-0,-0,-0,-0,-0,-0,0.084462669226438802,-0,-0,-0,-0,-0,-0,-0,0.10733189572279364,-0,-0,-0,-0,-0,-0
-0,0.044154454466370362,-0,-0,-0,-0,-0,-0,-0,0.074145286078926245,-0,-0,-0,-0,-0,-0,-0,0.048500772699789654,-0,-0,-0,-0,-0,-0,-0,0.024424537439822012,-0,-0,-0,-0,-0,-0
-0,-0,-0,-0,0.37934633188226285,-0,0.36340900399117976,-0,-0,-0,-0,-0,0.38434012703594911,-0,0.36952607548841987,-0,-0,-0,-0,-0,0.34762657361759525,-0,0.37606426315465713,-0,-0,-0,-0,-0,0.37931229527055343,-0,0.36743963686927583,-0
-0,-0,-0,0.23254267185779803,0.23935295225987796,-0,-0,-0,-0,-0,-0,0.25044663580669679,0.21263850329920858,-0,-0,-0,0.006253965414133901,-0,-0,0.23984029690142963,0.24397790292123619,-0,-0,-0,-0,-0,-0,0.23290635083139224,0.24044128377032728,-0,-0,-0
-0,-0,-0,-0,-0,-0,0.37510866266529741,-0,-0,-0,-0,-0,-0,-0,0.39187086205798716,-0,-0,-0,-0,-0,-0,-0,0.36701341491629186,-0,-0,-0,-0,-0,-0,-0,0.34707845276331362,-0
-0,-0,-0,-0,-0,-0,-0,-0,-0,-0,-0,-0,-0,-0,-0,-0,-0,-0,-0,-0,-0,-0,-0,-0,-0,-0,-0,-0,-0,-0,-0,-0
0.042979997415903512,-0,-0,-0,-0,-0,-0,-0,0.024254036327355347,-0,-0,-0,-0,-0,-0,-0,0.044005835346289573,-0,-0,-0,-0,-0,-0,-0,0.050213321469440818,-0,-0,-0,-0,-0,-0,-0
-0,-0,-0,-0,-0,-0,-0,-0,-0,-0,-0,-0,-0,-0,-0,-0,-0,-0,-0,-0,-0,-0,-0,-0,-0,-0,-0,-0,-0,-0,-0,-0
-0,-0,-0,-0,-0,-0,-0,-0,-0,-0,-0,-0,-0,-0,-0,-0,-0,-0,-0,-0,-0,-0,-0,-0,-0,-0,-0,-0,-0,-0,-0,-0
-0,0.37395361306362818,-0,-0,-0,-0,-0,-0,-0,0.37998522781554978,-0,-0,-0,-0,-0,-0,-0,0.39327238448773622,-0,-0,-0,-0,-0,-0,-0,0.35976737842380602,-0,-0,-0,-0,-0,-0
-0,-0,-0,-0,0.25402236678077411,-0,-0,-0,-0,-0,-0,-0,0.24104791371515319,-0,-0,-0,-0,-0,-0,-0,0.27085387029582919,-0,-0,-0,-0,-0,-0,-0,0.26072477791967197,-0,-0,-0
-0,-0,-0,-0,-0,-0,-0,-0,-0,-0,-0,-0,-0,-0,-0,-0,-0,-0,-0,-0,-0,-0,-0,-0,-0,-0,-0,-0,-0,-0,-0,-0
-0,-0,-0,-0,-0,-0,-0,-0,-0,-0,-0,-0,-0,-0,-0,-0,-0,-0,-0,-0,-0,-0,-0,-0,-0,-0,-0,-0,-0,-0,-0,-0
-0,-0,-0,-0,0.019063972810468618,-0,-0,-0,-0,-0,-0,-0,0.01084392562966816,-0,-0,-0,-0,-0,-0,-0,0.0084394221324496071,-0,-0,-0,-0,-0,-0,-0,-0,-0,-0,-0
-0,-0,0.20156766016937921,-0,-0,-0,-0,-0,-0,-0,0.22142412137092313,-0,-0,-0,-0,-0,-0,-0,0.1770666746322348,-0,-0,-0,-0,-0,-0,-0,0.18473193539592375,-0,-0,-0,-0,-0
-0,-0,0.37950665076125251,-0,-0,-0,-0,-0,-0,-0,0.3550090248600058,-0,-0,-0,-0,-0,-0,-0,0.37835008575050544,-0,-0,-0,-0,-0,-0,-0,0.36552386375095985,-0,-0,-0,-0,-0
-0,-0,-0,-0,-0,-0,-0,-0,-0,-0,-0,-0,-0,-0,-0,-0,-0,-0,-0,-0,-0,-0,-0,-0,-0,-0,-0,-0,-0,-0,-0,-0
-0,0.50429435888571383,-0,-0,-0,-0,-0,-0,-0,0.50159562124003909,-0,-0,-0,-0,-0,-0,-0,0.50189169029252945,-0,-0,-0,-0,-0,-0,-0,0.50034127385812288,-0,-0,-0,-0,-0,-0
-0,-0,-0,-0,-0,-0,-0,-0,-0,-0,-0,-0,-0,-0,-0,-0,-0,-0,-0,-0,-0,-0,-0,-0,-0,-0,-0,-0,-0,-0,-0,-0
-0,-0,-0,-0,-0,-0,0.35592273726495016,-0,-0,-0,-0,-0,-0,-0,0.37262078649690289,-0,-0,-0,-0,-0,-0,-0,0.36607021994927635,-0,-0,-0,-0,-0,-0,-0,0.35957934859035157,-0
-0,-0,-0,-0,-0,-0,-0,-0,-0,-0,-0,-0,-0,-0,-0,-0,-0,-0,-0,-0,-0,-0,-0,-0,-0,-0,-0,-0,-0,-0,-0,-0
-0,-0,-0,-0,-0,-0,-0,-0,-0,-0,-0,-0,-0,-0,-0,-0,-0,-0,-0,-0,-0,-0,-0,-0,-0,-0,-0,-0,-0,-0,-0,-0
-0,-0,-0,-0,-0,-0,-0,-0,-0,-0,-0,-0,-0,-0,-0,-0,-0,-0,-0,-0,-0,-0,-0,-0,-0,-0,-0,-0,-0,-0,-0,-0
0.33954947770872046,-0,-0,-0,-0,-0,-0,-0,0.34364440716409111,-0,-0,-0,-0,-0,-0,-0,0.31983909072020045,-0,-0,-0,-0,-0,-0,-0,0.32790557743299148,-0,-0,-0,-0,-0,-0,-0
-0,-0,-0,-0,-0,-0,-0,-0,-0,-0,-0,-0,-0,-0,-0,-0,-0,-0,-0,-0,-0,-0,-0,-0,-0,-0,-0,-0,-0,-0,-0,-0
-0,-0,-0,-0,-0,-0,-0,-0,-0,-0,-0,-0,-0,-0,-0,-0,-0,-0,-0,-0,-0,-0,-0,-0,-0,-0,-0,-0,-0,-0,-0,-0
-0,-0,-0,-0,0.067792638715259146,-0,-0,-0,-0,-0,-0,-0,0.061126524679021133,-0,-0,-0,-0,-0,-0,-0,0.065565950632671163,-0,-0,-0,-0,-0,-0,-0,0.067917616150170279,-0,-0,-0
-0,-0,-0,-0,-0,-0,-0,-0,-0,-0,-0,-0,-0,-0,-0,-0,-0,-0,-0,-0,-0,-0,-0,-0,-0,-0,-0,-0,-0,-0,-0,-0
-0,-0,-0,0.0078411280000867164,0.33732025578024899,-0,-0,-0,-0,-0,-0,0.0172869092297376,0.32558531783251726,-0,-0,-0,-0,-0,-0,0.0017870618899008331,0.33841568679840578,-0,-0,-0,-0,-0,-0,6.2873315182157669e-05,0.33306816362096409,-0,-0,-0
-0,-0,-0,-0,-0,-0,-0,-0,-0,-0,-0,-0,-0,-0,-0,-0,-0,-0,-0,-0,-0,-0,-0,-0,-0,-0,-0,-0,-0,-0,-0,-0
0.60113192793406989,-0,-0,-0,0.16742505791747578,-0,-0,-0,0.59090978573074404,-0,-0,-0,0.15836648613570734,-0,-0,-0,0.61894233426799505,-0,-0,-0,0.17758194572000499,-0,-0,-0,0.58844100852539538,-0,-0,-0,0.1656151114806268,-0,-0,-0
-0,-0,-0,-0,-0,-0,-0,-0,-0,-0,-0,-0,-0,-0,-0,-0,-0,-0,-0,-0,-0,-0,-0,-0,-0,-0,-0,-0,-0,-0,-0,-0
-0,-0,-0,-0,-0,-0,-0,-0,-0,-0,-0,-0,-0,-0,-0,-0,-0,-0,-0,-0,-0,-0,-0,-0,-0,-0,-0,-0,-0,-0,-0,-0
-0,-0,-0,-0,0.20851708436870062,-0,-0,-0,-0,-0,-0,-0,0.20272945329565359,-0,-0,-0,-0,-0,-0,-0,0.21222500874908595,-0,-0,-0,-0,-0,-0,-0,0.21305277934033309,-0,-0,-0
-0,0.1446437650458007,-0,-0,-0,-0,-0,-0,-0,0.13985656924575751,-0,-0,-0,-0,-0,-0,-0,0.11015454655136611,-0,-0,-0,-0,-0,-0,-0,0.14299970029391462,-0,-0,-0,-0,-0,-0
-0,-0,-0,-0,-0,-0,-0,-0,-0,-0,-0,-0,-0,-0,-0,-0,-0,-0,-0,-0,-0,-0,-0,-0,-0,-0,-0,-0,-0,-0,-0,-0
-0,-0,-0,-0,0.55495805405004173,-0,-0,-0,-0,-0,-0,-0,0.58486299986642021,-0,-0,-0,-0,-0,-0,-0,0.56743812202335586,-0,-0,-0,-0,-0,-0,-0,0.58493979304761412,-0,-0,-0
-0,-0,-0,-0,-0,-0,-0,-0,-0,-0,0.011413244265007593,-0,-0,-0,-0,-0,-0,-0,-0,-0,-0,-0,-0,-0,-0,-0,0.0036544338739313981,-0,-0,-0,-0,-0
-0,-0,-0,-0,-0,-0,-0,-0,-0,-0,-0,-0,-0,-0,-0,-0,-0,-0,-0,-0,-0,-0,-0,-0,-0,-0,-0,-0,-0,-0,-0,-0
-0,-0,-0,-0,0.18133489907447822,-0,0.4985041429771751,-0,-0,-0,-0,-0,0.18108311147666098,-0,0.50927236976625667,-0,-0,-0,-0,-0,0.15572563043118159,-0,0.50461839102760375,-0,-0,-0,-0,-0,0.17271525106279642,-0,0.50716206127921659,-0
-0,-0,-0,-0,0.26749661228021421,-0,-0,-0,-0,-0,-0,-0,0.27071714312493439,-0,-0,-0,-0,-0,-0,-0,0.2608548598202487,-0,-0,-0,-0,-0,-0,-0,0.27634792130820729,-0,-0,-0
-0,-0,-0,-0,-0,-0,-0,-0,-0,-0,-0,-0,-0,-0,-0,-0,-0,-0,-0,-0,-0,-0,-0,-0,-0,-0,-0,-0,-0,-0,-0,-0
-0,-0,-0,-0,-0,-0,-0,-0,-0,-0,-0,-0,0.00054145174297655558,-0,-0,-0,-0,-0,-0,-0,-0,-0,-0,-0,-0,-0,-0,-0,-0,-0,-0,-0
-0,0.52301643831536815,-0,-0,-0,-0,-0,-0,-0,0.52822025841712572,-0,-0,-0,-0,-0,-0,-0,0.53530614043116609,-0,-0,-0,-0,-0,-0,-0,0.54833309766776539,-0,-0,-0,-0,-0,-0
-0,-0,-0,0.45552809741422945,0.42017753835185828,-0,-0,-0,-0,-0,-0,0.47982761655469924,0.38111019740198782,-0,-0,-0,-0,-0,-0,0.48543631239091317,0.42232479309464394,-0,-0,-0,-0,-0,-0,0.4207245241460576,0.42975132359144619,-0,-0,-0
-0,-0,-0,-0,-0,-0,-0,-0,-0,-0,-0,-0,-0,-0,-0,-0,-0,-0,-0,-0,-0,-0,-0,-0,-0,-0,-0,-0,-0,-0,-0,-0
-0,-0,-0,-0,-0,-0,-0,-0,-0,-0,-0,-0,-0,-0,-0,-0,-0,-0,-0,-0,-0,-0,-0,-0,-0,-0,-0,-0,-0,-0,-0,-0
-0,-0,-0,-0,-0,-0,-0,-0,-0,-0,-0,-0,-0,-0,-0,-0,-0,-0,-0,-0,-0,-0,-0,-0,-0,-0,-0,-0,-0,-0,-0,-0
-0,-0,-0,-0,-0,-0,-0,-0,-0,-0,-0,-0,-0,-0,-0,-0,-0,-0,-0,-0,-0,-0,-0,-0,-0,-0,-0,-0,-0,-0,-0,-0
-0,-0,-0,-0,-0,-0,-0,-0,-0,-0,-0,-0,-0,-0,-0,-0,-0,-0,-0,-0,-0,-0,-0,-0,-0,-0,-0,-0,-0,-0,-0,-0
-0,-0,-0,-0,-0,-0,-0,-0,-0,-0,-0,-0,-0,-0,-0,-0,-0,-0,-0,-0,-0,-0,-0,-0,-0,-0,-0,-0,-0,-0,-0,-0
-0,-0,-0,-0,-0,-0,-0,-0,-0,-0,-0,-0,-0,-0,-0,-0,-0,-0,-0,-0,-0,-0,-0,-0,-0,-0,-0,-0,-0,-0,-0,-0
-0,-0,-0,-0,-0,-0,-0,-0,-0,-0,-0,-0,-0,-0,-0,-0,-0,-0,-0,-0,-0,-0,-0,-0,-0,-0,-0,-0,-0,-0,-0,-0
-0,-0,-0,-0,-0,-0,-0,-0,-0,-0,-0,-0,-0,-0,0.0044591990788697463,-0,-0,-0,-0,-0,-0,-0,0.0044174684733805552,-0,-0,-0,-0,-0,-0,-0,-0,-0
-0,-0,-0,-0,-0,-0,-0,-0,-0,-0,-0,-0,-0,-0,-0,-0,-0,-0,-0,-0,-0,-0,-0,-0,-0,-0,-0,-0,-0,-0,-0,-0
-0,-0,-0,-0,-0,-0,-0,-0,-0,-0,-0,-0,-0,-0,-0,-0,-0,-0,-0,-0,-0,-0,-0,-0,-0,-0,-0,-0,-0,-0,-0,-0
-0,-0,-0,0.35049614346756208,0.2208618936846975,-0,-0,-0,-0,-0,-0,0.36823557370447429,0.22787783188009184,-0,-0,-0,-0,-0,-0,0.37624787938062371,0.21255942449497908,-0,-0,-0,-0,-0,-0,0.32555875197731321,0.21970053568165873,-0,-0,-0
-0,-0,-0,-0,-0,-0,-0,-0,-0,-0,-0,-0,-0,-0,-0,-0,-0,-0,-0,-0,-0,-0,-0,-0,-0,-0,-0,-0,-0,-0,-0,-0
-0,-0,-0,0.12276889702311686,-0,-0,-0,-0,-0,-0,-0,0.1158480516887111,-0,-0,-0,-0,-0,-0,-0,0.16039701530888942,-0,-0,-0,-0,-0,-0,-0,0.13543312380948735,-0,-0,-0,-0
-0,-0,-0,-0,0.27697402597426096,-0,0.069183071067453347,-0,-0,-0,-0,-0,0.28338136263286867,-0,0.075500774662323508,-0,-0,-0,-0,-0,0.26793193757117045,-0,0.068058081983963847,-0,-0,-0,-0,-0,0.26978975902539865,-0,0.05589859259938805,-0
-0,-0,-0,-0,0.52666231583532674,-0,-0,-0,-0,-0,-0,-0,0.50232707627483186,-0,-0,-0,-0,-0,-0,-0,0.53569418527198032,-0,-0,-0,-0,-0,-0,-0,0.52708774121795898,-0,-0,-0
-0,0.23577327413743993,-0,-0,-0,-0,-0,-0,-0,0.23116439264873034,-0,-0,-0,-0,-0,-0,-0,0.2137707290484569,-0,-0,-0,-0,-0,-0,-0,0.23431847558826274,-0,-0,-0,-0,-0,-0
-0,-0,-0,-0,0.24109486116702464,-0,-0,-0,-0,-0,-0,-0,0.24255261127285119,-0,0.0093709000448043561,-0,-0,-0,-0,-0,0.22984528518947617,-0,0.0016858255821319437,-0,-0,-0,-0,-0,0.24041965921257172,-0,-0,-0
-0,0.079677903712385326,-0,-0,-0,-0,0.31337318345125936,-0,-0,0.077899393485238028,-0,-0,-0,-0,0.32458067387035272,-0,-0,0.10223939457169551,-0,-0,-0,-0,0.31722140810080068,-0,-0,0.047309290817594517,-0,-0,-0,-0,0.34113933928126278,-0
-0,-0,-0,-0,0.2254792358068865,-0,-0,-0,-0,-0,-0,-0,0.22675219799274476,-0,-0,-0,-0,-0,-0,-0,0.20509789643093307,-0,-0,-0,-0,-0,-0,-0,0.21458771943796737,-0,-0,-0
-0,-0,-0,-0,-0,-0,-0,-0,-0,-0,-0,-0,-0,-0,-0,-0,-0,-0,-0,-0,-0,-0,-0,-0,-0,-0,-0,-0,-0,-0,-0,-0
-0,-0,-0,-0,-0,-0,-0,-0,-0,-0,-0,-0,-0,-0,-0,-0,-0,-0,-0,-0,-0,-0,-0,-0,-0,-0,-0,-0,-0,-0,-0,-0
-0,-0,-0,-0,-0,-0,-0,-0,-0,-0,-0,-0,-0,-0,-0,-0,-0,-0,-0,-0,-0,-0,-0,-0,-0,-0,-0,-0,-0,-0,-0,-0
-0,-0,-0,0.097040852204998043,0.55446038482333937,-0,-0,-0,-0,-0,-0,0.099266822994429141,0.53717569096555751,-0,-0,-0,-0,-0,-0,0.117836754486357,0.55635586977658025,-0,-0,-0,-0,-0,-0,0.093254112080000964,0.54942756643835866,-0,-0,-0
-0,-0,-0,-0,-0,-0,-0,-0,-0,-0,-0,-0,-0,-0,-0,-0,-0,-0,-0,-0,-0,-0,-0,-0,-0,-0,-0,-0,-0,-0,-0,-0
-0,-0,-0,0.066667748593832135,-0,-0,-0,-0,-0,-0,-0,0.063823658285879492,-0,-0,-0,-0,-0,-0,-0,0.09019119954140746,-0,-0,-0,-0,-0,-0,-0,0.070315389177053447,-0,-0,-0,-0
-0,0.13468729319222317,-0,-0,-0,-0,-0,-0,-0,0.14341923006586801,-0,-0,-0,-0,-0,-0,-0,0.15476876434730805,-0,-0,-0,-0,-0,-0,-0,0.11155564785864674,-0,-0,-0,-0,-0,-0
-0,-0,-0,-0,-0,-0,-0,-0,-0,-0,-0,-0,-0,-0,-0,-0,-0,-0,-0,-0,-0,-0,-0,-0,-0,-0,-0,-0,-0,-0,-0,-0
-0,0.21173656470976623,-0,-0,-0,-0,0.065161509234106504,-0,-0,0.21709440656651705,-0,-0,-0,-0,0.067421432660220479,-0,-0,0.21745594395366044,-0,-0,-0,-0,0.064680881245525054,-0,-0,0.20052841029804438,-0,-0,-0,-0,0.074784528734213387,-0
-0,-0,0.15537801349702188,-0,-0,-0,-0,-0,-0,-0,0.14214313452113375,-0,-0,-0,-0,-0,-0,-0,0.15169133782975933,-0,-0,-0,-0,-0,-0,-0,0.1921727556940917,-0,-0,-0,-0,-0
0.23246268396641301,-0,-0,-0,-0,-0,-0,-0,0.23073079533428112,-0,-0,-0,-0,-0,-0,-0,0.2259385182669218,-0,-0,-0,-0,-0,-0,-0,0.25240393616041462,-0,-0,-0,-0,-0,-0,-0
-0,-0,-0,-0,0.14679530185992318,-0,-0,-0,-0,-0,-0,-0,0.1381088832641417,-0,-0,-0,-0,-0,-0,-0,0.133044914056661,-0,-0,-0,-0,-0,-0,-0,0.14083795648561695,-0,-0,-0
-0,-0,-0,-0,-0,-0,-0,-0,-0,-0,-0,-0,-0,-0,-0,-0,-0,-0,-0,-0,-0,-0,-0,-0,-0,-0,-0,-0,-0,-0,-0,-0
-0,-0,-0,-0,0.24682942988932743,-0,-0,-0,-0,-0,-0,-0,0.21423672870337576,-0,-0,-0,-0,-0,-0,-0,0.26006330581129738,-0,-0,-0,-0,-0,-0,-0,0.25814971548968102,-0,-0,-0
0.03685719684542537,-0,-0,-0,0.33083710280880202,-0,-0,-0,0.0068790893857028504,-0,-0,-0,0.34202250248669597,-0,-0,-0,0.0083802054234087611,-0,-0,-0,0.33194182432051372,-0,-0,-0,0.044854460054540253,-0,-0,-0,0.33687967537639923,-0,-0,-0
0.09867833149357734,-0,-0,-0,-0,-0,-0,-0,0.08839097591617523,-0,-0,-0,-0,-0,-0,-0,0.098831432706056363,-0,-0,-0,-0,-0,-0,-0,0.10839037995440325,-0,-0,-0,-0,-0,-0,-0
-0,0.22923329228444922,-0,-0,-0,-0,0.0016677513086919709,-0,-0,0.24645428421757667,-0,-0,-0,-0,0.01419437922553022,-0,-0,0.24605822731595478,-0,-0,-0,-0,0.012870835537326705,-0,-0,0.22772681783896445,-0,-0,-0,-0,-0,-0
-0,-0,-0,-0,-0,-0,-0,-0,-0,-0,-0,-0,-0,-0,-0,-0,-0,-0,-0,-0,-0,-0,-0,-0,-0,-0,-0,-0,-0,-0,-0,-0
-0,-0,-0,-0,-0,-0,-0,-0,-0,-0,-0,-0,-0,-0,-0,-0,-0,-0,-0,-0,-0,-0,-0,-0,-0,-0,-0,-0,-0,-0,-0,-0
-0,-0,-0,-0,-0,-0,0.084573220555160103,-0,-0,-0,-0,-0,-0,-0,0.10561757294033113,-0,-0,-0,-0,-0,-0,-0,0.089705381957477681,-0,-0,-0,-0,-0,-0,-0,0.046868630717047992,-0
-0,-0,-0,-0,-0,-0,-0,-0,-0,-0,-0,-0,-0,-0,-0,-0,-0,-0,-0,-0,-0,-0,-0,-0,-0,-0,-0,-0,-0,-0,-0,-0
-0,-0,-0,-0,-0,-0,0.0073837614039434325,-0,-0,-0,-0,-0,-0,-0,0.016744226439008622,-0,-0,-0,-0,-0,-0,-0,0.011147557703989324,-0,-0,-0,-0,-0,-0,-0,0.010093709337263944,-0
-0,-0,-0,-0,-0,-0,-0,-0,-0,-0,-0,-0,-0,-0,-0,-0,-0,-0,-0,-0,-0,-0,-0,-0,-0,-0,-0,-0,-0,-0,-0,-0
-0,-0,-0,-0,-0,-0,0.28608244091306911,-0,-0,-0,-0,-0,-0,-0,0.28673155262175037,-0,-0,-0,-0,-0,-0,-0,0.301554729860117,-0,-0,-0,-0,-0,-0,-0,0.27274594530180285,-0
-0,-0,-0,-0,-0,-0,-0,-0,-0,-0,-0,-0,-0,-0,-0,-0,-0,-0,-0,-0,-0,-0,-0,-0,-0,-0,-0,-0,-0,-0,-0,-0
-0,-0,-0,0.011782412009411068,0.38681765682441482,-0,-0,-0,-0,-0,-0,0.02009657405639384,0.41266454697902893,-0,-0,-0,-0,-0,-0,0.0043625796093210928,0.40895350409336312,-0,-0,-0,-0,-0,-0,-0,0.40873331505690425,-0,-0,-0
-0,-0,0.04532662858044733,-0,-0,-0,-0,-0,-0,-0,0.053922706997542105,-0,-0,-0,-0,-0,-0,-0,0.026964752884053769,-0,-0,-0,-0,-0,-0,-0,0.054820269357585452,-0,-0,-0,-0,-0
-0,-0,-0,-0,-0,-0,-0,-0,-0,-0,-0,-0,-0,-0,-0,-0,-0,-0,-0,-0,-0,-0,-0,-0,-0,-0,-0,-0,-0,-0,-0,-0
-0,-0,-0,-0,-0,-0,-0,-0,-0,-0,-0,-0,-0,-0,-0,-0,-0,-0,-0,-0,-0,-0,-0,-0,-0,-0,-0,-0,-0,-0,-0,-0
0.0094810151406989999,-0,-0,0.27565173795954784,0.30522796791668055,-0,-0,-0,-0,-0,-0,0.2953292646515393,0.31280882955574102,-0,-0,-0,0.00066158947204095436,-0,-0,0.28404165817910543,0.30902244248243632,-0,-0,-0,0.0026260438396750853,-0,-0,0.26353516492765916,0.29924726692651776,-0,-0,-0
-0,-0,-0,-0,-0,-0,-0,-0,-0,-0,-0,-0,-0,-0,-0,-0,-0,-0,-0,-0,-0,-0,-0,-0,-0,-0,-0,-0,-0,-0,-0,-0
-0,0.041800385059051051,-0,-0,-0,0.17716059519605279,-0,-0,-0,0.039985275304331533,-0,-0,-0,0.15743143178087901,-0,-0,-0,0.027925719088011568,-0,-0,-0,0.15574383804831071,-0,-0,-0,0.037745773538079029,-0,-0,-0,0.18148007188881196,-0,-0
-0,-0,0.42991367447028556,-0,-0,-0,-0,-0,-0,-0,0.42870030249529834,-0,-0,-0,-0,-0,-0,-0,0.39819054606757082,-0,-0,-0,-0,-0,-0,-0,0.4201372239851287,-0,-0,-0,-0,-0
-0,-0,-0,-0,-0,-0,-0,-0,-0,-0,-0,-0,-0,-0,-0,-0,-0,-0,-0,0.00052708378320744944,-0,-0,-0,-0,-0,-0,-0,-0,-0,-0,-0,-0
-0,-0,-0,-0,-0,-0,-0,-0,-0,-0,-0,-0,-0,-0,-0,-0,-0,-0,-0,-0,-0,-0,-0,-0,-0,-0,-0,-0,-0,-0,-0,-0
-0,-0,-0,-0,-0,-0,0.0017081101704526326,-0,-0,-0,-0,-0,-0,-0,0.0099605408200274873,-0,-0,-0,-0,-0,-0,-0,0.011527509194891936,-0,-0,-0,-0,-0,-0,-0,0.0089234994885468034,-0
-0,0.027992054796817552,-0,-0,-0,-0,-0,-0,-0,0.077454968795112253,-0,-0,-0,-0,-0,-0,-0,0.070505910991261841,-0,-0,-0,-0,-0,-0,-0,-0,-0,-0,-0,-0,-0,-0
-0,-0,0.13923979405653192,-0,0.097045773708533151,-0,-0,-0,-0,-0,0.14811081091960598,-0,0.10167809964452752,-0,-0,-0,-0,-0,0.13451517001082039,-0,0.089467038513217162,-0,-0,-0,-0,-0,0.14563176776076689,-0,0.10381981421606105,-0,-0,-0
-0,-0,-0,-0,-0,-0,0.057579044031018163,-0,-0,-0,-0,-0,-0,-0,0.071139262827772234,-0,-0,-0,-0,-0,-0,-0,0.065033392103927903,-0,-0,-0,-0,-0,-0,-0,0.067082958878932453,-0
-0,-0,-0,-0,0.12382056901866829,-0,0.41822161576696215,-0,-0,-0,-0,-0,0.097723159143874042,-0,0.43363626245308989,-0,-0,-0,-0,-0,0.10737093566458411,-0,0.42170237701372837,-0,-0,-0,-0,-0,0.10626297018563235,-0,0.43272978100422349,-0
-0,-0,-0,-0,-0,-0,-0,-0,-0,-0,-0,-0,-0,-0,-0,-0,-0,-0,-0,-0,-0,-0,-0,-0,-0,-0,-0,-0,-0,-0,-0,-0
-0,-0,-0,-0,-0,-0,-0,-0,-0,-0,-0,-0,-0,-0,-0,-0,-0,-0,-0,-0,-0,-0,-0,-0,-0,-0,-0,-0,-0,-0,-0,-0
-0,-0,-0,-0,0.1123290899580113,-0,-0,-0,-0,-0,-0,-0,0.094152165354341497,-0,-0,-0,-0,-0,-0,-0,0.092702726976865671,-0,-0,-0,-0,-0,-0,-0,0.12871831652308233,-0,-0,-0
-0,-0,-0,-0,-0,-0,-0,-0,-0,-0,-0,-0,-0,-0,-0,-0,-0,-0,-0,-0,-0,-0,-0,-0,-0,-0,-0,-0,-0,-0,-0,-0
0.062371239837708314,-0,-0,0.143380356965083,-0,-0,-0,-0,0.033902149494550379,-0,-0,0.16094364448657256,-0,-0,-0,-0,0.094194683084678488,-0,-0,0.18019425775000375,-0,-0,-0,-0,0.033572797912776939,-0,-0,0.13879333125069218,-0,-0,-0,-0
0.095344074041839616,-0,-0,-0,-0,-0,-0,-0,0.093766527118173668,-0,-0,-0,-0,-0,-0,-0,0.10793443283807769,-0,-0,-0,-0,-0,-0,-0,0.082166685879037138,-0,-0,-0,-0,-0,-0,-0
-0,-0,-0,-0,-0,-0,-0,-0,-0,-0,-0,-0,-0,-0,-0,-0,-0,-0,-0,-0,-0,-0,-0,-0,-0,-0,-0,-0,-0,-0,-0,-0
-0,0.10955649923079687,-0,-0,-0,-0,-0,-0,-0,0.12514214904557727,-0,-0,-0,-0,-0,-0,-0,0.12079692394430569,-0,-0,-0,-0,-0,-0,-0,0.093978316730945824,-0,-0,-0,-0,-0,-0
-0,-0,-0,-0,-0,-0,-0,-0,-0,-0,-0,-0,-0,-0,-0,-0,-0,-0,-0,-0,-0,-0,-0,-0,-0,-0,-0,-0,-0,-0,-0,-0
-0,-0,-0,-0,0.0016933549575746825,-0,0.21649649861798823,-0,-0,-0,-0,-0,0.0054357791794394641,-0,0.21869740982417393,-0,-0,-0,-0,-0,-0,-0,0.22340808750585475,-0,-0,-0,-0,-0,0.00094581711570110218,-0,0.22432939054554429,-0
-0,-0,-0,-0,-0,-0,-0,-0,-0,-0,-0,-0,-0,-0,-0,-0,-0,-0,-0,-0,-0,-0,-0,-0,-0,-0,-0,-0,-0,-0,-0,-0
0.2369332325004235,-0,-0,0.19277708609427957,0.16575566434153624,-0,-0,-0,0.21957661265365924,-0,-0,0.20770108464028084,0.14668016384161128,-0,-0,-0,0.25236464006833864,-0,-0,0.21151124912628422,0.16626705144201026,-0,-0,-0,0.2148174424786711,-0,-0,0.19052695564295072,0.16416379804955855,-0,-0,-0
-0,0.29439019058233706,-0,-0,-0,-0,-0,-0,-0,0.28859380260565992,-0,-0,-0,-0,-0,-0,-0,0.29946940058092519,-0,-0,-0,-0,-0,-0,-0,0.28695958427774665,-0,-0,-0,-0,-0,-0
-0,-0,0.28894186898908769,-0,-0,0.053017283255542967,-0,-0,-0,-0,0.27059172162089329,-0,-0,0.036961455524765298,-0,-0,-0,-0,0.28837404852478454,-0,-0,0.053547644457300064,-0,-0,-0,-0,0.29265711817067885,-0,-0,0.062082807936667005,-0,-0
-0,-0,-0,-0,-0,-0,-0,-0,-0,-0,-0,-0,-0,-0,-0,-0,-0,-0,-0,-0,-0,-0,-0,-0,-0,-0,-0,-0,-0,-0,-0,-0
-0,-0,-0,-0,0.67171308499817139,-0,-0,-0,-0,-0,-0,-0,0.61338751995031449,-0,-0,-0,-0,-0,-0,-0,0.66198307878631035,-0,-0,-0,-0,-0,-0,-0,0.65101262385219616,-0,-0,-0
-0,0.12798023766847494,-0,-0,-0,-0,-0,-0,-0,0.13141977424647583,-0,-0,-0,-0,-0,-0,-0,0.16079010056312507,-0,-0,-0,-0,-0,-0,-0,0.11797057960547744,-0,-0,-0,-0,-0,-0
-0,-0,0.072453302476563078,-0,0.089817707160914639,-0,-0,-0,-0,-0,0.076044550626286053,-0,0.098689124031247841,-0,-0,-0,-0,-0,0.069890304527457536,-0,0.094222176974138719,-0,-0,-0,-0,-0,0.070266642041276417,-0,0.09591642730175845,-0,-0,-0
0.045424303601943342,-0,-0,0.10987904035542813,0.18766051100453521,-0,-0,-0,0.026297845706125627,-0,-0,0.11242613557403502,0.19350487609468775,-0,-0,-0,0.042177919919193417,-0,-0,0.11391961501626596,0.17535076742359265,-0,-0,-0,0.056893758238292756,-0,-0,0.11649394241271109,0.18188080994118846,-0,-0,-0
-0,-0,0.017709478329142877,-0,0.16968527423969484,-0,-0,-0,-0,-0,0.022965203845669142,-0,0.14076559869180813,-0,-0,-0,-0,-0,-0,-0,0.16132736238269932,-0,-0,-0,-0,-0,-0,-0,0.17683887663987091,-0,-0,-0
-0,0.24906773386540337,0.10826672100597952,-0,-0,-0,-0,-0,-0,0.25942095017670957,0.094091063727266389,-0,-0,-0,-0,-0,-0,0.24967695464318115,0.10880403449846601,-0,-0,-0,-0,-0,-0,0.23342642579638131,0.11062713960981796,-0,-0,-0,-0,-0
-0,-0,-0,-0,-0,-0,-0,-0,-0,-0,-0,-0,-0,-0,-0,-0,-0,-0,-0,-0,-0,-0,-0,-0,-0,-0,-0,-0,-0,-0,-0,-0
-0,-0,-0,-0,-0,-0,0.086679826591138376,-0,-0,-0,-0,-0,-0,-0,0.092268895360837058,-0,-0,-0,-0,-0,-0,-0,0.086633450598241235,-0,-0,-0,-0,-0,-0,-0,0.083783822413037612,-0
-0,-0,-0,-0,-0,-0,0.36176243871008545,-0,-0,-0,-0,-0,-0,-0,0.37829906081950154,-0,-0,-0,-0,-0,-0,-0,0.35574082358089543,-0,-0,-0,-0,-0,-0,-0,0.36193921832911968,-0
-0,-0,-0,-0,-0,-0,-0,-0,-0,-0,-0,-0,-0,-0,-0,-0,-0,-0,-0,-0,-0,-0,-0,-0,-0,-0,-0,-0,-0,-0,-0,-0
-0,-0,-0,-0,0.25333783484802713,-0,-0,-0,-0,-0,-0,-0,0.26018180290117854,-0,-0,-0,-0,-0,-0,-0,0.25008086572257332,-0,-0,-0,-0,-0,-0,-0,0.25904696018585721,-0,-0,-0
-0,-0,-0,-0,-0,-0,-0,-0,-0,-0,-0,-0,-0,-0,-0,-0,-0,-0,-0,-0,-0,-0,-0,-0,-0,-0,-0,-0,-0,-0,-0,-0
-0,-0,-0,-0,-0,-0,-0,-0,-0,-0,-0,-0,-0,-0,-0,-0,-0,-0,-0,-0,-0,-0,-0,-0,-0,-0,-0,-0,-0,-0,-0,-0
-0,-0,-0,-0,-0,-0,-0,-0,-0,-0,-0,-0,-0,-0,-0,-0,-0,-0,-0,-0,-0,-0,-0,-0,-0,-0,-0,-0,-0,-0,-0,-0
0.11165363785985297,-0,-0,-0,-0,-0,-0,-0,0.098102679729614381,-0,-0,-0,-0,-0,-0,-0,0.11117184977932329,-0,-0,-0,-0,-0,-0,-0,0.11773709549559511,-0,-0,-0,-0,-0,-0,-0
-0,0.20138688793036391,-0,-0,-0,-0,-0,-0,-0,0.21675609077068528,-0,-0,-0,-0,-0,-0,-0,0.21357596215549907,-0,-0,-0,-0,-0,-0,-0,0.18347413814607505,-0,-0,-0,-0,-0,-0
-0,-0,-0,-0,-0,-0,-0,0.076939153402914573,-0,-0,-0,-0,-0,-0,-0,0.064425379759890045,-0,-0,-0,0.029255801494904077,-0,-0,-0,0.09103946208672635,-0,-0,-0,-0,-0,-0,-0,0.065827107433983262
-0,-0,-0,-0,-0,-0,-0,-0,-0,-0,-0,-0,-0,-0,-0,-0,-0,-0,-0,-0,-0,-0,-0,-0,-0,-0,-0,-0,-0,-0,-0,-0
-0,-0,-0,-0,-0,-0,-0,-0,-0,-0,-0,-0,-0,-0,-0,-0,-0,-0,-0,-0,-0,-0,-0,-0,-0,-0,-0,-0,-0,-0,-0,-0
-0,-0,-0,-0,-0,-0,-0,-0,-0,-0,-0,-0,-0,-0,-0,-0,-0,-0,-0,-0,-0,-0,-0,-0,-0,-0,-0,-0,-0,-0,-0,-0
-0,-0,-0,-0,-0,-0,-0,-0,-0,-0,-0,-0,-0,-0,-0,-0,-0,-0,-0,-0,-0,-0,-0,-0,-0,-0,-0,-0,-0,-0,-0,-0
-0,-0,-0,-0,-0,-0,-0,-0,-0,-0,-0,-0,-0,-0,-0,-0,-0,-0,-0,-0,-0,-0,-0,-0,-0,-0,-0,-0,-0,-0,-0,-0
-0,-0,-0,-0,0.051205348172385444,-0,0.31736175381210763,-0,-0,-0,-0,-0,0.04562053367920689,-0,0.32065044849463104,-0,-0,-0,-0,-0,0.035178302484240441,-0,0.32563804723805301,-0,-0,-0,-0,-0,0.053628759273486079,-0,0.31964589861117865,-0
-0,-0,-0,-0,-0,-0,-0,-0,-0,-0,-0,-0,-0,-0,-0,-0,-0,-0,-0,-0,-0,-0,-0,-0,-0,-0,-0,-0,-0,-0,-0,-0
-0,-0,-0,-0,-0,-0,-0,-0,-0,-0,-0,-0,-0,-0,-0,-0,-0,-0,-0,-0,-0,-0,-0,-0,-0,-0,-0,-0,-0,-0,-0,-0
-0,-0,0.080029406472110112,-0,-0,-0,-0,-0,-0,-0,0.070669560028996881,-0,-0,-0,-0,-0,-0,-0,0.067210976405669892,-0,-0,-0,-0,-0,-0,-0,0.071776846469071343,-0,-0,-0,-0,-0
-0,-0,-0,-0,-0,-0,-0,-0,-0,-0,-0,-0,-0,-0,-0,-0,-0,-0,-0,-0,-0,-0,-0,-0,-0,-0,-0,-0,-0,-0,-0,-0
-0,-0,-0,-0,-0,-0,-0,-0,-0,-0,-0,-0,-0,-0,-0,-0,-0,-0,-0,-0,-0,-0,-0,-0,-0,-0,-0,-0,-0,-0,-0,-0
-0,-0,-0,-0,-0,-0,-0,-0,-0,-0,-0,-0,-0,-0,-0,-0,-0,-0,-0,-0,-0,-0,-0,-0,-0,-0,-0,-0,-0,-0,-0,-0
-0,-0,-0,-0,-0,-0,-0,-0,-0,-0,-0,-0,-0,-0,-0,-0,-0,-0,-0,-0,-0,-0,-0,-0,-0,-0,-0,-0,-0,-0,-0,-0
-0,0.29616736990340153,-0,-0,-0,-0,-0,-0,-0,0.30417267524682023,-0,-0,-0,-0,-0,-0,-0,0.32313355068535698,-0,-0,-0,-0,-0,-0,-0,0.29796628080946796,-0,-0,-0,-0,-0,-0
-0,-0,0.082947620230413646,-0,0.33319054149079252,-0,-0,-0,-0,-0,0.077724876860863282,-0,0.32386707205550347,-0,-0,-0,-0,-0,0.095290534820066747,-0,0.34361175307878911,-0,-0,-0,-0,-0,0.073829971405928632,-0,0.34926048136840709,-0,-0,-0
-0,-0,-0,-0,-0,-0,0.019171078486387116,-0,-0,-0,-0,-0,-0,-0,0.028863008361288627,-0,-0,-0,-0,-0,-0,-0,0.039492698087754366,-0,-0,-0,-0,-0,-0,-0,0.0087165043928969302,-0
-0,-0,-0,-0,-0,-0,-0,-0,-0,-0,-0,-0,-0,-0,-0,-0,-0,-0,-0,-0,-0,-0,-0,-0,-0,-0,-0,-0,-0,-0,-0,-0
-0,-0,-0,-0,-0,-0,-0,-0,-0,-0,-0,-0,-0,-0,-0,-0,-0,-0,-0,-0,-0,-0,-0,-0,-0,-0,-0,-0,-0,-0,-0,-0
-0,-0,-0,-0,-0,-0,-0,-0,-0,-0,-0,-0,-0,-0,-0,-0,-0,-0,-0,-0,-0,-0,-0,-0,-0,-0,-0,-0,-0,-0,-0,-0
0.069240050349197238,-0,-0,-0,-0,-0,-0,-0,0.070282566953796435,-0,-0,-0,-0,-0,-0,-0,0.083469147597471538,-0,-0,-0,-0,-0,-0,-0,0.073141626643978108,-0,-0,-0,-0,-0,-0,-0
-0,-0,-0,-0,0.1942385404606968,-0,0.197594700257919,-0,-0,-0,-0,-0,0.19489984248359937,-0,0.20683272968474647,-0,-0,-0,-0,-0,0.18524789027463706,-0,0.20299779914591054,-0,-0,-0,-0,-0,0.18989748500261269,-0,0.18202515299373528,-0
-0,-0,-0,-0,-0,-0,0.00229960033985099,-0,-0,0.0025612627762473523,-0,-0,-0,-0,0.0065641104618049673,-0,-0,-0,-0,-0,-0,-0,0.017449120283647986,-0,-0,-0,-0,-0,-0,-0,0.019974889218639647,-0
-0,-0,0.036442962320549908,-0,-0,-0,-0,-0,-0,-0,0.027612791138306104,-0,-0,-0,-0,-0,-0,-0,0.030970334493178851,0.01329946157543831,-0,-0,-0,-0,-0,-0,0.053902347918665612,0.0010735857293711324,-0,-0,-0,-0
-0,0.14731548037568551,-0,-0,-0,-0,-0,-0,-0,0.15675504086795353,-0,-0,-0,-0,-0,-0,-0,0.15743842373650307,-0,-0,-0,-0,-0,-0,-0,0.11087332216177258,-0,-0,-0,-0,-0,-0
0.051550746319786421,-0,-0,-0,0.13734755683264321,-0,0.12020651255314607,-0,0.051489728400260823,-0,-0,-0,0.15195937723131761,-0,0.12217890119450142,-0,0.053675785654086476,-0,-0,-0,0.13218300567378707,-0,0.12184043233076135,-0,0.047390069244167769,-0,-0,-0,0.13782666038247732,-0,0.13551415431974606,-0
-0,-0,-0,-0,-0,-0,-0,-0,-0,-0,-0,-0,-0,-0,-0,-0,-0,-0,-0,-0,-0,-0,-0,-0,-0,-0,-0,-0,-0,-0,-0,-0
-0,-0,-0,-0,-0,-0,-0,-0,-0,-0,-0,-0,-0,-0,-0,-0,-0,-0,-0,-0,-0,-0,-0,-0,-0,-0,-0,-0,-0,-0,-0,-0
-0,-0,-0,-0,-0,-0,-0,-0,-0,-0,-0,-0,-0,-0,-0,-0,-0,-0,-0,-0,-0,-0,-0,-0,-0,-0,-0,-0,-0,-0,-0,-0
-0,-0,-0,-0,-0,-0,-0,-0,-0,-0,-0,-0,-0,-0,-0,-0,-0,-0,-0,0.025817389767463454,-0,-0,-0,-0,-0,-0,-0,0.010876835419095369,-0,-0,-0,-0
-0,0.94051486172968912,-0,-0,-0,-0,-0,-0,-0,0.97603280169648421,-0,-0,-0,-0,-0,-0,-0,0.95923619138066429,-0,-0,-0,-0,-0,-0,-0,0.8827134228757787,-0,-0,-0,-0,-0,-0
0.14151225262073758,-0,-0,0.11004846739975667,0.23822342962070167,-0,-0,-0,0.11606876855696499,-0,-0,0.1192680915558381,0.24943220216968534,-0,-0,-0,0.13524380976794598,-0,-0,0.10900924647990357,0.23995421841207631,-0,-0,-0,0.13977403174559708,-0,-0,0.1015372167742862,0.24823466478932307,-0,-0,-0
-0,-0,-0,-0,-0,-0,-0,-0,-0,-0,-0,-0,-0,-0,-0,-0,-0,-0,-0,-0,-0,-0,-0,-0,-0,-0,-0,-0,-0,-0,-0,-0
-0,-0,-0,-0,-0,-0,-0,-0,-0,-0,-0,-0,-0,-0,-0,-0,-0,-0,-0,-0,-0,-0,-0,-0,-0,-0,-0,-0,-0,-0,-0,-0
-0,0.63476000165451762,-0,-0,-0,-0,-0,-0,-0,0.65182560264611089,-0,-0,-0,-0,-0,-0,-0,0.6471842841327281,-0,-0,-0,-0,-0,-0,-0,0.60238698755250897,-0,-0,-0,-0,-0,-0
-0,-0,-0,-0,-0,0.0054433488654014525,-0,-0,-0,-0,-0,-0,-0,-0,-0,-0,-0,-0,-0,-0,-0,-0,-0,-0,-0,-0,-0,-0,-0,0.021411770305559619,-0,-0
-0,-0,-0,-0,0.21622286878254302,-0,-0,-0,-0,-0,-0,-0,0.21203799122688891,-0,-0,-0,-0,-0,-0,-0,0.22205682978265531,-0,-0,-0,-0,-0,-0,-0,0.22274922114725035,-0,-0,-0
0.14306307921083711,-0,-0,-0,0.19976911047375723,-0,-0,-0,0.12092791427889375,-0,-0,-0,0.1950475180177646,-0,-0,-0,0.15131774389117095,-0,-0,-0,0.19657405579128201,-0,-0,-0,0.14939122091062115,-0,-0,-0,0.19478972026731692,-0,-0,-0
-0,-0,-0,-0,-0,0.11669654762957027,-0,-0,-0,-0,-0,-0,-0,0.12142268083314191,-0,-0,-0,-0,-0,-0,-0,0.11681202345708,-0,-0,-0,-0,-0,-0,-0,0.12681802423900762,-0,-0
-0,0.19082583670602637,-0,-0,-0,-0,-0,-0,-0,0.20176019644762347,-0,-0,-0,-0,-0,-0,-0,0.20418413264478241,-0,-0,-0,-0,-0,-0,-0,0.17607990206556223,-0,-0,-0,-0,-0,-0
-0,-0,-0,-0,-0,-0,-0,-0,-0,-0,-0,-0,-0,-0,-0,-0,-0,-0,-0,-0,-0,-0,-0,-0,-0,-0,-0,-0,-0,-0,-0,-0
0.12109400136850801,0.018320070967110955,-0,-0,0.060681898044960277,-0,0.14861712002862673,-0,0.12123355374471707,0.017833967170476157,-0,-0,0.078867971243936283,-0,0.15343795940622582,-0,0.11466284446615649,0.012331245242745443,-0,-0,0.059910636952570873,-0,0.15047733136018779,-0,0.12949787756564018,-0,-0,-0,0.052497466463541177,-0,0.17134132115711603,-0
0.14291497398266445,-0,-0,0.037618830672129136,0.26965578841404764,-0,-0,-0,0.12258411068589488,-0,-0,0.043342334595947336,0.29116124537697857,-0,-0,-0,0.13114711084468261,-0,-0,0.039004319782840413,0.28244228917286962,-0,-0,-0,0.15335606451149708,-0,-0,0.010586316163277182,0.27464670533617069,-0,-0,-0
-0,-0,-0,-0,-0,-0,-0,-0,-0,-0,-0,-0,-0,-0,-0,-0,-0,-0,-0,-0,-0,-0,-0,-0,-0,-0,-0,-0,-0,-0,-0,-0
-0,-0,-0,-0,-0,-0,-0,-0,-0,-0,-0,-0,-0,-0,-0,-0,-0,-0,-0,-0,-0,-0,-0,-0,-0,-0,-0,-0,-0,-0,-0,-0
-0,-0,-0,-0,-0,-0,0.22825706776400534,-0,-0,-0,-0,-0,-0,-0,0.23230881923760896,-0,-0,-0,-0,-0,-0,-0,0.23454267761176831,-0,-0,-0,-0,-0,-0,-0,0.24157777577226516,-0
0.11724876368173856,-0,-0,-0,-0,-0,-0,-0,0.11038720638131613,-0,-0,-0,-0,-0,-0,-0,0.11345423689391489,-0,-0,-0,-0,-0,-0,-0,0.11014864174474036,-0,-0,-0,-0,-0,-0,-0
-0,-0,-0,-0,-0,-0,-0,-0,-0,-0,-0,-0,-0,-0,-0,-0,-0,-0,-0,-0,-0,-0,-0,-0,-0,-0,-0,-0,-0,-0,-0,-0
-0,0.33988729685420666,-0,-0,-0,-0,-0,-0,-0,0.36309928057982155,-0,-0,-0,-0,-0,-0,-0,0.35546129755581207,-0,-0,-0,-0,-0,-0,-0,0.31638647758249333,-0,-0,-0,-0,-0,-0
-0,-0,-0,-0,-0,-0,-0,-0,-0,-0,-0,-0,-0,-0,-0,-0,-0,-0,-0,-0,-0,-0,-0,-0,-0,-0,-0,-0,-0,-0,-0,-0
-0,-0,-0,0.059523051311172394,-0,-0,-0,-0,-0,-0,-0,0.0599011946210437,-0,-0,-0,-0,-0,-0,-0,0.079364460781281732,-0,-0,-0,-0,-0,-0,-0,0.070744215270069105,-0,-0,-0,-0
-0,-0,-0,0.19433531647911872,0.3549438654371645,-0,-0,-0,-0,-0,-0,0.20334160899541742,0.36612047927134195,-0,-0,-0,-0,-0,-0,0.2139726925249924,0.36842595166152065,-0,-0,-0,-0,-0,-0,0.18659963093518986,0.36869413488625169,-0,-0,-0
-0,-0,-0,-0,0.23113106448174239,-0,-0,-0,-0,-0,-0,-0,0.16922265772051373,-0,-0,-0,-0,-0,-0,-0,0.21679582206521467,-0,-0,-0,-0,-0,-0,-0,0.21512933215409435,-0,-0,-0
0.20179571822945319,-0,-0,-0,-0,-0,-0,-0,0.19597527897102654,-0,-0,-0,-0,-0,-0,-0,0.20945298600578602,-0,-0,-0,-0,-0,-0,-0,0.21089071410263055,-0,-0,-0,-0,-0,-0,-0
-0,-0,-0,-0,-0,0.097125822054004302,-0,-0,-0,-0,-0,-0,-0,0.08848961198372457,-0,-0,-0,-0,-0,-0,-0,0.089298741095913819,-0,-0,-0,-0,-0,-0,-0,0.10410994072660645,-0,-0
-0,-0,-0,-0,-0,-0,-0,-0,-0,-0,-0,-0,-0,-0,-0,-0,-0,-0,-0,-0,-0,-0,-0,-0,-0,-0,-0,-0,-0,-0,-0,-0
-0,-0,-0,-0,-0,-0,-0,-0,-0,-0,-0,-0,-0,-0,-0,-0,-0,-0,-0,-0,-0,-0,-0,-0,-0,-0,-0,-0,-0,-0,-0,-0
-0,0.041744988595998768,-0,-0,-0,-0,-0,-0,-0,0.051066291272089011,-0,-0,-0,-0,-0,-0,-0,0.069356673500994837,-0,-0,-0,-0,-0,-0,-0,0.036199351040235167,-0,-0,-0,-0,-0,-0
-0,-0,-0,-0,-0,-0,-0,-0,-0,-0,-0,-0,-0,-0,-0,-0,-0,-0,-0,-0,-0,-0,-0,-0,-0,-0,-0,-0,-0,-0,-0,-0
-0,-0,-0,-0,-0,-0,-0,-0,-0,-0,-0,-0,-0,-0,-0,-0,-0,-0,-0,-0,-0,-0,-0,-0,-0,-0,-0,-0,-0,-0,-0,-0
-0,-0,-0,-0,-0,-0,-0,-0,-0,-0,-0,-0,-0,-0,-0,-0,-0,-0,-0,-0,-0,-0,-0,-0,-0,-0,-0,-0,-0,-0,-0,-0
-0,-0,-0,-0,-0,-0,-0,-0,-0,-0,-0,-0,-0,-0,-0,-0,-0,-0,-0,-0,-0,-0,-0,-0,-0,-0,-0,-0,-0,-0,-0,-0
-0,-0,-0,-0,-0,-0,-0,-0,-0,-0,-0,-0,-0,-0,-0,-0,-0,-0,-0,-0,-0,-0,-0,-0,-0,-0,-0,-0,-0,-0,-0,-0
-0,-0,-0,-0,-0,-0,-0,-0,-0,-0,-0,-0,-0,-0,-0,-0,-0,-0,-0,-0,-0,-0,-0,-0,-0,-0,-0,-0,-0,-0,-0,-0
-0,-0,-0,-0,-0,-0,-0,-0,-0,-0,-0,-0,-0,-0,-0,-0,-0,-0,-0,-0,-0,-0,-0,-0,-0,-0,-0,-0,-0,-0,-0,-0
0.17603996204181899,-0,-0,0.15545322042775844,0.12741037366174193,-0,-0,-0,0.17469313252283247,-0,-0,0.16344378705985727,0.10959117727617393,-0,-0,-0,0.18667159033677644,-0,-0,0.17148974696117886,0.13161105954585914,-0,-0,-0,0.16356762591698115,-0,-0,0.15823604771736141,0.12516906315185156,-0,-0,-0
-0,-0,-0,-0,-0,-0,-0,-0,-0,-0,-0,-0,-0,-0,-0,-0,-0,-0,-0,-0,-0,-0,-0,-0,-0,-0,-0,-0,-0,-0,-0,-0
-0,-0,-0,-0,-0,-0,-0,-0,-0,-0,-0,-0,-0,-0,-0,-0,-0,-0,-0,-0,-0,-0,-0,-0,-0,-0,-0,-0,-0,-0,-0,-0
-0,-0,-0,0.043846896550407556,0.18086804715641486,-0,-0,-0,-0,-0,-0,0.052351647826798367,0.14658568357008642,-0,-0,-0,-0,-0,-0,0.097461782127682667,0.18780530835787024,-0,-0,-0,-0,-0,-0,0.035156256827823328,0.1743677383059167,-0,-0,-0
-0,0.072355760741737871,-0,-0,0.0044903213455973479,-0,-0,-0,-0,0.061876797484630618,-0,-0,-0,-0,-0,-0,-0,0.082599995611949251,-0,-0,-0,-0,-0,-0,-0,0.10143608672708658,-0,-0,0.01342526256126092,-0,-0,-0
-0,-0,-0,-0,-0,-0,0.20008150967505151,-0,-0,-0,-0,-0,-0,-0,0.21451080237189205,-0,-0,-0,-0,-0,-0,-0,0.19970309884090304,-0,-0,-0,-0,-0,-0,-0,0.19608787947913228,-0
0.18215579894529244,-0,-0,-0,0.0342597225432014,-0,-0,-0,0.15945867366395061,-0,-0,-0,0.036695797814260522,-0,-0,-0,0.18802940480320673,-0,-0,-0,0.032304866673021404,-0,-0,-0,0.19369432661676075,-0,-0,-0,0.028680004368670707,-0,-0,-0
-0,-0,-0,-0,-0,-0,-0,-0,-0,-0,-0,-0,-0,-0,-0,-0,-0,-0,-0,-0,-0,-0,-0,-0,-0,-0,-0,-0,-0,-0,-0,-0
-0,-0,-0,-0,-0,-0,-0,-0,-0,-0,-0,-0,-0,-0,-0,-0,-0,-0,-0,-0,-0,-0,-0,-0,-0,-0,-0,-0,-0,-0,-0,-0
-0,-0,-0,0.22066554662717708,0.042368062350160586,-0,-0,-0,-0,-0,-0,0.21604214054591275,0.015944072830970546,-0,-0,-0,-0,-0,-0,0.24717955751470008,0.037127996925347392,-0,-0,-0,-0,-0,-0,0.22846409410671834,0.059363284984559908,-0,-0,-0
-0,0.39106703140886856,-0,-0,-0,-0,-0,-0,-0,0.40146930938840808,-0,-0,-0,-0,-0,-0,-0,0.37758226731300604,-0,-0,-0,-0,-0,-0,-0,0.37123110182944186,-0,-0,-0,-0,-0,-0
-0,-0,-0,0.019404734373086711,0.038813466671473375,-0,-0,-0,-0,-0,-0,-0,0.02107380101149563,-0,-0,-0,-0,-0,-0,0.036883129262880024,0.041220238205786644,-0,-0,-0,-0,-0,-0,-0,0.030601703683510482,-0,-0,-0
-0,-0,-0,-0,-0,-0,-0,-0,-0,-0,-0,-0,-0,-0,-0,-0,-0,-0,-0,-0,-0,-0,-0,-0,-0,-0,-0,-0,-0,-0,-0,-0
-0,-0,-0,-0,-0,-0,-0,-0,-0,-0,-0,-0,-0,-0,-0,-0,-0,-0,-0,-0,-0,-0,-0,-0,-0,-0,-0,-0,-0,-0,-0,-0
-0,-0,-0,-0,-0,-0,0.22764586243034554,-0,-0,-0,-0,-0,-0,-0,0.23851463911766493,-0,-0,-0,-0,-0,-0,-0,0.22581824545884499,-0,-0,-0,-0,-0,-0,-0,0.21326984154034404,-0
-0,-0,-0,0.26006049857954255,0.5384881863005565,-0,0.029979319491340903,-0,-0,-0,-0,0.27138818529586811,0.5213753169053752,-0,0.033628372678183367,-0,-0,-0,-0,0.27082974510561225,0.5357470505169929,-0,0.039137066928985616,-0,-0,-0,-0,0.25617950728601407,0.54408431361695941,-0,0.030376590262848561,-0
-0,0.20210612020430305,-0,-0,-0,-0,-0,-0,-0,0.20192376372039328,-0,-0,-0,-0,-0,-0,-0,0.20444479934223941,-0,-0,-0,-0,-0,-0,-0,0.18669857276737423,-0,-0,-0,-0,-0,-0
-0,-0,-0,-0,-0,-0,-0,-0,-0,-0,-0,-0,-0,-0,-0,-0,-0,-0,-0,-0,-0,-0,-0,-0,-0,-0,-0,-0,-0,-0,-0,-0
-0,-0,-0,-0,-0,-0,-0,-0,-0,-0,-0,-0,-0,-0,-0,-0,-0,-0,-0,-0,-0,-0,-0,-0,-0,-0,-0,-0,-0,-0,-0,-0
-0,-0,-0,-0,-0,-0,-0,-0,-0,-0,-0,-0,-0,-0,-0,-0,-0,-0,-0,-0,-0,-0,-0,-0,-0,-0,-0,-0,-0,-0,-0,-0
-0,-0,-0,0.012587573724648941,-0,-0,-0,-0,-0,-0,-0,0.029374685314276311,-0,-0,-0,-0,-0,-0,-0,0.028630317823775082,-0,-0,-0,-0,-0,-0,-0,-0,-0,-0,-0,-0
-0,-0,-0,0.11317348914157095,-0,-0,-0,-0,-0,-0,-0,0.12760047247791648,-0,-0,-0,-0,-0,-0,-0,0.1390046672215017,-0,-0,-0,-0,-0,-0,-0,0.088624166712271676,-0,-0,-0,-0
0.20659993902071211,-0,-0,-0,-0,0.22429396917709446,-0,-0,0.1936316973024807,-0,-0,-0,-0,0.22734745341045601,-0,-0,0.2209379207198412,-0,-0,-0,-0,0.20441807204351661,-0,-0,0.20261546196671573,-0,-0,-0,-0,0.23030650065054684,-0,-0
-0,-0,-0,-0,-0,-0,-0,-0,-0,-0,-0,-0,-0,-0,-0,-0,-0,-0,-0,-0,-0,-0,-0,-0,-0,-0,-0,-0,-0,-0,-0,-0
-0,-0,-0,-0,-0,-0,-0,-0,-0,-0,-0,-0,-0,-0,-0,-0,-0,-0,-0,-0,-0,-0,-0,-0,-0,-0,-0,-0,-0,-0,-0,-0
-0,0.17684908661982779,-0,-0,-0,-0,0.096791613739343862,-0,-0,0.17433705523623186,-0,-0,-0,-0,0.097495699188794666,-0,-0,0.16799735084643128,-0,-0,-0,-0,0.10454194809190744,-0,-0,0.16494965034981252,-0,-0,-0,-0,0.10006495679299138,-0
-0,-0,-0,-0,-0,-0,-0,-0,-0,-0,-0,-0,-0,-0,-0,-0,-0,-0,-0,-0,-0,-0,-0,-0,-0,-0,-0,-0,-0,-0,-0,-0
-0,-0,-0,-0,-0,-0,-0,-0,-0,-0,-0,-0,-0,-0,-0,-0,-0,-0,-0,-0,-0,-0,-0,-0,-0,-0,-0,-0,-0,-0,-0,-0
-0,-0,-0,-0,-0,-0,-0,-0,-0,-0,-0,-0,-0,-0,-0,-0,-0,-0,-0,-0,-0,-0,-0,-0,-0,-0,-0,-0,-0,-0,-0,-0
-0,-0,-0,-0,-0,-0,-0,-0,-0,-0,-0,-0,-0,-0,-0,-0,-0,-0,-0,-0,-0,-0,-0,-0,-0,-0,-0,-0,-0,-0,-0,-0
-0,-0,-0,-0,0.22556716256093207,-0,-0,-0,-0,-0,-0,-0,0.22353112970591094,-0,-0,-0,0.015771917990071171,-0,-0,-0,0.2371314912829855,-0,-0,-0,-0,-0,-0,-0,0.21432534178124599,-0,-0,-0
0.45018958089690225,-0,-0,-0,-0,-0,-0,-0,0.44483092783902983,-0,-0,-0,-0,-0,-0,-0,0.43735458864799903,-0,-0,-0,-0,-0,-0,-0,0.45375977473889673,-0,-0,-0,-0,-0,-0,-0
0.027218131644015646,-0,-0,-0,-0,-0,-0,-0,0.023680777836541198,-0,-0,-0,-0,-0,-0,-0,0.016497237388788579,-0,-0,-0,-0,-0,-0,-0,0.027888342863164644,-0,-0,-0,-0,-0,-0,-0
-0,-0,-0,-0,-0,-0,-0,-0,-0,-0,-0,-0,-0,-0,-0,-0,-0,-0,-0,-0,-0,-0,-0,-0,-0,-0,-0,-0,-0,-0,-0,-0
-0,-0,-0,-0,-0,-0,-0,-0,-0,-0,-0,-0,-0,-0,-0,-0,-0,-0,-0,-0,-0,-0,-0,-0,-0,-0,-0,-0,-0,-0,-0,-0
-0,-0,-0,-0,-0,-0,0.6465452199642423,-0,-0,-0,-0,-0,-0,-0,0.66498669345116646,-0,-0,-0,-0,-0,-0,-0,0.65853561879424338,-0,-0,-0,-0,-0,-0,-0,0.63735096865996255,-0
-0,-0,-0,-0,-0,-0,-0,-0,-0,-0,-0,-0,-0,-0,-0,-0,-0,-0,-0,-0,-0,-0,-0,-0,-0,-0,-0,-0,-0,-0,-0,-0
-0,-0,-0,-0,-0,-0,-0,-0,-0,-0,-0,-0,-0,-0,-0,-0,-0,-0,-0,-0,-0,-0,-0,-0,-0,-0,-0,-0,-0,-0,-0,-0
-0,-0,-0,-0,0.29984424077749228,-0,0.53363044055186482,-0,-0,-0,-0,-0,0.29556858322277302,-0,0.54308658108731855,-0,-0,-0,-0,-0,0.28389480926422683,-0,0.54107487778291319,-0,-0,-0,-0,-0,0.30473629867786811,-0,0.52589773549832419,-0
-0,-0,-0,-0,-0,-0,-0,-0,-0,-0,-0,-0,-0,-0,-0,-0,-0,-0,-0,-0,-0,-0,-0,-0,-0,-0,-0,-0,-0,-0,-0,-0
-0,-0,-0,-0,-0,-0,-0,-0,-0,-0,-0,-0,-0,-0,-0,-0,-0,-0,-0,-0,-0,-0,-0,-0,-0,-0,-0,-0,-0,-0,-0,-0
-0,-0,-0,-0,-0,-0,-0,-0,-0,-0,-0,-0,-0,-0,-0,-0,-0,-0,-0,-0,-0,-0,-0,-0,-0,-0,-0,-0,-0,-0,-0,-0
0.33356902716782177,-0,-0,-0,-0,0.038509540963780516,-0,-0,0.32072843834503195,-0,-0,-0,-0,0.043196837516710107,-0,-0,0.35087723811658861,-0,-0,-0,-0,0.030904387035447307,-0,-0,0.33548964390261188,-0,-0,-0,-0,0.042080601802329663,-0,-0
-0,-0,-0,-0,0.1938388250571115,-0,0.14030164238175663,-0,-0,-0,-0,-0,0.14992675233046843,-0,0.16221576380019689,-0,-0,-0,-0,-0,0.17001744518177717,-0,0.13349837285625649,-0,-0,-0,-0,-0,0.1756314268743151,-0,0.12200849342983136,-0
-0,-0,-0,-0,-0,-0,-0,-0,-0,-0,-0,-0,-0,-0,-0,-0,-0,-0,-0,-0,-0,-0,-0,-0,-0,-0,-0,-0,-0,-0,-0,-0
-0,-0,-0,-0,0.41783178081957756,-0,-0,-0,-0,-0,-0,-0,0.42675305250079282,-0,-0,-0,-0,-0,-0,-0,0.4328491207084057,-0,-0,-0,-0,-0,-0,-0,0.41379882139076013,-0,-0,-0
-0,-0,-0,0.10484846552819414,-0,-0,-0,-0,-0,-0,-0,0.10677357394514143,-0,-0,-0,-0,-0,-0,-0,0.12871795688210558,-0,-0,-0,-0,-0,-0,-0,0.10861984381760838,-0,-0,-0,-0
-0,-0,-0,-0,-0,-0,-0,-0,-0,-0,-0,-0,-0,-0,-0,-0,-0,-0,-0,-0,-0,-0,-0,-0,-0,-0,-0,-0,-0,-0,-0,-0
-0,-0,-0,-0,-0,-0,-0,-0,-0,-0,-0,-0,-0,-0,-0,-0,-0,-0,-0,-0,-0,-0,-0,-0,-0,-0,-0,-0,-0,-0,-0,-0
-0,-0,-0,-0,-0,-0,-0,-0,-0,-0,-0,-0,-0,-0,-0,-0,-0,-0,-0,-0,-0,-0,-0,-0,-0,-0,-0,-0,-0,-0,-0,-0
-0,-0,-0,-0,-0,-0,-0,-0,-0,-0,-0,-0,-0,-0,-0,-0,-0,-0,-0,-0,-0,-0,-0,-0,-0,-0,-0,-0,-0,-0,-0,-0
-0,-0,-0,-0,-0,-0,-0,-0,-0,-0,-0,-0,-0,-0,-0,-0,-0,-0,-0,-0,-0,-0,-0,-0,-0,-0,-0,-0,-0,-0,-0,-0
-0,-0,-0,-0,-0,-0,-0,-0,-0,-0,-0,-0,-0,-0,-0,-0,-0,-0,-0,-0,-0,-0,-0,-0,-0,-0,-0,-0,-0,-0,-0,-0
-0,-0,-0,-0,-0,-0,-0,-0,-0,-0,-0,-0,-0,-0,-0,-0,-0,-0,-0,-0,-0,-0,-0,-0,-0,-0,-0,-0,-0,-0,-0,-0
-0,-0,-0,-0,-0,-0,-0,-0,-0,-0,-0,-0,-0,-0,-0,-0,-0,-0,-0,-0,-0,-0,-0,-0,-0,-0,-0,-0,-0,-0,-0,-0
-0,-0,-0,-0,0.064728776377899117,-0,-0,-0,-0,-0,0.0050231051766121805,-0,0.070754465902740621,-0,-0,-0,-0,-0,-0,-0,0.06987551875522105,-0,-0,-0,-0,-0,-0,-0,0.098118417066463001,-0,-0,-0
-0,-0,-0,-0,0.1868832635930433,-0,0.28411059686153345,-0,-0,-0,-0,-0,0.19215463658368584,-0,0.28906450791362004,-0,-0,-0,-0,-0,0.18102791465603391,-0,0.28701195319755701,-0,-0,-0,-0,-0,0.17665585226011357,-0,0.30515131825549235,-0
-0,-0,-0,0.16768298810731469,-0,-0,-0,-0,-0,-0,-0,0.14580339327246766,-0,-0,-0,-0,-0,-0,-0,0.21753281842621916,-0,-0,-0,-0,-0,-0,-0,0.16110943229065999,-0,-0,-0,-0
-0,-0,-0,-0,0.46726447595840032,-0,-0,-0,-0,-0,-0,-0,0.46585966192255196,-0,-0,-0,-0,-0,-0,-0,0.48125450315441376,-0,-0,-0,-0,-0,-0,-0,0.48120543625261464,-0,-0,-0
-0,-0,-0,-0,-0,-0,-0,-0,-0,-0,-0,-0,-0,-0,-0,-0,-0,-0,-0,-0,-0,-0,-0,-0,-0,-0,-0,-0,-0,-0,-0,-0
-0,-0,-0,-0,-0,-0,-0,-0,-0,-0,-0,-0,-0,-0,-0,-0,-0,-0,-0,-0,-0,-0,-0,-0,-0,-0,-0,-0,-0,-0,-0,-0
0.36364150419795038,-0,-0,-0,0.12526392793277311,-0,-0,-0,0.33885658048251666,-0,-0,-0,0.095975076680781049,-0,-0,-0,0.36925819165889695,-0,-0,-0,0.13530768146690639,-0,-0,-0,0.33317319480308311,-0,-0,-0,0.12202921476304326,-0,-0,-0
-0,0.17977993750105548,-0,-0,-0,-0,-0,-0,-0,0.18520660355785534,-0,-0,-0,-0,-0,-0,-0,0.17761431029898339,-0,-0,-0,-0,-0,-0,-0,0.17244929274355078,-0,-0,-0,-0,-0,-0
-0,-0,-0,-0,-0,-0,-0,-0,-0,-0,-0,-0,-0,-0,-0,-0,-0,-0,-0,-0,-0,-0,-0,-0,-0,-0,-0,-0,-0,-0,-0,-0
-0,-0,-0,-0,-0,-0,-0,-0,-0,-0,-0,-0,-0,-0,-0,-0,-0,-0,-0,-0,-0,-0,-0,-0,-0,-0,-0,-0,-0,-0,-0,-0
-0,-0,-0,-0,0.18069809323555255,-0,-0,-0,-0,-0,-0,-0,0.16189696278799981,-0,-0,-0,-0,-0,-0,-0,0.17588806713931981,-0,-0,-0,-0,-0,-0,-0,0.18306307196614732,-0,-0,-0
-0,-0,-0,-0,-0,-0,-0,-0,-0,-0,-0,-0,-0,-0,-0,-0,-0,-0,-0,-0,-0,-0,-0,-0,-0,-0,-0,-0,-0,-0,-0,-0
-0,-0,-0,-0,-0,-0,-0,-0,-0,-0,-0,-0,-0,-0,-0,-0,-0,-0,-0,-0,-0,-0,-0,-0,-0,-0,-0,-0,-0,-0,-0,-0
-0,-0,-0,-0,-0,-0,-0,-0,-0,-0,-0,-0,-0,-0,-0,-0,-0,-0,-0,-0,-0,-0,-0,-0,-0,-0,-0,-0,-0,-0,-0,-0
-0,-0,-0,-0,-0,-0,-0,-0,-0,-0,-0,-0,-0,-0,-0,-0,-0,-0,-0,-0,-0,-0,-0,-0,-0,-0,-0,-0,-0,-0,-0,-0
-0,-0,-0,-0,-0,-0,-0,-0,-0,-0,-0,-0,-0,-0,-0,-0,-0,-0,-0,-0,-0,-0,-0,-0,-0,-0,-0,-0,-0,-0,-0,-0
0.10474800185172248,-0,-0,-0,-0,-0,-0,-0,0.10797583654678813,-0,-0,-0,-0,-0,-0,-0,0.091826821158461927,-0,-0,-0,-0,-0,-0,-0,0.087344236728068986,-0,-0,-0,-0,-0,-0,-0
-0,-0,-0,-0,-0,-0,-0,-0,-0,-0,-0,-0,-0,-0,-0,-0,-0,-0,-0,-0,-0,-0,-0,-0,-0,-0,-0,-0,-0,-0,-0,-0
-0,-0,-0,-0,-0,-0,-0,-0,-0,-0,-0,-0,-0,-0,-0,-0,-0,-0,-0,-0,-0,-0,-0,-0,-0,-0,-0,-0,-0,-0,-0,-0
-0,0.11679734079249744,-0,-0,-0,-0,-0,-0,-0,0.13484262012069981,-0,-0,-0,-0,-0,-0,-0,0.15126647444574104,-0,-0,-0,-0,-0,-0,-0,0.083763714883953913,-0,-0,-0,-0,-0,-0
-0,-0,-0,-0,-0,-0,-0,-0,-0,-0,-0,-0,-0,-0,-0,-0,-0,-0,-0,-0,-0,-0,-0,-0,-0,-0,-0,-0,-0,-0,-0,-0
-0,-0,-0,-0,-0,-0,0.46064878553420241,-0,-0,-0,-0,-0,-0,-0,0.49392102129848325,-0,-0,-0,-0,-0,-0,-0,0.45919897724331626,-0,-0,-0,-0,-0,-0,-0,0.44233695413212731,-0
-0,-0,-0,-0,-0,-0,-0,-0,-0,-0,-0,-0,-0,-0,-0,-0,-0,-0,-0,-0,-0,-0,-0,-0,-0,-0,-0,-0,-0,-0,-0,-0
-0,-0,-0,-0,-0,-0,0.3167446213797247,-0,-0,-0,-0,-0,-0,-0,0.32912105057868085,-0,-0,-0,-0,-0,-0,-0,0.34026266292714558,-0,-0,-0,-0,-0,-0,-0,0.31381528028507194,-0
-0,-0,-0,0.08914483440092473,-0,-0,-0,-0,-0,-0,-0,0.089295480311821829,-0,-0,-0,-0,-0,-0,-0,0.14250443423676445,-0,-0,-0,-0,-0,-0,-0,0.08766469520470517,-0,-0,-0,-0
-0,-0,-0,-0,-0,-0,-0,-0,-0,-0,-0,-0,-0,-0,-0,-0,-0,-0,-0,-0,-0,-0,-0,-0,-0,-0,-0,-0,-0,-0,-0,-0
-0,-0,-0,-0,-0,0.13402206675493497,-0,-0,-0,-0,-0,-0,-0,0.13166089874895637,-0,-0,-0,-0,-0,-0,-0,0.13716833870902265,-0,-0,-0,-0,-0,-0,-0,0.15205722061005483,-0,-0
-0,-0,-0,-0,-0,-0,-0,-0,-0,-0,-0,-0,-0,-0,-0,-0,-0,-0,-0,-0,-0,-0,-0,-0,-0,-0,-0,-0,-0,-0,-0,-0
-0,-0,-0,-0,0.0053921030030204091,-0,-0,-0,-0,-0,-0,-0,-0,-0,-0,-0,-0,-0,-0,-0,0.0038220097690416315,-0,-0,-0,-0,-0,-0,-0,-0,-0,-0,-0
-0,-0,-0,-0,-0,-0,-0,-0,-0,-0,-0,-0,-0,-0,0.0070119278516052866,-0,-0,-0,-0,-0,-0,-0,-0,-0,-0,-0,-0,-0,-0,-0,-0,-0
-0,-0,-0,-0,0.035039224152789386,-0,-0,-0,-0,-0,-0,-0,0.013861379729932495,-0,-0,-0,-0,-0,-0,-0,0.026126449811735362,-0,-0,-0,-0,-0,-0,-0,0.036197489078453958,-0,-0,-0
-0,-0,-0,-0,0.40378570012325921,-0,-0,-0,-0,-0,-0,-0,0.41239509227281101,-0,0.0014789957992576578,-0,-0,-0,-0,-0,0.40023865884106435,-0,-0,-0,-0,-0,-0,-0,0.42480982428752795,-0,-0,-0
-0,-0,-0,-0,0.33173220011122717,-0,-0,-0,-0,-0,-0,-0,0.31920770568310369,-0,-0,-0,-0,-0,-0,-0,0.31951712198973137,-0,-0,-0,-0,-0,-0,-0,0.32575551921545937,-0,-0,-0
-0,-0,-0,-0,-0,-0,-0,-0,-0,-0,-0,-0,-0,-0,-0,-0,-0,-0,-0,-0,-0,-0,-0,-0,-0,-0,-0,-0,-0,-0,-0,-0
-0,-0,-0,-0,-0,-0,-0,-0,-0,-0,-0,-0,-0,-0,-0,-0,-0,-0,-0,-0,-0,-0,-0,-0,-0,-0,-0,-0,-0,-0,-0,-0
-0,-0,-0,-0,-0,-0,-0,-0,-0,-0,-0,-0,-0,-0,-0,-0,-0,-0,-0,-0,-0,-0,-0,-0,-0,-0,-0,-0,-0,-0,-0,-0
-0,-0,-0,-0,-0,-0,-0,-0,-0,-0,-0,-0,-0,-0,-0,-0,-0,-0,-0,-0,-0,-0,-0,-0,-0,-0,-0,-0,-0,-0,-0,-0
0.39154478546889532,-0,-0,0.21192739698760049,-0,-0,-0,-0,0.38225719493708638,-0,-0,0.23057803086548173,-0,-0,-0,-0,0.41495744451119382,-0,-0,0.26674159070676651,-0,-0,-0,-0,0.36914348517244694,-0,-0,0.213077800043426,-0,-0,-0,-0
-0,-0,-0,-0,-0,-0,-0,-0,-0,-0,-0,-0,-0,-0,-0,-0,-0,-0,-0,-0,-0,-0,-0,-0,-0,-0,-0,-0,-0,-0,-0,-0
-0,-0,-0,-0,-0,-0,0.21851514907670136,-0,-0,-0,-0,-0,-0,-0,0.22348630657264459,-0,-0,-0,-0,-0,-0,-0,0.22166808042268593,-0,-0,-0,-0,-0,-0,-0,0.22931166064728592,-0
-0,-0,-0,-0,-0,-0,0.23837701531237401,-0,-0,-0,-0,-0,-0,-0,0.24011855886414701,-0,-0,-0,-0,-0,-0,-0,0.24204869524460274,-0,-0,-0,-0,-0,-0,-0,0.2507907590375747,-0
-0,-0,-0,-0,-0,-0,0.11132980616095547,-0,-0,-0,-0,-0,-0,-0,0.12949920700162104,-0,-0,-0,-0,-0,-0,-0,0.11538882182229698,-0,-0,-0,-0,-0,-0,-0,0.089431466376950486,-0
-0,0.051074845241994238,-0,-0,-0,-0,-0,-0,-0,0.053519948635016634,-0,-0,-0,-0,-0,-0,-0,0.045073826074796451,-0,-0,-0,-0,-0,-0,-0,0.065858100086337037,-0,-0,-0,-0,-0,-0
-0,-0,0.30129150211771655,-0,-0,0.12783175865119675,-0,-0,-0,-0,0.26481278579009587,-0,-0,0.095257751948645553,-0,-0,-0,-0,0.30345498342810906,-0,-0,0.12976493687500784,-0,-0,-0,-0,0.29928931606321962,-0,-0,0.14722479720791012,-0,-0
-0,0.49142482187604719,-0,-0,-0,-0,-0,-0,-0,0.48350402968875655,-0,-0,-0,-0,-0,-0,-0,0.46679645621608612,-0,-0,-0,-0,-0,-0,-0,0.47227407772569119,-0,-0,-0,-0,-0,-0
-0,-0,0.075395404017445961,-0,-0,-0,-0,-0,-0,-0,0.071659587792793425,-0,-0,-0,-0,-0,-0,-0,0.07921405074641448,-0,-0,-0,-0,-0,-0,-0,0.069476527532069524,-0,-0,-0,-0,-0
0.012376376690941002,0.0014643286186278098,-0,-0,-0,-0,-0,-0,0.017675962021397082,0.0052031299411001049,-0,-0,-0,-0,-0,-0,0.015653061210350858,-0,-0,-0,-0,-0,-0,-0,0.009188571023472843,0.0025928707253137363,-0,-0,-0,-0,-0,-0
-0,-0,-0,-0,-0,-0,-0,-0,-0,-0,-0,-0,-0,-0,-0,-0,-0,-0,-0,-0,-0,-0,-0,-0,-0,-0,-0,-0,-0,-0,-0,-0
-0,-0,-0,-0,0.52340310097187803,-0,0.17458253738382257,-0,-0,-0,-0,-0,0.50790373147586232,-0,0.18822053976678976,-0,-0,-0,-0,-0,0.50212655346241142,-0,0.18400526840833734,-0,-0,-0,-0,-0,0.50065687415111237,-0,0.17473110657299074,-0
-0,-0,-0,-0,-0,-0,-0,-0,-0,-0,-0,-0,-0,-0,-0,-0,-0,-0,-0,-0,-0,-0,-0,-0,-0,-0,-0,-0,-0,-0,-0,-0
-0,-0,-0,-0,-0,0.14664008194269879,-0,-0,-0,-0,-0,-0,-0,0.12821948542810596,-0,-0,-0,-0,-0,-0,-0,0.12774837847703932,-0,-0,-0,-0,-0,-0,-0,0.1507625926084431,-0,-0
-0,0.31553671646674603,-0,-0,-0,-0,-0,-0,-0,0.32952493527609911,-0,-0,-0,-0,-0,-0,-0,0.34560201695260073,-0,-0,-0,-0,-0,-0,-0,0.29752183918382241,-0,-0,-0,-0,-0,-0
-0,-0,-0,-0,-0,-0,-0,-0,-0,-0,-0,-0,-0,-0,-0,-0,-0,-0,-0,-0,-0,-0,-0,-0,-0,-0,-0,-0,-0,-0,-0,-0
0.1905398195938687,-0,-0,-0,-0,-0,-0,-0,0.19064530047832709,-0,-0,-0,-0,-0,-0,-0,0.17072101823995506,-0,-0,-0,-0,-0,-0,-0,0.17202635070441105,-0,-0,-0,-0,-0,-0,-0
-0,-0,0.040191337155609019,-0,0.17592390097184579,-0,-0,-0,-0,-0,0.051064921108403133,-0,0.16750910910995107,-0,-0,-0,-0,-0,0.023649238335970199,-0,0.17379138430992419,-0,-0,-0,-0,-0,0.019442850508729764,-0,0.19291639954798839,-0,-0,-0
-0,-0,0.047919458263643931,-0,-0,0.11300441783676983,-0,-0,-0,-0,0.035797085250214043,-0,-0,0.10493715514551064,-0,-0,-0,-0,0.050309729479948863,-0,-0,0.11530043516162428,-0,-0,-0,-0,0.056120431872250964,-0,-0,0.11426585931202692,-0,-0
-0,-0,-0,-0,-0,-0,-0,-0,-0,-0,-0,-0,-0,-0,-0,-0,-0,-0,-0,-0,-0,-0,-0,-0,-0,-0,-0,-0,-0,-0,-0,-0
-0,-0,-0,-0,-0,-0,-0,-0,-0,-0,-0,-0,-0,-0,-0,-0,-0,-0,-0,-0,-0,-0,-0,-0,-0,-0,-0,-0,-0,-0,-0,-0
-0,-0,-0,0.23908441171121034,0.0062061698414243261,-0,-0,-0,-0,-0,-0,0.24102696553878983,0.017176580828454049,-0,-0,-0,-0,-0,-0,0.27445449174352854,0.0087486654943362795,-0,-0,-0,-0,-0,-0,0.23573194669260647,0.0052968551703656613,-0,-0,-0
-0,-0,-0,-0,-0,-0,-0,-0,-0,-0,-0,-0,-0,-0,-0,-0,-0,-0,-0,-0,-0,-0,-0,-0,-0,-0,-0,-0,-0,-0,-0,-0
-0,-0,-0,-0,0.78947525242820105,-0,0.24777000347542361,-0,-0,-0,-0,-0,0.80942659499447756,-0,0.25299544914920136,-0,-0,-0,-0,0.00096610601637824825,0.796854370404386,-0,0.25724702144638412,-0,-0,-0,-0,-0,0.81679649209383232,-0,0.21099263851851213,-0
-0,-0,-0,-0,-0,-0,-0,-0,-0,-0,-0,-0,-0,-0,-0,-0,-0,-0,-0,-0,-0,-0,-0,-0,-0,-0,-0,-0,-0,-0,-0,-0
-0,-0,-0,-0,-0,-0,-0,-0,-0,-0,-0,-0,-0,-0,-0,-0,-0,-0,-0,-0,-0,-0,-0,-0,-0,-0,-0,-0,-0,-0,-0,-0
-0,-0,-0,0.029394355958778224,0.19354569943415287,-0,-0,-0,-0,-0,-0,0.030326070097338155,0.16434966476753615,-0,-0,-0,-0,-0,-0,0.044695761972134505,0.18939459511538997,-0,-0,-0,-0,-0,-0,0.021480145579681083,0.18559438069303816,-0,-0,-0
-0,-0,-0,-0,-0,-0,-0,-0,-0,-0,-0,-0,-0,-0,-0,-0,-0,-0,-0,-0,-0,-0,-0,-0,-0,-0,-0,-0,-0,-0,-0,-0
-0,-0,-0,-0,-0,-0,-0,-0,-0,-0,-0,-0,-0,-0,-0,-0,-0,-0,-0,-0,-0,-0,-0,-0,-0,-0,-0,-0,-0,-0,-0,-0
-0,-0,-0,-0,-0,-0,-0,-0,-0,-0,-0,-0,-0,-0,-0,-0,-0,-0,-0,-0,-0,-0,-0,-0,-0,-0,-0,-0,-0,-0,-0,-0
0.4543858072427947,-0,-0,-0,0.07594269190964606,0.021100310406080472,-0,-0,0.43973283662568136,-0,-0,-0,0.098998118922082531,0.025367114330150653,-0,-0,0.4467035869108677,-0,-0,-0,0.085395478499198457,0.0033550483695405963,-0,-0,0.46269076686920729,-0,-0,-0,0.077360888328283736,0.018704747362745036,-0,-0
-0,0.067975335107536825,-0,-0,-0,-0,-0,-0,-0,0.084295473705706711,-0,-0,-0,-0,-0,-0,-0,0.092618660455787885,-0,-0,-0,-0,-0,-0,-0,0.016479290151548122,-0,-0,-0,-0,-0,-0
-0,-0,-0,-0,0.6260940102519994,-0,-0,-0,-0,-0,-0,-0,0.60800326566220475,-0,-0,-0,-0,-0,-0,-0,0.62728824797676574,-0,-0,-0,-0,-0,-0,-0,0.64279591134180492,-0,-0,-0
-0,-0,0.57920273215566631,-0,-0,-0,-0,-0,-0,-0,0.54757288195737763,-0,-0,-0,-0,-0,-0,-0,0.55935158645404315,-0,-0,0.01357136054511361,-0,-0,-0,-0,0.58631737472173218,-0,-0,-0,-0,-0
-0,-0,-0,-0,-0,-0,-0,-0,-0,-0,-0,-0,-0,-0,-0,-0,-0,-0,-0,-0,-0,-0,-0,-0,-0,-0,-0,-0,-0,-0,-0,-0
-0,-0,-0,-0,-0,-0,-0,-0,-0,-0,-0,-0,-0,-0,-0,-0,-0,-0,-0,-0,-0,-0,-0,-0,-0,-0,-0,-0,-0,-0,-0,-0
-0,-0,-0,-0,-0,0.30620994045791233,-0,-0,-0,-0,-0,-0,-0,0.26335477426841769,-0,-0,-0,0.016432931301654574,-0,-0,-0,0.3052690160587837,-0,-0,-0,0.0011422837517437584,-0,-0,-0,0.32153088174769751,-0,-0
-0,-0,-0,-0,-0,-0,-0,-0,-0,-0,-0,-0,-0,-0,-0,-0,-0,-0,-0,-0,-0,-0,-0,-0,-0,-0,-0,-0,-0,-0,-0,-0
-0,-0,-0,-0,-0,-0,0.34721178720066054,-0,-0,-0,-0,-0,-0,-0,0.35406300867376234,-0,-0,-0,-0,-0,-0,-0,0.35773725387911609,-0,-0,-0,-0,-0,-0,-0,0.35463405643198948,-0
-0,-0,-0,-0,-0,-0,-0,-0,-0,-0,-0,-0,-0,-0,-0,-0,-0,-0,-0,-0,-0,-0,-0,-0,-0,-0,-0,-0,-0,-0,-0,-0
-0,-0,-0,-0,-0,-0,-0,-0,-0,-0,-0,-0,-0,-0,-0,-0,-0,-0,-0,-0,-0,-0,-0,-0,-0,-0,-0,-0,-0,-0,-0,-0
-0,-0,-0,-0,-0,-0,-0,-0,-0,-0,-0,-0,-0,-0,-0,-0,-0,-0,-0,-0,-0,-0,-0,-0,-0,-0,-0,-0,-0,-0,-0,-0
-0,-0,-0,-0,-0,-0,-0,-0,-0,0.0018319706108336747,-0,-0,-0,-0,-0,-0,-0,-0,-0,-0,-0,-0,-0,-0,-0,-0,-0,-0,-0,-0,-0,-0
-0,-0,-0,-0,-0,-0,-0,-0,-0,-0,-0,-0,-0,-0,-0,-0,-0,-0,-0,-0,-0,-0,-0,-0,-0,-0,-0,-0,-0,-0,-0,-0
-0,-0,-0,-0,-0,-0,-0,-0,-0,-0,-0,-0,-0,-0,-0,-0,-0,-0,-0,-0,-0,-0,-0,-0,-0,-0,-0,-0,-0,-0,-0,-0
-0,-0,-0,-0,-0,-0,-0,-0,-0,-0,-0,-0,-0,-0,-0,-0,-0,-0,-0,-0,-0,-0,-0,-0,-0,-0,-0,-0,-0,-0,-0,-0
-0,-0,-0,-0,-0,-0,-0,-0,-0,-0,-0,-0,-0,-0,-0,-0,-0,-0,-0,-0,-0,-0,-0,-0,-0,-0,-0,-0,-0,-0,-0,-0
-0,-0,-0,-0,-0,0.14003366414268378,0.0097998471952284449,-0,-0,-0,-0,-0,-0,0.14166165049020277,0.029067085252646098,-0,-0,-0,-0,-0,-0,0.14429417392098695,0.017694398631101935,-0,-0,-0,-0,-0,-0,0.15243393568102717,-0,-0
-0,0.17091520495564252,-0,-0,-0,-0,-0,-0,-0,0.19103835203998479,-0,-0,-0,-0,-0,-0,-0,0.20727774284683625,-0,-0,-0,-0,-0,-0,-0,0.14765317072570944,-0,-0,-0,-0,-0,-0
-0,-0,-0,-0,-0,-0,-0,-0,-0,-0,-0,-0,-0,-0,-0,-0,-0,-0,-0,-0,-0,-0,-0,-0,-0,-0,-0,-0,-0,-0,-0,-0
-0,-0,0.0064307984119887068,-0,-0,-0,-0,-0,-0,-0,0.018348925792049772,-0,-0,-0,-0,-0,-0,-0,0.0095617601425898088,-0,-0,-0,-0,-0,-0,-0,-0,-0,-0,-0,-0,-0
-0,-0,0.036748379694837165,-0,-0,-0,-0,-0,-0,-0,0.073561412540800758,-0,-0,-0,-0,-0,-0,-0,0.017975902927182028,-0,-0,-0,-0,-0,-0,-0,0.011750412778354372,-0,-0,-0,-0,-0
-0,0.0023600036425272136,-0,-0,-0,-0,-0,-0,-0,0.01630405908085189,-0,-0,-0,-0,-0,-0,-0,0.017459423037287751,-0,-0,-0,-0,-0,-0,-0,-0,-0,-0,-0,-0,-0,-0
-0,-0,0.19294180118165344,0.026210249364081274,-0,-0,-0,-0,-0,-0,0.20159737394318261,0.034911098204234596,-0,-0,-0,-0,-0,-0,0.17324741789832002,0.04828474645390541,-0,-0,-0,-0,-0,-0,0.18528139470111404,0.0056931271480137723,-0,-0,-0,-0
-0,-0,-0,-0,-0,-0,-0,-0,-0,-0,-0,-0,-0,-0,-0,-0,-0,-0,-0,-0,-0,-0,-0,-0,-0,-0,-0,-0,-0,-0,-0,-0
-0,-0,-0,-0,-0,0.35021677751009905,-0,-0,-0,-0,-0,-0,-0,0.3452960529591243,-0,-0,-0,-0,-0,-0,-0,0.35229141550506027,-0,-0,-0,-0,-0,-0,-0,0.35618561515602187,-0,-0
-0,-0,-0,-0,0.0097433574968219406,-0,0.030827567894260437,-0,-0,-0,-0,-0,0.016242363557751389,-0,0.049860983093957749,-0,-0,-0,-0,-0,-0,-0,0.01803627440714033,-0,-0,-0,-0,-0,0.010733991381330021,-0,-0,-0
-0,-0,-0,-0,-0,-0,-0,-0,-0,-0,-0,-0,-0,-0,-0,-0,-0,-0,-0,-0,-0,-0,-0,-0,-0,-0,-0,-0,-0,-0,-0,-0
-0,-0,-0,-0,-0,-0,0.10337950018899528,-0,-0,-0,-0,-0,-0,-0,0.10793565424845385,-0,-0,-0,-0,-0,-0,-0,0.10694491436653221,-0,-0,-0,-0,-0,-0,-0,0.11229674504706397,-0
-0,-0,-0,-0,-0,-0,0.21454487002232961,-0,-0,-0,-0,-0,-0,-0,0.23160039612782157,-0,-0,-0,-0,-0,-0,-0,0.25682501621193438,-0,-0,-0,-0,-0,-0,-0,0.20097098673002603,-0
-0,-0,-0,-0,-0,-0,-0,-0,-0,-0,-0,-0,-0,-0,-0,-0,-0,-0,-0,-0,-0,-0,-0,-0,-0,-0,-0,-0,-0,-0,-0,-0
-0,-0,-0,0.091657210250538218,0.13762077643238999,-0,-0,-0,-0,-0,-0,0.098335300542229012,0.12805676768053564,-0,-0,-0,-0,-0,-0,0.10313942803569671,0.13599678219878125,-0,-0,-0,-0,-0,-0,0.095095733591198925,0.12579319563337679,-0,-0,-0
-0,-0,-0,-0,-0,-0,-0,-0,-0,-0,-0,-0,-0,-0,-0,-0,-0,-0,-0,-0,-0,-0,-0,-0,-0,-0,-0,-0,-0,-0,-0,-0
-0,-0,-0,0.07337045030517117,-0,-0,-0,-0,-0,-0,-0,0.082952025678078953,-0,-0,-0,-0,-0,-0,-0,0.13114934787886889,-0,-0,-0,-0,-0,-0,-0,0.072138074647987813,-0,-0,-0,-0
-0,-0,-0,0.08463228034592267,-0,-0,-0,-0,-0,-0,-0,0.067382503402880836,-0,-0,-0,-0,-0,-0,-0,0.17240357309218798,-0,-0,-0,-0,-0,-0,-0,0.097635577230275439,-0,-0,-0,-0
-0,-0,-0,-0,-0,-0,-0,-0,-0,-0,-0,-0,-0,-0,-0,-0,-0,-0,-0,0.017180399320043019,-0,-0,-0,-0,-0,-0,-0,-0,-0,-0,-0,-0
-0,-0,-0,-0,-0,-0,-0,-0,-0,-0,-0,-0,-0,-0,-0,-0,-0,-0,-0,-0,-0,-0,-0,-0,-0,-0,-0,-0,-0,-0,-0,-0
-0,-0,-0,-0,-0,-0,-0,-0,-0,-0,-0,-0,-0,-0,-0,-0,-0,-0,-0,-0,-0,-0,-0,-0,-0,-0,-0,-0,-0,-0,-0,-0
-0,-0,-0,-0,0.010663428939650488,-0,-0,-0,-0,-0,-0,-0,-0,-0,-0,-0,-0,-0,-0,-0,0.0091068403482052456,-0,-0,-0,-0,-0,-0,-0,0.0060874430034031741,-0,-0,-0
-0,-0,-0,-0,-0,-0,-0,-0,-0,-0,-0,-0,-0,-0,-0,-0,-0,-0,-0,-0,-0,-0,-0,-0,-0,-0,-0,-0,-0,-0,-0,-0
-0,-0,-0,-0,-0,0.16014358453216887,-0,-0,-0,-0,-0,-0,-0,0.15339977247640441,-0,-0,-0,-0,-0,-0,-0,0.14801435826138376,-0,-0,-0,-0,-0,-0,-0,0.16047782749238054,-0,-0
-0,-0,-0,-0,-0,-0,-0,-0,-0,-0,-0,-0,-0,-0,-0,-0,-0,-0,-0,-0,-0,-0,-0,-0,-0,-0,-0,-0,-0,-0,-0,-0
-0,-0,-0,-0,-0,-0,-0,-0,-0,-0,-0,-0,-0,-0,-0,-0,-0,-0,-0,-0,-0,-0,-0,-0,-0,-0,-0,-0,-0,-0,-0,-0
7.3825257572286706e-05,-0,-0,-0,-0,-0,-0,-0,-0,-0,-0,-0,-0,-0,-0,-0,-0,-0,-0,-0,-0,-0,-0,-0,0.00095007210415015838,-0,-0,-0,-0,-0,-0,-0
-0,-0,-0,0.35022456541638025,-0,-0,-0,-0,-0,-0,-0,0.35010234705335025,-0,-0,-0,-0,-0,-0,-0,0.41779854646613684,-0,-0,-0,-0,-0,-0,-0,0.35836350353404206,-0,-0,-0,-0
0.15187699798497467,-0,-0,0.33143624038642966,-0,-0,-0,-0,0.15928940698289298,-0,-0,0.33827829569527745,-0,-0,-0,-0,0.16073648027499604,-0,-0,0.3723396968727643,-0,-0,-0,-0,0.14275125543668485,-0,-0,0.34783136356184047,-0,-0,-0,-0
-0,-0,-0,-0,-0,-0,-0,-0,-0,-0,-0,-0,-0,-0,-0,-0,-0,-0,-0,-0,-0,-0,-0,-0,-0,-0,-0,-0,-0,-0,-0,-0
-0,0.033349952283937584,-0,-0,0.14108795073075919,-0,0.054552481741703518,-0,-0,0.038194854007184253,-0,-0,0.15438399996414406,-0,0.053591273771184542,-0,-0,0.022350670726519098,-0,-0,0.13953109289176496,-0,0.064816070931023206,-0,-0,0.001614679553497542,-0,-0,0.15039352093423844,-0,0.066933160450049517,-0
-0,-0,-0,-0,-0,-0,-0,-0,-0,-0,-0,-0,-0,-0,-0,-0,-0,-0,-0,-0,-0,-0,-0,-0,-0,-0,-0,-0,-0,-0,-0,-0
-0,-0,-0,-0,-0,-0,-0,-0,-0,-0,-0,-0,-0,-0,-0,-0,-0,-0,-0,-0,-0,-0,-0,-0,-0,-0,-0,-0,-0,-0,-0,-0
-0,-0,-0,-0,-0,-0,0.084422719245659472,-0,-0,-0,-0,-0,-0,-0,0.089880396392744241,-0,-0,-0,-0,-0,-0,-0,0.099797500592294267,-0,-0,-0,-0,-0,-0,-0,0.071546920279938517,-0
-0,-0,-0,-0,0.14553206797073232,-0,-0,-0,-0,-0,-0,-0,0.13363943736860465,-0,-0,-0,-0,-0,-0,0.0099011420076291438,0.1654050181019181,-0,-0,-0,-0,-0,-0,-0,0.13632238840971475,-0,-0,-0
-0,-0,-0,-0,-0,-0,-0,-0,-0,-0,-0,-0,-0,-0,-0,-0,-0,-0,-0,-0,-0,-0,-0,-0,-0,-0,-0,-0,-0,-0,-0,-0
-0,-0,-0,-0,-0,-0,-0,-0,-0,-0,-0,-0,-0,-0,-0,-0,-0,-0,-0,-0,-0,-0,-0,-0,-0,-0,-0,-0,-0,-0,-0,-0
-0,-0,-0,-0,-0,-0,-0,-0,-0,-0,-0,-0,-0,-0,-0,-0,-0,-0,-0,-0,-0,-0,-0,-0,-0,-0,-0,-0,-0,-0,-0,-0
-0,-0,-0,-0,0.25772813744418177,-0,-0,-0,-0,-0,-0,-0,0.19911682412924817,-0,-0,-0,-0,-0,-0,-0,0.26574785302944459,-0,-0,-0,-0,-0,-0,-0,0.26069770482724264,-0,-0,-0
-0,-0,-0,-0,-0,-0,-0,-0,-0,-0,-0,-0,-0,-0,-0,-0,-0,-0,-0,-0,-0,-0,-0,-0,-0,-0,-0,-0,-0,-0,-0,-0
-0,-0,-0,-0,-0,-0,-0,-0,-0,-0,-0,-0,-0,-0,-0,-0,-0,-0,-0,-0,-0,-0,-0,-0,-0,-0,-0,-0,-0,-0,-0,-0
-0,-0,-0,-0,-0,-0,0.067347742848978667,-0,-0,-0,-0,-0,-0,-0,0.082187871320010472,-0,-0,-0,-0,-0,-0,-0,0.090161201433212684,-0,-0,-0,-0,-0,-0,-0,0.031577286353157291,-0
-0,0.017081199855923983,-0,-0,-0,-0,-0,-0,-0,0.019308723797586733,-0,-0,-0,-0,-0,-0,-0,0.020118099463742295,-0,-0,-0,-0,-0,-0,-0,0.0063524234768780686,-0,-0,-0,-0,-0,-0
-0,-0,-0,-0,0.18898338198338607,-0,-0,-0,-0,-0,-0,-0,0.17834376678951597,-0,-0,-0,-0,-0,-0,-0,0.17553386157472756,-0,-0,-0,-0,-0,-0,-0,0.19205229996803386,-0,-0,-0
-0,-0,-0,-0,-0,-0,-0,-0,-0,-0,-0,-0,-0,-0,-0,-0,-0,-0,-0,-0,-0,-0,-0,-0,-0,-0,-0,-0,-0,-0,-0,-0
-0,-0,-0,-0,-0,-0,-0,-0,-0,-0,-0,-0,-0,-0,-0,-0,-0,-0,-0,-0,-0,-0,-0,-0,-0,-0,-0,-0,-0,-0,-0,-0
-0,-0,-0,-0,-0,-0,-0,-0,-0,-0,-0,-0,-0,-0,-0,-0,-0,-0,-0,-0,-0,-0,-0,-0,-0,-0,-0,-0,-0,-0,-0,-0
-0,-0,-0,-0,-0,-0,0.21879486748999713,-0,-0,-0,-0,-0,-0,-0,0.22872033029116776,-0,-0,-0,-0,-0,-0,-0,0.21741617967137478,-0,-0,-0,-0,-0,-0,-0,0.207688596045143,-0
-0,-0,-0,-0,-0,-0,-0,-0,-0,-0,-0,-0,-0,-0,-0,-0,-0,-0,-0,-0,-0,-0,-0,-0,-0,-0,-0,-0,-0,-0,-0,-0
-0,-0,-0,-0,-0,-0,-0,-0,-0,-0,-0,-0,-0,-0,-0,-0,-0,-0,-0,-0,-0,-0,-0,-0,-0,-0,-0,-0,-0,-0,-0,-0
-0,-0,-0,-0,0.10049429992450819,-0,-0,-0,-0,-0,-0,-0,0.061514293353163885,-0,-0,-0,-0,-0,-0,-0,0.11309248834910779,-0,-0,-0,-0,-0,-0,-0,0.094905455735715752,-0,-0,-0
-0,-0,-0,-0,-0,-0,-0,-0,-0,-0,-0,-0,-0,-0,-0,-0,-0,-0,-0,-0,-0,-0,-0,-0,-0,-0,-0,-0,-0,-0,-0,-0
-0,-0,-0,-0,-0,-0,-0,-0,-0,-0,-0,-0,-0,-0,-0,-0,-0,-0,-0,-0,-0,-0,-0,-0,-0,-0,-0,-0,-0,-0,-0,-0
-0,-0,-0,-0,-0,-0,-0,-0,-0,-0,-0,-0,-0,-0,-0,-0,-0,-0,-0,-0,-0,-0,-0,-0,-0,-0,-0,-0,-0,-0,-0,-0
-0,0.16196269558972537,-0,-0,-0,-0,-0,-0,-0,0.18354067743727223,-0,-0,-0,-0,-0,-0,-0,0.16415863275444995,-0,-0,-0,-0,-0,-0,-0,0.12331033473058256,-0,-0,-0,-0,-0,-0
-0,-0,-0,-0,-0,-0,-0,-0,-0,-0,-0,-0,-0,-0,-0,-0,-0,-0,-0,-0,-0,-0,-0,-0,-0,-0,-0,-0,-0,-0,-0,-0
-0,0.098642409006170662,-0,-0,0.18113067084067966,-0,-0,-0,-0,0.10172333505358867,-0,-0,0.16007335232656503,-0,-0,-0,-0,0.093678883749693034,-0,-0,0.17359947217867785,-0,-0,-0,-0,0.11409792741983794,-0,-0,0.18413568263729724,-0,-0,-0
0.11938383246989744,-0,-0,-0,0.1087767263390451,0.13287935429544032,-0,-0,0.094049229197754228,-0,-0,-0,0.1346687220855102,0.11629174743567024,-0,-0,0.12751591121508926,-0,-0,-0,0.12895536269392532,0.093836482130951596,-0,-0,0.13223568596781315,-0,-0,-0,0.10847288148352442,0.13442637609060212,-0,-0
-0,-0,-0,-0,-0,-0,-0,-0,-0,-0,-0,-0,-0,-0,-0,-0,-0,-0,-0,-0,-0,-0,-0,-0,-0,-0,-0,-0,-0,-0,-0,-0
-0,-0,-0,-0,-0,-0,-0,-0,-0,-0,-0,-0,-0,-0,-0,-0,-0,-0,-0,-0,-0,-0,-0,-0,-0,-0,-0,-0,-0,-0,-0,-0
-0,0.13953452892412704,-0,-0,-0,-0,-0,-0,-0,0.13911916649215192,-0,-0,-0,-0,-0,-0,-0,0.15671416054211618,-0,-0,-0,-0,-0,-0,-0,0.13371292378683841,-0,-0,-0,-0,-0,-0
-0,-0,-0,-0,-0,-0,-0,-0,-0,-0,-0,-0,-0,-0,-0,-0,-0,-0,-0,-0,-0,-0,-0,-0,-0,-0,-0,-0,-0,-0,-0,-0
-0,-0,-0,-0,-0,-0,-0,-0,-0,-0,-0,-0,-0,-0,-0,-0,-0,-0,-0,-0,-0,-0,-0,-0,-0,-0,-0,-0,-0,-0,-0,-0
-0,-0,-0,-0,-0,-0,-0,-0,-0,-0,-0,-0,-0,-0,-0,-0,-0,-0,-0,-0,-0,-0,-0,-0,-0,-0,-0,-0,-0,-0,-0,-0
-0,-0,-0,-0,-0,-0,-0,-0,-0,-0,-0,-0,-0,-0,-0,-0,-0,-0,-0,-0,-0,-0,-0,-0,-0,-0,-0,-0,-0,-0,-0,-0
-0,-0,0.12472016718770115,-0,-0,-0,-0,-0,-0,-0,0.12116054230524549,-0,-0,-0,-0,-0,-0,-0,0.11722259040234471,-0,-0,-0,-0,-0,-0,-0,0.13575399633964233,-0,-0,-0,-0,-0
-0,-0,-0,-0,-0,-0,-0,-0,-0,-0,-0,-0,-0,-0,-0,-0,-0,-0,-0,-0,-0,-0,-0,-0,-0,-0,-0,-0,-0,-0,-0,-0
-0,-0,-0,-0,-0,-0,-0,-0,-0,-0,-0,-0,-0,-0,-0,-0,-0,-0,-0,-0,-0,-0,-0,-0,-0,-0,-0,-0,-0,-0,-0,-0
-0,-0,-0,-0,0.59370784321273351,-0,-0,-0,-0,-0,-0,-0,0.53827128319980333,-0,-0,-0,-0,-0,-0,-0,0.59068708015880411,-0,-0,-0,-0,-0,-0,-0,0.55910054798069075,-0,-0,-0
-0,-0,-0,-0,-0,-0,-0,-0,-0,-0,-0,-0,-0,-0,-0,-0,-0,-0,-0,-0,-0,-0,-0,-0,-0,-0,-0,-0,-0,-0,-0,-0
-0,-0,-0,-0,-0,0.34570366894154253,-0,-0,-0,-0,-0,-0,-0,0.34503347340039336,-0,-0,-0,-0,-0,-0,-0,0.33035599084022133,-0,-0,-0,-0,-0,-0,-0,0.35619136748146607,-0,-0
-0,-0,-0,-0,-0,-0,-0,-0,-0,-0,-0,-0,-0,-0,-0,-0,-0,-0,-0,-0,-0,-0,-0,-0,-0,-0,-0,-0,-0,-0,-0,-0
-0,0.27533866128185769,-0,-0,-0,-0,-0,-0,-0,0.2713093909420094,-0,-0,-0,-0,-0,-0,-0,0.26499988272715375,-0,-0,-0,-0,-0,-0,-0,0.26121245467124843,-0,-0,-0,-0,-0,-0
-0,-0,-0,0.24519089200533181,0.36567220516211041,-0,-0,-0,-0,-0,-0,0.25396879625168811,0.32152873465460335,-0,-0,-0,-0,-0,-0,0.26579438039125802,0.37257943517352698,-0,-0,-0,-0,-0,-0,0.25453825543094066,0.35432412522656964,-0,-0,-0
-0,-0,-0,0.21906081391562446,0.066505773451568662,-0,0.0061265095509353655,-0,-0,-0,-0,0.21885571902989892,0.074051754971901598,-0,0.0025851209805676655,-0,-0,-0,-0,0.23202373391063028,0.074137754610570969,-0,0.013331794191310482,-0,-0,-0,-0,0.22048955317938676,0.071295941210432701,-0,0.0040798162599855149,-0
-0,-0,-0,-0,-0,-0,-0,-0,-0,-0,-0,-0,-0,-0,-0,-0,-0,-0,-0,-0,-0,-0,-0,-0,-0,-0,-0,-0,-0,-0,-0,-0
0.12309745281213662,0.092474218705893216,-0,-0,-0,-0,-0,-0,0.11659796812124874,0.093749396951744349,-0,-0,-0,-0,-0,-0,0.12467129389060724,0.081283319852947108,-0,-0,-0,-0,-0,-0,0.12507643447003761,0.087593293267990258,-0,-0,-0,-0,-0,-0
-0,-0,-0,-0,-0,-0,-0,-0,-0,-0,-0,-0,-0,-0,-0,-0,-0,-0,-0,-0,-0,-0,-0,-0,-0,-0,-0,-0,-0,-0,-0,-0
-0,-0,-0,-0,-0,-0,-0,-0,-0,-0,-0,-0,-0,-0,-0,-0,-0,-0,-0,-0,-0,-0,-0,-0,-0,-0,-0,-0,-0,-0,-0,-0
-0,-0,-0,-0,0.52782083509806155,-0,-0,-0,-0,-0,-0,-0,0.51201794951255297,-0,-0,-0,-0,-0,-0,-0,0.53389095041774348,-0,-0,-0,-0,-0,-0,-0,0.5313848867167148,-0,-0,-0
-0,-0,-0,-0,-0,-0,-0,-0,-0,-0,-0,-0,-0,-0,-0,-0,-0,-0,-0,-0,-0,-0,-0,-0,-0,-0,-0,-0,-0,-0,-0,-0
-0,-0,-0,-0,-0,0.081809454397703846,-0,-0,-0,-0,-0,-0,-0,0.082405605035319324,-0,-0,-0,-0,-0,-0,-0,0.10087790272701477,-0,-0,-0,-0,-0,-0,-0,0.090339568082748151,-0,-0
-0,-0,0.055371902525928586,-0,0.15908446949727478,-0,0.0075561740034537474,-0,-0,-0,0.067304859876615969,-0,0.15360729058416334,-0,0.007822910577958796,-0,-0,-0,0.041715439422752257,-0,0.14843046310468916,-0,0.0093407933517222295,-0,-0,-0,0.049978726555793121,-0,0.15771493041397266,-0,0.0045087481406831699,-0
-0,-0,-0,-0,-0,-0,-0,-0,-0,-0,-0,-0,-0,-0,-0,-0,-0,-0,-0,-0,-0,-0,-0,-0,-0,-0,-0,-0,-0,-0,-0,-0
-0,-0,-0,-0,-0,-0,-0,-0,-0,-0,-0,-0,-0,-0,-0,-0,-0,-0,-0,-0,-0,-0,-0,-0,-0,-0,-0,-0,-0,-0,-0,-0
-0,-0,-0,-0,-0,-0,-0,-0,-0,-0,-0,-0,-0,-0,-0,-0,-0,-0,-0,-0,-0,-0,-0,-0,-0,-0,-0,-0,-0,-0,-0,-0
-0,-0,-0,0.18126722696316044,0.27778485637804951,-0,-0,-0,-0,-0,-0,0.19223215400748156,0.27404691631963018,-0,-0,-0,-0,-0,-0,0.17569889765024521,0.2798415685268455,-0,-0,-0,-0,-0,-0,0.17538509220792109,0.29462812634135105,-0,-0,-0
-0,-0,-0,-0,0.091155744892580007,-0,-0,-0,-0,-0,-0,-0,0.10917897571335552,-0,-0,-0,-0,-0,-0,-0,0.10739589192405975,-0,-0,-0,-0,-0,-0,-0,0.1115095989820967,-0,-0,-0
-0,-0,-0,-0,-0,-0,-0,-0,-0,-0,-0,-0,-0,-0,-0,-0,-0,-0,-0,-0,-0,-0,-0,-0,-0,-0,-0,-0,-0,-0,-0,-0
-0,-0,-0,0.014990536300443032,-0,-0,-0,-0,-0,-0,-0,0.039583057554005097,-0,-0,-0,-0,-0,-0,-0,0.026080434466239324,-0,-0,-0,-0,-0,-0,-0,-0,-0,-0,-0,-0
-0,-0,-0,-0,-0,-0,-0,-0,-0,-0,-0,-0,-0,-0,-0,-0,-0,-0,-0,-0,-0,-0,-0,-0,-0,-0,-0,-0,-0,-0,-0,-0
-0,-0,-0,-0,-0,-0,-0,-0,-0,-0,-0,-0,-0,-0,-0,-0,-0,-0,-0,-0,-0,-0,-0,-0,-0,-0,-0,-0,-0,-0,-0,-0
-0,0.01817984870842123,-0,-0,0.1299163906044361,-0,-0,-0,-0,0.012830394348120052,-0,-0,0.11867424243818453,-0,-0,-0,-0,0.021737048525642799,-0,-0,0.1196762610476092,-0,-0,-0,-0,0.0089699881953264494,-0,-0,0.12599567310606208,-0,-0,-0
-0,-0,-0,0.32281863954272016,0.29845367765153663,-0,-0,-0,-0,-0,-0,0.34510703942709514,0.3007460249646392,-0,-0,-0,-0,-0,-0,0.34098289252468394,0.30686234920826838,-0,-0,-0,-0,-0,-0,0.2886191944503842,0.30813577927763136,-0,-0,-0
-0,-0,-0,-0,-0,-0,-0,-0,-0,-0,-0,-0,-0,-0,-0,-0,-0,-0,-0,0.030836757635863594,-0,-0,-0,-0,-0,-0,-0,0.0092212552197357429,-0,-0,-0,-0
-0,-0,-0,-0,-0,-0,-0,-0,-0,-0,-0,-0,-0,-0,-0,-0,-0,-0,-0,-0,-0,-0,-0,-0,-0,-0,-0,-0,-0,-0,-0,-0
-0,-0,-0,-0,-0,-0,-0,-0,-0,-0,-0,-0,-0,-0,-0,-0,-0,-0,-0,-0,-0,-0,-0,-0,-0,-0,-0,-0,-0,-0,-0,-0
-0,-0,-0,-0,-0,-0,-0,-0,-0,-0,-0,-0,-0,-0,-0,-0,-0,-0,-0,-0,-0,-0,-0,-0,-0,-0,-0,-0,-0,-0,-0,-0
-0,-0,-0,-0,-0,-0,-0,-0,-0,-0,-0,-0,-0,-0,-0,-0,-0,-0,-0,-0,-0,-0,-0,-0,-0,-0,-0,-0,-0,-0,-0,-0
-0,-0,-0,-0,-0,-0,-0,-0,-0,-0,-0,-0,-0,-0,-0,-0,-0,-0,-0,-0,-0,-0,-0,-0,-0,-0,-0,-0,-0,-0,-0,-0
-0,-0,-0,-0,-0,0.32846279225893132,-0,-0,-0,-0,-0,-0,-0,0.31716370087455487,-0,-0,-0,-0,-0,-0,-0,0.32231556742957829,-0,-0,-0,-0,-0,-0,-0,0.34007010883845634,-0,-0
-0,-0,-0,-0,-0,-0,0.39843507227307656,-0,-0,-0,-0,-0,-0,-0,0.40671427753921086,-0,-0,-0,-0,-0,-0,-0,0.40982626068931294,-0,-0,-0,-0,-0,-0,-0,0.40280923065867952,-0
-0,-0,-0,-0,-0,-0,-0,-0,-0,-0,-0,-0,-0,-0,-0,-0,-0,-0,-0,-0,-0,-0,-0,-0,-0,-0,-0,-0,-0,-0,-0,-0
-0,-0,-0,-0,0.18225544560219042,-0,-0,-0,-0,-0,-0,-0,0.1323417073207532,-0,-0,-0,-0,-0,-0,-0,0.17667628612096728,-0,-0,-0,-0,-0,-0,-0,0.17605980889827932,-0,-0,-0
-0,-0,-0,-0,-0,-0,0.15283918002307348,-0,-0,-0,-0,-0,-0,-0,0.157962843481464,-0,-0,-0,-0,-0,-0,-0,0.15208139856635353,-0,-0,-0,-0,-0,-0,-0,0.1632180867334207,-0
-0,0.17552714966331515,-0,-0,0.10790279230509427,-0,-0,-0,-0,0.17599673537258997,-0,-0,0.10408296784340521,-0,-0,-0,-0,0.1652906213313558,-0,-0,0.10865711359974604,-0,-0,-0,-0,0.17287950593652782,-0,-0,0.12658868368164228,-0,-0,-0
-0,-0,-0,-0,-0,-0,-0,-0,-0,-0,-0,-0,-0,-0,-0,-0,-0,-0,-0,-0,-0,-0,-0,-0,-0,-0,-0,-0,-0,-0,-0,-0
0.055691345410817689,-0,-0,-0,0.0070751963064961971,-0,0.12822642626855882,-0,0.057638708599975233,-0,-0,-0,0.022018854530094108,-0,0.1306498147964163,-0,0.057494817785001644,-0,-0,-0,0.010117898927226235,-0,0.12571742070178615,-0,0.064487958540212442,-0,-0,-0,0.00079043379425639449,-0,0.15199725931666139,-0
-0,-0,-0,-0,-0,-0,-0,-0,-0,-0,-0,-0,-0,-0,-0,-0,-0,-0,-0,-0,-0,-0,-0,-0,-0,-0,-0,-0,-0,-0,-0,-0
-0,-0,-0,-0,-0,-0,-0,-0,-0,-0,-0,-0,-0,-0,-0,-0,-0,-0,-0,-0,-0,-0,-0,-0,-0,-0,-0,-0,-0,-0,-0,-0
-0,-0,-0,-0,0.040450365574544941,-0,0.08676799611071595,-0,-0,-0,-0,-0,0.01491293317774527,-0,0.093451450655727367,-0,-0,-0,-0,-0,0.031377491042191369,-0,0.08648780865290015,-0,-0,-0,-0,-0,0.040480180565827611,-0,0.075219562914593224,-0
-0,-0,-0,-0,-0,-0,-0,-0,-0,-0,-0,-0,-0,-0,-0,-0,-0,-0,-0,-0,-0,-0,-0,-0,-0,-0,-0,-0,-0,-0,-0,-0
-0,-0,-0,-0,0.21233627505865482,-0,0.42562869663621339,-0,-0,-0,-0,-0,0.17586464112439429,-0,0.44348546388303373,-0,-0,-0,-0,-0,0.18706712852039581,-0,0.43600429887850595,-0,-0,-0,-0,-0,0.19742989571288522,-0,0.43772449852698353,-0
-0,-0,-0,-0,-0,-0,-0,-0,-0,-0,-0,-0,-0,-0,-0,-0,-0,-0,-0,-0,-0,-0,-0,-0,-0,-0,-0,-0,-0,-0,-0,-0
0.30418495773224169,-0,-0,-0,-0,-0,-0,-0,0.29838573588172684,-0,-0,-0,-0,-0,-0,-0,0.30046601114004923,-0,-0,-0,-0,-0,-0,-0,0.29379811063815475,-0,-0,-0,-0,-0,-0,-0
0.84016040903091971,-0,-0,-0,-0,-0,-0,-0,0.82945132565840618,-0,-0,-0,-0,-0,-0,-0,0.84317307431024324,-0,-0,-0,-0,-0,-0,-0,0.83494005616207545,-0,-0,-0,-0,-0,-0,-0
-0,-0,-0,-0,0.15584789909313379,-0,-0,-0,-0,-0,-0,-0,0.16408566468048402,-0,-0,-0,-0,0.0049350175414768545,-0,-0,0.15037732635787593,-0,-0,-0,-0,-0,-0,-0,0.15486312091075558,-0,-0,-0
-0,-0,-0,-0,-0,-0,0.035470223507701348,-0,-0,-0,-0,-0,-0,-0,0.056896737710898412,-0,-0,-0,-0,-0,-0,-0,0.038006237300967506,-0,-0,-0,-0,-0,-0,-0,0.0040855922083713617,-0
0.017795784317078039,0.26828205116489662,-0,-0,0.22708283389714462,-0,-0,-0,0.001171926724273947,0.26693294467459217,-0,-0,0.21788069115538827,-0,-0,-0,0.037489320366193131,0.23139987076055901,-0,-0,0.23798368995207808,-0,-0,-0,0.0062802190055834175,0.28746579937864003,-0,-0,0.2443107230254849,-0,-0,-0
-0,-0,0.27502593661139779,-0,0.10576034384490082,-0,-0,-0,-0,-0,0.28349792963314274,-0,0.10472780450396607,-0,-0,-0,-0,-0,0.27680735926829692,-0,0.1107408874131775,-0,-0,-0,-0,-0,0.26895671354280309,-0,0.12031206639046159,-0,-0,-0
0.11314630071238312,-0,-0,-0,-0,-0,-0,-0,0.11573558293781457,-0,-0,-0,-0,-0,-0,-0,0.11838674702420905,-0,-0,-0,-0,-0,-0,-0,0.1260156319839611,-0,-0,-0,-0,-0,-0,-0
-0,0.084752081728338452,-0,-0,-0,-0,-0,-0,-0,0.10231313283839068,-0,-0,-0,-0,-0,-0,-0,0.10780444082940015,-0,-0,-0,-0,-0,-0,-0,0.035798165224020378,-0,-0,-0,-0,-0,-0
-0,-0,-0,-0,-0,-0,-0,-0,-0,-0,-0,-0,-0,-0,-0,-0,-0,-0,-0,-0,-0,-0,-0,-0,-0,-0,-0,-0,-0,-0,-0,-0
-0,-0,-0,-0,-0,-0,-0,-0,-0,-0,-0,-0,-0,-0,-0,-0,-0,-0,-0,-0,-0,-0,-0,-0,-0,-0,-0,-0,-0,-0,-0,-0
-0,-0,-0,-0,-0,-0,-0,-0,-0,-0,-0,-0,-0,-0,-0,-0,-0,-0,-0,-0,-0,-0,-0,-0,-0,-0,-0,-0,-0,-0,-0,-0
-0,-0,-0,-0,-0,-0,-0,-0,-0,-0,-0,-0,-0,-0,-0,-0,-0,-0,-0,-0,-0,-0,-0,-0,-0,-0,-0,-0,-0,-0,-0,-0
-0,-0,-0,-0,-0,-0,-0,-0,-0,-0,-0,-0,-0,-0,-0,-0,-0,-0,-0,-0,-0,-0,-0,-0,-0,-0,-0,-0,-0,-0,-0,-0
-0,-0,-0,0.02479398228112718,-0,-0,-0,-0,-0,-0,-0,0.031061957641878392,-0,-0,-0,-0,-0,-0,-0,0.055792877185495512,-0,-0,-0,-0,-0,-0,-0,0.0040957386823207431,-0,-0,-0,-0
-0,-0,-0,-0,-0,-0,0.37399800079715412,-0,-0,-0,-0,-0,-0,-0,0.37345071876648905,-0,-0,-0,-0,-0,-0,-0,0.39471344402399494,-0,-0,-0,-0,-0,-0,-0,0.3731602874564367,-0
-0,-0,-0,-0,-0,-0,0.61894915433180697,-0,-0,-0,-0,-0,-0,-0,0.63068393186129501,-0,-0,-0,-0,-0,-0,-0,0.63107679777322268,-0,-0,-0,-0,-0,-0,-0,0.63246965057397742,-0
-0,-0,-0,-0,-0,-0,-0,-0,-0,-0,-0,-0,-0,-0,-0,-0,-0,-0,-0,-0,-0,-0,-0,-0,-0,-0,-0,-0,-0,-0,-0,-0
-0,-0,-0,-0,-0,-0,-0,-0,-0,-0,-0,-0,-0,-0,-0,-0,-0,-0,-0,-0,-0,-0,-0,-0,-0,-0,-0,-0,-0,-0,-0,-0
-0,-0,-0,-0,0.14802258889697442,-0,0.58125586256530615,-0,-0,-0,-0,-0,0.15086827361931293,-0,0.59010778109172202,-0,-0,-0,-0,-0,0.13496289656780439,-0,0.58609007687927794,-0,-0,-0,-0,-0,0.13907749018220505,-0,0.60155808631117202,-0
-0,-0,-0,-0,-0,-0,-0,-0,-0,-0,-0,-0,-0,-0,-0,-0,-0,-0,-0,-0,-0,-0,-0,-0,-0,-0,-0,-0,-0,-0,-0,-0
-0,-0,-0,-0,-0,-0,0.55686388315403235,-0,-0,-0,-0,-0,-0,-0,0.56063641303417,-0,-0,-0,-0,-0,-0,-0,0.57181299124839413,-0,-0,-0,-0,-0,-0,-0,0.55692344292195806,-0
0.054539160537835522,-0,-0,-0,-0,-0,-0,-0,0.041244068628188975,-0,-0,-0,-0,-0,-0,-0,0.045381670273886225,-0,-0,-0,-0,-0,-0,-0,0.048892926360301896,-0,-0,-0,-0,-0,-0,-0
-0,-0,-0,-0,-0,-0,-0,-0,-0,-0,-0,-0,-0,-0,-0,-0,-0,-0,-0,-0,-0,-0,-0,-0,-0,-0,-0,-0,-0,-0,-0,-0
-0,-0,-0,-0,-0,-0,-0,-0,-0,-0,-0,-0,-0,-0,-0,-0,-0,-0,-0,-0,-0,-0,-0,-0,-0,-0,-0,-0,-0,-0,-0,-0
-0,-0,-0,-0,-0,-0,-0,-0,-0,-0,-0,-0,-0,-0,-0,-0,-0,-0,-0,-0,-0,-0,-0,-0,-0,-0,-0,-0,-0,-0,-0,-0
-0,0.12851331063289051,-0,-0,-0,0.14919282100283554,-0,-0,-0,0.13555144670518232,-0,-0,-0,0.14003005886543488,-0,-0,-0,0.1233437062141227,-0,-0,0.0097540451750777919,0.14980380854815112,-0,-0,-0,0.13445183979431966,-0,-0,-0,0.15875793938341501,-0,-0
-0,-0,-0,-0,-0,-0,-0,-0,-0,-0,-0,-0,-0,-0,-0,-0,-0,-0,-0,-0,-0,-0,-0,-0,-0,-0,-0,-0,-0,-0,-0,-0
-0,-0,-0,-0,-0,-0,-0,-0,-0,-0,-0,-0,-0,-0,-0,-0,-0,-0,-0,-0,-0,-0,-0,-0,-0,-0,-0,-0,-0,-0,-0,-0
-0,-0,-0,-0,-0,-0,-0,-0,-0,-0,-0,-0,-0,-0,-0,-0,-0,-0,-0,-0,-0,-0,-0,-0,-0,-0,-0,-0,-0,-0,-0,-0
-0,0.38701283612595094,-0,-0,-0,-0,-0,-0,-0,0.40667703603972477,-0,-0,-0,-0,-0,-0,-0,0.38969618675472384,-0,-0,-0,-0,-0,-0,-0,0.39355951140381712,-0,-0,-0,-0,-0,-0
-0,-0,-0,-0,-0,-0,-0,-0,-0,-0,-0,-0,-0,-0,-0,-0,-0,-0,-0,-0,-0,-0,-0,-0,-0,-0,-0,-0,-0,-0,-0,-0
-0,-0,-0,-0,-0,-0,-0,-0,-0,-0,-0,-0,-0,-0,-0,-0,-0,-0,-0,-0,-0,-0,-0,-0,-0,-0,-0,-0,-0,-0,-0,-0
-0,0.027675035577623776,-0,-0,-0,-0,-0,-0,-0,0.028648500989992491,-0,-0,-0,-0,-0,-0,-0,0.020908274452407158,-0,-0,-0,-0,-0,-0,-0,-0,-0,-0,-0,-0,-0,-0
-0,-0,-0,-0,-0,-0,-0,-0,-0,-0,-0,-0,-0,-0,-0,-0,-0,-0,-0,-0,-0,-0,-0,-0,-0,-0,-0,-0,-0,-0,-0,-0
-0,-0,-0,-0,-0,-0,-0,-0,-0,-0,-0,-0,-0,-0,-0,-0,-0,-0,-0,-0,-0,-0,-0,-0,-0,-0,-0,-0,-0,-0,-0,-0
-0,-0,-0,-0,-0,-0,-0,-0,-0,-0,-0,-0,-0,-0,-0,-0,-0,-0,-0,-0,-0,-0,-0,-0,-0,-0,-0,-0,-0,-0,-0,-0
-0,-0,-0,-0,0.2465760004266507,-0,-0,-0,-0,-0,-0,-0,0.22846128247002895,-0,-0,-0,-0,-0,-0,-0,0.25070921994811596,-0,-0,-0,-0,-0,-0,-0,0.25554771530404996,-0,-0,-0
-0,-0,-0,-0,-0,-0,-0,-0,-0,-0,-0,-0,-0,-0,-0,-0,-0,-0,-0,-0,-0,-0,-0,-0,-0,-0,-0,-0,-0,-0,-0,-0
-0,0.060817717437519535,-0,-0,-0,-0,-0,-0,-0,0.063214737828814427,-0,-0,-0,-0,-0,-0,-0,0.041964132438689405,-0,-0,-0,-0,-0,-0,-0,0.049333286685236809,-0,-0,-0,-0,-0,-0
-0,-0,-0,-0,-0,-0,-0,-0,-0,-0,-0,-0,-0,-0,-0,-0,-0,-0,-0,-0,-0,-0,-0,-0,-0,-0,-0,-0,-0,-0,-0,-0
0.12505914941823565,-0,-0,-0,0.42263372850824638,0.18154790239889584,-0,-0,0.093037844261629449,-0,-0,-0,0.44682767122147293,0.18182072725254034,-0,-0,0.11313292535677699,-0,-0,-0,0.43182675725789188,0.16355417802730821,-0,-0,0.13929314270904089,-0,-0,-0,0.42781768085920652,0.19358031917510565,-0,-0
-0,-0,0.038339333446892519,-0,-0,-0,-0,-0,-0,-0,0.031621799560514072,-0,-0,-0,-0,-0,-0,-0,0.037718684410790869,-0,-0,-0,-0,-0,-0,-0,0.04668111634823368,-0,-0,-0,-0,-0
-0,-0,-0,-0,-0,-0,-0,-0,-0,-0,-0,-0,-0,-0,-0,-0,-0,-0,-0,-0,-0,-0,-0,-0,-0,-0,-0,-0,-0,-0,-0,-0
-0,-0,-0,-0,-0,-0,-0,-0,-0,-0,-0,-0,-0,-0,-0,-0,0.045016188973269887,-0,-0,-0,-0,-0,-0,-0,-0,-0,-0,-0,-0,-0,-0,-0
-0,-0,-0,-0,-0,-0,-0,-0,-0,-0,-0,-0,-0,-0,-0,-0,-0,-0,-0,-0,-0,-0,-0,-0,-0,-0,-0,-0,-0,-0,-0,-0
-0,-0,-0,-0,-0,-0,-0,0.10835793071496742,-0,-0,-0,-0,-0,-0,-0,0.093486458877240122,-0,-0,-0,-0,-0,-0,-0,0.1243986095603518,-0,-0,-0,-0,-0,-0,-0,0.12027697497161949
-0,0.14978120222195995,-0,-0,-0,-0,-0,-0,-0,0.18447353731303268,-0,-0,-0,-0,-0,-0,-0,0.16775234284117455,-0,-0,-0,-0,-0,-0,-0,0.1145367379162117,-0,-0,-0,-0,-0,-0
-0,0.16793428735937518,-0,-0,-0,-0,-0,-0,-0,0.18171066314610992,-0,-0,-0,-0,-0,-0,-0,0.17200007017128197,-0,-0,-0,-0,-0,-0,-0,0.13747963021696055,-0,-0,-0,-0,-0,-0
-0,-0,-0,-0,-0,-0,0.21129957181323844,-0,-0,-0,-0,-0,-0,-0,0.2247312457547479,-0,-0,-0,-0,-0,-0,-0,0.2251261466601068,-0,-0,-0,-0,-0,-0,-0,0.20701167808519488,-0
0.35779489069618065,-0,-0,0.047180929893697827,0.96365259543383908,-0,-0,-0,0.30264831249419166,-0,-0,0.066504213489431988,0.98799346832905732,-0,-0,-0,0.37821190545535327,-0,-0,0.057580298365207713,0.99180160757036762,-0,-0,-0,0.36648162017544428,-0,-0,0.025941385329919218,0.9994491623227425,-0,-0,-0
-0,-0,-0,-0,-0,-0,-0,-0,-0,-0,-0,-0,-0,-0,-0,-0,-0,-0,-0,-0,-0,-0,-0,-0,-0,-0,-0,-0,-0,-0,-0,-0
-0,-0,-0,-0,0.054579640637704763,-0,-0,-0,-0,-0,-0,-0,0.051718232314634661,-0,-0,-0,-0,-0,-0,-0,0.011450927196649368,-0,-0,-0,-0,-0,-0,-0,0.04746091745970555,-0,-0,-0
-0,-0,-0,-0,0.02406637130651897,-0,-0,-0,-0,-0,-0,-0,0.01725122811062892,-0,-0,-0,-0,-0,-0,-0,0.027125415640328665,-0,-0,-0,-0,-0,-0,-0,0.036714502063330295,-0,-0,-0
-0,-0,-0,-0,-0,-0,-0,-0,-0,-0,-0,-0,-0,-0,-0,-0,-0,-0,-0,-0,-0,-0,-0,-0,-0,-0,-0,-0,-0,-0,-0,-0
-0,-0,-0,-0,-0,-0,-0,-0,-0,-0,-0,-0,-0,-0,-0,-0,-0,-0,-0,-0,-0,-0,-0,-0,-0,-0,-0,-0,-0,-0,-0,-0
-0,-0,-0,-0,0.019416447354279439,-0,-0,-0,-0,-0,-0,-0,-0,-0,-0,-0,-0,-0,-0,-0,0.018544061336752252,-0,-0,-0,-0,-0,-0,-0,0.0042964300640959494,-0,-0,-0
-0,-0,-0,-0,-0,-0,-0,-0,-0,-0,-0,-0,-0,-0,-0,-0,-0,-0,-0,-0,-0,-0,-0,-0,-0,-0,-0,-0,-0,-0,-0,-0
-0,-0,-0,-0,-0,-0,-0,-0,-0,-0,-0,-0,-0,-0,-0,-0,-0,-0,-0,-0,-0,-0,-0,-0,-0,-0,-0,-0,-0,-0,-0,-0
-0,-0,-0,-0,-0,-0,-0,-0,-0,-0,-0,-0,-0,-0,-0,-0,-0,-0,-0,-0,-0,-0,-0,-0,-0,-0,-0,-0,-0,-0,-0,-0
-0,-0,-0,-0,-0,-0,-0,-0,-0,-0,-0,-0,-0,-0,-0,-0,-0,-0,-0,-0,-0,-0,-0,-0,-0,-0,-0,-0,-0,-0,-0,-0
-0,-0,-0,-0,-0,-0,0.2465956433765894,-0,-0,-0,-0,-0,-0,-0,0.25175146157602496,-0,-0,-0,-0,-0,-0,-0,0.25359191987583229,-0,-0,-0,-0,-0,-0,-0,0.25335467197314793,-0
-0,-0,-0,-0,-0,-0,-0,-0,-0,-0,-0,-0,-0,-0,-0,-0,-0,-0,-0,-0,-0,-0,-0,-0,-0,-0,-0,-0,-0,-0,-0,-0
-0,-0,-0,-0,-0,-0,-0,-0,-0,-0,-0,-0,-0,-0,-0,-0,-0,-0,-0,-0,-0,-0,-0,-0,-0,-0,-0,-0,-0,-0,-0,-0
0.038940604528897839,-0,-0,-0,-0,-0,-0,-0,0.0049738146699113339,-0,-0,-0,-0,-0,-0,-0,0.044577106377421287,-0,-0,-0,-0,-0,-0,-0,0.032136700369270035,-0,-0,-0,-0,-0,-0,-0
-0,-0,-0,0.11118622933905309,0.25602022968684435,-0,-0,-0,-0,-0,-0,0.11840651448058445,0.27076152846611301,-0,-0,-0,-0,-0,-0,0.10400593467777393,0.26516707295902509,-0,-0,-0,-0,-0,-0,0.10870365338153797,0.26720804501090273,-0,-0,-0
-0,-0,-0,-0,-0,-0,-0,-0,-0,-0,-0,-0,-0,-0,-0,-0,-0,-0,-0,-0,-0,-0,-0,-0,-0,-0,-0,-0,-0,-0,-0,-0
-0,-0,-0,0.0033948296861318226,0.018384340432423686,-0,-0,-0,-0,-0,-0,0.013922896938080062,-0,-0,-0,-0,-0,-0,-0,0.01472324190942814,0.031492902139918448,-0,-0,-0,-0,-0,-0,0.024674325346398997,0.017455605905521893,-0,-0,-0
-0,-0,-0,-0,0.22922166696449034,-0,-0,-0,-0,-0,-0,-0,0.21258047392586329,-0,-0,-0,-0,-0,-0,-0,0.22634181136471257,-0,-0,-0,-0,-0,-0,-0,0.21892936583528913,-0,-0,-0
-0,-0,-0,-0,-0,-0,0.044741838701085695,-0,-0,-0,-0,-0,-0,-0,0.054384031896178263,-0,-0,-0,-0,-0,-0,-0,0.044544207083647945,-0,-0,-0,-0,-0,-0,-0,0.04182958455973812,-0
-0,-0,-0,-0,-0,-0,-0,-0,-0,-0,-0,-0,-0,-0,-0,-0,-0,-0,-0,-0,-0,-0,-0,-0,-0,-0,-0,-0,-0,-0,-0,-0
-0,-0,-0,0.33581150654013697,-0,-0,-0,-0,-0,-0,-0,0.34349702082893424,-0,-0,-0,-0,-0,-0,-0,0.37768928017112324,-0,-0,-0,-0,-0,-0,-0,0.34402149160793322,-0,-0,-0,-0
-0,-0,-0,-0,-0,-0,-0,-0,-0,-0,-0,-0,-0,-0,-0,-0,-0,-0,-0,-0,-0,-0,-0,-0,-0,-0,-0,-0,-0,-0,-0,-0
-0,-0,0.057682366444565786,-0,-0,-0,-0,-0,-0,-0,0.067704865186715951,-0,-0,-0,-0,-0,-0,-0,0.053611502547568066,-0,-0,-0,-0,-0,-0,-0,0.057935918676679292,-0,-0,-0,-0,-0
-0,-0,-0,-0,-0,-0,-0,-0,-0,-0,-0,-0,-0,-0,-0,-0,-0,-0,-0,-0,-0,-0,-0,-0,-0,-0,-0,-0,-0,-0,-0,-0
-0,-0,-0,-0,-0,-0,-0,-0,-0,-0,-0,-0,-0,-0,-0,-0,-0,-0,-0,-0,-0,-0,-0,-0,-0,-0,-0,-0,-0,-0,-0,-0
-0,-0,-0,-0,0.066817700889996723,-0,-0,-0,-0,-0,-0,-0,0.05450572417215771,-0,-0,-0,-0,-0,-0,-0,0.072356836530334132,-0,-0,-0,-0,-0,-0,-0,0.061265329298424417,-0,-0,-0
-0,-0,-0,-0,0.16818511639383113,-0,0.047779675134594489,-0,-0,-0,-0,-0,0.15445053777781534,-0,0.055311056286662046,-0,-0,-0,-0,-0,0.15459814590664619,-0,0.049383169444531715,-0,-0,-0,-0,-0,0.15745606496829642,-0,0.049010251017678787,-0
-0,-0,-0,-0,0.045003989003268845,-0,-0,-0,-0,-0,-0,-0,0.028778258198819469,-0,-0,-0,-0,-0,-0,-0,0.037186053210003678,-0,-0,-0,-0,-0,-0,-0,0.024107388787154429,-0,-0,-0
-0,-0,-0,-0,0.61046199382585631,-0,-0,-0,-0,-0,-0,-0,0.61031806058911242,-0,-0,-0,-0,-0,-0,-0,0.60852246309006663,-0,-0,-0,-0,-0,-0,-0,0.61488488668341934,-0,-0,-0
-0,-0,-0,-0,0.42651934711705636,-0,0.036815082726627472,-0,-0,-0,-0,-0,0.42682698027186922,-0,0.027848019040089069,-0,-0,-0,-0,-0,0.4345919260507104,-0,0.058301097793783549,-0,-0,-0,-0,-0,0.46051526042309116,-0,0.027135841549369776,-0
-0,-0,-0,-0,0.32897574541204716,-0,-0,-0,-0,-0,-0,-0,0.32919865967559575,-0,-0,-0,-0,-0,-0,-0,0.31139966756464055,-0,-0,-0,-0,-0,-0,0.0030477921107799205,0.32755026292551653,-0,-0,-0
-0,-0,-0,-0,-0,-0,-0,-0,-0,-0,-0,-0,-0,-0,-0,-0,-0,-0,-0,-0,-0,-0,-0,-0,-0,-0,-0,-0,-0,-0,-0,-0
-0,0.25793716119821919,-0,-0,-0,-0,-0,-0,-0,0.26869098979234723,-0,-0,-0,-0,-0,-0,-0,0.26027409908541727,-0,-0,-0,-0,-0,-0,-0,0.25812716919372442,-0,-0,-0,-0,-0,-0
0.3685557320391194,-0,-0,-0,-0,-0,-0,-0,0.36786752108491777,-0,-0,-0,-0,-0,-0,-0,0.38877387914573541,-0,-0,-0,-0,-0,-0,-0,0.35748868730503569,-0,-0,-0,-0,-0,-0,-0
-0,-0,-0,-0,-0,-0,-0,-0,-0,-0,-0,-0,-0,-0,-0,-0,-0,-0,-0,-0,-0,-0,-0,-0,-0,-0,-0,-0,-0,-0,-0,-0
-0,-0,-0,-0,-0,-0,-0,-0,-0,-0,-0,-0,-0,-0,-0,-0,-0,-0,-0,-0,-0,-0,-0,-0,-0,-0,-0,-0,-0,-0,-0,-0
-0,-0,-0,-0,-0,-0,-0,-0,-0,-0,-0,-0,-0,-0,-0,-0,-0,-0,-0,-0,-0,-0,-0,-0,-0,-0,-0,-0,-0,-0,-0,-0
-0,-0,-0,0.035887032384578819,-0,-0,-0,-0,-0,-0,-0,0.041521065764476589,-0,-0,-0,-0,-0,-0,-0,0.061438047541993911,-0,-0,-0,-0,-0,-0,-0,0.02247607523182785,-0,-0,-0,-0
-0,-0,-0,-0,0.12707650476208049,0.15790300875805444,-0,-0,-0,-0,-0,-0,0.13962570429987334,0.15080475928092504,-0,-0,-0,-0,-0,-0,0.12042619814805516,0.16883564247673127,-0,-0,-0,-0,-0,-0,0.13754863025570571,0.15662869510135102,-0,-0
-0,0.095135590219768792,-0,-0,-0,0.097709573690230672,-0,-0,-0,0.089921961872194478,-0,-0,-0,0.07568382108973612,-0,-0,-0,0.10334961664315778,-0,-0,-0,0.10228625796954956,-0,-0,-0,0.09887296254199171,-0,-0,-0,0.11129717283661283,-0,-0
0.26058771214720328,-0,-0,-0,0.22821006603377272,-0,-0,-0,0.25636053213595966,-0,-0,-0,0.24092295463856012,-0,-0,-0,0.27487815802264404,-0,-0,-0,0.23449296842717521,-0,-0,-0,0.25736441388565057,-0,-0,-0,0.22908078457306907,-0,-0,-0
-0,-0,-0,0.05915840443047269,0.064771988133350306,-0,-0,-0,-0,-0,-0,0.069023005711182514,0.048914524451567923,-0,-0,-0,-0,-0,-0,0.056063973669202023,0.068717872478032072,-0,-0,-0,-0,-0,-0,0.062999117784640749,0.056348245567224481,-0,-0,-0
-0,-0,-0,-0,-0,-0,0.013619309355248818,-0,-0,-0,-0,-0,-0,-0,0.017170402460493461,-0,-0,-0,-0,-0,-0,-0,0.023340140928758642,-0,-0,-0,-0,-0,-0,-0,0.020043482092464922,-0
-0,-0,-0,-0,0.41366247370812032,-0,-0,-0,-0,-0,-0,-0,0.42066264403680026,-0,-0,-0,-0,-0,-0,-0,0.42560541812070712,-0,-0,-0,-0,-0,-0,-0,0.42099790286368577,-0,-0,-0
-0,-0,-0,-0,-0,-0,0.22901320080643581,-0,-0,-0,-0,-0,-0,-0,0.24023850836672359,-0,-0,-0,-0,-0,-0,-0,0.23359138232243884,-0,-0,-0,-0,-0,-0,-0,0.21823206792080604,-0
-0,-0,-0,-0,-0,-0,-0,-0,-0,-0,-0,-0,-0,-0,-0,-0,-0,-0,-0,-0,-0,-0,-0,-0,-0,-0,-0,-0,-0,-0,-0,-0
-0,-0,-0,-0,-0,-0,-0,-0,-0,-0,-0,-0,-0,-0,-0,-0,-0,-0,-0,-0,-0,-0,-0,-0,-0,-0,-0,-0,-0,-0,-0,-0
-0,-0,-0,-0,-0,-0,-0,-0,-0,-0,-0,-0,-0,-0,-0,-0,-0,-0,-0,0.0072008888637331734,-0,-0,-0,-0,-0,-0,-0,-0,-0,-0,-0,-0
-0,-0,-0,-0,-0,-0,0.10386040736747655,-0,-0,-0,-0,-0,-0,-0,0.11696715961468704,-0,-0,-0,-0,-0,-0,-0,0.099087517104310477,-0,-0,-0,-0,-0,-0,-0,0.10070068166925682,-0
-0,-0,-0,0.11274769132693878,0.56894881172924716,-0,0.11203262297264431,-0,-0,-0,-0,0.13063897922732487,0.5794930212673659,-0,0.12874850299154914,-0,-0,-0,-0,0.096481615424802367,0.55566388729408944,-0,0.09856118403872742,-0,-0,-0,-0,0.077313328454122074,0.59485589451632803,-0,0.045639376618153329,-0
-0,0.13930562937076021,-0,-0,-0,-0,-0,-0,-0,0.15901320432412358,-0,-0,-0,-0,-0,-0,-0,0.16369967140963768,-0,-0,-0,-0,-0,-0,-0,0.10379371945079779,-0,-0,-0,-0,-0,-0
-0,-0,-0,-0,-0,-0,0.014962435399161199,-0,-0,-0,-0,-0,-0,-0,0.015997923809726776,-0,-0,-0,-0,-0,-0,-0,0.024566371157349116,-0,-0,-0,-0,-0,-0,-0,-0,-0
-0,-0,-0,-0,-0,-0,-0,-0,-0,-0,-0,-0,-0,-0,-0,-0,-0,-0,-0,-0,-0,-0,-0,-0,-0,-0,-0,-0,-0,-0,-0,-0
-0,-0,-0,-0,-0,-0,-0,-0,-0,-0,-0,-0,-0,-0,-0,-0,-0,-0,-0,-0,-0,-0,-0,-0,-0,-0,-0,-0,-0,-0,-0,-0
0.091561217260274552,-0,-0,-0,-0,0.09812328515524589,-0,-0,0.083462024159644696,-0,-0,-0,-0,0.098969864925346554,-0,-0,0.10763949097065705,-0,-0,-0,-0,0.068578801127801362,-0,-0,0.088512571673662971,-0,-0,-0,-0,0.097724098146076105,-0,-0
-0,-0,-0,-0,-0,-0,-0,-0,-0,-0,-0,-0,-0,-0,-0,-0,-0,-0,-0,-0,-0,-0,-0,-0,-0,-0,-0,-0,-0,-0,-0,-0
-0,-0,-0,-0,-0,-0,-0,-0,-0,-0,-0,-0,-0,-0,-0,-0,-0,-0,-0,-0,-0,-0,-0,-0,-0,-0,-0,-0,-0,-0,-0,-0
-0,-0,-0,-0,-0,-0,0.19429362129615524,-0,-0,-0,-0,-0,-0,-0,0.20134192942023516,-0,-0,-0,-0,-0,-0,-0,0.19786596009464535,-0,-0,-0,-0,-0,-0,-0,0.20070323278019928,-0
-0,-0,-0,-0,-0,-0,-0,-0,-0,-0,-0,-0,-0,-0,-0,-0,-0,-0,-0,-0,-0,-0,-0,-0,-0,-0,-0,-0,-0,-0,-0,-0
-0,-0,-0,-0,0.29518797284981674,-0,-0,-0,-0,-0,-0,-0,0.30402783507664466,-0,-0,-0,-0,-0,-0,-0,0.30806031074338164,-0,-0,-0,-0,-0,-0,-0,0.31142619788912318,-0,-0,-0
-0,-0,-0,-0,-0,-0,-0,-0,-0,-0,-0,-0,-0,-0,-0,-0,-0,-0,-0,-0,-0,-0,-0,-0,-0,-0,-0,-0,-0,-0,-0,-0
-0,-0,-0,-0,-0,-0,-0,-0,-0,-0,-0,-0,-0,-0,-0,-0,-0,-0,-0,-0,-0,-0,-0,-0,-0,-0,-0,-0,-0,-0,-0,-0
0.079492346173150708,-0,-0,-0,-0,-0,-0,-0,0.094089584396659154,-0,-0,-0,-0,-0,-0,-0,0.090782152709077121,-0,-0,0.0044647323077748853,-0,-0,-0,-0,0.060531152430824554,-0,-0,-0,-0,-0,-0,-0
-0,-0,-0,-0,-0,-0,-0,-0,-0,-0,-0,-0,-0,-0,-0,-0,-0,-0,-0,-0,-0,-0,-0,-0,-0,-0,-0,-0,-0,-0,-0,-0
-0,-0,-0,-0,0.75545292917661311,-0,-0,-0,-0,-0,-0,-0,0.77687281359991189,-0,-0,-0,-0,-0,-0,-0,0.7552200774159944,-0,-0,-0,-0,-0,-0,-0,0.77186218945000429,-0,-0,-0
-0,-0,-0,-0,0.27130784578134742,-0,0.22291516395145183,-0,-0,-0,-0,-0,0.26817149501465193,-0,0.23578329106504417,-0,-0,-0,-0,-0,0.24681564143463403,-0,0.22615536179607254,-0,-0,-0,-0,-0,0.26274340269277774,-0,0.21647574769231204,-0
-0,-0,-0,-0,0.59576525043670026,-0,-0,-0,-0,-0,-0,-0,0.55319996756799483,-0,-0,-0,-0,-0,-0,-0,0.58820108182838415,-0,-0,-0,-0,-0,-0,-0,0.5672053317199891,-0,-0,-0
-0,-0,-0,0.38170955537013534,-0,-0,-0,-0,-0,-0,-0,0.38193621235989278,-0,-0,-0,-0,-0,-0,-0,0.43212132004774179,-0,-0,-0,-0,-0,-0,-0,0.38168122037258972,-0,-0,-0,-0
-0,-0,-0,-0,-0,-0,-0,-0,-0,-0,-0,-0,-0,-0,-0,-0,-0,-0,-0,-0,-0,-0,-0,-0,-0,-0,-0,-0,-0,-0,-0,-0
-0,-0,-0,-0,-0,-0,-0,-0,-0,-0,-0,-0,-0,-0,-0,-0,-0,-0,-0,-0,-0,-0,-0,-0,-0,-0,-0,-0,-0,-0,-0,-0
-0,-0,-0,-0,-0,-0,-0,-0,-0,-0,-0,-0,-0,-0,-0,-0,-0,-0,-0,-0,-0,-0,-0,-0,-0,-0,-0,-0,-0,-0,-0,-0
-0,-0,-0,-0,-0,-0,-0,-0,-0,-0,-0,-0,-0,-0,-0,-0,-0,-0,-0,-0,-0,-0,-0,-0,-0,-0,-0,-0,-0,-0,-0,-0
-0,-0,-0,-0,-0,-0,-0,-0,-0,-0,-0,-0,-0,-0,-0,-0,-0,-0,-0,-0,-0,-0,-0,-0,-0,-0,-0,-0,-0,-0,-0,-0
-0,-0,-0,-0,-0,-0,-0,-0,-0,-0,-0,-0,-0,-0,-0,-0,-0,-0,-0,-0,-0,-0,-0,-0,-0,-0,-0,-0,-0,-0,-0,-0
0.043274536517347799,-0,-0,-0,-0,0.020518607830925097,-0,-0,0.042370068101823546,-0,-0,-0,-0,0.02544518356278919,-0,-0,0.055658023706356148,-0,-0,-0,-0,0.013985938733607569,-0,-0,0.016644724487100446,-0,-0,-0,-0,0.035332849898597307,-0,-0
-0,-0,-0,-0,-0,-0,-0,-0,-0,-0,-0,-0,-0,-0,-0,-0,-0,-0,-0,-0,-0,-0,-0,-0,-0,-0,-0,-0,-0,-0,-0,-0
-0,-0,-0,-0,-0,-0,-0,-0,-0,-0,-0,-0,-0,-0,-0,-0,-0,-0,-0,-0,-0,-0,-0,-0,-0,-0,-0,-0,-0,-0,-0,-0
-0,-0,-0,-0,0.018197434040329245,-0,0.35101705326938415,-0,-0,-0,-0,-0,0.027888889834467533,-0,0.35431215600074645,-0,-0,-0,-0,-0,0.021115313247038855,-0,0.34911014937049517,-0,-0,-0,-0,-0,0.022564549214196924,-0,0.36534872975304472,-0
-0,0.35936670365047818,-0,-0,-0,-0,-0,-0,-0,0.35937275442130184,-0,-0,-0,-0,-0,-0,-0,0.37583534624143922,-0,-0,-0,-0,-0,-0,-0,0.33721171979084436,-0,-0,-0,-0,-0,-0
-0,-0,-0,-0,-0,-0,-0,-0,-0,-0,-0,-0,-0,-0,-0,-0,-0,-0,-0,-0,-0,-0,-0,-0,-0,-0,-0,-0,-0,-0,-0,-0
-0,-0,0.10624035265446347,-0,-0,-0,-0,-0,-0,-0,0.10074612739902709,-0,-0,-0,-0,-0,-0,-0,0.096263948072558683,-0,-0,-0,-0,-0,-0,-0,0.11491685666171869,-0,-0,-0,-0,-0
-0,-0,-0,-0,-0,-0,-0,-0,-0,-0,-0,-0,-0,-0,-0,-0,-0,-0,-0,-0,-0,-0,-0,-0,-0,-0,-0,-0,-0,-0,-0,-0
-0,0.32096915377354029,-0,-0,-0,-0,-0,-0,-0,0.33118550764905291,-0,-0,-0,-0,-0,-0,-0,0.32047275825132937,-0,-0,-0,-0,-0,-0,-0,0.28182306767377768,-0,-0,-0,-0,-0,-0
-0,-0,-0,-0,-0,-0,-0,-0,-0,-0,-0,-0,-0,-0,-0,-0,-0,-0,-0,-0,-0,-0,-0,-0,-0,-0,-0,-0,-0,-0,-0,-0
-0,-0,-0,-0,-0,-0,-0,-0,-0,-0,-0,-0,-0,-0,-0,-0,-0,-0,-0,-0,-0,-0,-0,-0,-0,-0,-0,-0,-0,-0,-0,-0
-0,-0,-0,-0,-0,-0,-0,-0,-0,-0,-0,-0,-0,-0,-0,-0,-0,-0,-0,-0,-0,-0,-0,-0,-0,-0,-0,-0,-0,-0,-0,-0
-0,-0,-0,-0,-0,-0,-0,-0,-0,-0,-0,-0,-0,-0,-0,-0,-0,-0,-0,-0,-0,-0,-0,-0,-0,-0,-0,-0,-0,-0,-0,-0
-0,0.024409642442670781,-0,-0,0.036391298191837271,-0,-0,-0,-0,0.017690506765644914,-0,-0,0.015764363184412159,-0,-0,-0,-0,0.042665510529072477,-0,-0,0.024010673240682824,-0,-0,-0,-0,0.050684774489682519,-0,-0,0.030129320876992202,-0,-0,-0
-0,-0,-0,-0,-0,-0,-0,-0,-0,-0,-0,-0,-0,-0,-0,-0,-0,-0,-0,-0,-0,-0,-0,-0,-0,-0,-0,-0,-0,-0,-0,-0
-0,0.11946666797191129,-0,-0,-0,-0,-0,-0,-0,0.13220577339474135,-0,-0,-0,-0,-0,-0,-0,0.14247583310595338,-0,-0,-0,-0,-0,-0,-0,0.11557314060996554,-0,-0,-0,-0,-0,-0
-0,-0,-0,-0,-0,-0,-0,-0,-0,-0,-0,-0,-0,-0,-0,-0,-0,-0,-0,-0,-0,-0,-0,-0,-0,-0,-0,-0,-0,-0,-0,-0
0.046794428250457147,-0,-0,-0,-0,-0,-0,-0,0.045695966710787579,-0,-0,-0,-0,-0,-0,-0,0.038016153099985593,-0,-0,-0,-0,-0,-0,-0,0.040297220888510295,-0,-0,-0,-0,-0,-0,-0
-0,-0,-0,-0,-0,-0,-0,-0,-0,-0,-0,-0,-0,-0,-0,-0,-0,-0,-0,-0,-0,-0,-0,-0,-0,-0,-0,-0,-0,-0,-0,-0
-0,-0,-0,-0,-0,0.00082024526949089861,-0,-0,-0,-0,-0,-0,-0,-0,-0,-0,-0,-0,-0,-0,-0,-0,-0,-0,-0,-0,-0,-0,-0,0.01488327913840941,-0,-0
-0,-0,-0,-0,-0,-0,-0,-0,-0,0.006824319970002859,-0,-0,-0,-0,-0,-0,-0,0.0045066464131705295,-0,-0,-0,-0,-0,-0,-0,-0,-0,-0,-0,-0,-0,-0
-0,0.073818937436559512,-0,-0,-0,-0,-0,-0,-0,0.099651176119736215,-0,-0,-0,-0,-0,-0,-0,0.092269719477173856,-0,-0,-0,-0,-0,-0,-0,0.06577672865566718,-0,-0,-0,-0,-0,-0
-0,-0,-0,-0,-0,0.28548199729933393,-0,-0,-0,-0,-0,-0,-0,0.27088195627923067,-0,-0,-0,-0,-0,-0,-0,0.28383520846015442,-0,-0,-0,-0,-0,-0,-0,0.29351826653136609,-0,-0
-0,-0,-0,-0,-0,0.12082424441094364,-0,-0,-0,-0,-0,-0,-0,0.11115936630396972,-0,-0,-0,-0,-0,-0,-0,0.1161947176553972,-0,-0,-0,-0,-0,-0,-0,0.11875764749749386,-0,-0
-0,-0,-0,-0,-0,-0,-0,-0,-0,-0,-0,-0,-0,-0,-0,-0,-0,-0,-0,-0,-0,-0,-0,-0,-0,-0,-0,-0,-0,-0,-0,-0
-0,0.052366598196193777,-0,-0,-0,-0,-0,-0,-0,0.062182478372149436,-0,-0,-0,-0,-0,-0,-0,0.084159437310082102,-0,-0,-0,-0,-0,-0,-0,0.078046491314000224,-0,-0,-0,-0,-0,-0
-0,-0,-0,-0,-0,-0,-0,-0,-0,-0,-0,-0,-0,-0,-0,-0,-0,-0,-0,-0,-0,-0,-0,-0,-0,-0,-0,-0,-0,-0,-0,-0
-0,-0,-0,-0,-0,-0,-0,-0,-0,-0,-0,-0,-0,-0,-0,-0,-0,-0,-0,-0,-0,-0,-0,-0,-0,-0,-0,-0,-0,-0,-0,-0
-0,0.23599201868946798,-0,-0,0.11307534243088728,-0,0.020875248692827579,-0,-0,0.22038967300955301,-0,-0,0.092018117021955323,-0,0.025183423254616925,-0,-0,0.22276386445742077,-0,-0,0.084694433640172997,-0,0.023885661789423918,-0,-0,0.23262440531625786,-0,-0,0.12383457532903647,-0,0.0018790870738945864,-0
-0,0.18542844380686041,-0,-0,-0,-0,0.13002880687253507,-0,-0,0.19405564028218925,-0,-0,-0,-0,0.12793368181213569,-0,-0,0.17777940926364535,-0,-0,-0,-0,0.14716105354909176,-0,-0,0.16165243965346482,-0,-0,-0,-0,0.12656104848428171,-0
-0,-0,-0,-0,-0,-0,-0,-0,-0,-0,-0,-0,-0,-0,-0,-0,-0,-0,-0,-0,-0,-0,-0,-0,-0,-0,-0,-0,-0,-0,-0,-0
-0,-0,-0,-0,-0,-0,-0,-0,-0,-0,-0,-0,-0,-0,-0,-0,-0,-0,-0,-0,-0,-0,-0,-0,-0,-0,-0,-0,0.012560590011334345,-0,-0,-0
-0,-0,0.14328764410187877,-0,-0,-0,-0,-0,-0,-0,0.13355711598362896,-0,-0,-0,-0,-0,-0,-0,0.14639679825523319,-0,-0,-0,-0,-0,-0,-0,0.13362570187936032,-0,-0,-0,-0,-0
-0,-0,-0,-0,-0,-0,-0,-0,-0,-0,-0,-0,-0,-0,-0,-0,-0,-0,-0,-0,-0,-0,-0,-0,-0,-0,-0,-0,-0,-0,-0,-0
-0,-0,-0,-0,-0,-0,-0,-0,-0,-0,-0,-0,-0,-0,-0,-0,-0,-0,-0,-0,-0,-0,-0,-0,-0,-0,-0,-0,-0,-0,-0,-0
-0,-0,-0,-0,-0,-0,-0,-0,-0,-0,-0,-0,-0,-0,-0,-0,-0,-0,-0,-0,-0,-0,-0,-0,-0,-0,-0,-0,-0,-0,-0,-0
-0,-0,0.38253431973611057,-0,0.023422055347803873,-0,-0,-0,-0,-0,0.3330179529233675,-0,0.001896677502948387,-0,-0,-0,-0,-0,0.35059134857423568,-0,0.010442293834162049,-0,-0,-0,-0,-0,0.3577986111722441,-0,0.016251460026922536,-0,-0,-0
-0,-0,-0,-0,-0,-0,-0,-0,-0,-0,-0,-0,-0,-0,-0,-0,-0,-0,-0,-0,-0,-0,-0,-0,-0,-0,-0,-0,-0,-0,-0,-0
-0,-0,-0,-0,-0,-0,-0,0.04353294812246436,-0,-0,-0,-0,-0,-0,-0,0.026684401041125631,-0,-0,-0,-0,-0,-0,-0,0.068176114426774737,-0,-0,-0,-0,-0,-0,-0,0.058888847242498953
-0,-0,-0,-0,-0,-0,-0,-0,-0,-0,-0,-0,-0,-0,-0,-0,-0,-0,-0,-0,-0,-0,-0,-0,-0,-0,-0,-0,-0,-0,-0,-0
-0,-0,-0,0.095029284438314682,0.0063567572876028515,-0,-0,-0,-0,-0,-0,0.10587883093007674,-0,-0,-0,-0,-0,-0,-0,0.1165557798777223,0.016148711512892707,-0,-0,-0,-0,-0,-0,0.091639793937380754,0.0057768111106078351,-0,-0,-0
-0,-0,-0,-0,-0,-0,0.18822602890195583,-0,-0,-0,-0,-0,-0,-0,0.20554105013770932,-0,-0,-0,-0,-0,-0,-0,0.18175520391223521,-0,-0,-0,-0,-0,-0,-0,0.16820092538032388,-0
-0,-0,-0,-0,-0,-0,-0,-0,-0,-0,-0,-0,-0,-0,-0,-0,-0,-0,-0,-0,-0,-0,-0,-0,-0,-0,-0,-0,-0,-0,-0,-0
-0,-0,-0,0.095799331190620785,0.040373431726240673,-0,-0,-0,-0,-0,-0,0.10096307555823274,0.039824943038042487,-0,-0,-0,-0,-0,-0,0.1306161974887585,0.051518010725825021,-0,-0,-0,-0,-0,-0,0.094208280083966825,0.051796866962716626,-0,-0,-0
-0,-0,-0,-0,-0,-0,0.042190681868048793,-0,-0,-0,-0,-0,-0,-0,0.061703828879908003,-0,-0,-0,-0,-0,-0,-0,0.045690771729967321,-0,-0,-0,-0,-0,-0,-0,0.058699534662491892,-0
-0,0.026416776631731729,-0,-0,-0,-0,0.033313309420304485,-0,-0,0.027729184987214703,-0,-0,-0,-0,0.035293817894431846,-0,-0,0.027198659305466298,-0,-0,-0,-0,0.034807502398881481,-0,-0,0.017440438005226565,-0,-0,-0,-0,0.048033437660294699,-0
-0,-0,-0,-0,-0,-0,0.27494919515381971,-0,-0,-0,-0,-0,-0,-0,0.29077499488520892,-0,-0,-0,-0,-0,-0,-0,0.29987334782802222,-0,-0,-0,-0,-0,-0,-0,0.26810813727673544,-0
-0,-0,-0,-0,0.19898321920905895,-0,-0,-0,-0,-0,-0,-0,0.18655859046809956,-0,-0,-0,-0,-0,-0,-0,0.19337165250987259,-0,-0,-0,-0,-0,-0,-0,0.17541490600961535,-0,-0,-0
-0,-0,-0,-0,-0,0.28125149680895739,-0,-0,-0,-0,-0,-0,-0,0.28202804435700052,-0,-0,-0,-0,-0,-0,-0,0.28078034542323799,-0,-0,-0,-0,-0,-0,-0,0.29140330178778973,-0,-0
-0,-0,-0,-0,-0,-0,-0,-0,-0,-0,-0,-0,-0,-0,-0,-0,-0,-0,-0,-0,-0,-0,-0,-0,-0,-0,-0,-0,-0,-0,-0,-0
-0,-0,-0,-0,-0,-0,-0,-0,-0,-0,-0,-0,-0,-0,-0,-0,-0,-0,-0,-0,-0,-0,-0,-0,-0,-0,-0,-0,-0,-0,-0,-0
-0,-0,-0,-0,-0,-0,-0,-0,-0,-0,-0,-0,-0,-0,-0,-0,-0,-0,-0,-0,-0,-0,-0,-0,-0,-0,-0,-0,-0,-0,-0,-0
-0,-0,-0,-0,-0,-0,-0,-0,-0,-0,-0,-0,-0,-0,-0,-0,-0,-0,-0,-0,-0,-0,-0,-0,-0,-0,-0,-0,-0,-0,-0,-0
-0,-0,-0,-0,-0,-0,-0,-0,-0,-0,-0,-0,-0,-0,-0,-0,-0,-0,-0,-0,-0,-0,-0,-0,-0,-0,-0,-0,-0,-0,-0,-0
-0,-0,-0,-0,-0,-0,-0,-0,-0,-0,-0,-0,-0,-0,-0,-0,-0,-0,-0,-0,-0,-0,-0,-0,-0,-0,-0,-0,-0,-0,-0,-0
-0,-0,-0,0.033584543101435299,0.32249660292478755,-0,-0,-0,-0,-0,-0,0.046361084851995811,0.32555180473429329,-0,-0,-0,-0,-0,-0,0.028307403923007537,0.32605619755427934,-0,-0,-0,-0,-0,-0,0.026679721112483477,0.31657321268456079,-0,-0,-0
-0,-0,-0,-0,-0,-0,-0,-0,-0,-0,-0,-0,-0,-0,-0,-0,-0,-0,-0,-0,-0,-0,-0,-0,-0,-0,-0,-0,-0,-0,-0,-0
-0,-0,-0,-0,-0,-0,-0,-0,-0,-0,-0,-0,-0,-0,-0,-0,-0,-0,-0,-0,-0,-0,-0,-0,-0,-0,-0,-0,-0,-0,-0,-0
-0,-0,-0,-0,-0,-0,-0,-0,-0,-0,-0,-0,-0,-0,-0,-0,-0,-0,-0,-0,-0,-0,-0,-0,-0,-0,-0,-0,-0,-0,-0,-0
-0,-0,-0,-0,-0,-0,-0,-0,-0,-0,-0,-0,-0,-0,-0,-0,-0,-0,-0,-0,-0,-0,-0,-0,-0,-0,-0,-0,-0,-0,-0,-0
-0,-0,-0,-0,0.1275681782729447,-0,-0,-0,-0,-0,-0,-0,0.09689686601654933,-0,-0,-0,-0,-0,-0,-0,0.11278579857787512,-0,-0,-0,-0,-0,-0,-0,0.1160689905396214,-0,-0,-0
-0,-0,-0,-0,-0,-0,-0,-0,-0,-0,-0,-0,-0,-0,-0,-0,-0,-0,-0,-0,-0,-0,-0,-0,-0,-0,-0,-0,-0,-0,-0,-0
-0,-0,-0,0.058950082850080507,0.67852908487087038,-0,-0,-0,-0,-0,-0,0.053718564905427472,0.66213094251008686,-0,-0,-0,-0,-0,-0,0.073807512027966288,0.68203053337528707,-0,-0,-0,-0,-0,-0,0.051903650845289466,0.6741127636347487,-0,-0,-0
-0,-0,-0,-0,-0,-0,-0,-0,-0,-0,-0,-0,-0,-0,-0,-0,-0,-0,-0,-0,-0,-0,-0,-0,-0,-0,-0,-0,-0,-0,-0,-0
-0,0.044105130569466355,-0,-0,-0,-0,-0,-0,-0,0.033522846916651208,-0,-0,-0,-0,-0,-0,-0,0.047490817215756008,-0,-0,-0,-0,-0,-0,-0,0.03191095427788624,-0,-0,-0,-0,-0,-0
-0,-0,-0,-0,-0,-0,-0,-0,-0,-0,-0,-0,-0,-0,-0,-0,-0,-0,-0,-0,-0,-0,-0,-0,-0,-0,-0,-0,-0,-0,-0,-0
-0,-0,-0,-0,-0,-0,-0,-0,-0,-0,-0,-0,-0,-0,-0,-0,-0,-0,-0,-0,-0,-0,-0,-0,-0,-0,-0,-0,-0,-0,-0,-0
-0,-0,-0,-0,-0,-0,-0,-0,-0,-0,-0,-0,-0,-0,-0,-0,-0,-0,-0,-0,-0,-0,-0,-0,-0,-0,-0,-0,-0,-0,-0,-0
-0,-0,-0,-0,-0,-0,-0,-0,-0,-0,-0,-0,-0,-0,-0,-0,-0,-0,-0,-0,-0,-0,-0,-0,-0,-0,-0,-0,-0,-0,-0,-0
-0,-0,-0,-0,-0,-0,-0,-0,-0,-0,-0,-0,-0,-0,-0,-0,-0,-0,-0,-0,-0,-0,-0,-0,-0,-0,-0,-0,-0,-0,-0,-0
-0,-0,-0,-0,-0,0.068897828066217373,-0,-0,-0,-0,-0,-0,-0,0.066446940754362235,-0,-0,-0,-0,-0,-0,-0,0.063797612293468475,-0,-0,-0,-0,-0,-0,-0,0.069475572417041553,-0,-0
-0,-0,-0,-0,-0,-0,0.13190570559802656,-0,-0,-0,-0,-0,-0,-0,0.15380171646844545,-0,-0,-0,-0,-0,-0,-0,0.15658150523202993,-0,-0,-0,-0,-0,-0,-0,0.10998602102393167,-0
-0,-0,-0,-0,0.024485933632962118,-0,-0,-0,-0,-0,-0,-0,0.035842135599428178,-0,-0,-0,-0,-0,-0,-0,0.020408038837918002,-0,-0,-0,-0,-0,-0,-0,0.0080234620494824306,-0,-0,-0
-0,0.22508853316142,-0,-0,-0,-0,-0,-0,-0,0.22017490993769506,-0,-0,-0,-0,-0,-0,-0,0.20419118113151372,-0,-0,-0,-0,-0,-0,-0,0.21795762492554141,-0,-0,-0,-0,-0,-0
-0,-0,-0,0.017526718916851008,-0,-0,-0,-0,-0,-0,-0,0.044549216258249258,-0,-0,-0,-0,-0,-0,-0,0.065461462943891852,-0,-0,-0,-0,-0,-0,-0,0.0050187426885438388,-0,-0,-0,-0
-0,-0,-0,0.15198423899280383,-0,-0,-0,-0,-0,-0,-0,0.15740763466742053,-0,-0,-0,-0,-0,-0,-0,0.18189076866511,-0,-0,-0,-0,-0,-0,-0,0.14001793674906934,-0,-0,-0,-0
-0,0.064863274910665875,-0,-0,-0,-0,-0,-0,-0,0.076609351814478449,-0,-0,-0,-0,-0,-0,-0,0.073708173490883627,-0,-0,-0,-0,-0,-0,-0,0.062768025243705616,-0,-0,-0,-0,-0,-0
-0,-0,-0,0.30055236317826878,0.86591561695332619,-0,-0,-0,-0,-0,-0,0.30714970821119808,0.84742567153285253,-0,-0,-0,-0,-0,-0,0.34962155000638218,0.88130003400932744,-0,-0,-0,-0,-0,-0,0.29975162125171256,0.87733750188933168,-0,-0,-0
0.025987195821640292,-0,-0,-0,0.10573610275751026,-0,-0,-0,0.015472046641203677,-0,-0,-0,0.10427395164046949,-0,-0,-0,0.039041399033523744,-0,-0,-0,0.11528762322630728,-0,-0,-0,0.030644834633832288,-0,-0,-0,0.096028809145703206,-0,-0,-0
-0,0.085670335827264701,-0,-0,-0,-0,-0,-0,-0,0.091671657461190617,-0,-0,-0,-0,-0,-0,-0,0.086965349033796019,-0,-0,-0,-0,-0,-0,-0,0.071318669065401991,-0,-0,-0,-0,-0,-0
-0,-0,-0,-0,0.14402667327185004,-0,-0,-0,-0,-0,-0,-0,0.12518900559512652,-0,-0,-0,-0,-0,-0,0.020103106357018299,0.15821000254424669,-0,-0,-0,-0,-0,-0,-0,0.15315631556340231,-0,-0,-0
-0,-0,-0,-0,-0,-0,-0,-0,-0,-0,-0,-0,-0,-0,-0,-0,-0,-0,-0,-0,-0,-0,-0,-0,-0,-0,-0,-0,-0,-0,-0,-0
-0,-0,-0,-0,-0,-0,-0,0.073798831639297624,-0,-0,-0,-0,-0,-0,-0,0.049148939127938975,-0,-0,-0,-0,-0,-0,-0,0.092675891908625199,-0,-0,-0,-0,-0,-0,-0,0.094864908372758766
-0,-0,-0,-0,-0,-0,-0,-0,-0,-0,-0,-0,-0,-0,-0,-0,-0,-0,-0,-0,-0,-0,-0,-0,-0,-0,-0,-0,-0,-0,-0,-0
-0,-0,-0,-0,-0,-0,-0,-0,-0,-0,-0,-0,-0,-0,-0,-0,-0,-0,-0,-0,-0,-0,-0,-0,-0,-0,-0,-0,-0,-0,-0,-0
-0,-0,-0,-0,-0,-0,-0,-0,-0,-0,-0,-0,-0,-0,-0,-0,-0,-0,-0,-0,-0,-0,-0,-0,-0,-0,-0,-0,-0,-0,-0,-0
-0,-0,-0,-0,-0,-0,-0,-0,-0,-0,-0,-0,-0,-0,-0,-0,-0,-0,-0,-0,-0,-0,-0,-0,-0,-0,-0,-0,-0,-0,-0,-0
-0,-0,-0,-0,0.13799257889307806,-0,-0,-0,-0,-0,-0,-0,0.10125667712391581,-0,-0,-0,-0,-0,-0,-0,0.14056581520878866,-0,-0,-0,-0,-0,-0,-0,0.1427945095285818,-0,-0,-0
0.34111527949473064,-0,-0,0.29911683040326331,0.36642440331379073,-0,-0,-0,0.31747183313186661,-0,-0,0.30726159471109071,0.36205052745493999,-0,-0,-0,0.33794986273552879,-0,-0,0.32722989520544854,0.36960342421884607,-0,-0,-0,0.33774004807798058,-0,-0,0.29671692827804774,0.37032674667953341,-0,-0,-0
-0,-0,-0,-0,-0,-0,-0,-0,-0,-0,-0,-0,-0,-0,-0,-0,-0,-0,-0,-0,-0,-0,-0,-0,-0,-0,-0,-0,-0,-0,-0,-0
0.065335596843064864,-0,-0,-0,0.29484412955562112,-0,-0,-0,0.023649415503211951,-0,-0,-0,0.31785203220748703,-0,-0,-0,0.077572093117553809,-0,-0,-0,0.2894087053060494,-0,-0,-0,0.089869451827790478,-0,-0,-0,0.30013251014305764,-0,-0,-0
-0,-0,-0,-0,-0,-0,-0,-0,-0,-0,-0,-0,-0,-0,-0,-0,-0,-0,-0,-0,-0,-0,-0,-0,-0,-0,-0,-0,-0,-0,-0,-0
-0,-0,-0,-0,0.11002910339331716,-0,-0,-0,-0,-0,-0,-0,0.083193213802715549,-0,-0,-0,-0,-0,-0,-0,0.11214911079125817,-0,-0,-0,-0,-0,-0,-0,0.11771223260365192,-0,-0,-0
0.040824061501495611,-0,-0,-0,-0,-0,-0,-0,0.034031099752592595,-0,-0,-0,-0,-0,-0,-0,0.049319734798176064,-0,-0,-0,-0,-0,-0,-0,0.052725967302647281,-0,-0,-0,-0,-0,-0,-0
-0,0.15434141857428899,-0,-0,-0,-0,-0,-0,-0,0.16296169769289576,-0,-0,-0,-0,-0,-0,-0,0.18232945220903732,-0,-0,-0,-0,-0,-0,-0,0.11869698428462278,-0,-0,-0,-0,-0,-0
-0,0.17574074198974196,-0,-0,-0,-0,-0,-0,-0,0.18393530348628773,-0,-0,-0,-0,-0,-0,-0,0.16521405204314613,-0,-0,-0,-0,-0,-0,-0,0.17562165574581809,-0,-0,-0,-0,-0,-0
-0,-0,-0,-0,-0,-0,-0,-0,-0,-0,-0,-0,-0,-0,-0,-0,-0,-0,-0,-0,-0,-0,-0,-0,-0,-0,-0,-0,-0,-0,-0,-0
-0,-0,-0,-0,-0,-0,-0,-0,-0,-0,-0,-0,-0,-0,-0,-0,-0,-0,-0,-0,-0,-0,-0,-0,-0,-0,-0,-0,-0,-0,-0,-0
-0,-0,-0,-0,-0,-0,-0,-0,-0,-0,-0,-0,-0,-0,0.018300363839831791,-0,-0,-0,-0,-0,-0,-0,-0,-0,-0,-0,-0,-0,-0,-0,-0,-0
-0,-0,0.24460029002947412,-0,-0,-0,-0,-0,-0,-0,0.23374572091254414,-0,-0,-0,-0,-0,-0,-0,0.21601526502259497,-0,-0,-0,-0,-0,-0,-0,0.23550722131242674,-0,-0,-0,-0,-0
-0,-0,-0,-0,-0,0.17936231616419049,-0,-0,-0,-0,-0,-0,-0,0.17105941948187553,-0,-0,-0,-0,-0,-0,-0,0.18412270144409654,-0,-0,-0,-0,-0,-0,-0,0.19415675253431183,-0,-0
-0,-0,-0,-0,0.30213131929257137,-0,-0,-0,-0,-0,-0,-0,0.29449135481201599,-0,-0,-0,-0,-0,-0,-0,0.27875264108371467,-0,-0,-0,-0,-0,-0,-0,0.28271809735254139,-0,-0,-0
-0,0.65050603306195809,-0,-0,-0,-0,-0,-0,-0,0.65469603044934044,-0,-0,-0,-0,-0,-0,-0,0.63878862331912489,-0,-0,-0,-0,-0,-0,-0,0.6533584475824743,-0,-0,-0,-0,-0,-0
0.0081848086961292029,-0,-0,-0,-0,-0,-0,-0,-0,-0,-0,-0,-0,-0,-0,-0,0.014254786630403525,-0,-0,-0,-0,-0,-0,-0,-0,-0,-0,-0,-0,-0,-0,-0
0.76747006419953456,-0,-0,-0,-0,-0,-0,-0,0.75067798491580795,-0,-0,-0,-0,-0,-0,-0,0.75861870866688486,-0,-0,-0,-0,-0,-0,-0,0.73407930994643633,-0,-0,-0,-0,-0,-0,-0
-0,-0,-0,0.10588557739504197,0.008818993930538345,-0,-0,-0,-0,-0,-0,0.11728973864965396,-0,-0,-0,-0,-0,-0,-0,0.14062193945181042,0.027261758727968034,-0,-0,-0,-0,-0,-0,0.097327656494091488,-0,-0,-0,-0
-0,-0,-0,-0,0.09629574827017931,-0,-0,-0,-0,-0,-0,-0,0.089662533112969636,-0,-0,-0,-0,-0,-0,-0,0.1153121423934582,-0,-0,-0,-0,-0,-0,-0,0.089979571073391537,-0,-0,-0
-0,-0,-0,-0,-0,0.098501559346550638,-0,-0,-0,-0,-0,-0,-0,0.069684510182718207,-0,-0,-0,-0,-0,-0,-0,0.096075963738100817,-0,-0,-0,-0,-0,-0,-0,0.10765077408356481,-0,-0
0.20847149422591962,-0,-0,0.15214299265650505,-0,-0,-0,-0,0.19766427312365348,-0,-0,0.15920394950645206,-0,-0,-0,-0,0.21233855370556351,-0,-0,0.16688374374249099,-0,-0,-0,-0,0.19717474096297985,-0,-0,0.15142522375304843,-0,-0,-0,-0
-0,-0,-0,-0,-0,0.04134838770921917,-0,-0,-0,-0,-0,-0,-0,0.038239114248037449,-0,-0,-0,-0,-0,-0,-0,0.048371343268575985,-0,-0,-0,-0,-0,-0,-0,0.04752130496040044,-0,-0
-0,-0,-0,-0,-0,-0,-0,0.17296584792171874,-0,-0,-0,-0,-0,-0,-0,0.16880942417791325,-0,-0,-0,-0,-0,-0,-0,0.18497855562564056,-0,-0,-0,-0,-0,-0,-0,0.17495691170770242
0.037896205616676268,-0,-0,0.12575473718309227,0.40142946300515137,-0,-0,-0,0.040423789241456204,-0,-0,0.12862755012232396,0.39075734334755685,-0,-0,-0,0.059308963459713412,-0,-0,0.14424153161406059,0.40814125385691269,-0,-0,-0,0.022357815494209864,-0,-0,0.12454769921941898,0.40042638020931182,-0,-0,-0
-0,-0,-0,-0,-0,-0,-0,-0,-0,-0,-0,-0,-0,-0,-0,-0,-0,-0,-0,-0,-0,-0,-0,-0,-0,-0,-0,-0,-0,-0,-0,-0
-0,-0,-0,0.015464119512949976,-0,-0,-0,-0,-0,0.027787054566720735,-0,0.01470925935282408,-0,-0,-0,-0,-0,-0,-0,0.082348786272679816,-0,-0,-0,-0,-0,-0,-0,0.033132335712061145,-0,-0,-0,-0
-0,-0,-0,-0,-0,-0,-0,-0,-0,-0,-0,-0,-0,-0,-0,-0,-0,-0,-0,-0,-0,-0,-0,-0,-0,-0,-0,-0,-0,-0,-0,-0
-0,0.079862287514393213,-0,0.089217799368795814,-0,-0,-0,-0,-0,0.088013837859099012,-0,0.10013119742673858,-0,-0,-0,-0,-0,0.098161976238614196,-0,0.11472163489611843,-0,-0,-0,-0,-0,0.08528659836403811,-0,0.083690486305782658,-0,-0,-0,-0
-0,-0,-0,-0,0.22047058545426218,-0,-0,-0,-0,-0,-0,-0,0.23315894764084047,-0,-0,-0,-0,-0,-0,-0,0.19991662124800641,-0,-0,-0,-0,-0,-0,-0,0.21517442598730038,-0,-0,-0
-0,-0,-0,-0,-0,-0,-0,-0,-0,-0,-0,-0,-0,-0,-0,-0,-0,-0,-0,-0,-0,-0,-0,-0,-0,-0,-0,-0,-0,-0,-0,-0
-0,-0,-0,-0,-0,-0,-0,-0,-0,-0,-0,-0,-0,-0,-0,-0,-0,-0,-0,-0,-0,-0,-0,-0,-0,-0,-0,-0,-0,-0,-0,-0
-0,-0,-0,-0,-0,-0,-0,-0,-0,-0,-0,-0,-0,-0,-0,-0,-0,-0,-0,-0,-0,-0,-0,-0,-0,-0,-0,-0,-0,-0,-0,-0
-0,-0,-0,-0,-0,-0,0.32091499184326694,-0,-0,-0,-0,-0,-0,-0,0.3273852015366005,-0,-0,-0,-0,-0,-0,-0,0.3304163772256144,-0,-0,-0,-0,-0,-0,-0,0.32145489362164953,-0
-0,-0,-0,-0,-0,-0,-0,-0,-0,-0,-0,-0,-0,-0,-0,-0,-0,-0,-0,-0,-0,-0,-0,-0,-0,-0,-0,-0,-0,-0,-0,-0
-0,-0,-0,-0,-0,-0,0.2116204229177284,-0,-0,-0,-0,-0,-0,-0,0.22854350539067336,-0,-0,-0,-0,-0,-0,-0,0.20459001440302813,-0,-0,-0,-0,-0,-0,-0,0.19303043155322339,-0
-0,0.12655408528489384,0.066244062278020294,-0,0.022355272077025722,0.085452346927925776,-0,-0,-0,0.11952416213467026,0.058303896542397662,-0,0.013590628698416023,0.070083897860296576,-0,-0,-0,0.12408138230039492,0.068342447826787639,-0,0.02327373160741613,0.087258852954744406,-0,-0,-0,0.13053050727448459,0.060543547721209415,-0,0.02621565199343364,0.089503312309631058,-0,-0
-0,-0,-0,-0,-0,-0,-0,-0,-0,-0,-0,-0,-0,-0,-0,-0,-0,-0,-0,-0,-0,-0,-0,-0,-0,-0,-0,-0,-0,-0,-0,-0
-0,-0,-0,-0,-0,-0,-0,-0,-0,-0,-0,-0,-0,-0,-0,-0,-0,-0,-0,-0,-0,-0,-0,-0,-0,-0,-0,-0,-0,-0,-0,-0
-0,-0,-0,-0,-0,-0,-0,-0,-0,-0,-0,-0,-0,-0,-0,-0,-0,-0,-0,-0,-0,-0,-0,-0,-0,-0,-0,-0,-0,-0,-0,-0
0.088473964943340644,0.10508573024755805,-0,-0,-0,-0,-0,-0,0.08381334479273117,0.10612135502987263,-0,-0,-0,-0,-0,-0,0.08956236531560692,0.095909687007056529,-0,-0,-0,-0,-0,-0,0.089871790732189219,0.1016182298817403,-0,-0,-0,-0,-0,-0
0.24784178645553892,-0,-0,-0,-0,-0,-0,-0,0.24929570306775217,-0,-0,-0,-0,-0,-0,-0,0.23992417447134387,-0,-0,-0,-0,-0,-0,-0,0.24511201344358219,-0,-0,-0,-0,-0,-0,-0
-0,-0,-0,-0,-0,-0,-0,-0,-0,-0,-0,-0,-0,-0,-0,-0,-0,-0,-0,-0,-0,-0,-0,-0,-0,-0,-0,-0,-0,-0,-0,-0
-0,-0,-0,-0,-0,-0,-0,0.087091534273724139,-0,-0,-0,-0,-0,-0,-0,0.0771977001974124,-0,-0,-0,-0,-0,-0,-0,0.10534519238951318,-0,-0,-0,-0,-0,-0,-0,0.08906357381555656
-0,-0,-0,-0,-0,-0,-0,-0,-0,-0,-0,-0,-0,-0,-0,-0,-0,-0,-0,-0,-0,-0,-0,-0,-0,-0,-0,-0,-0,-0,-0,-0
-0,-0,-0,0.27198255158456691,0.6131736425887695,-0,-0,-0,-0,-0,-0,0.28796687113285541,0.5883073971467484,-0,-0,-0,-0,-0,-0,0.29417586721444483,0.61564028267729343,-0,-0,-0,-0,-0,-0,0.26533504380430767,0.61677450051255311,-0,-0,-0
-0,-0,-0,-0,-0,-0,-0,-0,-0,-0,-0,-0,-0,-0,-0,-0,-0,-0,-0,-0,-0,-0,-0,-0,-0,-0,-0,-0,-0,-0,-0,-0
-0,-0,-0,-0,-0,-0,-0,-0,-0,-0,-0,-0,-0,-0,-0,-0,-0,-0,-0,-0,-0,-0,-0,-0,-0,-0,-0,-0,-0,-0,-0,-0
-0,-0,-0,0.25255976783235679,0.63941002311232542,-0,-0,-0,-0,-0,-0,0.26178686506024029,0.60937610960206201,-0,-0,-0,-0,-0,-0,0.28225007218169329,0.63086083647353397,-0,-0,-0,-0,-0,-0,0.23601366372409097,0.62667680367595735,-0,-0,-0
-0,-0,-0,-0,-0,-0,-0,-0,-0,-0,-0,-0,-0,-0,-0,-0,-0,-0,-0,-0,-0,-0,-0,-0,-0,-0,-0,-0,-0,-0,-0,-0
-0,-0,-0,-0,-0,-0,-0,-0,-0,-0,-0,-0,-0,-0,-0,-0,-0,-0,-0,-0,-0,-0,-0,-0,-0,-0,-0,-0,-0,-0,-0,-0
-0,-0,-0,-0,-0,-0,-0,-0,-0,-0,-0,-0,-0,-0,-0,-0,-0,-0,-0,-0,-0,-0,-0,-0,-0,-0,-0,-0,-0,-0,-0,-0
-0,-0,-0,-0,-0,-0,-0,-0,-0,-0,-0,-0,-0,-0,-0,-0,-0,-0,-0,-0,-0,-0,-0,-0,-0,-0,-0,-0,-0,-0,-0,-0
0.20632691328482949,-0,-0,-0,-0,-0,-0,-0,0.14842219302198684,-0,-0,-0,-0,-0,-0,-0,0.21898136816712102,-0,-0,-0,-0,-0,-0,-0,0.16993412351602238,-0,-0,-0,-0,-0,-0,-0
-0,-0,-0,-0,-0,-0,-0,-0,-0,-0,-0,-0,-0,-0,-0,-0,-0,-0,-0,-0,-0,-0,-0,-0,-0,-0,-0,-0,-0,-0,-0,-0
-0,-0,-0,-0,-0,0.05925293609617252,-0,-0,-0,-0,-0,-0,-0,0.068284512384698251,-0,-0,-0,-0,-0,-0,-0,0.066639957519504162,-0,-0,-0,-0,-0,-0,-0,0.063254805059338864,-0,-0
0.034725242077598507,-0,-0,0.040122145689186449,0.74256835432567025,-0,-0,-0,0.018884917773252862,-0,-0,0.047863464679990968,0.75347419948532157,-0,-0,-0,0.060116026314482131,-0,-0,0.059413425772192788,0.75025958028351369,-0,-0,-0,0.036041667575602732,-0,-0,0.014628348477039173,0.75519301204429179,-0,-0,-0
-0,0.049733356377919112,-0,-0,-0,-0,-0,-0,-0,0.018848371177595434,-0,-0,-0,-0,-0,-0,-0,0.016205478185111075,-0,-0,-0,-0,-0,-0,-0,0.057652548887181916,-0,-0,-0,-0,-0,-0
-0,-0,-0,-0,0.42433433817032401,-0,0.19647924122471355,-0,-0,-0,-0,-0,0.39492840141866636,-0,0.20919935068244941,-0,-0,-0,-0,-0,0.42207688853632053,-0,0.19960818913180847,-0,-0,-0,-0,-0,0.39969793365909817,-0,0.23812502060318289,-0
-0,-0,-0,-0,0.037000796264312866,-0,-0,-0,-0,-0,-0,-0,0.02935329752979525,-0,-0,-0,-0,-0,-0,-0,0.030838078834389177,-0,-0,-0,-0,-0,-0,-0,0.034364314300036371,-0,-0,-0
-0,0.24665397148772988,-0,-0,-0,-0,-0,-0,-0,0.25744092733182161,-0,-0,-0,-0,-0,-0,-0,0.23576916365744,-0,-0,-0,-0,-0,-0,-0,0.27064234352627303,-0,-0,-0,-0,-0,-0
-0,0.50248926081623679,-0,-0,-0,-0,-0,-0,-0,0.50679211966298265,-0,-0,-0,-0,-0,-0,-0,0.50480976626242957,-0,-0,-0,-0,-0,-0,-0,0.48089703220725705,-0,-0,-0,-0,-0,-0
-0,-0,-0,-0,-0,-0,-0,-0,-0,-0,-0,-0,-0,-0,-0,-0,-0,-0,-0,-0,-0,-0,-0,-0,-0,-0,-0,-0,-0,-0,-0,-0
-0,0.015130625038632949,-0,-0,-0,-0,0.094658676639095815,-0,-0,0.024230560815219113,-0,-0,-0,-0,0.10140214089040692,-0,-0,0.032040114665119517,-0,-0,-0,-0,0.11343993695846354,-0,-0,-0,-0,-0,-0,-0,0.097118806097588092,-0
-0,-0,-0,0.15561623939613811,-0,-0,-0,-0,-0,-0,-0,0.17829406160258993,-0,-0,-0,-0,-0,-0,-0,0.19226427007602442,-0,-0,-0,-0,-0,-0,-0,0.15162678475524871,-0,-0,-0,-0
0.34704333948359656,-0,-0,0.10502285827418618,0.33395838852177934,-0,-0,-0,0.30198636253324973,-0,-0,0.11491124398795646,0.36996143413654592,-0,-0,-0,0.33791751249239771,-0,-0,0.11207203379199453,0.33941027026369064,-0,-0,-0,0.35475446329175925,-0,-0,0.085870321597425567,0.35082829595525145,-0,-0,-0
-0,-0,-0,-0,-0,-0,-0,-0,-0,-0,-0,-0,-0,-0,-0,-0,-0,-0,-0,-0,-0,-0,-0,-0,-0,-0,-0,-0,-0,-0,-0,-0
-0,-0,-0,-0,-0,-0,-0,-0,-0,-0,-0,-0,-0,-0,-0,-0,-0,-0,-0,-0,-0,-0,-0,-0,-0,-0,-0,-0,-0,-0,-0,-0
-0,-0,-0,-0,0.24826281261231975,-0,-0,-0,-0,-0,-0,-0,0.24771738751115624,-0,-0,-0,-0,-0,-0,-0,0.24476955842842762,-0,-0,-0,-0,-0,-0,-0,0.24655534403449084,-0,-0,-0
-0,-0,-0,-0,-0,0.046741988783638666,-0,-0,-0,-0,-0,-0,-0,0.018796895864204594,-0,-0,-0,-0,-0,-0,-0,0.045970059614909062,-0,-0,-0,-0,-0,-0,-0,0.066927028573210895,-0,-0
-0,-0,-0,-0,-0,-0,0.43498555327852301,-0,-0,-0,-0,-0,-0,-0,0.46113629216493479,-0,-0,-0,-0,-0,-0,-0,0.43185306248359007,-0,-0,-0,-0,-0,-0,-0,0.41463943886763432,-0
-0,-0,-0,-0,0.17782342968963658,-0,-0,-0,-0,-0,-0,-0,0.14211384839137722,-0,-0,-0,-0,-0,-0,-0,0.16764902416455887,-0,-0,-0,-0,-0,-0,-0,0.15955258664068664,-0,-0,-0
-0,-0,-0,-0,-0,-0,-0,-0,-0,-0,-0,-0,-0,-0,-0,-0,-0,-0,-0,-0,-0,-0,-0,-0,-0,-0,-0,-0,-0,-0,-0,-0
-0,-0,0.32625939735403048,0.2220601505958798,0.1883493038387194,-0,-0,-0,-0,-0,0.3076653769922541,0.22762664924533491,0.17221658038165644,-0,-0,-0,-0,-0,0.30342821603432418,0.22254680031029106,0.18459903045441822,-0,-0,-0,-0,-0,0.30246162544854566,0.18798207710545134,0.18783898436483079,-0,-0,-0
-0,-0,-0,-0,-0,-0,0.21424143497595002,-0,-0,-0,-0,-0,-0,-0,0.23694674394793266,-0,-0,-0,-0,-0,-0,-0,0.21967112205051786,-0,-0,-0,-0,-0,-0,-0,0.20945652512856025,-0
-0,0.042882514243623882,-0,-0,-0,-0,-0,-0,-0,0.041164205140618956,-0,-0,-0,-0,-0,-0,-0,0.018038902835559544,-0,-0,-0,-0,-0,-0,-0,0.044818817892439876,-0,-0,-0,-0,-0,-0
-0,-0,-0,-0,-0,-0,-0,-0,-0,-0,-0,-0,-0,-0,-0,-0,-0,-0,-0,-0,-0,-0,-0,-0,-0,-0,-0,-0,-0,-0,-0,-0
-0,-0,-0,-0,-0,-0,-0,-0,-0,-0,-0,-0,-0,-0,-0,-0,-0,-0,-0,-0,-0,-0,-0,-0,-0,-0,-0,-0,-0,-0,-0,-0
0.18877149770605331,-0,-0,-0,0.037634770657859792,-0,-0,-0,0.17384138708048114,-0,-0,-0,0.039588430524722981,-0,-0,-0,0.17851258411238671,-0,-0,-0,0.044048533534614555,-0,-0,-0,0.19554990575905595,-0,-0,-0,0.050494670653335599,-0,-0,-0
-0,-0,-0,-0,-0,-0,0.041584093794025889,-0,-0,-0,-0,-0,-0,-0,0.046230993176770777,-0,-0,-0,-0,-0,-0,-0,0.046441702977046799,-0,-0,-0,-0,-0,-0,-0,0.048828995045134924,-0
-0,-0,-0,-0,-0,-0,-0,-0,-0,-0,-0,-0,-0,-0,-0,-0,-0,-0,-0,-0,-0,-0,-0,-0,-0,-0,-0,-0,-0,-0,-0,-0
-0,-0,-0,-0,-0,-0,-0,-0,-0,-0,-0,-0,-0,-0,-0,-0,-0,-0,-0,-0,-0,-0,-0,-0,-0,-0,-0,-0,-0,-0,-0,-0
-0,-0,-0,0.19783983754951598,0.020874409242765894,-0,-0,-0,-0,-0,-0,0.19519257742654542,0.023178936822380248,-0,-0,-0,-0,-0,-0,0.2450650990379826,0.037898606955462363,-0,-0,-0,-0,-0,-0,0.20616385756631511,0.034310501474344834,-0,-0,-0
-0,-0,-0,-0,-0,-0,-0,-0,-0,-0,-0,-0,-0,-0,-0,-0,-0,-0,-0,-0,-0,-0,-0,-0,-0,-0,-0,-0,-0,-0,-0,-0
-0,-0,-0,-0,-0,-0,-0,-0,-0,-0,-0,-0,-0,-0,-0,-0,-0,-0,-0,-0,-0,-0,-0,-0,-0,-0,-0,-0,-0,-0,-0,-0
-0,-0,-0,-0,-0,-0,-0,-0,-0,-0,-0,-0,-0,-0,-0,-0,-0,-0,-0,-0,-0,-0,-0,-0,-0,-0,-0,-0,-0,-0,-0,-0
-0,-0,-0,-0,-0,-0,0.18188722118852801,-0,-0,-0,-0,-0,-0,-0,0.19105120563198419,-0,-0,-0,-0,-0,-0,-0,0.19346154667213267,-0,-0,-0,-0,-0,-0,-0,0.17932433207313306,-0
0.53809881968637185,-0,-0,-0,-0,-0,-0,-0,0.54118130200657655,-0,-0,-0,-0,-0,-0,-0,0.50767824606739731,-0,-0,-0,-0,-0,-0,-0,0.53423816257496737,-0,-0,-0,-0,-0,-0,-0
-0,-0,-0,-0,0.038318252425171201,-0,-0,-0,-0,-0,-0,-0,0.022007609663480223,-0,-0,-0,-0,-0,-0,-0,0.030221594728061976,-0,-0,-0,-0,-0,-0,-0,0.032919192978941907,-0,-0,-0
0.39586884800712163,-0,-0,-0,-0,-0,-0,-0,0.37529851684991578,-0,-0,-0,-0,-0,-0,-0,0.42486817566982482,-0,-0,-0,-0,-0,-0,-0,0.38762918349332914,-0,-0,-0,-0,-0,-0,-0
-0,-0,-0,0.38690769162883198,0.51027998309766531,-0,0.24908832424658625,-0,-0,-0,-0,0.39039786999344317,0.52436577878176494,-0,0.24775675697720331,-0,-0,-0,-0,0.41566405180858268,0.513972162953655,-0,0.26573906788162821,-0,-0,-0,-0,0.38318072619025234,0.52323016303005598,-0,0.2374138822454516,-0
-0,-0,-0,-0,-0,-0,-0,-0,-0,-0,-0,-0,-0,-0,-0,-0,-0,-0,-0,-0,-0,-0,-0,-0,-0,-0,-0,-0,-0,-0,-0,-0
-0,-0,0.067952098879909134,-0,-0,-0,-0,-0,-0,-0,0.039920900284869602,-0,-0,-0,-0,-0,-0,-0,0.071972349790825146,-0,-0,-0,-0,-0,-0,-0,0.060590626110529129,-0,-0,-0,-0,-0
-0,-0,-0,-0,-0,0.029858789104668989,-0,-0,-0,-0,-0,-0,-0,0.014240762707715902,-0,-0,-0,-0,-0,-0,-0,0.027232511593564091,-0,-0,-0,-0,-0,-0,-0,0.03816305855573647,-0,-0
-0,-0,-0,-0,-0,-0,-0,-0,-0,-0,-0,-0,-0,-0,-0,-0,-0,-0,-0,-0,-0,-0,-0,-0,-0,-0,-0,-0,-0,-0,-0,-0
-0,-0,-0,-0,-0,-0,-0,-0,-0,-0,-0,-0,-0,-0,-0,-0,-0,-0,-0,-0,-0,-0,-0,-0,-0,-0,-0,-0,-0,-0,-0,-0
-0,-0,-0,-0,-0,-0,0.046809707781336619,-0,-0,-0,-0,-0,-0,-0,0.066953031250821304,-0,-0,-0,-0,-0,-0,-0,0.044243663306147707,-0,-0,-0,-0,-0,-0,-0,0.016614953399946081,-0
-0,0.16921667478485836,-0,-0,-0,-0,-0,-0,-0,0.18928230978286892,-0,-0,-0,-0,-0,-0,-0,0.17333050865130195,-0,-0,-0,-0,-0,-0,-0,0.12277417405923763,-0,-0,-0,-0,-0,-0
-0,-0,-0,-0,-0,-0,-0,-0,-0,-0,-0,-0,-0,-0,-0,-0,-0,-0,-0,-0,-0,-0,-0,-0,-0,-0,-0,-0,-0,-0,-0,-0
-0,-0,-0,0.10582021495645748,-0,-0,-0,-0,-0,-0,-0,0.099515683975727173,-0,-0,-0,-0,-0,-0,-0,0.13560461466035939,-0,-0,-0,-0,-0,-0,-0,0.11697221054046703,-0,-0,-0,-0
0.056588648763165453,-0,-0,-0,0.25425591464421199,-0,-0,-0,0.055302255145798465,-0,-0,-0,0.26306042527668372,-0,-0,-0,0.045247227957785394,-0,-0,-0,0.26480002986471868,-0,-0,-0,0.069493282164193773,-0,-0,-0,0.26819440796532873,-0,-0,-0
-0,-0,-0,-0,-0,-0,-0,-0,-0,-0,-0,-0,-0,-0,-0,-0,-0,-0,-0,-0,-0,-0,-0,-0,-0,-0,-0,-0,-0,-0,-0,-0
-0,-0,-0,-0,-0,0.02029952033370222,-0,-0,-0,-0,-0,-0,-0,0.029023427273808439,-0,-0,-0,-0,-0,-0,0.0052599351242612292,0.010928502671883089,-0,-0,-0,-0,-0,-0,0.010479958712399377,0.031267995863939219,-0,-0
0.10200888587049657,-0,-0,-0,0.24582196947076232,-0,-0,-0,0.087143163106516125,-0,-0,-0,0.2430364740779091,-0,-0,-0,0.10428442305279982,-0,-0,-0,0.24661518410816799,-0,-0,-0,0.10801924880565757,-0,-0,-0,0.23850368088169663,-0,-0,-0
-0,-0,-0,0.34613380635853175,0.1323942600383983,-0,-0,-0,-0,-0,-0,0.3471600058886839,0.12905843078647386,-0,-0,-0,-0,-0,-0,0.3779555610338301,0.13178851581376699,-0,-0,-0,-0,-0,-0,0.3421743610841223,0.13249426335590755,-0,-0,-0
-0,-0,-0,-0,-0,-0,-0,-0,-0,-0,-0,-0,-0,-0,-0,-0,-0,-0,-0,-0,-0,-0,-0,-0,-0,-0,-0,-0,-0,-0,-0,-0
-0,-0,-0,-0,-0,-0,-0,-0,-0,-0,-0,-0,-0,-0,-0,-0,-0,-0,-0,-0,-0,-0,-0,-0,-0,-0,-0,-0,-0,-0,-0,-0
-0,-0,-0,-0,0.01860405169974725,-0,-0,-0,-0,-0,-0,-0,0.0270691447484918,-0,-0,-0,-0,-0,-0,-0,0.0071100468182681122,-0,-0,-0,-0,-0,-0,-0,0.015642848548197769,-0,-0,-0
-0,-0,-0,-0,-0,-0,-0,-0,-0,-0,-0,-0,-0,-0,-0,-0,-0,-0,-0,-0,-0,-0,-0,-0,-0,-0,-0,-0,-0,-0,-0,-0
-0,-0,-0,-0,-0,-0,-0,-0,-0,-0,-0,-0,-0,-0,-0,-0,-0,-0,-0,-0,-0,-0,-0,-0,-0,-0,-0,-0,-0,-0,-0,-0
-0,-0,-0,-0,-0,-0,-0,-0,-0,-0,-0,-0,-0,-0,-0,-0,-0,-0,-0,-0,-0,-0,-0,-0,-0,-0,-0,-0,-0,-0,-0,-0
-0,-0,-0,-0,0.12710833062222129,-0,-0,-0,-0,-0,-0,-0,0.10503439454428938,-0,-0,-0,-0,-0,-0,-0,0.13182806830626645,-0,-0,-0,-0,-0,-0,-0,0.13759211302410487,-0,-0,-0
-0,-0,0.069701961432940149,-0,0.16317204037615732,-0,-0,-0,-0,-0,0.056116729143009053,-0,0.16400262450096562,-0,-0,-0,-0,-0,0.046112187241735006,-0,0.15331128702902577,-0,-0,-0,-0,-0,0.056958789841612456,-0,0.17100702879973001,-0,-0,-0
-0,-0,-0,-0,-0,-0,-0,-0,-0,-0,-0,-0,-0,-0,-0,-0,-0,-0,-0,-0,-0,-0,-0,-0,-0,-0,-0,-0,-0,-0,-0,-0
-0,-0,-0,-0,-0,-0,-0,-0,-0,-0,-0,-0,-0,-0,-0,-0,-0,-0,-0,-0,-0,-0,-0,-0,-0,-0,-0,-0,-0,-0,-0,-0
-0,-0,-0,-0,-0,-0,-0,-0,-0,-0,-0,-0,-0,-0,-0,-0,-0,-0,-0,-0,-0,-0,-0,-0,-0,-0,-0,-0,-0,-0,-0,-0
-0,-0,-0,-0,0.13354719895867051,-0,-0,-0,-0,-0,-0,-0,0.12214059150749004,-0,-0,-0,-0,-0,-0,-0,0.12641203155895778,-0,0.0078437477710797329,-0,-0,-0,-0,-0,0.12506944650778701,-0,-0,-0
-0,-0,-0,-0,-0,0.30414931930324635,-0,-0,-0,-0,-0,-0,-0,0.29087545808118748,-0,-0,-0,-0,-0,-0,-0,0.31324497740123297,-0,-0,-0,-0,-0,-0,-0,0.30579879061109855,-0,-0
-0,-0,-0,-0,-0,-0,0.10542967282377971,-0,-0,-0,-0,-0,-0,-0,0.12634729923469029,-0,-0,-0,-0,-0,-0,-0,0.10989712272803466,-0,-0,-0,-0,-0,-0,-0,0.11547279394495295,-0
-0,-0,0.034515452502443103,-0,-0,-0,-0,-0,-0,-0,0.028136700830404655,-0,-0,-0,-0,-0,-0,-0,0.01962855277233877,-0,-0,-0,-0,-0,-0,-0,0.015955011739092646,-0,-0,-0,-0,-0
-0,-0,-0,0.058883260284212938,0.10625950657336437,-0,-0,-0,-0,-0,-0,0.064183804795996932,0.074824317723050829,-0,-0,-0,-0,-0,-0,0.067067651393557762,0.10983023692259969,-0,-0,-0,-0,-0,-0,0.063180030902803455,0.1045893133943222,-0,-0,-0
-0,-0,-0,0.057766635776884984,-0,-0,-0,0.042188361540559237,-0,-0,-0,0.057920336317991934,-0,-0,-0,0.033556640463357386,-0,-0,-0,0.074943995428755364,-0,-0,-0,0.05089194979821831,-0,-0,-0,0.056586973064757337,-0,-0,-0,0.042528306940549425
-0,-0,-0,-0,-0,-0,-0,-0,-0,-0,-0,-0,-0,-0,-0,-0,-0,-0,-0,-0,-0,-0,-0,-0,-0,-0,-0,-0,-0,-0,-0,-0
-0,-0,-0,-0,0.62800364424624666,-0,-0,-0,-0,-0,-0,-0,0.63145573010281608,-0,-0,-0,-0,-0,-0,-0,0.63444646661262016,-0,-0,-0,-0,-0,-0,-0,0.65670360990706744,-0,-0,-0
-0,-0,-0,0.010306663553661437,-0,-0,-0,-0,-0,-0,-0,0.015493128208309812,-0,-0,-0,-0,-0,-0,-0,0.0082130619812138088,-0,-0,-0,-0,-0,-0,-0,0.014730911251299642,-0,-0,-0,-0
-0,-0,-0,-0,0.14249303823458212,-0,0.56027833346471034,-0,-0,-0,-0,-0,0.13511397799829974,-0,0.57210729376040814,-0,-0,-0,-0,-0,0.12709572000925684,-0,0.58830110781777134,-0,-0,-0,-0,-0,0.13317437131953025,-0,0.56087081909458925,-0
-0,0.035575216543685062,-0,-0,-0,-0,0.10620749305858229,-0,-0,0.039035238102837246,-0,-0,-0,-0,0.11139461115583439,-0,-0,0.047368106305132975,-0,-0,-0,-0,0.11090295257397186,-0,-0,0.021370335997122757,-0,-0,-0,-0,0.1219072151212557,-0
-0,-0,-0,0.25360818285079584,0.31040393863649413,-0,-0,-0,-0,-0,-0,0.26349717059512712,0.31124780363722787,-0,-0,-0,-0,-0,-0,0.25377852950842739,0.32372756724383916,-0,-0,-0,-0,-0,-0,0.24527229473984682,0.32255956615433035,-0,-0,-0
-0,0.058496439181562339,-0,-0,-0,-0,-0,-0,-0,0.082165008655837868,-0,-0,-0,-0,-0,-0,-0,0.06280998270751402,-0,-0,-0,-0,-0,-0,-0,0.053645101652912537,-0,-0,-0,-0,-0,-0
-0,-0,-0,0.057068364924599768,0.73766283673871103,-0,-0,-0,-0,-0,-0,0.081928911962750053,0.73932296014395182,-0,-0,-0,-0,-0,-0,0.077711496029457414,0.74534466990154113,-0,-0,-0,-0,-0,-0,0.058389583567736485,0.7465554031731475,-0,-0,-0
-0,-0,-0,-0,0.10038018996773292,-0,0.30128456547147353,-0,-0,-0,-0,-0,0.09246563259706117,-0,0.30768874840326649,-0,-0,-0,-0,-0,0.084253214234776386,-0,0.30843839575073739,-0,-0,-0,-0,-0,0.089957191652933796,-0,0.2970933457659265,-0
-0,-0,-0,0.13934330043684215,0.11165786051553304,0.037308337694081276,-0,-0,-0,-0,-0,0.15188478747227133,0.11929885050233535,0.039227967718781835,-0,-0,-0,-0,-0,0.12982747514918686,0.11391297469461671,0.046910524727537262,-0,-0,-0,-0,-0,0.12416047013032896,0.12311716691861854,0.034130083507756051,-0,-0
-0,-0,-0,-0,0.35006301873676532,-0,-0,-0,-0,-0,-0,-0,0.36574494229015436,-0,-0,-0,-0,-0,-0,-0,0.36101163367522587,-0,-0,-0,-0,-0,-0,-0,0.37235334550303006,-0,-0,-0
-0,-0,-0,-0,0.17488757226591378,-0,0.13145715768627186,-0,-0,-0,-0,-0,0.16149915529121142,-0,0.13755298542378283,-0,-0,-0,-0,-0,0.15137422144614618,-0,0.13731673225436314,-0,-0,-0,-0,-0,0.17512744018392717,-0,0.12615664995328205,-0
-0,-0,0.14631801247398932,-0,-0,-0,-0,-0,-0,-0,0.12911111747962717,-0,-0,-0,-0,-0,-0,-0,0.1242003055334011,-0,-0,-0,-0,-0,-0,-0,0.15227347953801881,-0,-0,-0,-0,-0
-0,-0,-0,-0,0.14863679319432169,-0,-0,-0,-0,-0,-0,-0,0.13867539703638926,-0,-0,-0,-0,-0,-0,-0,0.11702912970120202,-0,-0,-0,-0,-0,-0,-0,0.16223386746181342,-0,-0,-0
-0,0.0782229001777381,-0,-0,-0,-0,-0,-0,-0,0.063463686780383124,-0,-0,-0,-0,-0,-0,-0,0.097859981827499484,-0,-0,-0,-0,-0,-0,-0,0.079804219054554454,-0,-0,-0,-0,-0,-0
-0,-0,-0,-0,0.32704976902080057,-0,-0,-0,-0,-0,-0,-0,0.34454421876459695,-0,-0,-0,-0,-0,-0,-0,0.34684114666927596,-0,-0,-0,-0,-0,-0,-0,0.35358259174663753,-0,-0,-0
-0,-0,-0,-0,-0,-0,-0,-0,-0,-0,-0,-0,-0,-0,-0,-0,-0,-0,-0,-0,-0,-0,-0,-0,-0,-0,-0,-0,-0,-0,-0,-0
-0,-0,-0,-0,-0,-0,-0,-0,-0,-0,-0,-0,-0,-0,-0,-0,-0,-0,-0,-0,-0,-0,-0,-0,-0,-0,-0,-0,-0,-0,-0,-0
-0,-0,-0,0.20045023730995729,-0,-0,-0,-0,-0,-0,-0,0.19822909791687973,-0,-0,-0,-0,-0,-0,-0,0.2509227033274205,-0,-0,-0,-0,-0,-0,-0,0.20379552336228035,-0,-0,-0,-0
0.18268213396083149,-0,-0,-0,-0,-0,-0,-0,0.17771030425181156,-0,-0,-0,-0,-0,-0,-0,0.22550056749659511,-0,-0,-0,-0,-0,-0,-0,0.15960192494962011,-0,-0,-0,-0,-0,-0,-0
-0,-0,-0,-0,-0,-0,-0,-0,-0,-0,-0,-0,-0,-0,-0,-0,-0,-0,-0,-0,-0,-0,-0,-0,-0,-0,-0,-0,-0,-0,-0,-0
-0,-0,0.06900164870708865,0.072392372662639246,0.016826413839759934,-0,-0,-0,-0,-0,0.075210463248436957,0.080674989895076224,0.017402864200826731,-0,-0,-0,-0,-0,0.074360476728564648,0.080789928757259016,0.020777252896172212,-0,-0,-0,-0,-0,0.065349663741855427,0.049613631504027374,0.020842802981813156,-0,-0,-0
-0,-0,-0,-0,-0,-0,0.24389869797450545,-0,-0,-0,-0,-0,-0,-0,0.25046208972495509,-0,-0,-0,-0,-0,-0,-0,0.25747849136197359,-0,-0,-0,-0,-0,-0,-0,0.22595839268829898,-0
-0,-0,-0,-0,-0,-0,-0,-0,-0,-0,-0,-0,-0,-0,-0,-0,-0,-0,-0,-0,-0,-0,-0,-0,-0,-0,-0,-0,-0,-0,-0,-0
-0,-0,-0,-0,-0,-0,-0,-0,-0,-0,-0,-0,-0,-0,-0,-0,-0,-0,-0,-0,-0,-0,-0,-0,-0,-0,-0,-0,-0,-0,-0,-0
-0,-0,-0,-0,-0,0.078831859245932306,-0,-0,-0,-0,-0,-0,-0,0.053527723839740096,-0,-0,-0,-0,-0,-0,-0,0.083674115190113196,-0,-0,-0,-0,-0,-0,-0,0.092640096630304161,-0,-0
-0,-0,-0,-0,-0,-0,-0,-0,-0,-0,-0,-0,-0,-0,-0,-0,-0,-0,-0,-0,-0,-0,-0,-0,-0,-0,-0,-0,-0,-0,-0,-0
-0,-0,-0,-0,-0,-0,-0,-0,-0,-0,-0,-0,-0,-0,-0,-0,-0,-0,-0,-0,-0,-0,-0,-0,-0,-0,-0,-0,-0,-0,-0,-0
-0,-0,-0,-0,-0,-0,-0,-0,-0,-0,-0,-0,-0,-0,-0,-0,-0,-0,-0,-0,-0,-0,-0,-0,-0,-0,-0,-0,-0,-0,-0,-0
-0,-0,-0,0.16472525566533108,0.48882937501101376,-0,-0,-0,-0,-0,-0,0.17869606860583762,0.46331439084847831,-0,-0,-0,-0,-0,-0,0.18767474196921316,0.49252471391616587,-0,-0,-0,-0,-0,-0,0.15812493802424896,0.49502893009049553,-0,-0,-0
-0,-0,-0,-0,-0,-0,-0,-0,-0,-0,-0,-0,-0,-0,-0,-0,-0,-0,-0,-0,-0,-0,-0,-0,-0,-0,-0,-0,-0,-0,-0,-0
-0,-0,-0,-0,0.18749173859078783,-0,-0,-0,-0,-0,-0,-0,0.16431245328215044,-0,-0,-0,-0,-0,-0,-0,0.18814618943132272,-0,-0,-0,-0,-0,-0,-0,0.20752040000859442,-0,-0,-0
0.28695221791679898,-0,-0,0.017551425934799383,-0,-0,-0,-0,0.27037589204886764,-0,-0,0.031959128649011632,-0,-0,-0,-0,0.31226905226873541,-0,-0,0.034663044059684178,-0,-0,-0,-0,0.26408377193819199,-0,-0,0.016060504871329883,-0,-0,-0,-0
-0,0.3242430206962304,-0,-0,-0,-0,-0,-0,-0,0.32692917278609285,-0,-0,-0,-0,-0,-0,-0,0.32343208983071237,-0,-0,-0,-0,-0,-0,-0,0.32691457318614109,-0,-0,-0,-0,-0,-0
-0,0.27362254588445473,-0,-0,-0,-0,-0,-0,-0,0.29299566334753041,-0,-0,-0,-0,-0,-0,-0,0.30847195370959635,-0,-0,-0,-0,-0,-0,-0,0.2635216489592796,-0,-0,-0,-0,-0,-0
-0,-0,0.0041006134876948987,-0,-0,-0,-0,-0,-0,-0,-0,-0,-0,-0,-0,-0,-0,-0,0.0020715859534782095,-0,-0,-0,-0,-0,-0,-0,0.00043375889853155609,-0,-0,-0,-0,-0
-0,-0,-0,-0,-0,-0,-0,-0,-0,-0,-0,-0,-0,-0,-0,-0,-0,-0,-0,-0,-0,-0,-0,-0,-0,-0,-0,-0,-0,-0,-0,-0
0.041703693086795647,-0,-0,0.1245381817327743,-0,-0,-0,-0,0.04118058051011346,-0,-0,0.13437703957980299,-0,-0,-0,-0,0.057157176152340498,-0,-0,0.13979236504515644,-0,-0,-0,-0,0.026178891740207353,-0,-0,0.12360167712178929,-0,-0,-0,-0
-0,0.10231975725079978,0.11517104064831578,-0,-0,-0,-0,-0,-0,0.10253719452200519,0.10791268648609099,-0,-0,-0,-0,-0,-0,0.1026165760889081,0.10762637893455097,-0,-0,-0,-0,-0,-0,0.092969557516643528,0.10719441920027127,-0,-0,-0,-0,-0
-0,-0,-0,-0,0.23462279015753315,-0,-0,-0,-0,-0,-0,-0,0.21670791947825557,-0,-0,-0,-0,-0,-0,-0,0.22384545573204728,-0,-0,-0,-0,-0,-0,-0,0.22691635935809312,-0,-0,-0
-0,-0,-0,-0,-0,-0,-0,-0,-0,-0,-0,-0,-0,-0,-0,-0,-0,-0,-0,-0,-0,-0,-0,-0,-0,-0,-0,-0,-0,-0,-0,-0
-0,-0,-0,-0,-0,-0,-0,-0,-0,-0,-0,-0,-0,-0,-0,-0,-0,-0,-0,-0,-0,-0,-0,-0,-0,-0,-0,-0,-0,-0,-0,-0
0.40703375338338044,-0,-0,-0,-0,0.33654614414101974,-0,-0,0.39049511625827565,-0,-0,-0,-0,0.33278742740646461,-0,-0,0.42278606939305918,-0,-0,-0,-0,0.31572336077341451,-0,-0,0.39101380086488935,-0,-0,-0,-0,0.33721328718939475,-0,-0
-0,-0,-0,-0,-0,-0,-0,-0,-0,-0,-0,-0,-0,-0,-0,-0,-0,-0,-0,-0,-0,-0,-0,-0,-0,-0,-0,-0,-0,-0,-0,-0
-0,-0,-0,0.22940484586252607,0.17802857756088397,-0,-0,-0,-0,-0,-0,0.24846795401823041,0.17686052505378569,-0,-0,-0,-0,-0,-0,0.23345442386578774,0.17280138007839935,-0,-0,-0,-0,-0,-0,0.19868832495057623,0.18593343373607976,-0,-0,-0
-0,-0,-0,-0,-0,-0,-0,-0,-0,-0,-0,-0,-0,-0,-0,-0,-0,-0,-0,-0,-0,-0,-0,-0,-0,-0,-0,-0,-0,-0,-0,-0
-0,-0,-0,-0,-0,-0,-0,-0,-0,-0,-0,-0,-0,-0,-0,-0,-0,-0,-0,-0,-0,-0,-0,-0,-0,-0,-0,-0,-0,-0,-0,-0
-0,-0,-0,-0,-0,-0,-0,-0,-0,-0,-0,-0,-0,-0,-0,-0,-0,-0,-0,-0,-0,-0,-0,-0,-0,-0,-0,-0,-0,-0,-0,-0
-0,-0,-0,-0,0.098202992362130745,-0,-0,-0,-0,-0,-0,-0,0.080334854225446187,-0,-0,-0,-0,-0,-0,-0,0.083819275182862349,-0,-0,-0,-0,-0,-0,-0,0.1199934861095984,-0,-0,-0
-0,-0,-0,-0,-0,-0,-0,-0,-0,-0,-0,-0,-0,-0,-0,-0,-0,-0,-0,-0,-0,-0,-0,-0,-0,-0,-0,-0,-0,-0,-0,-0
-0,-0,-0,-0,-0,-0,-0,-0,-0,-0,-0,-0,-0,-0,-0,-0,-0,-0,-0,-0,-0,-0,-0,-0,-0,-0,-0,-0,-0,-0,-0,-0
-0,-0,0.13282127366713767,-0,-0,-0,-0,-0,-0,-0,0.13377869771534584,-0,-0,-0,-0,-0,-0,-0,0.12731280074222243,-0,-0,-0,-0,-0,-0,-0,0.12502852185300323,-0,-0,-0,-0,-0
0.1517011039036158,-0,-0,-0,0.032377193686138797,-0,-0,-0,0.14987533628816405,-0,-0,-0,0.017896241764271476,-0,-0,-0,0.16440316696975885,-0,-0,-0,0.02965316538235931,-0,-0,-0,0.13785507724603116,-0,-0,-0,0.030209226541101291,-0,-0,-0
-0,-0,-0,-0,-0,-0,-0,-0,-0,-0,-0,-0,-0,-0,-0,-0,-0,-0,-0,-0,-0,-0,-0,-0,-0,-0,-0,-0,-0,-0,-0,-0
-0,-0,-0,-0,-0,-0,-0,-0,-0,0.0091820212224184607,-0,-0,-0,-0,-0,-0,-0,-0,-0,-0,-0,-0,-0,-0,-0,-0,-0,-0,-0,-0,-0,-0
-0,-0,-0,-0,-0,-0,-0,-0,-0,-0,-0,-0,-0,-0,-0,-0,-0,-0,-0,-0,-0,-0,-0,-0,-0,-0,-0,-0,-0,-0,-0,-0
-0,-0,-0,-0,0.21497995969166581,-0,-0,-0,-0,-0,-0,-0,0.20865646639711585,-0,-0,-0,-0,-0,-0,-0,0.18344316816358819,-0,-0,-0,-0,-0,-0,-0,0.20017631250303519,-0,-0,-0
-0,-0,-0,-0,-0,-0,-0,-0,-0,-0,-0,-0,-0,-0,-0,-0,-0,-0,-0,-0,-0,-0,-0,-0,-0,-0,-0,-0,-0,-0,-0,-0
-0,0.088317956285972679,-0,-0,-0,-0,-0,-0,-0,0.092171561350028797,-0,-0,-0,-0,-0,-0,-0,0.096955538615123557,-0,-0,-0,-0,-0,-0,-0,0.067643096968378502,-0,-0,-0,-0,-0,-0
-0,-0,-0,-0,-0,0.0051638352131347905,-0,-0,-0,-0,-0,-0,-0,0.0075323082619129494,-0,-0,-0,-0,-0,-0,-0,0.0095926666958648914,-0,-0,-0,-0,-0,-0,-0,0.0018130672316531242,-0,-0
-0,0.23435725152587733,-0,-0,-0,-0,0.10325419960573549,-0,-0,0.22875030234030799,-0,-0,-0,-0,0.10958793260728901,-0,-0,0.23253969836776361,-0,-0,-0,-0,0.09818016169553799,-0,-0,0.24350332718459086,-0,-0,-0,-0,0.092119066357949989,-0
-0,-0,-0,-0,0.67538564931744849,-0,-0,-0,-0,-0,-0,-0,0.64688518538759432,-0,-0,-0,-0,-0,-0,-0,0.66560214781249094,-0,-0,-0,-0,-0,-0,-0,0.65671332446442754,-0,-0,-0
-0,-0,-0,-0,0.37945198350030751,-0,-0,-0,-0,-0,-0,-0,0.33596145479642253,-0,-0,-0,-0,-0,-0,-0,0.38831643870269711,-0,-0,-0,-0,-0,-0,-0,0.37821008355376357,-0,-0,-0
-0,0.4890623060223428,-0,-0,-0,-0,-0,-0,-0,0.50255504002929596,-0,-0,-0,-0,-0,-0,-0,0.52549604344702072,-0,-0,-0,-0,-0,-0,-0,0.48689676534441528,-0,-0,-0,-0,-0,-0
-0,-0,-0,-0,-0,-0,-0,-0,-0,-0,-0,-0,-0,-0,-0,-0,-0,-0,-0,-0,-0,-0,-0,-0,-0,-0,-0,-0,-0,-0,-0,-0
-0,-0,-0,-0,-0,-0,-0,-0,-0,-0,-0,-0,-0,-0,-0,-0,-0,-0,-0,-0,-0,-0,-0,-0,-0,-0,-0,-0,-0,-0,-0,-0
-0,-0,-0,-0,-0,-0,-0,-0,-0,-0,-0,-0,-0,-0,-0,-0,-0,-0,-0,-0,-0,-0,-0,-0,-0,-0,-0,-0,-0,-0,-0,-0
-0,-0,-0,-0,-0,-0,-0,-0,-0,-0,-0,-0,-0,-0,-0,-0,-0,-0,-0,-0,-0,-0,-0,-0,-0,-0,-0,-0,-0,-0,-0,-0
-0,0.12907095293233561,-0,-0,-0,-0,-0,-0,-0,0.14003538162687287,-0,-0,-0,-0,-0,-0,-0,0.13589610073907207,-0,-0,-0,-0,-0,-0,-0,0.1259882820368681,-0,-0,-0,-0,-0,-0
-0,-0,-0,0.30394426744795072,0.3114915874141726,-0,-0,-0,-0,-0,-0,0.31944885317176602,0.29736608770699735,-0,-0,-0,-0,-0,-0,0.29868252162910819,0.31244075781994357,-0,-0,-0,-0,-0,-0,0.30030605658109921,0.32044216365803474,-0,-0,-0
-0,-0,-0,-0,-0,-0,-0,-0,-0,-0,-0,-0,-0,-0,-0,0.0042448403483937086,0.0043668395862840647,-0,-0,-0,-0,-0,-0,0.0025069174321743657,-0,-0,-0,-0,-0,-0,-0,-0
-0,-0,-0,-0,-0,-0,-0,-0,-0,-0,-0,-0,-0,-0,-0,-0,-0,-0,-0,-0,-0,-0,-0,-0,-0,-0,-0,-0,-0,-0,-0,-0
-0,-0,-0,-0,-0,-0,0.23444325289341925,-0,-0,-0,-0,-0,-0,-0,0.24260295095064763,-0,-0,-0,-0,-0,-0,-0,0.24687381638088415,-0,-0,-0,-0,-0,-0,-0,0.24049217686736984,-0
-0,-0,-0,-0,-0,-0,-0,-0,-0,-0,-0,-0,-0,-0,-0,-0,-0,-0,-0,-0,-0,-0,-0,-0,-0,-0,-0,-0,-0,-0,-0,-0
-0,-0,-0,-0,-0,-0,-0,-0,-0,-0,-0,-0,-0,-0,-0,-0,-0,-0,-0,-0,-0,-0,-0,-0,-0,-0,-0,-0,-0,-0,-0,-0
-0,-0,-0,-0,-0,-0,-0,-0,-0,-0,-0,-0,-0,-0,-0,-0,-0,-0,-0,-0,-0,-0,-0,-0,-0,-0,-0,-0,-0,-0,-0,-0
-0,-0,-0,-0,-0,-0,-0,-0,-0,-0,-0,-0,-0,-0,-0,-0,-0,-0,-0,-0,-0,-0,-0,-0,-0,-0,-0,-0,-0,-0,-0,-0
-0,-0,-0,-0,-0,-0,-0,-0,-0,-0,-0,-0,-0,-0,-0,-0,-0,-0,-0,-0,-0,-0,-0,-0,-0,-0,-0,-0,-0,-0,-0,-0
-0,-0,0.21087397883698172,-0,-0,-0,-0,-0,-0,-0,0.19764888861893809,-0,-0,-0,-0,-0,-0,-0,0.2003596929089291,-0,-0,-0,-0,-0,-0,-0,0.19653255909314227,-0,-0,-0,-0,-0
-0,-0,-0,-0,0.82163270126195231,-0,-0,-0,-0,-0,-0,-0,0.81144994316561669,-0,-0,-0,-0,-0,-0,-0,0.80116573102121946,-0,-0,-0,-0,-0,-0,-0,0.82000134879271602,-0,-0,-0
-0,-0,-0,-0,-0,-0,-0,-0,-0,-0,-0,-0,-0,-0,-0,-0,-0,-0,-0,-0,-0,-0,-0,-0,-0,-0,-0,-0,-0,-0,-0,-0
-0,0.86834446347456262,-0,-0,-0,-0,-0,-0,-0,0.89138951970871205,-0,-0,-0,-0,-0,-0,-0,0.8654784709849922,-0,-0,-0,-0,-0,-0,-0,0.8392430632195681,-0,-0,-0,-0,-0,-0
-0,-0,-0,-0,-0,-0,-0,-0,-0,-0,-0,-0,-0,-0,-0,-0,-0,-0,-0,-0,-0,-0,-0,-0,-0,-0,-0,-0,-0,-0,-0,-0
-0,-0,-0,-0,0.5607767937365975,-0,-0,-0,-0,-0,-0,-0,0.53235546662577993,-0,-0,-0,-0,-0,-0,-0,0.54807433204616085,-0,-0,-0,-0,-0,-0,-0,0.55233404050583312,-0,-0,-0
-0,-0,-0,-0,-0,0.24028072631423447,-0,-0,-0,-0,-0,-0,-0,0.21944339162491242,-0,-0,-0,-0,-0,-0,-0,0.22473610241043293,-0,-0,-0,-0,-0,-0,-0,0.25524661948602367,-0,-0
-0,-0,-0,-0,-0,-0,-0,-0,-0,-0,-0,-0,-0,-0,-0,-0,-0,-0,-0,-0,-0,-0,-0,-0,-0,-0,-0,-0,-0,-0,-0,-0
-0,-0,0.13604323040906088,-0,-0,-0,-0,-0,-0,-0,0.14844658542512468,-0,-0,-0,-0,-0,-0,-0,0.12310466408394916,-0,-0,-0,-0,-0,-0,-0,0.11320311565076084,-0,-0,-0,-0,-0
0.27804738276273655,-0,-0,-0,0.040155188501418346,-0,-0,-0,0.27278021769488392,-0,-0,-0,0.044271408845508994,-0,-0,-0,0.27072333148014482,-0,-0,-0,0.049856933055566953,-0,-0,-0,0.28782496333848867,-0,-0,-0,0.050358855631069684,-0,-0,-0
-0,0.17294178886314224,-0,-0,-0,-0,-0,-0,-0,0.19898386185944494,-0,-0,-0,-0,-0,-0,-0,0.18215102731017702,-0,-0,-0,-0,-0,-0,-0,0.13463288954637914,-0,-0,-0,-0,-0,-0
-0,0.029320495099929303,-0,-0,-0,-0,-0,-0,-0,0.038533162260367453,-0,-0,-0,-0,-0,-0,-0,0.072204033574550991,-0,-0,-0,-0,-0,-0,-0,0.041061249151389131,-0,-0,-0,-0,-0,-0
-0,-0,0.011695500240699944,-0,0.35016175228308888,-0,-0,-0,-0,-0,-0,-0,0.30794515557764801,-0,-0,-0,-0,-0,0.0083459220715296073,-0,0.3619430563681969,-0,-0,-0,-0,-0,-0,-0,0.34985845482709105,-0,-0,-0
-0,-0,-0,-0,-0,-0,-0,-0,-0,-0,-0,-0,-0,-0,-0,-0,-0,-0,-0,-0,-0,-0,-0,-0,-0,-0,-0,-0,-0,-0,-0,-0
-0,-0,-0,-0,-0,-0,-0,-0,-0,-0,-0,-0,-0,-0,-0,-0,-0,-0,-0,-0,-0,-0,-0,-0,-0,-0,-0,-0,-0,-0,-0,-0
-0,-0,-0,-0,-0,-0,0.023562383162748283,-0,-0,-0,-0,-0,-0,-0,0.038882667250924534,-0,-0,-0,-0,-0,-0,-0,0.027030049286912168,-0,-0,-0,-0,-0,-0,-0,0.037929660985345948,-0
-0,-0,-0,-0,-0,-0,-0,-0,-0,-0,-0,-0,-0,-0,-0,-0,-0,-0,-0,-0,-0,-0,-0,-0,-0,-0,-0,-0,-0,-0,-0,-0
-0,-0,-0,-0,-0,-0,-0,-0,-0,-0,-0,-0,-0,-0,-0,-0,-0,-0,-0,-0,-0,-0,-0,-0,-0,-0,-0,-0,-0,-0,-0,-0
-0,-0,-0,-0,-0,-0,-0,-0,-0,-0,-0,-0,-0,-0,-0,-0,-0,-0,-0,-0,-0,-0,-0,-0,-0,-0,-0,-0,-0,-0,-0,-0
-0,-0,-0,-0,-0,0.068148756770362778,-0,-0,-0,-0,-0,-0,-0,0.066837459676499664,-0,-0,-0,-0,-0,-0,-0,0.081946282234195048,-0,-0,-0,0.0096111945208449991,-0,-0,-0,0.068351634376823109,-0,-0
-0,-0,-0,-0,-0,-0,-0,-0,-0,-0,-0,-0,-0,-0,-0,-0,-0,-0,-0,-0,-0,-0,-0,-0,-0,-0,-0,-0,-0,-0,-0,-0
-0,-0,-0,-0,-0,-0,-0,-0,-0,-0,-0,-0,-0,-0,-0,-0,-0,-0,-0,-0,-0,-0,-0,-0,-0,-0,-0,-0,-0,-0,-0,-0
-0,-0,-0,-0,-0,-0,-0,-0,-0,-0,-0,-0,-0,-0,-0,-0,-0,-0,-0,-0,-0,-0,-0,-0,-0,-0,-0,-0,-0,-0,-0,-0
-0,-0,-0,-0,-0,-0,-0,-0,-0,-0,-0,-0,-0,-0,-0,-0,-0,-0,-0,-0,-0,-0,-0,-0,-0,-0,-0,-0,-0,-0,-0,-0
-0,-0,-0,-0,-0,-0,-0,-0,-0,-0,-0,-0,-0,-0,-0,-0,-0,-0,-0,-0,-0,-0,-0,-0,-0,-0,-0,-0,-0,-0,-0,-0
-0,-0,-0,-0,-0,-0,-0,-0,-0,-0,-0,-0,-0,-0,-0,-0,-0,-0,-0,-0,-0,-0,-0,-0,-0,-0,-0,-0,-0,-0,-0,-0
-0,-0,-0,0.070723892860389923,-0,-0,-0,-0,-0,-0,-0,0.08448352425596925,-0,-0,-0,-0,-0,-0,-0,0.085621667421963157,-0,-0,-0,-0,-0,-0,-0,0.060179735544316007,-0,-0,-0,-0
-0,-0,-0,-0,-0,-0,-0,-0,-0,-0,-0,-0,-0,-0,-0,-0,-0,-0,-0,-0,-0,-0,-0,-0,-0,-0,-0,-0,-0,-0,-0,-0
-0,0.23594497873570797,-0,-0,-0,-0,-0,-0,-0,0.23247786482356544,-0,-0,-0,-0,-0,-0,-0,0.2102801236308085,-0,-0,-0,-0,-0,-0,-0,0.23123356840577486,-0,-0,-0,-0,-0,-0
-0,-0,-0,-0,-0,-0,-0,-0,-0,-0,-0,-0,-0,-0,-0,-0,-0,-0,-0,-0,-0,-0,-0,-0,-0,-0,-0,-0,-0,-0,-0,-0
0.14153953383497683,-0,-0,-0,-0,-0,-0,-0,0.13394205330051562,-0,-0,-0,-0,-0,-0,-0,0.14352164352374333,-0,-0,-0,-0,-0,-0,-0,0.14177394799530635,-0,-0,-0,-0,-0,-0,-0
-0,-0,-0,-0,-0,-0,-0,-0,-0,-0,-0,-0,-0,-0,-0,-0,-0,-0,-0,-0,-0,-0,-0,-0,-0,-0,-0,-0,-0,-0,-0,-0
-0,0.39776274888868901,-0,-0,-0,-0,0.12745744344432444,-0,-0,0.39240382129427664,-0,-0,-0,-0,0.12606962998863255,-0,-0,0.40411105568856814,-0,-0,-0,-0,0.1336999537093688,-0,-0,0.38209449902067794,-0,-0,-0,-0,0.14010005022499195,-0
0.2735714169928628,-0,-0,0.12410974546452705,0.21370665212397325,-0,-0,-0,0.22867382418316576,-0,-0,0.14531669793626129,0.21143007486172385,-0,-0,-0,0.27153707934665872,-0,-0,0.13157592572960033,0.21129028924839865,-0,-0,-0,0.24924344357067571,-0,-0,0.10701971078988472,0.22164405689134123,-0,-0,-0
-0,-0,-0,-0,-0,-0,-0,-0,-0,-0,-0,-0,-0,-0,-0,-0,-0,-0,-0,-0,-0,-0,-0,-0,-0,-0,-0,-0,-0,-0,-0,-0
-0,-0,-0,-0,-0,-0,-0,-0,-0,-0,-0,-0,-0,-0,-0,-0,-0,-0,-0,-0,-0,-0,-0,-0,-0,-0,-0,-0,-0,-0,-0,-0
-0,-0,-0,-0,-0,-0,-0,-0,-0,-0,-0,-0,-0,-0,-0,-0,-0,-0,-0,-0,-0,-0,-0,-0,-0,-0,-0,-0,-0,-0,-0,-0
-0,-0,-0,-0,-0,-0,-0,-0,-0,-0,-0,-0,-0,-0,-0,-0,-0,-0,-0,-0,-0,-0,-0,-0,-0,-0,-0,-0,-0,-0,-0,-0
-0,-0,-0,-0,-0,-0,-0,-0,-0,-0,-0,-0,-0,-0,-0,-0,-0,-0,-0,-0,-0,-0,-0,-0,-0,-0,-0,-0,-0,-0,-0,-0
-0,-0,-0,-0,0.1991875876729991,-0,-0,-0,-0,-0,-0,-0,0.2029972636094661,-0,-0,-0,-0,-0,-0,-0,0.20335623943249034,-0,-0,-0,-0,-0,-0,-0,0.20155280132898409,-0,-0,-0
-0,-0,-0,-0,-0,-0,-0,-0,-0,-0,-0,-0,-0,-0,-0,-0,-0,-0,-0,-0,-0,-0,-0,-0,-0,-0,-0,-0,-0,-0,-0,-0
-0,-0,-0,-0,0.1532995119768468,-0,-0,-0,-0,-0,-0,-0,0.12042945128441533,-0,-0,-0,-0,-0,-0,-0,0.14422151603183667,-0,-0,-0,-0,-0,-0,-0,0.13587493675760737,-0,-0,-0
-0,-0,-0,-0,-0,-0,-0,-0,-0,-0,-0,-0,-0,-0,-0,-0,-0,-0,-0,-0,-0,-0,-0,-0,-0,-0,-0,-0,-0,-0,-0,-0
-0,0.13777780038869086,-0,-0,0.21184941058447665,-0,-0,-0,-0,0.12668777717875879,-0,-0,0.20346828174149265,-0,-0,-0,-0,0.11860127394567072,-0,-0,0.21507443311975957,-0,-0,-0,-0,0.13673001286441905,-0,-0,0.23363061145074643,-0,-0,-0
-0,-0,-0,-0,-0,0.012358659796446273,-0,-0,-0,-0,-0,-0,-0,-0,-0,-0,-0,-0,-0,-0,-0,-0,-0,-0,-0,-0,-0,-0,-0,0.013900734078791945,-0,-0
-0,-0,-0,-0,0.35101403336367593,-0,-0,-0,-0,-0,-0,-0,0.36779599696786858,-0,-0,-0,-0,-0,-0,-0,0.34639567535670451,-0,-0,-0,-0,-0,-0,-0,0.36829304916830241,-0,-0,-0
-0,-0,-0,-0,-0,0.10801990818601252,0.26296792617019815,-0,-0,-0,-0,-0,-0,0.10510267147716568,0.27632433627670289,-0,-0,-0,-0,-0,-0,0.11531840082599171,0.27282570978299542,-0,-0,-0,-0,-0,-0,0.12928169838106854,0.25423184848931862,-0
-0,-0,-0,-0,-0,-0,-0,-0,-0,-0,-0,-0,-0,-0,-0,-0,-0,-0,-0,-0,-0,-0,-0,-0,-0,-0,-0,-0,-0,-0,-0,-0
-0,-0,-0,-0,-0,-0,-0,-0,-0,-0,-0,-0,-0,-0,-0,-0,-0,-0,-0,-0,-0,-0,-0,-0,-0,-0,-0,-0,-0,-0,-0,-0
-0,0.13767757941337966,0.034892025862352252,-0,0.063681947907415992,-0,-0,-0,-0,0.13100776220759328,0.048006979887443992,-0,0.059824379469193424,-0,-0,-0,-0,0.13607233228981755,0.037463447718323578,-0,0.065481001750517076,-0,-0,-0,-0,0.13640725508104001,0.045996558525955356,-0,0.075259989289536325,-0,-0,-0
-0,-0,-0,-0,-0,-0,-0,-0,-0,-0,-0,-0,-0,-0,-0,-0,-0,-0,-0,-0,-0,-0,-0,-0,-0,-0,-0,-0,-0,-0,-0,-0
0.016371835699608865,-0,-0,-0,-0,-0,-0,-0,0.021229930061448354,-0,-0,-0,-0,-0,-0,-0,0.0059809962924327565,-0,-0,-0,-0,-0,-0,-0,0.012876369542934177,-0,-0,-0,-0,-0,-0,-0
-0,-0,-0,-0,-0,-0,-0,-0,-0,-0,-0,-0,-0,-0,-0,-0,-0,-0,-0,-0,-0,-0,-0,-0,-0,-0,-0,-0,-0,-0,-0,-0
-0,-0,0.41748046009231771,-0,-0,-0,-0,-0,-0,-0,0.39862673668284737,-0,-0,-0,-0,-0,-0,-0,0.41182372840340514,-0,-0,-0,-0,-0,-0,-0,0.40850598629807106,-0,-0,-0,-0,-0
-0,-0,-0,-0,-0,-0,-0,-0,-0,-0,-0,-0,-0,-0,-0,-0,-0,-0,-0,-0,-0,-0,-0,-0,-0,-0,-0,-0,-0,-0,-0,-0
-0,-0,-0,-0,-0,-0,-0,-0,-0,-0,-0,-0,-0,-0,-0,-0,-0,-0,-0,-0,-0,-0,-0,-0,-0,-0,-0,-0,-0,-0,-0,-0
-0,0.21523403600228544,-0,-0,-0,-0,-0,-0,-0,0.21897606001377384,-0,-0,-0,-0,-0,-0,-0,0.20350633563316181,-0,-0,-0,-0,-0,-0,-0,0.20459855541001359,-0,-0,-0,-0,-0,-0
-0,0.28450831208832883,-0,-0,-0,-0,-0,-0,-0,0.29833197119303606,-0,-0,-0,-0,-0,-0,-0,0.27023365912865088,-0,-0,-0,-0,-0,-0,-0,0.25632513906380011,-0,-0,-0,-0,-0,-0
-0,-0,-0,-0,-0,-0,-0,-0,-0,-0,-0,-0,-0,-0,-0,-0,-0,-0,-0,-0,-0,-0,-0,-0,-0,-0,-0,-0,-0,-0,-0,-0
0.65685203041209472,-0,-0,-0,-0,-0,-0,-0,0.64121021910301457,-0,-0,-0,-0,-0,-0,-0,0.61647238014356776,-0,-0,-0,-0,-0,-0,-0,0.65354512905158102,-0,-0,-0,-0,-0,-0,-0
-0,-0,-0,-0,-0,-0,-0,-0,-0,-0,-0,-0,-0,-0,-0,-0,-0,-0,-0,-0,-0,-0,-0,-0,-0,-0,-0,-0,-0,-0,-0,-0
-0,-0,-0,-0,-0,-0,-0,-0,-0,-0,-0,-0,-0,-0,-0,-0,-0,-0,-0,-0,-0,-0,-0,-0,-0,-0,-0,-0,-0,-0,-0,-0
-0,0.085011808880983308,-0,-0,-0,-0,-0,-0,-0,0.074159304390242695,-0,-0,-0,-0,-0,-0,-0,0.076291090360316088,-0,-0,-0,-0,-0,-0,-0,0.07693964004221672,-0,-0,-0,-0,-0,-0
-0,-0,-0,-0,-0,-0,-0,-0,-0,-0,-0,-0,-0,-0,-0,-0,-0,-0,-0,-0,-0,-0,-0,-0,-0,-0,-0,-0,-0,-0,-0,-0
0.19946338212248144,-0,-0,-0,-0,-0,-0,-0,0.19731291787833632,-0,-0,-0,-0,-0,-0,-0,0.17160410753151575,-0,-0,-0,-0,-0,-0,-0,0.19571590074605927,-0,-0,-0,-0,-0,-0,-0
-0,-0,-0,-0,-0,-0,-0,-0,-0,-0,-0,-0,-0,-0,-0,-0,-0,-0,-0,-0,-0,-0,-0,-0,-0,-0,-0,-0,-0,-0,-0,-0
-0,-0,-0,-0,0.050849146197654946,-0,-0,-0,-0,-0,-0,-0,0.024615742126963956,-0,-0,-0,-0,-0,-0,-0,0.057010262013517513,-0,-0,-0,-0,-0,-0,-0,0.055804142672512005,-0,-0,-0
-0,-0,-0,-0,-0,-0,-0,-0,-0,-0,-0,-0,-0,-0,-0,-0,-0,-0,-0,-0,-0,-0,-0,-0,-0,-0,-0,-0,-0,-0,-0,-0
-0,-0,-0,-0,-0,-0,-0,-0,-0,-0,-0,-0,-0,-0,-0,-0,-0,-0,-0,-0,-0,-0,-0,-0,-0,-0,-0,-0,-0,-0,-0,-0
-0,-0,-0,-0,-0,-0,-0,-0,-0,-0,-0,-0,-0,-0,-0,-0,-0,-0,-0,-0,-0,-0,-0,-0,-0,-0,-0,-0,-0,-0,-0,-0
-0,0.20793732531287923,-0,-0,-0,-0,0.27443315969522247,-0,-0,0.21152098239358982,-0,-0,-0,-0,0.27829991491830086,-0,-0,0.21584560659633356,-0,-0,-0,-0,0.27608248800559598,-0,-0,0.18945409679850742,-0,-0,-0,-0,0.2890950675912729,-0
-0,-0,-0,-0,0.18732900159074981,-0,-0,-0,-0,-0,-0,-0,0.17845422107878661,-0,-0,-0,-0,-0,-0,-0,0.17194207619449492,-0,-0,-0,-0,-0,-0,-0,0.17353826963362326,-0,-0,-0
0.00090213646252313697,-0,-0,0.25692393257984364,0.56473735467643138,-0,-0,-0,-0,-0,-0,0.26341396270221162,0.57256137563089604,-0,-0,-0,0.015070223069126166,-0,-0,0.2683364973547836,0.57708409238668024,-0,-0,-0,0.00041319894349250909,-0,-0,0.25259604568829941,0.57470761592086361,-0,-0,-0
-0,-0,-0,-0,-0,-0,-0,-0,-0,-0,-0,-0,-0,-0,-0,-0,-0,-0,-0,-0,-0,-0,-0,-0,-0,-0,-0,-0,-0,-0,-0,-0
-0,-0,-0,-0,-0,-0,-0,-0,-0,-0,-0,-0,-0,-0,-0,-0,-0,-0,-0,-0,-0,-0,-0,-0,-0,-0,-0,-0,-0,-0,-0,-0
-0,-0,-0,0.010422066065546501,0.48598332056709592,-0,-0,-0,-0,-0,-0,0.028994741723343143,0.47331926944789932,-0,-0,-0,-0,-0,-0,0.012264990774445941,0.50900984335958266,-0,-0,-0,-0,-0,-0,0.0047189692344946242,0.48540831339181051,-0,-0,-0
-0,-0,-0,0.068702376041843427,0.36593128843726885,-0,-0,-0,-0,-0,-0,0.076920988750170463,0.37122553892474908,-0,-0,-0,-0,-0,-0,0.10019560978139819,0.38369169850223139,-0,-0,-0,-0,-0,-0,0.070425876234412141,0.35984777463980272,-0,-0,-0
-0,0.13569835584978168,-0,-0,0.45640819410282646,-0,0.069994948424878523,-0,-0,0.12197339537122576,-0,-0,0.44338234611823918,-0,0.069465500071556441,-0,-0,0.12638350201266824,-0,-0,0.43729270463258574,-0,0.085592536299529537,-0,-0,0.1069080044099905,-0,-0,0.46708165799724355,-0,0.06970587996053855,-0
-0,-0,-0,-0,-0,-0,-0,-0,-0,-0,-0,-0,-0,-0,-0,-0,-0,-0,-0,-0,-0,-0,-0,-0,-0,-0,-0,-0,-0,-0,-0,-0
-0,-0,-0,-0,0.068113323459881456,-0,0.34721730278946344,-0,-0,-0,-0,-0,0.052556575364399095,-0,0.35819630335389874,-0,-0,-0,-0,-0,0.048735447867307255,-0,0.34993006807217869,-0,-0,-0,-0,-0,0.056225016510102262,-0,0.34337887607892664,-0
-0,-0,-0,-0,0.05290564620858236,-0,-0,-0,-0,-0,-0,-0,0.020960172900804937,-0,-0,-0,-0,-0,-0,-0,0.068708352933594841,-0,-0,-0,-0,-0,-0,-0,0.041724978641399145,-0,-0,-0
0.16925177217274287,-0,-0,-0,0.10981772047329028,-0,0.12564805895143605,-0,0.15505263736053704,-0,-0,-0,0.11746935078590283,-0,0.13006886109957116,-0,0.17240541663617337,-0,-0,-0,0.10896182654792942,-0,0.1259304754023603,-0,0.17861058788700493,-0,-0,-0,0.1080611858563538,-0,0.1414575526692034,-0
-0,-0,-0,-0,-0,0.18667305354629099,-0,-0,-0,-0,-0,-0,-0,0.17773214788493558,-0,-0,-0,-0,-0,-0,-0,0.1818856026412245,-0,-0,-0,-0,-0,-0,-0,0.20562617800093475,-0,-0
-0,-0,0.40167515058562553,-0,-0,-0,-0,-0,-0,-0,0.38178760510855531,-0,-0,-0,-0,-0,-0,-0,0.40353166521483136,-0,-0,-0,-0,-0,-0,-0,0.39571088415189964,-0,-0,-0,-0,-0
-0,-0,-0,-0,0.6451491477505773,-0,-0,-0,-0,-0,-0,-0,0.64887609912218502,-0,-0,-0,-0,-0,-0,-0,0.62558296175713513,-0,-0,-0,-0,-0,-0,-0,0.63547349008801379,-0,-0,-0
-0,-0,-0,-0,-0,-0,-0,-0,-0,-0,-0,-0,-0,-0,-0,-0,-0,-0,-0,-0,-0,-0,-0,-0,-0,-0,-0,-0,-0,-0,-0,-0
-0,-0,-0,-0,-0,-0,-0,0.14608003043882664,-0,-0,-0,-0,-0,-0,-0,0.1373856192711409,-0,-0,-0,-0,-0,-0,-0,0.16591901646909271,-0,-0,-0,-0,-0,-0,-0,0.1550760243956853
-0,0.21688908324144607,-0,-0,-0,-0,-0,-0,-0,0.21987028133071501,-0,-0,-0,-0,-0,-0,-0,0.21544977088828474,-0,-0,-0,-0,-0,-0,-0,0.2151239113598411,-0,-0,-0,-0,-0,-0
-0,0.15806968487735221,-0,-0,-0,-0,-0,-0,-0,0.16065466094810429,-0,-0,-0,-0,-0,-0,-0,0.19330709358407608,-0,-0,-0,-0,-0,-0,-0,0.13098246438819858,-0,-0,-0,-0,-0,-0
-0,-0,-0,-0,-0,-0,-0,-0,-0,-0,-0,-0,-0,-0,-0,-0,-0,-0,-0,-0,-0,-0,-0,-0,-0,-0,-0,-0,-0,-0,-0,-0
-0,-0,-0,-0,-0,-0,-0,-0,-0,-0,-0,-0,-0,-0,-0,-0,-0,-0,-0,0.006503016030512121,-0,-0,-0,-0,-0,-0,-0,-0,-0,-0,-0,-0
-0,-0,-0,-0,-0,-0,-0,-0,-0,-0,-0,-0,-0,-0,-0,-0,-0,-0,-0,-0,-0,-0,-0,-0,-0,-0,-0,-0,-0,-0,-0,-0
0.20120068028187188,-0,-0,-0,0.36562044775375135,0.09486030966566493,-0,-0,0.1806816083103045,-0,-0,-0,0.37747588174219326,0.090548668551229491,-0,-0,0.20201844946316641,-0,-0,-0,0.37936835020921039,0.077570499464703929,-0,-0,0.20697941559868441,-0,-0,-0,0.36959200657133251,0.099998016321621419,-0,-0
-0,-0,-0,-0,0.064052192836052457,-0,0.12719680362713329,-0,-0,-0,-0,-0,0.057894710943165999,-0,0.13056091904029324,-0,-0,-0,-0,-0,0.061546205628576565,-0,0.12971898400447318,-0,-0,-0,-0,-0,0.052904373709032476,-0,0.13633774571532034,-0
-0,-0,-0,-0,-0,-0,-0,-0,-0,-0,-0,-0,-0,-0,-0,-0,-0,-0,-0,-0,-0,-0,-0,-0,-0,-0,-0,-0,-0,-0,-0,-0
-0,-0,-0,-0,-0,-0,0.067901774721407321,-0,-0,-0,-0,-0,-0,-0,0.065564136923508182,-0,-0,-0,-0,-0,-0,-0,0.080874794472511335,-0,-0,-0,-0,-0,-0,-0,0.076392642357113627,-0
-0,-0,-0,-0,-0,-0,0.045351694496746191,-0,-0,-0,-0,-0,-0,-0,0.056817384931968397,-0,-0,-0,-0,-0,-0,-0,0.040488560209100272,-0,-0,-0,-0,-0,-0,-0,0.042369582029382374,-0
-0,-0,-0,-0,0.05213429172955155,-0,-0,-0,-0,-0,-0,-0,0.033649509311353361,-0,-0,-0,-0,-0,-0,-0,0.065373354424070149,-0,-0,-0,-0,-0,-0,-0,0.046522944552124759,-0,-0,-0
0.094115067741918496,-0,-0,0.074811480218852977,0.28664789326052675,-0,-0,-0,0.097636913421779672,-0,-0,0.076353119090031771,0.29145292869440903,-0,-0,-0,0.098594121944763177,-0,-0,0.12069474434724577,0.30684449597361918,-0,-0,-0,0.085820165131273579,-0,-0,0.074356527010085161,0.30009924647025593,-0,-0,-0
-0,-0,-0,-0,-0,-0,-0,-0,-0,-0,-0,-0,-0,-0,-0,-0,-0,-0,-0,-0,-0,-0,-0,-0,-0,-0,-0,-0,-0,-0,-0,-0
-0,-0,-0,-0,-0,-0,-0,-0,-0,-0,-0,-0,-0,-0,-0,-0,-0,-0,-0,-0,-0,-0,-0,-0,-0,-0,-0,-0,-0,-0,-0,-0
-0,-0,-0,-0,0.15942553201072443,-0,-0,-0,-0,-0,-0,-0,0.15025461206220833,-0,-0,-0,-0,-0,-0,-0,0.152111062419719,-0,-0,-0,-0,-0,-0,-0,0.16755060486110407,-0,-0,-0
-0,-0,-0,-0,-0,-0,-0,-0,-0,-0,-0,-0,-0,-0,-0,-0,-0,-0,-0,-0,-0,-0,-0,-0,-0,-0,-0,-0,-0,-0,-0,-0
-0,0.11005960146621951,-0,-0,-0,-0,-0,-0,-0,0.11430634216639346,-0,-0,-0,-0,-0,-0,-0,0.12907554769413959,-0,-0,-0,-0,-0,-0,-0,0.10012510833563316,-0,-0,-0,-0,-0,-0
0.17269440861455071,-0,-0,-0,-0,-0,-0,-0,0.17148003561981387,-0,-0,-0,-0,-0,-0,-0,0.15761171642378541,-0,-0,-0,-0,-0,-0,-0,0.15918118693828884,-0,-0,-0,-0,-0,-0,-0
-0,-0,0.29468584081850124,-0,-0,-0,-0,-0,-0,-0,0.28400619086918361,-0,-0,-0,-0,-0,-0,-0,0.28461705364377643,-0,-0,-0,-0,-0,-0,-0,0.26630928955734728,-0,-0,-0,-0,-0
-0,-0,-0,-0,0.11377952751564227,-0,-0,-0,-0,-0,-0,-0,0.10448850633104212,-0,-0,-0,-0,-0,-0,-0,0.10552992055275284,-0,-0,-0,-0,-0,-0,-0,0.13162844592299788,-0,-0,-0
0.21410764723713857,-0,-0,-0,-0,-0,-0,-0,0.19805178948270982,-0,-0,-0,-0,-0,-0,-0,0.20392796742582922,-0,-0,-0,-0,-0,-0,-0,0.20161148544948193,-0,-0,-0,-0,-0,-0,-0
-0,0.019673388840110734,-0,-0,-0,-0,-0,-0,-0,0.017699246533926811,-0,-0,-0,-0,-0,-0,-0,0.024715139253221972,-0,-0,-0,-0,-0,-0,-0,0.016046944953485964,-0,-0,-0,-0,-0,-0
-0,-0,-0,-0,-0,-0,-0,-0,-0,-0,-0,-0,-0,-0,-0,-0,-0,-0,-0,-0,-0,-0,-0,-0,-0,-0,-0,-0,-0,-0,-0,-0
-0,0.12953330928253312,-0,-0,-0,-0,-0,-0,-0,0.12618306076527047,-0,-0,-0,-0,-0,-0,-0,0.15427507113348382,-0,-0,-0,-0,-0,-0,-0,0.10269366812390474,-0,-0,-0,-0,-0,-0
-0,-0,-0,-0,-0,-0,-0,-0,-0,-0,-0,-0,-0,-0,-0,-0,-0,-0,-0,-0,-0,-0,-0,-0,-0,-0,-0,-0,-0,-0,-0,-0
-0,-0,0.1484363550394136,-0,-0,-0,-0,-0,-0,-0,0.15360468715300951,-0,-0,-0,-0,-0,-0,-0,0.14238297373188516,-0,-0,-0,-0,-0,-0,-0,0.14668708174470957,-0,-0,-0,-0,-0
-0,-0,-0,-0,-0,-0,-0,-0,-0,-0,-0,-0,-0,-0,-0,-0,-0,-0,-0,-0,-0,-0,-0,-0,-0,-0,-0,-0,-0,-0,-0,-0
-0,-0,-0,-0,-0,-0,-0,-0,-0,-0,-0,-0,-0,-0,-0,-0,-0,-0,-0,-0,-0,-0,-0,-0,-0,-0,-0,-0,-0,-0,-0,-0
-0,-0,0.55500849607156244,-0,-0,-0,-0,-0,-0,-0,0.53221293204669062,-0,-0,-0,-0,-0,-0,-0,0.53408160670607663,-0,-0,-0,-0,-0,-0,-0,0.53257334928177047,-0,-0,-0,-0,-0
-0,0.035604514868632031,-0,-0,-0,-0,-0,-0,-0,0.054005637033717219,-0,-0,-0,-0,-0,-0,-0,0.098276881996837526,-0,-0,-0,-0,-0,-0,-0,-0,-0,-0,-0,-0,-0,-0
-0,-0,-0,-0,-0,-0,-0,-0,-0,-0,-0,-0,-0,-0,-0,-0,-0,-0,-0,-0,-0,-0,-0,-0,-0,-0,-0,-0,-0,-0,-0,-0
-0,-0,-0,-0,-0,-0,-0,-0,-0,-0,-0,-0,-0,-0,-0,-0,-0,-0,-0,-0,-0,-0,-0,-0,-0,-0,-0,-0,-0,-0,-0,-0
-0,-0,-0,0.16992398399385661,-0,-0,-0,-0,-0,-0,-0,0.18046626668743301,-0,-0,-0,-0,-0,-0,-0,0.19406462064357219,-0,-0,-0,-0,-0,-0,-0,0.14297941411905826,-0,-0,-0,-0
-0,-0,-0,-0,-0,-0,-0,-0,-0,-0,-0,-0,-0,-0,-0,-0,-0,-0,-0,-0,-0,-0,-0,-0,-0,-0,-0,-0,-0,-0,-0,-0
-0,-0,-0,-0,-0,-0,-0,-0,-0,-0,-0,-0,-0,-0,-0,-0,-0,-0,-0,-0,-0,-0,-0,-0,-0,-0,-0,-0,-0,-0,-0,-0
-0,-0,-0,-0,-0,-0,0.0039519990386465967,-0,-0,-0,-0,-0,-0,-0,0.025517454908821804,-0,-0,-0,-0,-0,-0,-0,0.022530664000622196,-0,-0,-0,-0,-0,-0,-0,-0,-0
-0,-0,0.27738062555021092,-0,-0,-0,-0,-0,-0,-0,0.27826415470588411,-0,-0,-0,-0,-0,-0,-0,0.26647107313196861,-0,-0,-0,-0,-0,-0,-0,0.26207211281541876,-0,-0,-0,-0,-0
0.6454838748064633,-0,-0,-0,0.31489244495416036,-0,-0,-0,0.63461699604309796,-0,-0,-0,0.29585487090627449,-0,-0,-0,0.655445658095547,-0,-0,-0,0.33033058567827034,-0,-0,-0,0.63847384303889154,-0,-0,-0,0.32188267932061065,-0,-0,-0
-0,-0,-0,-0,0.26638581290029534,-0,0.062827507615492842,-0,-0,-0,-0,-0,0.26630098309888572,-0,0.06438802475186646,-0,-0,-0,-0,-0,0.26851042543771869,-0,0.065649085863735995,-0,-0,-0,-0,-0,0.26587601946278028,-0,0.071640255868063274,-0
-0,-0,-0,-0,-0,-0,-0,-0,-0,-0,-0,-0,-0,-0,-0,-0,-0,-0,-0,-0,-0,-0,-0,-0,-0,-0,-0,-0,-0,-0,-0,-0
-0,-0,-0,-0,0.39378568236993899,-0,-0,-0,-0,-0,-0,-0,0.3897961672401079,-0,-0,-0,-0,-0,-0,-0,0.40537664104689652,-0,-0,-0,-0,-0,-0,-0,0.3873593245074507,-0,-0,-0
-0,0.059377786893105092,-0,-0,-0,-0,-0,-0,-0,0.063463376441569019,-0,-0,-0,-0,-0,-0,-0,0.045037667186744887,-0,-0,-0,-0,-0,-0,-0,0.050020047074369189,-0,-0,-0,-0,-0,-0
-0,-0,-0,-0,-0,-0,-0,-0,-0,-0,-0,-0,-0,-0,-0,-0,-0,-0,-0,-0,-0,-0,-0,-0,-0,-0,-0,-0,-0,-0,-0,-0
-0,-0,-0,-0,-0,-0,-0,-0,-0,-0,-0,-0,-0,-0,-0,-0,-0,-0,-0,-0,-0,-0,-0,-0,-0,-0,-0,-0,-0,-0,-0,-0
-0,-0,-0,-0,0.20165962965727258,-0,-0,-0,-0,-0,-0,-0,0.19142132563477859,-0,-0,-0,-0,-0,-0,-0,0.19070402428204949,-0,-0,-0,-0,-0,-0,-0,0.18265270869443775,-0,-0,-0
-0,-0,-0,-0,-0,-0,-0,-0,-0,-0,-0,-0,-0,-0,-0,-0,-0,-0,-0,-0,-0,-0,-0,-0,-0,-0,-0,-0,-0,-0,-0,-0
-0,-0,-0,-0,-0,-0,-0,-0,-0,-0,-0,-0,-0,-0,-0,-0,-0,-0,-0,-0,-0,-0,-0,-0,-0,-0,-0,-0,-0,-0,-0,-0
-0,0.21972208714495695,-0,-0,-0,-0,-0,-0,-0,0.22790199703425115,-0,-0,-0,-0,-0,-0,-0,0.26657565219929297,-0,-0,-0,-0,-0,-0,-0,0.22502741443627153,-0,-0,-0,-0,-0,-0
-0,-0,-0,-0,-0,-0,-0,-0,-0,-0,-0,-0,-0,-0,-0,-0,-0,-0,-0,-0,-0,-0,-0,-0,-0,-0,-0,-0,-0,-0,-0,-0
-0,-0,-0,-0,-0,-0,-0,-0,-0,-0,-0,-0,-0,-0,-0,-0,-0,-0,-0,-0,-0,-0,-0,-0,-0,-0,-0,-0,-0,-0,-0,-0
-0,-0,-0,-0,-0,-0,-0,-0,-0,-0,-0,-0,-0,-0,-0,-0,-0,-0,-0,-0,-0,-0,-0,-0,-0,-0,-0,-0,-0,-0,-0,-0
-0,-0,-0,-0,-0,-0,-0,-0,-0,-0,-0,-0,-0,-0,-0,-0,-0,-0,-0,-0,-0,-0,-0,-0,-0,-0,-0,-0,-0,-0,-0,-0
-0,-0,-0,-0,-0,-0,-0,-0,-0,-0,-0,-0,-0,-0,-0,-0,-0,-0,-0,-0,-0,-0,-0,-0,-0,-0,-0,-0,-0,-0,-0,-0
-0,-0,-0,-0,-0,-0,-0,-0,-0,-0,-0,-0,-0,-0,-0,-0,-0,-0,-0,-0,-0,-0,-0,-0,-0,-0,-0,-0,-0,-0,-0,-0
-0,-0,-0,-0,-0,-0,-0,-0,-0,-0,-0,-0,-0,-0,-0,-0,-0,-0,-0,-0,-0,-0,-0,-0,-0,-0,-0,-0,-0,-0,-0,-0
-0,-0,-0,-0,0.099797269882209452,-0,-0,-0,-0,-0,-0,-0,0.089370464346240769,-0,-0,-0,-0,-0,-0,-0,0.10117303321640865,-0,-0,-0,-0,-0,-0,-0,0.10824828371492382,-0,-0,-0
-0,-0,-0,-0,-0,-0,-0,-0,-0,-0,-0,-0,-0,-0,-0,-0,-0,-0,-0,-0,-0,-0,-0,-0,-0,-0,-0,-0,-0,-0,-0,-0
-0,-0,-0,-0,-0,-0,-0,-0,-0,-0,-0,-0,-0,-0,-0,-0,-0,-0,-0,-0,-0,-0,-0,-0,-0,-0,-0,-0,-0,-0,-0,-0
-0,-0,-0,-0,-0,-0,-0,-0,-0,-0,-0,-0,-0,-0,-0,-0,-0,-0,-0,-0,-0,-0,-0,-0,-0,-0,-0,-0,-0,-0,-0,-0
-0,-0,-0,-0,0.12065072760722427,-0,-0,-0,-0,-0,-0,-0,0.12774795162971761,-0,-0,-0,-0,-0,-0,-0,0.11399461200907141,-0,-0,-0,-0,-0,-0,-0,0.13334644592323494,-0,-0,-0
-0,0.065091516530733334,-0,-0,-0,-0,-0,-0,-0,0.057699421331970015,-0,-0,-0,-0,-0,-0,-0,0.045441522299749973,-0,-0,-0,-0,-0,-0,-0,0.051830607942742031,-0,-0,-0,-0,-0,-0
-0,-0,-0,-0,-0,-0,-0,-0,-0,-0,-0,-0,-0,-0,-0,-0,-0,-0,-0,-0,-0,-0,-0,-0,-0,-0,-0,-0,-0,-0,-0,-0
0.15582063675928295,-0,-0,-0,-0,-0,-0,-0,0.14845935053793158,-0,-0,-0,-0,-0,-0,-0,0.14865169049942853,-0,-0,-0,-0,-0,-0,-0,0.17330681514344445,-0,-0,-0,-0,-0,-0,-0
-0,-0,-0,0.21959780730947506,0.42807558697731168,-0,-0,-0,-0,-0,-0,0.22649256892905956,0.42337403697303727,-0,-0,-0,-0,-0,-0,0.22462002903301501,0.42730642737758745,-0,-0,-0,-0,-0,-0,0.19471263867413613,0.43742027270743222,-0,-0,-0
-0,-0,-0,-0,-0,-0,-0,-0,-0,-0,-0,-0,-0,-0,-0,-0,-0,-0,-0,-0,-0,-0,-0,-0,-0,-0,-0,-0,-0,-0,-0,-0
-0,-0,-0,-0,-0,-0,-0,-0,-0,-0,-0,-0,-0,-0,-0,-0,-0,-0,-0,-0,-0,-0,-0,-0,-0,-0,-0,-0,-0,-0,-0,-0
-0,-0,-0,-0,-0,-0,-0,-0,-0,-0,-0,-0,-0,-0,-0,-0,-0,-0,-0,-0,-0,-0,-0,-0,-0,-0,-0,-0,-0,-0,-0,-0
-0,-0,-0,0.15244481216948993,-0,-0,-0,-0,-0,-0,-0,0.14820064869945002,-0,-0,-0,-0,-0,-0,-0,0.20260008946891839,-0,-0,-0,-0,-0,-0,-0,0.14939539610330391,-0,-0,-0,-0
-0,-0,0.052331972471663699,-0,-0,-0,-0,-0,-0,-0,0.043665904509113715,-0,-0,-0,-0,-0,-0,-0,0.047239308259132834,-0,-0,-0,-0,-0,-0,-0,0.055802993707395637,-0,-0,-0,-0,-0
-0,-0,-0,-0,-0,-0,-0,-0,-0,-0,-0,-0,-0,-0,-0,-0,-0,-0,-0,-0,-0,-0,-0,-0,-0,-0,-0,-0,-0,-0,-0,-0
-0,-0,-0,0.25336023855905965,0.5519181370349352,-0,-0,-0,-0,-0,-0,0.25329848324869869,0.54564886409169067,-0,-0,-0,-0,-0,-0,0.2953428647307777,0.56397617083031337,-0,-0,-0,-0,-0,-0,0.25689305547215974,0.5535152909206551,-0,-0,-0
