overlap,regime,load,shift,method,pair,subsequent_presentations,retention,lower95,upper95,forgetting,lower95_forgetting,upper95_forgetting
5,per_pair,4,False,baseline_high,0,384,0.9961483589636356,0.9945858799222405,0.9975758247386363,0.0019865010219951296,0.0005546559640646056,0.003495376873876128
5,per_pair,4,False,baseline_high,1,256,0.9799913416224535,0.9611996716544494,0.991846936259703,0.009539199748087557,0.0024802112587562486,0.020233891031483788
5,per_pair,4,False,baseline_high,2,128,0.9941677363871771,0.9911628173087434,0.9966113775356361,6.0225059823379445e-05,-0.0013480118093132185,0.0014694309196411363
5,per_pair,4,False,baseline_high,3,0,0.9823136190720191,0.9589026222383693,0.9955608207671444,0.0,0.0,0.0
5,per_pair,4,False,ordinary,0,384,0.995754697702075,0.9930533873586911,0.9978769215791762,0.0026904020615846854,0.000940572226054475,0.004865001962923346
5,per_pair,4,False,ordinary,1,256,0.9879363473727213,0.9790185585108325,0.9944173919118023,0.005485534627298093,0.0007025180176595435,0.012297591473571007
5,per_pair,4,False,ordinary,2,128,0.9943346428560856,0.9905285508780155,0.9973331012327584,0.0005452007172158565,-0.0011749031973316785,0.0026694367995944205
5,per_pair,4,False,ordinary,3,0,0.9840649999584867,0.9617168397202307,0.9966193499488435,0.0,0.0,0.0
5,per_pair,4,False,homeostasis,0,384,0.9951870490681878,0.9909479860696673,0.9980960150171785,0.002466440160893979,0.0005482041980079473,0.0052095792232028405
5,per_pair,4,False,homeostasis,1,256,0.9871785229910838,0.976678227470084,0.9943016012302042,0.00555668690231607,-0.00041708988324050216,0.013678351579562289
5,per_pair,4,False,homeostasis,2,128,0.9949007935611736,0.9919768755467057,0.9973706711591497,0.00031213488319237664,-0.00172927740193294,0.0021313648583335715
5,per_pair,4,False,homeostasis,3,0,0.9897386818234457,0.9757300656514973,0.997791119354734,0.0,0.0,0.0
5,per_pair,4,False,sham,0,384,0.9953569256322036,0.9917766594489539,0.9980513956754715,0.0023180769293349355,0.0005051477285489812,0.004653180977669203
5,per_pair,4,False,sham,1,256,0.9796649833255735,0.9606641551199048,0.9929193129198116,0.00961123456016893,0.0009649213466074154,0.020226005532902862
5,per_pair,4,False,sham,2,128,0.9948968626317424,0.9915166831339354,0.9976028724382531,0.00021420701775842765,-0.001995258207672497,0.0021121778349602674
5,per_pair,4,False,sham,3,0,0.9826816778007398,0.9538422889345982,0.9977617123252913,0.0,0.0,0.0
5,per_pair,4,False,random_ordinary,0,384,0.9961420998149757,0.9926143468920475,0.9984563691245409,0.0021942203583185244,0.0005617303411101486,0.004955466728402651
5,per_pair,4,False,random_ordinary,1,256,0.9793605462885108,0.9630317503758181,0.991926259885381,0.0089548407772029,0.0025363230204298514,0.018931947177059812
5,per_pair,4,False,random_ordinary,2,128,0.9945644616109112,0.9910437338228403,0.9973499515321843,0.000805805699892137,6.718363101679623e-07,0.0017072779004374413
5,per_pair,4,False,random_ordinary,3,0,0.987857834419874,0.9733706321984288,0.996422064325548,0.0,0.0,0.0
5,per_pair,4,False,random_homeostasis,0,384,0.9965667754229589,0.993971417667473,0.9986318110966396,0.001967561658542246,0.0008777718360775377,0.0032292096808172062
5,per_pair,4,False,random_homeostasis,1,256,0.9934341482378423,0.9888361177906924,0.9972390232765038,0.0035042326977894243,0.0008442639141768825,0.00700268185192226
5,per_pair,4,False,random_homeostasis,2,128,0.9960706002361612,0.9899524164476242,0.9993753289725763,-0.000831611968768344,-0.0034522133473389263,0.0006889936047531515
5,per_pair,4,False,random_homeostasis,3,0,0.9940372342423626,0.9865940502189212,0.9991648783182849,0.0,0.0,0.0
5,per_pair,4,False,direct,0,384,0.9938829782473922,0.9896912037977463,0.9973127803381673,0.003923142395721242,0.0012829387180421405,0.007262369511122741
5,per_pair,4,False,direct,1,256,0.9967335883763346,0.99465541360246,0.9984172901199764,0.0019029549656804877,0.00033166033279388604,0.003896877928474337
5,per_pair,4,False,direct,2,128,0.997095493524338,0.9946026957970746,0.9988931950362968,0.0012558563457048116,-7.311034852929914e-05,0.0032177937930829566
5,per_pair,4,False,direct,3,0,0.9937150710044499,0.9867072846855046,0.9988905480114664,0.0,0.0,0.0
5,per_pair,4,False,oracle,0,384,0.9987098591052123,0.9978102152483324,0.9994220775519312,0.0,0.0,0.0
5,per_pair,4,False,oracle,1,256,0.9951257504624541,0.9920904887553087,0.997693168775515,0.0,0.0,0.0
5,per_pair,4,False,oracle,2,128,0.9979613149114864,0.9966434477801153,0.9989848209372392,0.0,0.0,0.0
5,per_pair,4,False,oracle,3,0,0.9935879276927828,0.9859716867589294,0.9986703308621515,0.0,0.0,0.0
5,per_pair,4,False,fixed_homeostasis,0,384,0.9959451963536868,0.9943102184571517,0.9974687123691393,0.0021711505632870712,0.0007601527647120396,0.003644525993134935
5,per_pair,4,False,fixed_homeostasis,1,256,0.9888577537382143,0.9840546166865286,0.9930276980476285,0.003751138584512014,0.0013425046894455384,0.006399985231618969
5,per_pair,4,False,fixed_homeostasis,2,128,0.9922207803527847,0.9863381025404874,0.9964064877933773,0.000832700673203309,-0.00171835572621263,0.0037591044509541947
5,per_pair,4,False,fixed_homeostasis,3,0,0.989713510483762,0.9815392363904843,0.9953222065309292,0.0,0.0,0.0
5,per_pair,4,False,fixed_sham,0,384,0.9962832894331282,0.9947793662429746,0.997668128055793,0.001907059639116554,0.0005788930481519452,0.0032769722440550153
5,per_pair,4,False,fixed_sham,1,256,0.9801239382105272,0.9607045574505112,0.9922519768613695,0.009617612278250207,0.002522635594079418,0.019879442346280966
5,per_pair,4,False,fixed_sham,2,128,0.9923561466830652,0.9872610217391924,0.9961582212809532,0.000644742676835138,-0.0013678156109035219,0.002805218116584287
5,per_pair,4,False,fixed_sham,3,0,0.9879886414832649,0.9781713766114845,0.9949030119555969,0.0,0.0,0.0
5,per_pair,4,False,matched_sham,0,384,0.9953569256322036,0.9917766594489539,0.9980513956754715,0.0023180769293349355,0.0005051477285489812,0.004653180977669203
5,per_pair,4,False,matched_sham,1,256,0.9796649833255735,0.9606641551199048,0.9929193129198116,0.00961123456016893,0.0009649213466074154,0.020226005532902862
5,per_pair,4,False,matched_sham,2,128,0.9948968626317424,0.9915166831339354,0.9976028724382531,0.00021420701775842765,-0.001995258207672497,0.0021121778349602674
5,per_pair,4,False,matched_sham,3,0,0.9826816778007398,0.9538422889345982,0.9977617123252913,0.0,0.0,0.0
5,per_pair,16,False,baseline_high,0,1920,0.9724016637463567,0.951978589262061,0.9874266638177771,0.025733196239274083,0.011110045475002876,0.04595789977737516
5,per_pair,16,False,baseline_high,1,1792,0.9385364748094922,0.8825729519161227,0.9817108492841249,0.05099406656104887,0.012106364965861977,0.10287468811475806
5,per_pair,16,False,baseline_high,2,1664,0.9542208923276103,0.9204968426643052,0.9815501368001801,0.040007069119390275,0.01305810313975801,0.07355799901387228
5,per_pair,16,False,baseline_high,3,1536,0.9667963626374217,0.942818439646072,0.9857322086231446,0.01551725643459736,0.0028933759108516056,0.03072990450969894
5,per_pair,16,False,baseline_high,4,1408,0.9655900560647163,0.9368808370505626,0.986465575080642,0.02523229414640954,0.006423929755579285,0.05113907578257825
5,per_pair,16,False,baseline_high,5,1280,0.9645502663841153,0.9380968980979516,0.9834129367613054,0.027837677134395545,0.010090511101279823,0.05271202758068744
5,per_pair,16,False,baseline_high,6,1152,0.9640232650218755,0.9372305323038005,0.9851906782803179,0.025843961489397427,0.0065774928335510605,0.050345359707672774
5,per_pair,16,False,baseline_high,7,1024,0.9526180881069903,0.9135717708953736,0.9810160644919063,0.03669607761731735,0.013340165526063798,0.0666633702533117
5,per_pair,16,False,baseline_high,8,896,0.9421452598891648,0.8771964918403989,0.9817072537237459,0.04303850380042935,0.008802026352338531,0.09838751148100423
5,per_pair,16,False,baseline_high,9,768,0.9799894395862708,0.9655398101846411,0.9904710321428101,0.012853127738280859,0.0023797215881725476,0.027460996878550636
5,per_pair,16,False,baseline_high,10,640,0.9683735391008534,0.9390587214850442,0.9885842104589695,0.01397902290432472,0.0008631351216084788,0.03378130771128566
5,per_pair,16,False,baseline_high,11,512,0.9837464597383745,0.9691352472769692,0.993034082661827,0.006138805209789253,-0.00373372201737771,0.020389050050329417
5,per_pair,16,False,baseline_high,12,384,0.9861571592016869,0.9785418348839792,0.9927438492713039,-0.0009235647229454275,-0.009291331177271408,0.006192880686449311
5,per_pair,16,False,baseline_high,13,256,0.9839192382690604,0.9758289806502586,0.9904742386690905,0.0039006370092847984,-0.001562125504943145,0.010226347295668613
5,per_pair,16,False,baseline_high,14,128,0.9735377643624789,0.9422718942695447,0.9923139733048936,0.006831680170349662,0.0011349243500561638,0.01653089123969004
5,per_pair,16,False,baseline_high,15,0,0.9770686282177193,0.9463495686228444,0.9951741310782309,0.0,0.0,0.0
5,per_pair,16,False,ordinary,0,1920,0.974027714756552,0.9489240978298955,0.9895107736499686,0.02441738500710776,0.009240884741716963,0.04920169602888225
5,per_pair,16,False,ordinary,1,1792,0.9663681987678937,0.9467211628183914,0.9833801373728025,0.0270536832321258,0.011762239851822598,0.04533375678989997
5,per_pair,16,False,ordinary,2,1664,0.963034484954561,0.9336665115487655,0.9857003925344158,0.031845358618740306,0.010249974328226556,0.05945035511632561
5,per_pair,16,False,ordinary,3,1536,0.9686803818832153,0.9431017806595718,0.9872473679891779,0.015384618075271467,0.00573605772711737,0.026662641119485315
5,per_pair,16,False,ordinary,4,1408,0.9530256210352187,0.9104402461994556,0.9841489033454955,0.033522499357683415,0.007590055164713804,0.07077087461767823
5,per_pair,16,False,ordinary,5,1280,0.9748185177615843,0.9552627301116924,0.9877104247259868,0.020574779927993562,0.008387302230097841,0.03935156311716064
5,per_pair,16,False,ordinary,6,1152,0.9478551778292773,0.9010549055953208,0.9837207519733555,0.04351663339704626,0.010743139834245878,0.08666293464795284
5,per_pair,16,False,ordinary,7,1024,0.9502939506867149,0.8952134442636817,0.9856432043087497,0.03644373922004255,0.011120703905690222,0.0715482435243694
5,per_pair,16,False,ordinary,8,896,0.946965338766431,0.89367537402726,0.9842303094002878,0.04068716073909812,0.007908566064317663,0.08992081762262445
5,per_pair,16,False,ordinary,9,768,0.9736636421473506,0.9412541706738132,0.9932665012571955,0.02228702071081479,0.002902739104562848,0.054533093162730785
5,per_pair,16,False,ordinary,10,640,0.9535721692009668,0.9072378976369376,0.9908321871123911,0.027980515276325713,0.003721273988351588,0.05840909031995579
5,per_pair,16,False,ordinary,11,512,0.994116310210957,0.9908170156675791,0.996779747469918,-1.657222037005727e-05,-0.003834306227709199,0.0038277718409439943
5,per_pair,16,False,ordinary,12,384,0.9878275484148658,0.9763310750917131,0.9956199257183725,-0.0023547345172122516,-0.00960312747565483,0.005130830371802736
5,per_pair,16,False,ordinary,13,256,0.9859337259319374,0.9769301371179471,0.9930732217385176,0.002598590192705854,-0.004793443719374388,0.010341311382876807
5,per_pair,16,False,ordinary,14,128,0.9769968312529863,0.9425846805073981,0.9958362710525338,0.007175805940187449,0.0010330433040382262,0.01808097800849981
5,per_pair,16,False,ordinary,15,0,0.9755037446521607,0.9373243362747246,0.9970612159655635,0.0,0.0,0.0
5,per_pair,16,False,homeostasis,0,1920,0.9572832335246403,0.9242853062448805,0.9833511536121452,0.04037025570444148,0.01467494636962181,0.07295990934006995
5,per_pair,16,False,homeostasis,1,1792,0.9566187872919611,0.9136855371214782,0.9851384404402749,0.036116422601438776,0.007412082609889999,0.07945599528167846
5,per_pair,16,False,homeostasis,2,1664,0.9356718055267721,0.8719896664996174,0.9834578303570809,0.059541122917594023,0.011924698026229577,0.12300903504366578
5,per_pair,16,False,homeostasis,3,1536,0.9716242633224282,0.9507649961905259,0.9879849263605645,0.018114418501017287,0.007264373463157874,0.0304070950680918
5,per_pair,16,False,homeostasis,4,1408,0.9469158824497064,0.8820583119229216,0.991678149888611,0.044933989381713425,0.005604126234784524,0.1038166552557235
5,per_pair,16,False,homeostasis,5,1280,0.9663456415835032,0.9358574866961646,0.9916649715577295,0.029017593009260368,0.004610480547663874,0.058751577899693846
5,per_pair,16,False,homeostasis,6,1152,0.9503904431549862,0.8934324210983284,0.9866802825204759,0.04140775978433215,0.010121476530277156,0.09133453836044463
5,per_pair,16,False,homeostasis,7,1024,0.9625373608995712,0.9098054644534798,0.9932175551364844,0.022982261881679216,0.003852827602359453,0.05257405173173042
5,per_pair,16,False,homeostasis,8,896,0.9434773525245784,0.8795133127266548,0.9838896960484704,0.04682513844122207,0.0110239366387471,0.10492482129220812
5,per_pair,16,False,homeostasis,9,768,0.9810905400134134,0.9653671296199537,0.9930710407790322,0.015105552598866373,0.003791459963920927,0.0302537987767127
5,per_pair,16,False,homeostasis,10,640,0.9655357335927808,0.9234132396368937,0.9942783047750811,0.015585961909590093,-0.0017753832885764006,0.039322770489318676
5,per_pair,16,False,homeostasis,11,512,0.9834652075878355,0.9621864924382173,0.9961006364899314,0.00833241873664517,-0.004176380667704274,0.028106489222352923
5,per_pair,16,False,homeostasis,12,384,0.9829922336888907,0.9623215828914294,0.9966079949808003,0.0048151875811843865,-0.002569411083454354,0.017087000284696133
5,per_pair,16,False,homeostasis,13,256,0.9758903321305358,0.9422271841848923,0.9946649456391568,0.010013323862183676,-0.006923000923080727,0.03680966101767341
5,per_pair,16,False,homeostasis,14,128,0.978408666011361,0.9426737437103103,0.9975545249492817,0.007296696716497871,0.0004567371736139285,0.019985131457124147
5,per_pair,16,False,homeostasis,15,0,0.9936901391037566,0.9884655198122899,0.9978425829417474,0.0,0.0,0.0
5,per_pair,16,False,sham,0,1920,0.9480451793152692,0.9089911696899848,0.9789669696188925,0.04962982324626935,0.019545899752484018,0.08742645805879279
5,per_pair,16,False,sham,1,1792,0.9360202402225563,0.880972171361711,0.977590242272851,0.0532559776631862,0.015511110566306241,0.10398603374684481
5,per_pair,16,False,sham,2,1664,0.9446344292234009,0.8990219232785993,0.980385801688624,0.050476640426100054,0.014530637266567333,0.09616079637505193
5,per_pair,16,False,sham,3,1536,0.9636278761247596,0.932083182928492,0.9872977120812628,0.01905380167597995,0.0026286727009116107,0.040837529088358145
5,per_pair,16,False,sham,4,1408,0.9602810703924503,0.9230038684825378,0.9879645720756852,0.03267675659824505,0.00770359013034562,0.06667899432295937
5,per_pair,16,False,sham,5,1280,0.9622056814514965,0.9316400066536643,0.9848623268136154,0.0333131901820127,0.01107304798552429,0.06357799836276284
5,per_pair,16,False,sham,6,1152,0.9369695239757294,0.8713706378994768,0.983769412111097,0.05351871657608024,0.011535110167470896,0.11384733389860749
5,per_pair,16,False,sham,7,1024,0.9691200064720161,0.936256418259502,0.990040283995109,0.018576719357002208,0.00697195965724214,0.032598364052028796
5,per_pair,16,False,sham,8,896,0.939549949585539,0.8733181913684024,0.9816729529769268,0.04233640523200007,0.0087394773366762,0.09500436140661368
5,per_pair,16,False,sham,9,768,0.9709887866872796,0.9384237768212196,0.9911933138925736,0.02475347862543159,0.004747136196802148,0.05721729619667208
5,per_pair,16,False,sham,10,640,0.9652262117695476,0.9264218367405181,0.9914896158780546,0.0176608387975165,0.00288835060510621,0.04003262517295551
5,per_pair,16,False,sham,11,512,0.9883642770555537,0.9778947245115216,0.9961154983721052,0.00609950398563006,-0.0018207848454927693,0.016272374578071503
5,per_pair,16,False,sham,12,384,0.9843885051638512,0.9696952529613543,0.99627344578404,0.003892637375565236,-0.002369920962418036,0.01188046944970215
5,per_pair,16,False,sham,13,256,0.9829090789439706,0.9680765845007546,0.9929688843246728,0.005483765213280797,-0.0030095010009256813,0.015642139407756214
5,per_pair,16,False,sham,14,128,0.9930373057661911,0.9866158721148907,0.997291078685152,0.002715251963702541,0.0005242583789820582,0.00606886690502049
5,per_pair,16,False,sham,15,0,0.9720337298622909,0.9225339539157552,0.9979749895757556,0.0,0.0,0.0
5,per_pair,16,False,random_ordinary,0,1920,0.9641935618857193,0.9373077846746843,0.9854392569713245,0.03414275828757494,0.013172603397896701,0.06089025793172629
5,per_pair,16,False,random_ordinary,1,1792,0.9265559413655198,0.8847518263336757,0.9623796731625828,0.061759445700194086,0.02865932026653639,0.10092517187516038
5,per_pair,16,False,random_ordinary,2,1664,0.9468785276822317,0.9181236404030223,0.9716375327705756,0.04849173962857154,0.024203533291808722,0.07713409312150846
5,per_pair,16,False,random_ordinary,3,1536,0.9553394257069839,0.9186772723939991,0.9816158244560819,0.03251840871288995,0.012962155447727403,0.05750084491634792
5,per_pair,16,False,random_ordinary,4,1408,0.9734857865747419,0.9566114521585001,0.9875572015768915,0.019219937943113687,0.0069672304078002584,0.033923077833680745
5,per_pair,16,False,random_ordinary,5,1280,0.9538509253181876,0.9273856684911355,0.9751187163767617,0.04121724626856382,0.020881064459869716,0.06693631086560883
5,per_pair,16,False,random_ordinary,6,1152,0.9502173540417503,0.9111318413144193,0.9811693642392141,0.03969287294018368,0.012759685812680832,0.07413794765629436
5,per_pair,16,False,random_ordinary,7,1024,0.9525250960612993,0.9019112638936871,0.984250890202043,0.03819378800512062,0.012666926433955169,0.07772900386292259
5,per_pair,16,False,random_ordinary,8,896,0.9540740839323059,0.8995137027552297,0.9886922129774139,0.030610528664038603,0.004365183382567881,0.0712920575055119
5,per_pair,16,False,random_ordinary,9,768,0.9833651530903286,0.9736281519964942,0.9914225921106429,0.011299236364410015,0.0034346499076395604,0.021048716005889125
5,per_pair,16,False,random_ordinary,10,640,0.9519013901799745,0.9058322828654123,0.9891380877022963,0.029262871235134075,0.004531793988182552,0.06108351790447201
5,per_pair,16,False,random_ordinary,11,512,0.9881657301239445,0.9751420459445092,0.9956330443348714,0.00358295572981239,-0.0026887229184571777,0.01242427951404079
5,per_pair,16,False,random_ordinary,12,384,0.9708721530328522,0.9425927975305955,0.9919600208003165,0.014711617302831853,0.0012224103681123721,0.032616568390413554
5,per_pair,16,False,random_ordinary,13,256,0.9845663536677062,0.9727102212991976,0.993130566930105,0.0055155239735232885,-0.001937418289227153,0.015710566216040337
5,per_pair,16,False,random_ordinary,14,128,0.9795654758146447,0.9556581749070705,0.9961229190918635,0.005482023914767302,0.000341415710791639,0.013952170829901698
5,per_pair,16,False,random_ordinary,15,0,0.9809835640241547,0.9508515182420922,0.9973054672856463,0.0,0.0,0.0
5,per_pair,16,False,random_homeostasis,0,1920,0.9277082487069461,0.872652644003271,0.9724913258089164,0.07082608837455506,0.026583084727010788,0.12559116955709704
5,per_pair,16,False,random_homeostasis,1,1792,0.9307161809304322,0.8897382081526798,0.9646762582377062,0.06622220000519939,0.031911732735186694,0.10750689523089109
5,per_pair,16,False,random_homeostasis,2,1664,0.9387635266552369,0.8927776220061946,0.9753314891143146,0.056475461612156,0.023811523807936427,0.09651545915627005
5,per_pair,16,False,random_homeostasis,3,1536,0.9431645899373415,0.902300898760557,0.9760082047816282,0.05087264430502118,0.020087148164597664,0.09071414187022599
5,per_pair,16,False,random_homeostasis,4,1408,0.9635113546691784,0.9123176976410767,0.9928319561049048,0.029963650860819212,0.006038677688558824,0.07047268695058831
5,per_pair,16,False,random_homeostasis,5,1280,0.9411531106484373,0.9069392624379025,0.9719233604301153,0.05666413978382586,0.02622379397795964,0.09066116855248878
5,per_pair,16,False,random_homeostasis,6,1152,0.9584358079472658,0.9187823334516937,0.9888693150127692,0.03438237074831144,0.008926055477308114,0.07104293344163502
5,per_pair,16,False,random_homeostasis,7,1024,0.9468000109818883,0.8815564477054998,0.9931065730251409,0.02828195162314404,0.006487328437195176,0.06215061393674485
5,per_pair,16,False,random_homeostasis,8,896,0.9612537000310146,0.9260607901298791,0.9882614008715241,0.02965686802529525,0.007380544763914282,0.059938840100593915
5,per_pair,16,False,random_homeostasis,9,768,0.9591266512518756,0.923602802439273,0.9868246079071672,0.037930151216298384,0.011478262510349599,0.07214930242265831
5,per_pair,16,False,random_homeostasis,10,640,0.9440449177201486,0.8818386443084703,0.9913525314818101,0.04690757873648315,0.007414306233554337,0.09912783530051361
5,per_pair,16,False,random_homeostasis,11,512,0.9939339786620334,0.9866880289207226,0.9986440124109836,0.0023985476721817603,-0.00243425876817333,0.007937627474985689
5,per_pair,16,False,random_homeostasis,12,384,0.9520509826847198,0.887378814359659,0.9968756583835283,0.029600066290494918,0.0006840269503884756,0.07271659402815438
5,per_pair,16,False,random_homeostasis,13,256,0.977612244028555,0.9561898227279582,0.9935835172441926,0.006945770461348477,-0.004914918279616564,0.01980931814095019
5,per_pair,16,False,random_homeostasis,14,128,0.9948669133208328,0.9880501063681139,0.9994573762468982,0.0016810210493384409,-0.00014268078671036039,0.0049143583454752575
5,per_pair,16,False,random_homeostasis,15,0,0.9979227359544979,0.9964235188653987,0.9991990698612129,0.0,0.0,0.0
5,per_pair,16,False,direct,0,1920,0.9118412956085189,0.8386519263013767,0.9705623571806811,0.08596482503459474,0.02742149850205545,0.15892300141817856
5,per_pair,16,False,direct,1,1792,0.8830422826223439,0.8032443018141301,0.9514373805835139,0.1155942607196712,0.04732509308366112,0.19530029699687035
5,per_pair,16,False,direct,2,1664,0.9107159297801303,0.8141230142170147,0.9778450286869589,0.08763542008991265,0.020768790997136844,0.18421567791694896
5,per_pair,16,False,direct,3,1536,0.9653197031300529,0.9238000659791038,0.9925538837180075,0.02839536787439716,0.004224610541011919,0.06392166240399291
5,per_pair,16,False,direct,4,1408,0.9677389656926388,0.9144622414924327,0.9960482863646248,0.022590422313984827,0.0008081064783442783,0.06253322228936761
5,per_pair,16,False,direct,5,1280,0.9413533377587083,0.8769645962846868,0.9870186195945644,0.05479432775918756,0.010251952299744108,0.11886043317064457
5,per_pair,16,False,direct,6,1152,0.9691510429628467,0.9317117854121775,0.9926864219224556,0.024054316670531553,0.0010110233266703373,0.05777286898301861
5,per_pair,16,False,direct,7,1024,0.9500953788283178,0.8689220841932509,0.9949345053645441,0.04162301163191401,-0.0003954723459301043,0.1200789856525481
5,per_pair,16,False,direct,8,896,0.9819586184863898,0.958802125070987,0.996288523065665,0.015392604966731666,0.0011948216992066682,0.038196586415651
5,per_pair,16,False,direct,9,768,0.9584368832238422,0.8881469438594034,0.9955805399300365,0.03799623508744405,0.002054138747923674,0.10715307328470665
5,per_pair,16,False,direct,10,640,0.9402322238844341,0.880841638795415,0.98631809807648,0.05104347065499948,0.009828051803091126,0.10447899145945638
5,per_pair,16,False,direct,11,512,0.9943805520799538,0.9887025608602928,0.9986955918515277,-0.006178287442082556,-0.01319134388590348,-0.0006890885707583343
5,per_pair,16,False,direct,12,384,0.9721232948629147,0.9291468433123108,0.998458051278791,0.018401056699947894,0.00019747713967361146,0.051108695483366016
5,per_pair,16,False,direct,13,256,0.9961729053405538,0.9931821700001879,0.9984891957854118,0.0004968688986113958,-0.0031543648086767356,0.0041107566719761
5,per_pair,16,False,direct,14,128,0.9983774618366951,0.9962188908216303,0.9996173934247952,0.0004524765650373204,-0.00047982836142190295,0.0017889712981730209
5,per_pair,16,False,direct,15,0,0.9962035873810597,0.9919591910393029,0.9991180095062331,0.0,0.0,0.0
5,per_pair,16,False,oracle,0,1920,0.9987098591052123,0.9978102152483324,0.9994220775519312,0.0,0.0,0.0
5,per_pair,16,False,oracle,1,1792,0.9951257504624541,0.9920904887553087,0.997693168775515,0.0,0.0,0.0
5,per_pair,16,False,oracle,2,1664,0.9979613149114864,0.9966434477801153,0.9989848209372392,0.0,0.0,0.0
5,per_pair,16,False,oracle,3,1536,0.9935879276927828,0.9859716867589294,0.9986703308621515,0.0,0.0,0.0
5,per_pair,16,False,oracle,4,1408,0.9981657800033806,0.9970920995345063,0.9990693593733584,0.0,0.0,0.0
5,per_pair,16,False,oracle,5,1280,0.9975170694591352,0.9954515160671131,0.9988853646836685,0.0,0.0,0.0
5,per_pair,16,False,oracle,6,1152,0.9957409500735857,0.9916472887064793,0.9986510946316575,0.0,0.0,0.0
5,per_pair,16,False,oracle,7,1024,0.996345756634168,0.9919351300717554,0.9990155281936596,0.0,0.0,0.0
5,per_pair,16,False,oracle,8,896,0.9969879536001295,0.9951379664520659,0.9985808198532675,0.0,0.0,0.0
5,per_pair,16,False,oracle,9,768,0.9983676989647856,0.9976585599772979,0.9989852148544863,0.0,0.0,0.0
5,per_pair,16,False,oracle,10,640,0.9943946187379762,0.9875765615845215,0.9991367269873895,0.0,0.0,0.0
5,per_pair,16,False,oracle,11,512,0.9971495249141977,0.9944961984915144,0.9989363236913519,0.0,0.0,0.0
5,per_pair,16,False,oracle,12,384,0.9937043253726857,0.987574250984693,0.9984629487122091,0.0,0.0,0.0
5,per_pair,16,False,oracle,13,256,0.9921190671797561,0.9798528492916289,0.9988392503947394,0.0,0.0,0.0
5,per_pair,16,False,oracle,14,128,0.9956742272881843,0.9912282337044436,0.9988940730313651,0.0,0.0,0.0
5,per_pair,16,False,oracle,15,0,0.9971103701259486,0.9943718244726156,0.9990650455139038,0.0,0.0,0.0
5,per_pair,16,False,fixed_homeostasis,0,1920,0.9672472079539624,0.9390787070823221,0.9885169535795935,0.03086913896301165,0.009874167163205308,0.058770776159644024
5,per_pair,16,False,fixed_homeostasis,1,1792,0.9617461128487182,0.9284112711639743,0.9858744041139788,0.030862779474007913,0.008139447044709579,0.06374830546010883
5,per_pair,16,False,fixed_homeostasis,2,1664,0.9438729386734274,0.8962402469607665,0.9797230926147303,0.04918054235256077,0.014072138857122315,0.09645818716958614
5,per_pair,16,False,fixed_homeostasis,3,1536,0.9677189079798851,0.9467018068286176,0.9853306251471489,0.021994602503876828,0.006999436040278955,0.041011188238001955
5,per_pair,16,False,fixed_homeostasis,4,1408,0.9588867098303498,0.9198211401174344,0.9866318700113516,0.03093731360027258,0.00619805015907959,0.06677835267974407
5,per_pair,16,False,fixed_homeostasis,5,1280,0.9665867551965572,0.9384538360931666,0.9851075597472114,0.025043763523431295,0.007445964938745687,0.05113960471754572
5,per_pair,16,False,fixed_homeostasis,6,1152,0.9639935523786249,0.9354253566415524,0.984099922597531,0.024170149924384748,0.007285508752967791,0.04832713432732806
5,per_pair,16,False,fixed_homeostasis,7,1024,0.955240548846131,0.9123681292052606,0.9833636587854091,0.03221107620946704,0.010864278088780549,0.06098797298462422
5,per_pair,16,False,fixed_homeostasis,8,896,0.9380260161224281,0.8635391297041652,0.982855685601556,0.04427654656111479,0.009025123933958079,0.10226029831413382
5,per_pair,16,False,fixed_homeostasis,9,768,0.9792138222818906,0.9666549334065685,0.9894991551575049,0.01327016590755628,0.003574269946629969,0.0251109260280121
5,per_pair,16,False,fixed_homeostasis,10,640,0.9701604559217177,0.9435388085075452,0.989302147823029,0.011809777859047752,-0.0006553666502500421,0.02965257792216349
5,per_pair,16,False,fixed_homeostasis,11,512,0.9842691938107601,0.9701739723204357,0.9935276544077695,0.005426910931722405,-0.003521895801530299,0.01831654566916396
5,per_pair,16,False,fixed_homeostasis,12,384,0.9828137718179879,0.9724985236598357,0.9915446733249562,-9.104662757929612e-05,-0.0059367998841430136,0.005825876850734453
5,per_pair,16,False,fixed_homeostasis,13,256,0.9805325645227437,0.9670082424878932,0.9901224774492545,0.003602474885541935,-0.006052286006885709,0.015214558941513568
5,per_pair,16,False,fixed_homeostasis,14,128,0.9678362806478148,0.9240115734355288,0.9930697784636676,0.006968410361055874,0.0011807171738223736,0.016612299706377835
5,per_pair,16,False,fixed_homeostasis,15,0,0.9852925837165216,0.9698102131584133,0.9948094071601326,0.0,0.0,0.0
5,per_pair,16,False,fixed_sham,0,1920,0.9696073449263763,0.950594105863283,0.9851095422523615,0.028583004145868465,0.013526906518370617,0.047125597818844664
5,per_pair,16,False,fixed_sham,1,1792,0.939837942311239,0.8873345820472829,0.9800743222080969,0.049903608177538396,0.01461294095707385,0.09593292208549697
5,per_pair,16,False,fixed_sham,2,1664,0.9443152320336319,0.8984887517047512,0.9789466404067364,0.04868565732626834,0.014750869165383438,0.0941216736733389
5,per_pair,16,False,fixed_sham,3,1536,0.9650564321913251,0.9426725055809614,0.9836028288683857,0.022932209291939818,0.008374559160066726,0.04182198321556135
5,per_pair,16,False,fixed_sham,4,1408,0.9644354869692985,0.9375059699740302,0.9848720050701745,0.025184067490499906,0.006675254512644063,0.049657272940697876
5,per_pair,16,False,fixed_sham,5,1280,0.959706883933094,0.9327689283505597,0.979799002513112,0.032088965643931225,0.013242386301018975,0.05718300374918941
5,per_pair,16,False,fixed_sham,6,1152,0.9555795877945231,0.9199197007846714,0.9830393461886089,0.03243569736647391,0.008103241702091153,0.06441167931144572
5,per_pair,16,False,fixed_sham,7,1024,0.9612691021096406,0.9346776949539066,0.9822023106056859,0.026729183994229386,0.01145104867887706,0.04489035056416875
5,per_pair,16,False,fixed_sham,8,896,0.944308062896407,0.8847646049448492,0.9818244699559237,0.0398045731029035,0.008222771069473049,0.09042248269987285
5,per_pair,16,False,fixed_sham,9,768,0.9753261061482682,0.9600091817619126,0.9874951446470353,0.016458975901134116,0.004220817957084463,0.03183745407682052
5,per_pair,16,False,fixed_sham,10,640,0.9665933751375816,0.9358358168349232,0.9890526322064808,0.01285663324926399,0.0010765632554166804,0.030580056865247143
5,per_pair,16,False,fixed_sham,11,512,0.9874847252531923,0.9782312882944938,0.9935536452765232,0.0037506434578420352,-0.0034024937443461805,0.012598644255833366
5,per_pair,16,False,fixed_sham,12,384,0.9839340162469643,0.975319276947731,0.9913421790551433,0.0010758688927002824,-0.006419731090754035,0.008748112318472872
5,per_pair,16,False,fixed_sham,13,256,0.9803499498336233,0.9703842664596952,0.9885282766263337,0.0038602517144189267,-0.003515423731982551,0.011107438491684178
5,per_pair,16,False,fixed_sham,14,128,0.9741145446950398,0.9442964262089871,0.9922556783693621,0.005946755986231345,0.0012723798668266835,0.013399371578469835
5,per_pair,16,False,fixed_sham,15,0,0.9776219457574263,0.9464294640195133,0.9950580930310113,0.0,0.0,0.0
5,per_pair,16,False,matched_sham,0,1920,0.9480451793152692,0.9089911696899848,0.9789669696188925,0.04962982324626935,0.019545899752484018,0.08742645805879279
5,per_pair,16,False,matched_sham,1,1792,0.9360202402225563,0.880972171361711,0.977590242272851,0.0532559776631862,0.015511110566306241,0.10398603374684481
5,per_pair,16,False,matched_sham,2,1664,0.9446344292234009,0.8990219232785993,0.980385801688624,0.050476640426100054,0.014530637266567333,0.09616079637505193
5,per_pair,16,False,matched_sham,3,1536,0.9636278761247596,0.932083182928492,0.9872977120812628,0.01905380167597995,0.0026286727009116107,0.040837529088358145
5,per_pair,16,False,matched_sham,4,1408,0.9602810703924503,0.9230038684825378,0.9879645720756852,0.03267675659824505,0.00770359013034562,0.06667899432295937
5,per_pair,16,False,matched_sham,5,1280,0.9622056814514965,0.9316400066536643,0.9848623268136154,0.0333131901820127,0.01107304798552429,0.06357799836276284
5,per_pair,16,False,matched_sham,6,1152,0.9369695239757294,0.8713706378994768,0.983769412111097,0.05351871657608024,0.011535110167470896,0.11384733389860749
5,per_pair,16,False,matched_sham,7,1024,0.9691200064720161,0.936256418259502,0.990040283995109,0.018576719357002208,0.00697195965724214,0.032598364052028796
5,per_pair,16,False,matched_sham,8,896,0.939549949585539,0.8733181913684024,0.9816729529769268,0.04233640523200007,0.0087394773366762,0.09500436140661368
5,per_pair,16,False,matched_sham,9,768,0.9709887866872796,0.9384237768212196,0.9911933138925736,0.02475347862543159,0.004747136196802148,0.05721729619667208
5,per_pair,16,False,matched_sham,10,640,0.9652262117695476,0.9264218367405181,0.9914896158780546,0.0176608387975165,0.00288835060510621,0.04003262517295551
5,per_pair,16,False,matched_sham,11,512,0.9883642770555537,0.9778947245115216,0.9961154983721052,0.00609950398563006,-0.0018207848454927693,0.016272374578071503
5,per_pair,16,False,matched_sham,12,384,0.9843885051638512,0.9696952529613543,0.99627344578404,0.003892637375565236,-0.002369920962418036,0.01188046944970215
5,per_pair,16,False,matched_sham,13,256,0.9829090789439706,0.9680765845007546,0.9929688843246728,0.005483765213280797,-0.0030095010009256813,0.015642139407756214
5,per_pair,16,False,matched_sham,14,128,0.9930373057661911,0.9866158721148907,0.997291078685152,0.002715251963702541,0.0005242583789820582,0.00606886690502049
5,per_pair,16,False,matched_sham,15,0,0.9720337298622909,0.9225339539157552,0.9979749895757556,0.0,0.0,0.0
5,total,4,False,baseline_high,0,384,0.9961483589636356,0.9945858799222405,0.9975758247386363,0.0019865010219951296,0.0005546559640646056,0.003495376873876128
5,total,4,False,baseline_high,1,256,0.9799913416224535,0.9611996716544494,0.991846936259703,0.009539199748087557,0.0024802112587562486,0.020233891031483788
5,total,4,False,baseline_high,2,128,0.9941677363871771,0.9911628173087434,0.9966113775356361,6.0225059823379445e-05,-0.0013480118093132185,0.0014694309196411363
5,total,4,False,baseline_high,3,0,0.9823136190720191,0.9589026222383693,0.9955608207671444,0.0,0.0,0.0
5,total,4,False,ordinary,0,384,0.995754697702075,0.9930533873586911,0.9978769215791762,0.0026904020615846854,0.000940572226054475,0.004865001962923346
5,total,4,False,ordinary,1,256,0.9879363473727213,0.9790185585108325,0.9944173919118023,0.005485534627298093,0.0007025180176595435,0.012297591473571007
5,total,4,False,ordinary,2,128,0.9943346428560856,0.9905285508780155,0.9973331012327584,0.0005452007172158565,-0.0011749031973316785,0.0026694367995944205
5,total,4,False,ordinary,3,0,0.9840649999584867,0.9617168397202307,0.9966193499488435,0.0,0.0,0.0
5,total,4,False,homeostasis,0,384,0.9951870490681878,0.9909479860696673,0.9980960150171785,0.002466440160893979,0.0005482041980079473,0.0052095792232028405
5,total,4,False,homeostasis,1,256,0.9871785229910838,0.976678227470084,0.9943016012302042,0.00555668690231607,-0.00041708988324050216,0.013678351579562289
5,total,4,False,homeostasis,2,128,0.9949007935611736,0.9919768755467057,0.9973706711591497,0.00031213488319237664,-0.00172927740193294,0.0021313648583335715
5,total,4,False,homeostasis,3,0,0.9897386818234457,0.9757300656514973,0.997791119354734,0.0,0.0,0.0
5,total,4,False,sham,0,384,0.9953569256322036,0.9917766594489539,0.9980513956754715,0.0023180769293349355,0.0005051477285489812,0.004653180977669203
5,total,4,False,sham,1,256,0.9796649833255735,0.9606641551199048,0.9929193129198116,0.00961123456016893,0.0009649213466074154,0.020226005532902862
5,total,4,False,sham,2,128,0.9948968626317424,0.9915166831339354,0.9976028724382531,0.00021420701775842765,-0.001995258207672497,0.0021121778349602674
5,total,4,False,sham,3,0,0.9826816778007398,0.9538422889345982,0.9977617123252913,0.0,0.0,0.0
5,total,4,False,random_ordinary,0,384,0.9961420998149757,0.9926143468920475,0.9984563691245409,0.0021942203583185244,0.0005617303411101486,0.004955466728402651
5,total,4,False,random_ordinary,1,256,0.9793605462885108,0.9630317503758181,0.991926259885381,0.0089548407772029,0.0025363230204298514,0.018931947177059812
5,total,4,False,random_ordinary,2,128,0.9945644616109112,0.9910437338228403,0.9973499515321843,0.000805805699892137,6.718363101679623e-07,0.0017072779004374413
5,total,4,False,random_ordinary,3,0,0.987857834419874,0.9733706321984288,0.996422064325548,0.0,0.0,0.0
5,total,4,False,random_homeostasis,0,384,0.9965667754229589,0.993971417667473,0.9986318110966396,0.001967561658542246,0.0008777718360775377,0.0032292096808172062
5,total,4,False,random_homeostasis,1,256,0.9934341482378423,0.9888361177906924,0.9972390232765038,0.0035042326977894243,0.0008442639141768825,0.00700268185192226
5,total,4,False,random_homeostasis,2,128,0.9960706002361612,0.9899524164476242,0.9993753289725763,-0.000831611968768344,-0.0034522133473389263,0.0006889936047531515
5,total,4,False,random_homeostasis,3,0,0.9940372342423626,0.9865940502189212,0.9991648783182849,0.0,0.0,0.0
5,total,4,False,direct,0,384,0.9938829782473922,0.9896912037977463,0.9973127803381673,0.003923142395721242,0.0012829387180421405,0.007262369511122741
5,total,4,False,direct,1,256,0.9967335883763346,0.99465541360246,0.9984172901199764,0.0019029549656804877,0.00033166033279388604,0.003896877928474337
5,total,4,False,direct,2,128,0.997095493524338,0.9946026957970746,0.9988931950362968,0.0012558563457048116,-7.311034852929914e-05,0.0032177937930829566
5,total,4,False,direct,3,0,0.9937150710044499,0.9867072846855046,0.9988905480114664,0.0,0.0,0.0
5,total,4,False,oracle,0,384,0.9987098591052123,0.9978102152483324,0.9994220775519312,0.0,0.0,0.0
5,total,4,False,oracle,1,256,0.9951257504624541,0.9920904887553087,0.997693168775515,0.0,0.0,0.0
5,total,4,False,oracle,2,128,0.9979613149114864,0.9966434477801153,0.9989848209372392,0.0,0.0,0.0
5,total,4,False,oracle,3,0,0.9935879276927828,0.9859716867589294,0.9986703308621515,0.0,0.0,0.0
5,total,4,False,fixed_homeostasis,0,384,0.9959451963536868,0.9943102184571517,0.9974687123691393,0.0021711505632870712,0.0007601527647120396,0.003644525993134935
5,total,4,False,fixed_homeostasis,1,256,0.9888577537382143,0.9840546166865286,0.9930276980476285,0.003751138584512014,0.0013425046894455384,0.006399985231618969
5,total,4,False,fixed_homeostasis,2,128,0.9922207803527847,0.9863381025404874,0.9964064877933773,0.000832700673203309,-0.00171835572621263,0.0037591044509541947
5,total,4,False,fixed_homeostasis,3,0,0.989713510483762,0.9815392363904843,0.9953222065309292,0.0,0.0,0.0
5,total,4,False,fixed_sham,0,384,0.9962832894331282,0.9947793662429746,0.997668128055793,0.001907059639116554,0.0005788930481519452,0.0032769722440550153
5,total,4,False,fixed_sham,1,256,0.9801239382105272,0.9607045574505112,0.9922519768613695,0.009617612278250207,0.002522635594079418,0.019879442346280966
5,total,4,False,fixed_sham,2,128,0.9923561466830652,0.9872610217391924,0.9961582212809532,0.000644742676835138,-0.0013678156109035219,0.002805218116584287
5,total,4,False,fixed_sham,3,0,0.9879886414832649,0.9781713766114845,0.9949030119555969,0.0,0.0,0.0
5,total,4,False,matched_sham,0,384,0.9953569256322036,0.9917766594489539,0.9980513956754715,0.0023180769293349355,0.0005051477285489812,0.004653180977669203
5,total,4,False,matched_sham,1,256,0.9796649833255735,0.9606641551199048,0.9929193129198116,0.00961123456016893,0.0009649213466074154,0.020226005532902862
5,total,4,False,matched_sham,2,128,0.9948968626317424,0.9915166831339354,0.9976028724382531,0.00021420701775842765,-0.001995258207672497,0.0021121778349602674
5,total,4,False,matched_sham,3,0,0.9826816778007398,0.9538422889345982,0.9977617123252913,0.0,0.0,0.0
5,total,16,False,baseline_high,0,480,0.9064719170170653,0.8362306635089795,0.9600229395567903,0.08010648553278854,0.029685220559160636,0.14696873966004814
5,total,16,False,baseline_high,1,448,0.941084072929982,0.8886970611971609,0.9785423585185131,0.04178053419988337,0.005310388230623684,0.0924099575743298
5,total,16,False,baseline_high,2,416,0.9428731177011903,0.9000536400382292,0.9753621953670178,0.041480515373223524,0.01057284361547699,0.08349470488513887
5,total,16,False,baseline_high,3,384,0.9506437038589182,0.9223009302679943,0.9750541913904522,0.016445342102438962,-0.005321378829393833,0.04031543209734702
5,total,16,False,baseline_high,4,352,0.9211616941499349,0.8722161166700536,0.9623756441238315,0.04206933198029578,0.01294115016806484,0.07904913157492409
5,total,16,False,baseline_high,5,320,0.9056005244388178,0.8529113635193396,0.9471302264406111,0.06713765577933362,0.0276169308463221,0.11924601203023077
5,total,16,False,baseline_high,6,288,0.9532110206278513,0.9117756810968423,0.9804550320202489,0.022593613382832358,-0.0026507888501748557,0.059077444858021494
5,total,16,False,baseline_high,7,256,0.8858228351945511,0.8000644853334113,0.9552263932141667,0.08706674204958005,0.020325939486230304,0.16969367417937714
5,total,16,False,baseline_high,8,224,0.9531655631124819,0.9299747088831835,0.9732999833517461,0.011227474373039526,-0.004830395663527803,0.030644605558249
5,total,16,False,baseline_high,9,192,0.9550683281199138,0.9140792222711713,0.9809150312524519,0.009582650759882086,-0.005639213410091553,0.029132006921292104
5,total,16,False,baseline_high,10,160,0.9725163812896525,0.9611578264477308,0.9827555446935279,-0.00116539467939047,-0.01399305510410437,0.010781258515319112
5,total,16,False,baseline_high,11,128,0.9126820324539823,0.8343224423305793,0.9660086238281792,0.02373287750138812,-0.004437029913546175,0.06039517837409598
5,total,16,False,baseline_high,12,96,0.9583482640236839,0.9326430531978848,0.9777974607893118,0.008302886495984768,-0.0025831570217456448,0.021346694400205528
5,total,16,False,baseline_high,13,64,0.9701618689808077,0.951772044709884,0.9844423377009571,-0.0006937996350486891,-0.006407197676539797,0.004637096896794916
5,total,16,False,baseline_high,14,32,0.9655792045553128,0.9430885106600783,0.9831151667000484,0.003946250642602049,-0.0018647874072327025,0.010357329348681997
5,total,16,False,baseline_high,15,0,0.9521608514150536,0.9176116114808943,0.9771982694091328,0.0,0.0,0.0
5,total,16,False,ordinary,0,480,0.9137251199359854,0.8371623056397832,0.9740895072079692,0.07725437749912177,0.02052989072149846,0.1495545490941259
5,total,16,False,ordinary,1,448,0.961309249468283,0.9172185583558337,0.9883403469512574,0.02856861707891932,0.0015018147900484422,0.072322247740658
5,total,16,False,ordinary,2,416,0.970056490045542,0.9462862493076927,0.9881139035117427,0.023975921608260158,0.006640593460353613,0.047230679922145365
5,total,16,False,ordinary,3,384,0.9674202139056315,0.9464345658517118,0.9846482347498071,0.010072120875151705,-0.0025608696226788025,0.023118703765415114
5,total,16,False,ordinary,4,352,0.9394676325661088,0.9047309727318669,0.96951898285199,0.034552149513509996,0.012420040862955601,0.06107040706704055
5,total,16,False,ordinary,5,320,0.937738913262338,0.9030032546813914,0.9670129657682531,0.04175066576113692,0.01247499393221748,0.07721244270091139
5,total,16,False,ordinary,6,288,0.9536817059057339,0.9153595051274609,0.9841470017602515,0.028415151007727058,0.0013287783355865345,0.06293979351737997
5,total,16,False,ordinary,7,256,0.8953842315657304,0.808708175106776,0.9647366697374672,0.08562514366491993,0.020078711757746965,0.16754923993811363
5,total,16,False,ordinary,8,224,0.9687814550418089,0.9477637655513959,0.9848726425008886,0.005133325320520544,-0.010510332405985461,0.020650180084070394
5,total,16,False,ordinary,9,192,0.9676632461922433,0.9375409554240741,0.9871332605682839,0.0035667912224111725,-0.009700164882712593,0.014997482717924
5,total,16,False,ordinary,10,160,0.9829240466480885,0.9676192512491344,0.9927373332177738,2.201656773178721e-05,-0.01453574564845069,0.015025288646330728
5,total,16,False,ordinary,11,128,0.9409826066908744,0.8937708499241818,0.9771602970249025,0.024128156679305807,-0.002389598836154014,0.06129983718318605
5,total,16,False,ordinary,12,96,0.970717867645939,0.947386439875335,0.9870461167451765,0.0019635496822510514,-0.005704599000171495,0.008836265923341668
5,total,16,False,ordinary,13,64,0.9749459232575618,0.9578308309067836,0.9884047802763558,-0.0025805678153047094,-0.01241565173545001,0.0036450818390642297
5,total,16,False,ordinary,14,32,0.9808770531245736,0.9651740872446276,0.9931387298519062,0.0033657412565960693,0.00022865126607379236,0.007642809294115061
5,total,16,False,ordinary,15,0,0.9591278229517172,0.9236804353895786,0.9865186933962773,0.0,0.0,0.0
5,total,16,False,homeostasis,0,480,0.9183187144374111,0.8392124405622623,0.9757677077654129,0.07276242794389413,0.019172790490403532,0.14833257755044563
5,total,16,False,homeostasis,1,448,0.9721702919598534,0.951325795067988,0.9883522770328063,0.017839941960777983,-4.8849126336858765e-06,0.039985794121191694
5,total,16,False,homeostasis,2,416,0.9444042655976136,0.883932989778692,0.9863196277061875,0.04906687445903748,0.008419250229606802,0.1072068771002652
5,total,16,False,homeostasis,3,384,0.9532590116878437,0.9111396564369377,0.9834997143605416,0.02527095738168984,3.3342444063468966e-05,0.0607046692887819
5,total,16,False,homeostasis,4,352,0.9422389171228353,0.9002829915660079,0.9753818931289436,0.03289863924145579,0.010610652755424036,0.05872256337432381
5,total,16,False,homeostasis,5,320,0.9387701715608775,0.8997269801550011,0.9711078685977884,0.04634243355986032,0.017645197285671727,0.08244295164253841
5,total,16,False,homeostasis,6,288,0.9586943211209876,0.921179135656308,0.9880416746850933,0.02353499722703649,-0.0010298695799642373,0.0570569078526945
5,total,16,False,homeostasis,7,256,0.9099636038553056,0.8244938160539378,0.9744993224524799,0.07889573238045239,0.017188428348969286,0.1622601660790354
5,total,16,False,homeostasis,8,224,0.949569034560274,0.9110806634993376,0.9791956086934637,0.019258205020980492,-0.0005326438561796615,0.045410815538967045
5,total,16,False,homeostasis,9,192,0.9578735043669658,0.915654081369705,0.9870174805266451,0.006125385975204308,-0.018214484413120374,0.03249209360647486
5,total,16,False,homeostasis,10,160,0.9810635151440329,0.9682014087755741,0.9916486608357739,0.0013426590313475918,-0.004976956883985868,0.00922745083644656
5,total,16,False,homeostasis,11,128,0.9595767743410023,0.9298099711659451,0.9842141889724674,0.016755657600097337,-0.002442736402835037,0.038996165882082906
5,total,16,False,homeostasis,12,96,0.9785927894536076,0.9570578473325262,0.9920223314384271,-0.0005394469917577768,-0.017672464895106585,0.011938052869087681
5,total,16,False,homeostasis,13,64,0.9775480467411768,0.9535992122047121,0.9935365434892813,-0.0029896829979906836,-0.010267356824136497,0.002241994062559536
5,total,16,False,homeostasis,14,32,0.9857786410705737,0.9729972142129718,0.9953153341991153,0.0025210824754666045,-0.0008123412606779086,0.006355342620333334
5,total,16,False,homeostasis,15,0,0.9527672000806873,0.9144127412053229,0.9832854636311809,0.0,0.0,0.0
5,total,16,False,sham,0,480,0.9213142133373301,0.8467771530532968,0.977479476772573,0.06935838166564912,0.019794344833075836,0.13649415868838635
5,total,16,False,sham,1,448,0.9537916550788686,0.9180139350161778,0.9803539286652914,0.03494873747562234,0.007485638812109178,0.07166986221376873
5,total,16,False,sham,2,416,0.941784943395717,0.876091163132439,0.987658472460998,0.05144200239293172,0.006178329570728365,0.115953113424161
5,total,16,False,sham,3,384,0.9512309240554764,0.9226424209740556,0.9764443993302886,0.02296873908674743,0.0022360460991161834,0.045318406102813916
5,total,16,False,sham,4,352,0.9505186755730083,0.9135898456559486,0.9779471864349759,0.023101873790734723,0.006561413036607394,0.04152706075931971
5,total,16,False,sham,5,320,0.9206017136270805,0.8706462615571949,0.9601235856115569,0.06568983104757038,0.02806247724090466,0.11469410393083303
5,total,16,False,sham,6,288,0.9526448938687934,0.9124118820310794,0.9841664369638684,0.027320255847222873,0.00023238770155622866,0.06294630045731181
5,total,16,False,sham,7,256,0.9088869416547865,0.8256640615459816,0.9712828056829765,0.07857219107576822,0.017699776786579014,0.16047926879370675
5,total,16,False,sham,8,224,0.9501266693185694,0.9146029209448382,0.9786676644450159,0.02199199697120809,0.0012439365013860466,0.04648450139392373
5,total,16,False,sham,9,192,0.9627225204538751,0.9246326209509488,0.9869163459011432,0.006298696810014733,-0.017795785972996324,0.030916245870813604
5,total,16,False,sham,10,160,0.9814130167670371,0.9663034522995716,0.9928409581146708,0.002265185708067131,-0.0037123098616668915,0.008923523397031754
5,total,16,False,sham,11,128,0.9483377667241504,0.9111652646407551,0.9791706406611467,0.02115278594198602,-0.0033728805741474513,0.04861664726424182
5,total,16,False,sham,12,96,0.9737747393514864,0.9548176623160308,0.9884775561177114,0.0022744383914785845,-0.011498687743301537,0.013903701015565758
5,total,16,False,sham,13,64,0.9735375159427074,0.949024352704274,0.9917234114126325,-0.003183854088969665,-0.01288288158900422,0.002944259022086286
5,total,16,False,sham,14,32,0.9802824541603021,0.9600750910335394,0.9943909081961202,0.002808699716423691,-0.0015139793513701675,0.007664326959785963
5,total,16,False,sham,15,0,0.9530624295769305,0.9112304865046239,0.9854587661947534,0.0,0.0,0.0
5,total,16,False,random_ordinary,0,480,0.9310058182077944,0.8714050993778791,0.9759286756025956,0.05993845280489546,0.018371399479233913,0.11748756913076853
5,total,16,False,random_ordinary,1,448,0.9404515224461111,0.8991932129170951,0.9700565628163356,0.04794849645101216,0.01774796185049754,0.08945287623772666
5,total,16,False,random_ordinary,2,416,0.9444759318266033,0.912488730250281,0.9720695096345082,0.04787439207298133,0.020957945383183626,0.07927272050390452
5,total,16,False,random_ordinary,3,384,0.9402941624277714,0.8998199202100097,0.9724117202259311,0.03838395547747501,0.013426430884071765,0.07390610495088168
5,total,16,False,random_ordinary,4,352,0.9556181116160101,0.9198771294049815,0.9813607714693802,0.020023928554609494,0.00199265303567018,0.04359737580161803
5,total,16,False,random_ordinary,5,320,0.9211952006664449,0.8858050451044286,0.9522259708998909,0.06261880481392294,0.033075827362901676,0.09737710813243032
5,total,16,False,random_ordinary,6,288,0.9694196129851645,0.9546974978995877,0.9822075483751396,0.012187760071638043,-6.106744943282085e-06,0.026326574321088696
5,total,16,False,random_ordinary,7,256,0.9143188242074247,0.8635225777925425,0.9562594706492317,0.0676174156681188,0.03080680617532481,0.11505629973023586
5,total,16,False,random_ordinary,8,224,0.9582457000266915,0.9331022157342663,0.9788973224255003,0.015728835909272033,8.7752743821807e-06,0.03308950033059837
5,total,16,False,random_ordinary,9,192,0.9541287676041291,0.914214735114692,0.9833442934061472,0.018296123789591386,0.004916181581748635,0.03604640484584532
5,total,16,False,random_ordinary,10,160,0.9862921976470718,0.9800778172983015,0.9915035579923467,-7.153007638863174e-05,-0.007698770195251325,0.006599201668292966
5,total,16,False,random_ordinary,11,128,0.9652049660885944,0.9451252086462697,0.9810018150116799,0.0034021983731268393,-0.012083254038366208,0.021061402675290792
5,total,16,False,random_ordinary,12,96,0.9547251486279592,0.923037027618359,0.980604505064645,0.02138230959099863,0.007889857707959176,0.0385313965789357
5,total,16,False,random_ordinary,13,64,0.9631080550853482,0.9271679332157933,0.9881204669886559,0.012559711933851215,0.00048407244576138445,0.02813306894104082
5,total,16,False,random_ordinary,14,32,0.9803619770539139,0.9684111426221064,0.990011495196983,0.0042282015479100975,-0.0006110249724101338,0.01066476684611532
5,total,16,False,random_ordinary,15,0,0.9600200637512156,0.9222726148926771,0.987578305510786,0.0,0.0,0.0
5,total,16,False,random_homeostasis,0,480,0.9442453069499824,0.8791482239141886,0.9890427846433645,0.05183109913735095,0.007385862689594415,0.11662033985519166
5,total,16,False,random_homeostasis,1,448,0.9218804105754077,0.8437862819541838,0.972913156768226,0.06680939228917489,0.023694761211060594,0.1290842815820295
5,total,16,False,random_homeostasis,2,416,0.9165528996020389,0.8439682411062149,0.9681255909999249,0.07103806354135643,0.02973767100690208,0.12399652775347922
5,total,16,False,random_homeostasis,3,384,0.9390080224373468,0.8897276048547633,0.9786317833160018,0.03830644714760285,0.008299927445207408,0.07558392022301504
5,total,16,False,random_homeostasis,4,352,0.9649555509612956,0.9381861029860687,0.98631018843031,0.00587674521198997,-0.006818536239913298,0.017852967173170867
5,total,16,False,random_homeostasis,5,320,0.9381338376759777,0.9045294381222515,0.9682235448923303,0.05044169259158998,0.0258714988581115,0.07877262838777327
5,total,16,False,random_homeostasis,6,288,0.9543742844978889,0.9158829237562064,0.9839560181551928,0.01381136015800316,-0.0018327810050927274,0.033405716337035075
5,total,16,False,random_homeostasis,7,256,0.9440027928057059,0.8938016469748317,0.9822921234208456,0.045412795473558996,0.014196831778307134,0.08738555034385193
5,total,16,False,random_homeostasis,8,224,0.9364913729534768,0.8820020881470447,0.9783743804178023,0.03437029983922596,0.0055013764060409575,0.07531829099675667
5,total,16,False,random_homeostasis,9,192,0.952696054112165,0.911932558841021,0.9858640559768771,0.010667549753263977,-0.00936157215942816,0.038714051631322494
5,total,16,False,random_homeostasis,10,160,0.9808201165347624,0.9529907887470069,0.9974022500899848,0.01254421534650533,-0.002832990831062946,0.037860178362505256
5,total,16,False,random_homeostasis,11,128,0.9886833713289053,0.9795716608947285,0.9956821077408244,0.0026392453024616375,-0.0060490595443279446,0.012135814637680854
5,total,16,False,random_homeostasis,12,96,0.9565676334931273,0.8970686732135211,0.9961747929933508,0.011134885874860152,-0.001481820313318936,0.028552966099314802
5,total,16,False,random_homeostasis,13,64,0.9846663429637609,0.9694395545201974,0.9957592407387146,4.233972402740982e-05,-0.011706056500560497,0.008305397736521536
5,total,16,False,random_homeostasis,14,32,0.9849986784622539,0.9683762042464672,0.996816006002805,3.6530763859815574e-05,-0.006620950198502602,0.004967821481436247
5,total,16,False,random_homeostasis,15,0,0.9537081973887017,0.8848770814952188,0.9960046815825055,0.0,0.0,0.0
5,total,16,False,direct,0,480,0.9340018986898508,0.8858244420353646,0.9712595150799458,0.058572296994109235,0.02265475186551842,0.10659192987043604
5,total,16,False,direct,1,448,0.8253166166405622,0.7146583324205276,0.9179283439249726,0.16561620498968868,0.07723800820880575,0.27155016671564386
5,total,16,False,direct,2,416,0.898467766491431,0.7989102354603895,0.9703105717394175,0.08277555650473667,0.02729840874162884,0.15196512579492588
5,total,16,False,direct,3,384,0.9489697764584722,0.9076008950942093,0.9826267359995783,0.01967572538509044,-0.008878313171146632,0.04947013689278886
5,total,16,False,direct,4,352,0.9131825281668436,0.8365671194883273,0.974442765645011,0.0467962192798372,-0.01295623599740947,0.11520271129966418
5,total,16,False,direct,5,320,0.9042801429039079,0.8125187373416597,0.9704601206395223,0.07963869121107965,0.025520591145238292,0.15259617547280016
5,total,16,False,direct,6,288,0.8740665402719018,0.765564008545308,0.9607144948149171,0.06356851451083469,0.0032799442928744794,0.14080152835754767
5,total,16,False,direct,7,256,0.9241078323075559,0.8566423588251896,0.9779084506494357,0.06363278389761003,0.01623679567640914,0.12379474800514945
5,total,16,False,direct,8,224,0.894870757623317,0.7979344565061269,0.9712222763060783,0.06148090705230431,0.0035060036562496854,0.13820059183980138
5,total,16,False,direct,9,192,0.9050704312480322,0.8111855089470845,0.9795987740000589,0.04590425279704888,0.007773044024059495,0.09587610381108783
5,total,16,False,direct,10,160,0.963564937207304,0.906794398018186,0.9967477848321037,0.023401214737265724,-0.008075954172891578,0.07775467695583912
5,total,16,False,direct,11,128,0.9949458259067674,0.9913416474554243,0.9978549015278773,-0.005368880759445989,-0.015466289304270497,0.0025208704484959337
5,total,16,False,direct,12,96,0.9466723471591708,0.885055488366646,0.9899188790026738,0.005569214571749514,-0.020320656029987505,0.033081805781798417
5,total,16,False,direct,13,64,0.9741435844672353,0.931768737321104,0.9966945313218887,0.002291011561340442,5.090778024256892e-05,0.004830937594608781
5,total,16,False,direct,14,32,0.9816733827503173,0.9540241986780326,0.9982529492808251,0.00421196366644748,-0.0015907221695669,0.013926537350928653
5,total,16,False,direct,15,0,0.9569489847411862,0.8971106559916642,0.993493679677795,0.0,0.0,0.0
5,total,16,False,oracle,0,480,0.9922761697766567,0.9853051472533552,0.997523832613314,0.0,0.0,0.0
5,total,16,False,oracle,1,448,0.9943712326559307,0.9917698361673165,0.9965913890207208,0.0,0.0,0.0
5,total,16,False,oracle,2,416,0.9972974223123053,0.9960028965453945,0.9983647028102461,0.0,0.0,0.0
5,total,16,False,oracle,3,384,0.9914177942774133,0.9849443379875615,0.9964150030536014,0.0,0.0,0.0
5,total,16,False,oracle,4,352,0.9924931523726217,0.9888513722234843,0.9957598731361983,0.0,0.0,0.0
5,total,16,False,oracle,5,320,0.9950375067942279,0.9922858446332091,0.9972408571734261,0.0,0.0,0.0
5,total,16,False,oracle,6,288,0.994836632266438,0.9915251891568672,0.9974958164259202,0.0,0.0,0.0
5,total,16,False,oracle,7,256,0.995684772312937,0.9937274887672611,0.9974625163382664,0.0,0.0,0.0
5,total,16,False,oracle,8,224,0.9941263010974537,0.9897839670636308,0.9974308564823162,0.0,0.0,0.0
5,total,16,False,oracle,9,192,0.9947251379049552,0.9892575710187201,0.9981380808398072,0.0,0.0,0.0
5,total,16,False,oracle,10,160,0.997502908954754,0.9960457465254238,0.9986122551592972,0.0,0.0,0.0
5,total,16,False,oracle,11,128,0.98756332229308,0.9763926808433481,0.996806429809211,0.0,0.0,0.0
5,total,16,False,oracle,12,96,0.994486130802844,0.989711361603083,0.9978381206116901,0.0,0.0,0.0
5,total,16,False,oracle,13,64,0.9950629603409133,0.9884413710396356,0.9988544792287724,0.0,0.0,0.0
5,total,16,False,oracle,14,32,0.9976324812770244,0.9959389592368338,0.9988766342191938,0.0,0.0,0.0
5,total,16,False,oracle,15,0,0.9952123330843118,0.9915624663424967,0.9979423004199253,0.0,0.0,0.0
5,total,16,False,fixed_homeostasis,0,480,0.9076952160715415,0.839407975150383,0.9621825469686327,0.07843497736194954,0.027244563903992478,0.14298174645699663
5,total,16,False,fixed_homeostasis,1,448,0.9530583004210585,0.9021081665672781,0.9842833732495726,0.030486702560826237,0.00014320554006378006,0.07863501880553109
5,total,16,False,fixed_homeostasis,2,416,0.9318460410812563,0.883846202852367,0.9693770052135244,0.05317683908682391,0.017276488040141733,0.10022202032643027
5,total,16,False,fixed_homeostasis,3,384,0.9489048853137861,0.9175098377087649,0.9751855059218489,0.018257849557576585,-0.005886100096633359,0.0464735232271407
5,total,16,False,fixed_homeostasis,4,352,0.9311256651685674,0.8918130754516793,0.9647295298769833,0.035088091398840116,0.011278205336608619,0.06170105559751793
5,total,16,False,fixed_homeostasis,5,320,0.9256421415479684,0.8831504530174976,0.9604827741275385,0.050529812681199125,0.018240544279842834,0.09138576901361643
5,total,16,False,fixed_homeostasis,6,288,0.954118817116049,0.917106887188744,0.9819078577456714,0.02124065904727043,-0.0035155164609253866,0.05397954534239526
5,total,16,False,fixed_homeostasis,7,256,0.9005903909915857,0.8223389540407416,0.9624651736583896,0.07464209613785368,0.015136701869031795,0.14994262546506631
5,total,16,False,fixed_homeostasis,8,224,0.9594142644248521,0.9379316884019128,0.9775958335957119,0.011928841762685294,-0.0016698131964905326,0.028441159219682703
5,total,16,False,fixed_homeostasis,9,192,0.9558837413680275,0.9204929153140717,0.9798717241897776,0.007131552314871757,-0.00741579618834241,0.020784611321858628
5,total,16,False,fixed_homeostasis,10,160,0.9687629599194955,0.9517819470670538,0.9828367843074659,0.0025814822702663978,-0.006052677659866388,0.012627252921672725
5,total,16,False,fixed_homeostasis,11,128,0.9284456025189787,0.8694410468558417,0.9694240898059316,0.022642825724219728,-0.005390279840553883,0.06413307065458662
5,total,16,False,fixed_homeostasis,12,96,0.9607695808114262,0.9386435415146819,0.9781514430575847,0.005988016775272512,-0.0037339884182605054,0.016819022587213815
5,total,16,False,fixed_homeostasis,13,64,0.9699156943315641,0.9522706509230099,0.9825172449089509,-0.0003284536476730049,-0.005416161232128983,0.004495618726896956
5,total,16,False,fixed_homeostasis,14,32,0.9724808589767308,0.9566469770049542,0.984648607709512,0.002321806700845095,-0.0019581689979388606,0.006765164530304498
5,total,16,False,fixed_homeostasis,15,0,0.9551570768245371,0.9312873373568973,0.9751813699713832,0.0,0.0,0.0
5,total,16,False,fixed_sham,0,480,0.917160203760102,0.8604059159749398,0.9618689509281471,0.06937917104491426,0.02813981475774235,0.12293881784024538
5,total,16,False,fixed_sham,1,448,0.9392936742955246,0.8860922712709809,0.9781868750138933,0.04360419987595287,0.006680925114442021,0.09331069496800877
5,total,16,False,fixed_sham,2,416,0.9396328259639416,0.89734165802523,0.9719096466868804,0.044622992412752444,0.013683168756236206,0.08598946243170967
5,total,16,False,fixed_sham,3,384,0.9500226671883977,0.9222497989162842,0.9742359163355453,0.015615578791363091,-0.006097089007629354,0.03934406128468611
5,total,16,False,fixed_sham,4,352,0.9283401704015836,0.887032849948239,0.9639223425619992,0.034695547578613255,0.007986809991699931,0.06607273647191153
5,total,16,False,fixed_sham,5,320,0.8996386696760874,0.8457918760123943,0.9441232493766785,0.06992885729786523,0.028671226266808632,0.12171989743852159
5,total,16,False,fixed_sham,6,288,0.9487161289360367,0.9071752497654816,0.9770103286309122,0.0247361224685553,-0.0009798874277495348,0.061248996650679746
5,total,16,False,fixed_sham,7,256,0.885560483815719,0.7958067130145907,0.9583974497847979,0.08730755170896758,0.016836614362814386,0.17361396227968892
5,total,16,False,fixed_sham,8,224,0.9516562172454894,0.9273124899297822,0.972807127249384,0.013885318368056163,-0.003198758973545834,0.03364841158036932
5,total,16,False,fixed_sham,9,192,0.9622165563532289,0.9361069585227684,0.9804756960837495,0.006177420741587086,-0.007185310116683234,0.018875801328592106
5,total,16,False,fixed_sham,10,160,0.9756430017842451,0.9666277645426089,0.9836727560020966,-0.0002223451585570413,-0.007902450062285283,0.007569012396498915
5,total,16,False,fixed_sham,11,128,0.914527719746402,0.8377223490550983,0.9655875717455334,0.02520512983581843,-0.0021625537935529592,0.06280541898986412
5,total,16,False,fixed_sham,12,96,0.9617910801870879,0.9431930767527198,0.977820649291053,0.008644555682726133,-0.0028119866217444695,0.022131044139714295
5,total,16,False,fixed_sham,13,64,0.9691732825345915,0.9523367394969582,0.9818815490649382,-0.00042304369239065204,-0.005482027276083229,0.0044146107238951186
5,total,16,False,fixed_sham,14,32,0.9683453339454982,0.9522741005377144,0.9820570210642939,0.0032927589550697522,-0.002519753586770807,0.009530348617213549
5,total,16,False,fixed_sham,15,0,0.952875316133829,0.9230343959367637,0.9761198058292836,0.0,0.0,0.0
5,total,16,False,matched_sham,0,480,0.9213142133373301,0.8467771530532968,0.977479476772573,0.06935838166564912,0.019794344833075836,0.13649415868838635
5,total,16,False,matched_sham,1,448,0.9537916550788686,0.9180139350161778,0.9803539286652914,0.03494873747562234,0.007485638812109178,0.07166986221376873
5,total,16,False,matched_sham,2,416,0.941784943395717,0.876091163132439,0.987658472460998,0.05144200239293172,0.006178329570728365,0.115953113424161
5,total,16,False,matched_sham,3,384,0.9512309240554764,0.9226424209740556,0.9764443993302886,0.02296873908674743,0.0022360460991161834,0.045318406102813916
5,total,16,False,matched_sham,4,352,0.9505186755730083,0.9135898456559486,0.9779471864349759,0.023101873790734723,0.006561413036607394,0.04152706075931971
5,total,16,False,matched_sham,5,320,0.9206017136270805,0.8706462615571949,0.9601235856115569,0.06568983104757038,0.02806247724090466,0.11469410393083303
5,total,16,False,matched_sham,6,288,0.9526448938687934,0.9124118820310794,0.9841664369638684,0.027320255847222873,0.00023238770155622866,0.06294630045731181
5,total,16,False,matched_sham,7,256,0.9088869416547865,0.8256640615459816,0.9712828056829765,0.07857219107576822,0.017699776786579014,0.16047926879370675
5,total,16,False,matched_sham,8,224,0.9501266693185694,0.9146029209448382,0.9786676644450159,0.02199199697120809,0.0012439365013860466,0.04648450139392373
5,total,16,False,matched_sham,9,192,0.9627225204538751,0.9246326209509488,0.9869163459011432,0.006298696810014733,-0.017795785972996324,0.030916245870813604
5,total,16,False,matched_sham,10,160,0.9814130167670371,0.9663034522995716,0.9928409581146708,0.002265185708067131,-0.0037123098616668915,0.008923523397031754
5,total,16,False,matched_sham,11,128,0.9483377667241504,0.9111652646407551,0.9791706406611467,0.02115278594198602,-0.0033728805741474513,0.04861664726424182
5,total,16,False,matched_sham,12,96,0.9737747393514864,0.9548176623160308,0.9884775561177114,0.0022744383914785845,-0.011498687743301537,0.013903701015565758
5,total,16,False,matched_sham,13,64,0.9735375159427074,0.949024352704274,0.9917234114126325,-0.003183854088969665,-0.01288288158900422,0.002944259022086286
5,total,16,False,matched_sham,14,32,0.9802824541603021,0.9600750910335394,0.9943909081961202,0.002808699716423691,-0.0015139793513701675,0.007664326959785963
5,total,16,False,matched_sham,15,0,0.9530624295769305,0.9112304865046239,0.9854587661947534,0.0,0.0,0.0
16,per_pair,4,False,baseline_high,0,384,0.9851345709475053,0.971466519350575,0.9934925946317636,0.006252409756948764,-0.0018146618056979736,0.019730575612581562
16,per_pair,4,False,baseline_high,1,256,0.9716031243948896,0.9522826945247452,0.9853668504006642,0.016255613309456646,0.0031414610895880127,0.03575963484976764
16,per_pair,4,False,baseline_high,2,128,0.9661430132863081,0.9466440655748461,0.9819752840243678,0.014463024688069986,0.0019412614197461175,0.02952597748117263
16,per_pair,4,False,baseline_high,3,0,0.9859313622617298,0.9793758896896834,0.9909378549979058,0.0,0.0,0.0
16,per_pair,4,False,ordinary,0,384,0.9838971251474323,0.9710258816966166,0.9938104328056387,0.008784080337537942,0.0007535523867238464,0.019765527751921797
16,per_pair,4,False,ordinary,1,256,0.9774062497672323,0.9653584142035333,0.9877860835819424,0.013604478345408622,0.004256851508172582,0.024674129447632604
16,per_pair,4,False,ordinary,2,128,0.9686358331468362,0.9497035104738059,0.9838234656381558,0.016327896208211873,0.004740333881261429,0.030365773948368025
16,per_pair,4,False,ordinary,3,0,0.9903296526661767,0.9853675282793607,0.9946018503849412,0.0,0.0,0.0
16,per_pair,4,False,homeostasis,0,384,0.9857782604020052,0.9756303483722999,0.9939720191478576,0.006604037883167042,0.0007858969302248815,0.013807121700045912
16,per_pair,4,False,homeostasis,1,256,0.9772777930156239,0.9633911042794455,0.9889619739362128,0.015696938183637422,0.004634669750082687,0.02932872235084862
16,per_pair,4,False,homeostasis,2,128,0.9810754829499543,0.9705086364415257,0.9896808561555221,0.008461675486294512,0.0019336494642983903,0.016591102968410678
16,per_pair,4,False,homeostasis,3,0,0.9891572827397219,0.9782769511367038,0.9958494604241857,0.0,0.0,0.0
16,per_pair,4,False,sham,0,384,0.9811558481536556,0.9645726577199419,0.9938299667640687,0.007903247609629654,0.0005245079496201678,0.018476499669797294
16,per_pair,4,False,sham,1,256,0.9748022290624485,0.9546645822955285,0.9892713633386854,0.01786757240066482,0.00410375003797423,0.038047571565282406
16,per_pair,4,False,sham,2,128,0.9757950940719037,0.9626979166797862,0.9873555718332091,0.012748967349971621,0.0034520393351499526,0.02347818383800244
16,per_pair,4,False,sham,3,0,0.9912755480125264,0.985470416914254,0.9955514905800197,0.0,0.0,0.0
16,per_pair,4,False,random_ordinary,0,384,0.9845190761190997,0.9764354287184496,0.9912803772388706,0.008330218722201799,0.0030656994036252386,0.015206049546005478
16,per_pair,4,False,random_ordinary,1,256,0.9789012698736634,0.9696525932670484,0.9867718868049155,0.011352892594363706,0.005978112248621418,0.018663058889674452
16,per_pair,4,False,random_ordinary,2,128,0.9761688136810057,0.962175456336209,0.9868521187964547,0.008672831853519913,0.0034838034863937683,0.01592536254162399
16,per_pair,4,False,random_ordinary,3,0,0.9881255963643629,0.9806310537830651,0.9935317398927268,0.0,0.0,0.0
16,per_pair,4,False,random_homeostasis,0,384,0.9777280409544135,0.9556428225468279,0.9941743043104923,0.00872257387784991,-0.004755953789625122,0.026219259802389663
16,per_pair,4,False,random_homeostasis,1,256,0.9858666413537387,0.9763692818254395,0.9934647169429481,0.010949869996466128,0.004432092064054351,0.018894640893845883
16,per_pair,4,False,random_homeostasis,2,128,0.9823554195744295,0.9627741503421534,0.9944455757854321,0.008435237130020229,0.0021397775045412836,0.017265803094436136
16,per_pair,4,False,random_homeostasis,3,0,0.9953315737779337,0.9911487129194656,0.9980942677775299,0.0,0.0,0.0
16,per_pair,4,False,direct,0,384,0.9815325965471237,0.9679285222479194,0.9925179878397031,0.006722772327714076,-0.0016112442555752328,0.0173229297962824
16,per_pair,4,False,direct,1,256,0.9879695862953373,0.9790929229201876,0.99399428559779,0.005310445265278009,-0.00019350943279704472,0.012768390992135859
16,per_pair,4,False,direct,2,128,0.9858463525637932,0.9748767013640607,0.9935995260651979,0.003179820655646509,-0.0010586315507576185,0.008495727056567622
16,per_pair,4,False,direct,3,0,0.9937580737667969,0.9913576871767846,0.9958586052941639,0.0,0.0,0.0
16,per_pair,4,False,oracle,0,384,0.9952338169165061,0.9883454998026926,0.9990184736576636,0.0,0.0,0.0
16,per_pair,4,False,oracle,1,256,0.9980982204096197,0.9963458466322772,0.999331486461375,0.0,0.0,0.0
16,per_pair,4,False,oracle,2,128,0.9956281417511496,0.9923330095628892,0.9983120227249077,0.0,0.0,0.0
16,per_pair,4,False,oracle,3,0,0.9984172958628911,0.9974078137976766,0.9992212563648881,0.0,0.0,0.0
16,per_pair,4,False,fixed_homeostasis,0,384,0.986645703859955,0.9790424911366143,0.9926708248570044,0.004536551602353662,-0.0008880719770988401,0.011979602835134936
16,per_pair,4,False,fixed_homeostasis,1,256,0.9728775612012935,0.9586262055689625,0.9844865337091123,0.014517219607996757,0.003864407453671068,0.02845982179015003
16,per_pair,4,False,fixed_homeostasis,2,128,0.9694403330464216,0.9524526193401356,0.9829362404740153,0.01278169715649149,0.002180628983001604,0.02601039226252382
16,per_pair,4,False,fixed_homeostasis,3,0,0.9837660408198284,0.9760400945179993,0.9898064824129204,0.0,0.0,0.0
16,per_pair,4,False,fixed_sham,0,384,0.9858409933650835,0.9747035723252635,0.9930834006566377,0.005419077067479193,-0.0014344223247286401,0.016362399991919623
16,per_pair,4,False,fixed_sham,1,256,0.9708875967014651,0.9534568803611414,0.9842333709948736,0.01568438436622881,0.0031322539006309394,0.03323799257564072
16,per_pair,4,False,fixed_sham,2,128,0.9668515979480506,0.9495658410884787,0.981063803084444,0.015175358467939506,0.004175915694990382,0.02842971251873353
16,per_pair,4,False,fixed_sham,3,0,0.9843378313271621,0.9767688178740224,0.9898764766511766,0.0,0.0,0.0
16,per_pair,4,False,matched_sham,0,384,0.9811558481536556,0.9645726577199419,0.9938299667640687,0.007903247609629654,0.0005245079496201678,0.018476499669797294
16,per_pair,4,False,matched_sham,1,256,0.9748022290624485,0.9546645822955285,0.9892713633386854,0.01786757240066482,0.00410375003797423,0.038047571565282406
16,per_pair,4,False,matched_sham,2,128,0.9757950940719037,0.9626979166797862,0.9873555718332091,0.012748967349971621,0.0034520393351499526,0.02347818383800244
16,per_pair,4,False,matched_sham,3,0,0.9912755480125264,0.985470416914254,0.9955514905800197,0.0,0.0,0.0
16,per_pair,16,False,baseline_high,0,1920,0.9486621703707856,0.9101745401285691,0.9787530166401345,0.04272481033366846,0.012865274679149285,0.08096285247306578
16,per_pair,16,False,baseline_high,1,1792,0.9072902912013735,0.8556922272405202,0.9509111847748599,0.08056844650297289,0.0357090491027812,0.13309766093913497
16,per_pair,16,False,baseline_high,2,1664,0.8848380444921893,0.8007204234433845,0.9480925914789218,0.09576799348218895,0.031254972622186,0.18056358618467142
16,per_pair,16,False,baseline_high,3,1536,0.9359752861965669,0.893882934583181,0.9678958660964014,0.049956076065163,0.018988317483449688,0.09067406976438082
16,per_pair,16,False,baseline_high,4,1408,0.9135268287190074,0.8672149399983805,0.9534170894344325,0.06990497999022317,0.03200122730685319,0.1143385397589866
16,per_pair,16,False,baseline_high,5,1280,0.9399836928123012,0.9070990532444285,0.9666029966106658,0.04620854128989781,0.020138691842382084,0.07875451546019693
16,per_pair,16,False,baseline_high,6,1152,0.9262171163755445,0.8817464495252421,0.962437441222973,0.054236531801610734,0.019002039096392993,0.09758656648524902
16,per_pair,16,False,baseline_high,7,1024,0.9025991011453284,0.8454810326834679,0.9506981160906608,0.07687387811702882,0.03115575006158253,0.13115754299643634
16,per_pair,16,False,baseline_high,8,896,0.9332003436063956,0.8917148111874454,0.9654994811492866,0.04415072855653183,0.01694112350633925,0.07930751412451931
16,per_pair,16,False,baseline_high,9,768,0.9557150131740886,0.9101089635278017,0.9839504834059812,0.029273670877850766,0.004780079480256382,0.06799732165335154
16,per_pair,16,False,baseline_high,10,640,0.9557185363184312,0.9289805000311299,0.9767470723504915,0.027398892650082246,0.00805346821256835,0.05203296597277439
16,per_pair,16,False,baseline_high,11,512,0.9310968433168844,0.8646207843947971,0.9781172424488674,0.03962253909038381,0.004181819663047467,0.08661247384730882
16,per_pair,16,False,baseline_high,12,384,0.9634299820850472,0.9349826323843032,0.9847551050565855,0.022081128483822727,0.002972105761096892,0.04746019827835413
16,per_pair,16,False,baseline_high,13,256,0.9722105779746463,0.9610664754185917,0.9822496408058637,0.010882747679896401,0.004279038616901397,0.01828703646644094
16,per_pair,16,False,baseline_high,14,128,0.9708413929756179,0.9556802425633667,0.9834898694266412,0.00939000232580329,0.0027523736657718806,0.017323063766743266
16,per_pair,16,False,baseline_high,15,0,0.9839192849093376,0.9776904430500912,0.9895497663908033,0.0,0.0,0.0
16,per_pair,16,False,ordinary,0,1920,0.9367879044508499,0.8947729636486813,0.9721410958570346,0.05589330103412022,0.02001522040699584,0.09890953508364098
16,per_pair,16,False,ordinary,1,1792,0.9030736726669981,0.8596889612841522,0.9424687900373766,0.08793705544564269,0.048101203865379236,0.1318786508199869
16,per_pair,16,False,ordinary,2,1664,0.8829528068230726,0.8070217878860263,0.944165982974167,0.10201092253197552,0.03988392104734329,0.17787461657663045
16,per_pair,16,False,ordinary,3,1536,0.9454138344889539,0.894895655220388,0.9814484485510349,0.04491581817722274,0.010403770972758061,0.0939445851779707
16,per_pair,16,False,ordinary,4,1408,0.9205526280617428,0.8767139233926587,0.9578260515159592,0.06595739656056236,0.03210890011167032,0.10629078680480532
16,per_pair,16,False,ordinary,5,1280,0.9448411015120478,0.9110145894309645,0.969466462304367,0.04421850399316155,0.02185552422142901,0.07668893327908428
16,per_pair,16,False,ordinary,6,1152,0.9361592951622564,0.8937583039294638,0.9709900553967747,0.049114452420179755,0.014992593228478216,0.08996119653407098
16,per_pair,16,False,ordinary,7,1024,0.9119295285822814,0.8480834758407665,0.9617114026654944,0.0759728497590137,0.027242731468185725,0.1394874804493862
16,per_pair,16,False,ordinary,8,896,0.9377844802309516,0.8919453129599574,0.9739765571058425,0.04513586575562787,0.013622912864672277,0.0850228966049351
16,per_pair,16,False,ordinary,9,768,0.9428298495145953,0.875938374921417,0.9839964067164633,0.04493524951280579,0.00933603943324379,0.10160061273301886
16,per_pair,16,False,ordinary,10,640,0.9432357389019982,0.9008270996090855,0.9735387271962399,0.04049355935990189,0.012858502002611181,0.07994621862266639
16,per_pair,16,False,ordinary,11,512,0.9199836775030773,0.849985286484295,0.9726868059190819,0.045286199616533185,0.012641220763806997,0.08643174917425792
16,per_pair,16,False,ordinary,12,384,0.9622823399360917,0.9202708565837824,0.9869197567351666,0.022483747916258453,-0.0005905484693448219,0.060573554014585695
16,per_pair,16,False,ordinary,13,256,0.9721504760708459,0.949167518847056,0.9876845798801482,0.017078733602683378,0.004337890643935886,0.0380782323941891
16,per_pair,16,False,ordinary,14,128,0.9810318433754958,0.9709896013021914,0.9893384936233517,0.00659089055313065,0.0028938979000628635,0.010654212910898384
16,per_pair,16,False,ordinary,15,0,0.9886788261492798,0.982868849049587,0.9934099086333722,0.0,0.0,0.0
16,per_pair,16,False,homeostasis,0,1920,0.9383443252397776,0.8850975757961138,0.977017693408506,0.05403797304539463,0.015267837132642523,0.10695593403862108
16,per_pair,16,False,homeostasis,1,1792,0.8955142511787066,0.8227770246827164,0.9534826230882343,0.09746048002055474,0.03879800930953001,0.17093488744139154
16,per_pair,16,False,homeostasis,2,1664,0.8977719307741,0.81259183966049,0.959456082397629,0.09176522766214879,0.029706911550537545,0.1774440909953928
16,per_pair,16,False,homeostasis,3,1536,0.9350840317886249,0.8879979163609825,0.9738674309011841,0.054073250951097086,0.01936092985927015,0.0964203709594258
16,per_pair,16,False,homeostasis,4,1408,0.8998563786537863,0.8490403896352764,0.9448794102667072,0.08845087216363455,0.04344619683482513,0.13981522570940724
16,per_pair,16,False,homeostasis,5,1280,0.9153143169918843,0.8653933758257676,0.9539021615898214,0.07600845413328271,0.03792947148711011,0.12552578094551145
16,per_pair,16,False,homeostasis,6,1152,0.9248549106749628,0.8830772501979227,0.9602546610060361,0.06261868244081542,0.02754377902396767,0.10364676820298174
16,per_pair,16,False,homeostasis,7,1024,0.8996493907906187,0.8352146810248424,0.9518754856269267,0.08662341869025457,0.03523765945265042,0.1510644779945936
16,per_pair,16,False,homeostasis,8,896,0.9363294159993437,0.8953704152491548,0.9694430766632405,0.04853469209448915,0.019403311460525062,0.0844836714009367
16,per_pair,16,False,homeostasis,9,768,0.9581727865831398,0.9106961905188647,0.9890380889238825,0.03435544537417693,0.00735021183050853,0.07525902890725006
16,per_pair,16,False,homeostasis,10,640,0.9565550229232507,0.9270945365347784,0.9808243600243071,0.033590755151179194,0.012460684951810923,0.059030381917849185
16,per_pair,16,False,homeostasis,11,512,0.9228170757443154,0.8450996599986371,0.9796941173676065,0.03815897734084375,0.003069462391364124,0.08355389866786227
16,per_pair,16,False,homeostasis,12,384,0.9676530002614419,0.9370902530380801,0.9875251880333317,0.020164800126918028,0.0005003032109834561,0.049507531044042104
16,per_pair,16,False,homeostasis,13,256,0.9783490531351583,0.9606825557551094,0.9900383236217679,0.012247895755743804,0.002847761988579497,0.026757313632661425
16,per_pair,16,False,homeostasis,14,128,0.982913885573853,0.9700931823080555,0.9927011297213685,0.007618648016465186,0.0017652089427758076,0.01500281311971553
16,per_pair,16,False,homeostasis,15,0,0.9898362669366074,0.9851679710160703,0.9939231614507877,0.0,0.0,0.0
16,per_pair,16,False,sham,0,1920,0.9302747486553585,0.8825018185254725,0.9677551415738272,0.05878434710792685,0.018685752634766555,0.10780156886731325
16,per_pair,16,False,sham,1,1792,0.9031909296949779,0.8551639202159937,0.9456203480180514,0.08947887176813533,0.04597108324131762,0.13869088285733566
16,per_pair,16,False,sham,2,1664,0.899155881085206,0.8148940168207699,0.9606650052624037,0.08938818033666908,0.026416950775165145,0.17460669871119702
16,per_pair,16,False,sham,3,1536,0.9328329050999565,0.8872382574396511,0.9690175822055751,0.05844264291256986,0.02458922458525911,0.10212764628788754
16,per_pair,16,False,sham,4,1408,0.9010483961822505,0.8364224601085211,0.9517371005425709,0.08584352456156674,0.0353656773323512,0.15082103472237246
16,per_pair,16,False,sham,5,1280,0.9312059077942889,0.886475689540894,0.9647315117431546,0.05925454055148351,0.0260308454444076,0.10387885963290419
16,per_pair,16,False,sham,6,1152,0.9337552731369806,0.8948364166741504,0.9653689399464173,0.05385621730711518,0.02186205867537437,0.09365169611460394
16,per_pair,16,False,sham,7,1024,0.891547306893331,0.8199307750445595,0.9511850313203104,0.09730310664126994,0.03952812369007002,0.16719829957884388
16,per_pair,16,False,sham,8,896,0.9405978537694898,0.9071494718231102,0.9692090670093785,0.04558830861627941,0.0202636024259774,0.07534514562464932
16,per_pair,16,False,sham,9,768,0.9466004600977342,0.8809956502398057,0.9874550737583849,0.04208861095307937,0.008243543277509946,0.09463267701655383
16,per_pair,16,False,sham,10,640,0.9597050335539136,0.937247365533391,0.9795887124160751,0.030486107540855262,0.013158374216671128,0.05006724806510161
16,per_pair,16,False,sham,11,512,0.924908879321945,0.8541419430368674,0.9781900886580163,0.048628028266083125,0.005695037270019037,0.10570986944669424
16,per_pair,16,False,sham,12,384,0.9622943596030064,0.9307241098384974,0.9860188171117122,0.025609092480270306,0.0035292150516679196,0.05457328369025738
16,per_pair,16,False,sham,13,256,0.9788145618755181,0.9609336046999151,0.9910630310769853,0.012023027302600497,0.002915901375917914,0.02695024375415898
16,per_pair,16,False,sham,14,128,0.9851544293551578,0.9746854776767054,0.9923645864722621,0.005719263752674129,0.001663631499697132,0.01090404178166201
16,per_pair,16,False,sham,15,0,0.9897783232882881,0.9847295015941284,0.9939737399173785,0.0,0.0,0.0
16,per_pair,16,False,random_ordinary,0,1920,0.9296107421067044,0.889243125972048,0.9621843283536732,0.06323855273459716,0.03039522405075785,0.10400007110720129
16,per_pair,16,False,random_ordinary,1,1792,0.9184731454491519,0.8770341725848939,0.9541341114766153,0.07178101701887518,0.03740202340154884,0.11137753350477032
16,per_pair,16,False,random_ordinary,2,1664,0.9103054270167856,0.8742721422879762,0.9432861328972796,0.07453621851773994,0.04097701945558233,0.11147467927678519
16,per_pair,16,False,random_ordinary,3,1536,0.904126086174078,0.83205241605832,0.9621319811296277,0.08399951019028497,0.027491852694635617,0.15472270688860582
16,per_pair,16,False,random_ordinary,4,1408,0.9133416207122401,0.8674104284213319,0.9523129706558809,0.07261330502807183,0.03457749959104281,0.1173509785608508
16,per_pair,16,False,random_ordinary,5,1280,0.9401911041153115,0.909904922443818,0.9655436806116631,0.0500799067595594,0.02508621075764566,0.07981148123991609
16,per_pair,16,False,random_ordinary,6,1152,0.9160720676112346,0.8782587948689391,0.9486381097859196,0.06964199100571113,0.03726322232247245,0.1075250742478304
16,per_pair,16,False,random_ordinary,7,1024,0.9116307385577075,0.8675717915243818,0.9502847479290322,0.07516059602743014,0.03974383692155677,0.11569001095597033
16,per_pair,16,False,random_ordinary,8,896,0.9133386170266689,0.8677727757778056,0.9517927230231615,0.07043289610994004,0.034082953020668244,0.11439551921462408
16,per_pair,16,False,random_ordinary,9,768,0.9761952005414556,0.965139207272396,0.9856410115690906,0.013728004199777677,0.008003475402165382,0.019825451922057716
16,per_pair,16,False,random_ordinary,10,640,0.9604184793760379,0.9363558581516453,0.9802153961895206,0.026776750304074472,0.008303601830740907,0.049730253560953036
16,per_pair,16,False,random_ordinary,11,512,0.948445368068144,0.9072840856598858,0.9812030036914628,0.033153615998753126,0.008890562071990104,0.0647619420179855
16,per_pair,16,False,random_ordinary,12,384,0.9746640979178096,0.9600020022442622,0.9867785124494562,0.012995115251570604,0.0035873170697468346,0.024147068557187058
16,per_pair,16,False,random_ordinary,13,256,0.9800665561861123,0.9713666400072226,0.9873483853589684,0.01181856049510691,0.006296990289979295,0.018414044582106392
16,per_pair,16,False,random_ordinary,14,128,0.9841762966238928,0.9762098199322736,0.9907042940364468,0.00403947218779227,0.0011562591800831532,0.00727645184824857
16,per_pair,16,False,random_ordinary,15,0,0.9891665977842695,0.9845929331148492,0.992963546879839,0.0,0.0,0.0
16,per_pair,16,False,random_homeostasis,0,1920,0.9179724478218332,0.8786148452507175,0.9509152591751716,0.06847816701043002,0.03190480979997763,0.11069783522545575
16,per_pair,16,False,random_homeostasis,1,1792,0.9021710193138471,0.8479851475717396,0.949821946244608,0.09464549203635769,0.04741213844610131,0.14843842021946538
16,per_pair,16,False,random_homeostasis,2,1664,0.8806786500903215,0.8208665095922677,0.9332972641584194,0.11011200661412836,0.06090401820335741,0.16631319429300645
16,per_pair,16,False,random_homeostasis,3,1536,0.9247515351950767,0.8743134228272522,0.9646453468557263,0.07058003858285705,0.03167624436930937,0.12061491265696987
16,per_pair,16,False,random_homeostasis,4,1408,0.9055480470681577,0.8528634849768237,0.9462184735482494,0.0895052451617449,0.048424825084261,0.14227443344351837
16,per_pair,16,False,random_homeostasis,5,1280,0.9240836720815641,0.8865475983095649,0.9572349824668309,0.07278165569088467,0.040352651385633605,0.10920027870713125
16,per_pair,16,False,random_homeostasis,6,1152,0.9267183928590071,0.891660119431096,0.9579167178082005,0.06927151319252088,0.03861162669318279,0.10363425514704051
16,per_pair,16,False,random_homeostasis,7,1024,0.9068656014680592,0.8536873441409623,0.9523176261391806,0.0787284704963865,0.03858896469959184,0.12701404833517352
16,per_pair,16,False,random_homeostasis,8,896,0.9474819744230626,0.9227820320916205,0.9693524958784172,0.043765936849130015,0.02321826220748873,0.0677587785298486
16,per_pair,16,False,random_homeostasis,9,768,0.9670767245851938,0.9394594927302579,0.9880484983371299,0.024029912516056556,0.009842933994274158,0.0413808008521389
16,per_pair,16,False,random_homeostasis,10,640,0.9716281403543049,0.9488921658682185,0.9883247978896883,0.024269065780786553,0.009136849714437772,0.04461473928748836
16,per_pair,16,False,random_homeostasis,11,512,0.918973445820139,0.8353158046381051,0.9762509440637192,0.04393525262695913,0.013478720169715281,0.087537092055449
16,per_pair,16,False,random_homeostasis,12,384,0.9690485177604887,0.9434492624716845,0.9872267715367306,0.01629066495380502,-0.0006173696542004722,0.03431804233597053
16,per_pair,16,False,random_homeostasis,13,256,0.9757613296970451,0.9613819974319938,0.9880247407429397,0.016304466445889742,0.007057268480029521,0.02800662121267599
16,per_pair,16,False,random_homeostasis,14,128,0.9904336124102825,0.9821060299337689,0.9968031163479628,0.004579988452013818,0.000814071688141361,0.009355990309688996
16,per_pair,16,False,random_homeostasis,15,0,0.9955916434551457,0.9929530372593647,0.997731086623207,0.0,0.0,0.0
16,per_pair,16,False,direct,0,1920,0.951846373966919,0.9141251272954843,0.9822794977321606,0.03640899490791866,0.004870053749974051,0.07487953677302069
16,per_pair,16,False,direct,1,1792,0.9444488599418133,0.8952040647120836,0.982272522024289,0.048831171618802155,0.011305586891858257,0.09780674317095164
16,per_pair,16,False,direct,2,1664,0.9512448035105612,0.9120744441210304,0.9835381933928993,0.037781369708878514,0.007231041305723465,0.0751536654281578
16,per_pair,16,False,direct,3,1536,0.9204962306811426,0.8509846146605862,0.9747419872314912,0.07326184308565416,0.01955605256473088,0.14199046424100975
16,per_pair,16,False,direct,4,1408,0.913128364190412,0.8255197484692854,0.9692401590705221,0.07956313714826617,0.024710249866856982,0.16642273236614571
16,per_pair,16,False,direct,5,1280,0.9630034922379899,0.9407075526705544,0.9822029822608023,0.031616792735181115,0.01310587429181125,0.05343069127701438
16,per_pair,16,False,direct,6,1152,0.9673868263329237,0.9485881575904942,0.9832498326172748,0.02097044045059872,0.0030277599600264755,0.041366705617235815
16,per_pair,16,False,direct,7,1024,0.9204569157620069,0.8535407641314734,0.9722606857516165,0.06928228909251644,0.018911626950953275,0.13438366645465213
16,per_pair,16,False,direct,8,896,0.9818453997875937,0.9735369886567551,0.9891524183744964,0.01083896207340034,0.0036734729693456546,0.01891549764008282
16,per_pair,16,False,direct,9,768,0.9827554984373492,0.9656310009649229,0.9942377544281727,0.011144283912526703,0.0006536157893947856,0.027747983958656117
16,per_pair,16,False,direct,10,640,0.9658328825217124,0.9407142084102538,0.9863182653469278,0.026506042423758522,0.007183633743711807,0.05011109144834466
16,per_pair,16,False,direct,11,512,0.9661403218407064,0.9272199398366434,0.9899481685911331,0.015083605641664166,-0.00035824501104395875,0.04131640524327918
16,per_pair,16,False,direct,12,384,0.983512946584006,0.9739579255188447,0.9913829968747728,0.0012717940506013492,-0.009002518147647187,0.011047181902287569
16,per_pair,16,False,direct,13,256,0.9819183905670493,0.9690623722979385,0.9916900839506053,0.009964538323272376,0.002730365891752531,0.02023768428943356
16,per_pair,16,False,direct,14,128,0.9932840750843361,0.9900359279298914,0.9959398476794257,0.0003863586233556436,-0.0008159462970828538,0.00143344569574985
16,per_pair,16,False,direct,15,0,0.9920280622294628,0.9878781877748346,0.9953034284316997,0.0,0.0,0.0
16,per_pair,16,False,oracle,0,1920,0.9952338169165061,0.9883454998026926,0.9990184736576636,0.0,0.0,0.0
16,per_pair,16,False,oracle,1,1792,0.9980982204096197,0.9963458466322772,0.999331486461375,0.0,0.0,0.0
16,per_pair,16,False,oracle,2,1664,0.9956281417511496,0.9923330095628892,0.9983120227249077,0.0,0.0,0.0
16,per_pair,16,False,oracle,3,1536,0.9984172958628911,0.9974078137976766,0.9992212563648881,0.0,0.0,0.0
16,per_pair,16,False,oracle,4,1408,0.9973960856595209,0.995553476143941,0.9988008558079875,0.0,0.0,0.0
16,per_pair,16,False,oracle,5,1280,0.9987614145543211,0.9978672720207792,0.999355337652967,0.0,0.0,0.0
16,per_pair,16,False,oracle,6,1152,0.9960531444959063,0.9929498183365703,0.9983250959102931,0.0,0.0,0.0
16,per_pair,16,False,oracle,7,1024,0.9967277154362021,0.9922233679165255,0.9993783247977311,0.0,0.0,0.0
16,per_pair,16,False,oracle,8,896,0.9961861066749945,0.9937167287842268,0.9982225259825388,0.0,0.0,0.0
16,per_pair,16,False,oracle,9,768,0.9979448458433238,0.9952083190813205,0.9994922479486137,0.0,0.0,0.0
16,per_pair,16,False,oracle,10,640,0.9977965036874205,0.9966716558286439,0.9987717700178957,0.0,0.0,0.0
16,per_pair,16,False,oracle,11,512,0.975115564412412,0.9359604740429556,0.9986042823719279,0.0,0.0,0.0
16,per_pair,16,False,oracle,12,384,0.9982144689033573,0.9971918605216448,0.9990293689785557,0.0,0.0,0.0
16,per_pair,16,False,oracle,13,256,0.9986675097054823,0.9975472290932423,0.9994445647247358,0.0,0.0,0.0
16,per_pair,16,False,oracle,14,128,0.9954577246299351,0.9896350021679279,0.9990108629234821,0.0,0.0,0.0
16,per_pair,16,False,oracle,15,0,0.9984108601797779,0.9971466309331662,0.9993793950479056,0.0,0.0,0.0
16,per_pair,16,False,fixed_homeostasis,0,1920,0.9497482588274958,0.9102081030102499,0.9796824591765948,0.04143399663481303,0.011776682468047401,0.08067614459311355
16,per_pair,16,False,fixed_homeostasis,1,1792,0.9018711228303489,0.8324675265831079,0.954449614613776,0.0855236579789415,0.031905235962880016,0.15583693240610363
16,per_pair,16,False,fixed_homeostasis,2,1664,0.9101926229103293,0.8398571830768937,0.9600237682642013,0.0720294072925838,0.021174990227250598,0.14266080901787206
16,per_pair,16,False,fixed_homeostasis,3,1536,0.9389082688752062,0.8914493249396123,0.970133300043867,0.044857771944622225,0.015372616348434915,0.09008115583419547
16,per_pair,16,False,fixed_homeostasis,4,1408,0.9044040181555092,0.8619174833024849,0.9434622723811547,0.07540975381505066,0.03690690220298893,0.11827523809858544
16,per_pair,16,False,fixed_homeostasis,5,1280,0.9256759214761026,0.8894984923838999,0.9555951915700134,0.05920448232723206,0.02954885877674907,0.09517279216867428
16,per_pair,16,False,fixed_homeostasis,6,1152,0.9232562678592297,0.8804837634655369,0.9597945127643228,0.056253657907320544,0.021172608645042185,0.09689573085688387
16,per_pair,16,False,fixed_homeostasis,7,1024,0.9024856040992629,0.8453466045473487,0.9495106238267631,0.07852637159035536,0.033381535873819076,0.1343239841911796
16,per_pair,16,False,fixed_homeostasis,8,896,0.9432427616641671,0.9137368438714265,0.9675049631250531,0.03814466564318722,0.01641023630464929,0.06458695985685053
16,per_pair,16,False,fixed_homeostasis,9,768,0.9621958875312059,0.9236294360126183,0.9862552172478772,0.02562625308148432,0.004791476944335096,0.05804468159458015
16,per_pair,16,False,fixed_homeostasis,10,640,0.9549897659339627,0.93172733959564,0.9745798420861715,0.02635997329280328,0.00933252068286451,0.046172770690267755
16,per_pair,16,False,fixed_homeostasis,11,512,0.9472714084981669,0.9087015011047892,0.9766249405180091,0.027480337183145395,0.005021713439521265,0.05527546745743927
16,per_pair,16,False,fixed_homeostasis,12,384,0.9676618718413614,0.9349480921485854,0.9871686653031209,0.019459640161479358,0.0022161365961559125,0.04894283109612932
16,per_pair,16,False,fixed_homeostasis,13,256,0.97231839248626,0.9578773468032934,0.9837966862675837,0.01430019557266951,0.005583385995195553,0.025730157083651114
16,per_pair,16,False,fixed_homeostasis,14,128,0.9765900555498935,0.9679902073882793,0.9844221044693218,0.0070965871509848415,0.0030183514458888144,0.011344071549790957
16,per_pair,16,False,fixed_homeostasis,15,0,0.9823958765659427,0.9754200316124644,0.9887094607493173,0.0,0.0,0.0
16,per_pair,16,False,fixed_sham,0,1920,0.9459931005899905,0.909081800724066,0.9758415766229015,0.04526696984257195,0.01554612459425671,0.08182965465571693
16,per_pair,16,False,fixed_sham,1,1792,0.9003294194868108,0.8472771417584739,0.9453389788784968,0.08624256158088328,0.03968376957543041,0.14060322070639192
16,per_pair,16,False,fixed_sham,2,1664,0.8975539507944461,0.8168783056152967,0.9548377224475528,0.08447300562154403,0.026226940869947857,0.16564748773513013
16,per_pair,16,False,fixed_sham,3,1536,0.9327143360268435,0.8905743129341003,0.9650962892827455,0.05162349530031866,0.021746304082427982,0.09179839730658103
16,per_pair,16,False,fixed_sham,4,1408,0.9069743828929457,0.8580341821979939,0.9482949273242705,0.07471761994509764,0.03486389013224966,0.12273392878737835
16,per_pair,16,False,fixed_sham,5,1280,0.9347938312848271,0.9030718402074607,0.9617264117455611,0.049782135082608904,0.022785361851055348,0.08165033402494323
16,per_pair,16,False,fixed_sham,6,1152,0.9339331630800473,0.8985839807079607,0.9639209534942996,0.04767621410206307,0.01781027226392966,0.08315534686276013
16,per_pair,16,False,fixed_sham,7,1024,0.8958748447320005,0.8336410498285763,0.9471495604547842,0.08470384324455815,0.03523977750942937,0.14531482630204562
16,per_pair,16,False,fixed_sham,8,896,0.9396779394813629,0.9088673556447575,0.9652634897224568,0.03850115667708398,0.01731129762561767,0.06447892933440906
16,per_pair,16,False,fixed_sham,9,768,0.9572979108033394,0.9157317450965503,0.9833206909950815,0.029590480439558992,0.006567793771754132,0.0654915723505701
16,per_pair,16,False,fixed_sham,10,640,0.9568124725333624,0.9342964344811842,0.9760804617929237,0.02505841987855215,0.008633321091583226,0.0438274611158593
16,per_pair,16,False,fixed_sham,11,512,0.9325574079633355,0.8782471252058526,0.9731774396379566,0.041900556813420094,0.007899194527119553,0.08649633726241239
16,per_pair,16,False,fixed_sham,12,384,0.9601009306284961,0.9269728031742723,0.9835119865361703,0.023693976842599235,0.0027316016142025805,0.0527940578192588
16,per_pair,16,False,fixed_sham,13,256,0.9741054799498078,0.9598126063222927,0.9849255340361704,0.011953077231907513,0.004194745130301421,0.023534067664740282
16,per_pair,16,False,fixed_sham,14,128,0.9740641153828142,0.963139250612035,0.9835089655832068,0.008041719516565335,0.0030107416942471246,0.013759722721637556
16,per_pair,16,False,fixed_sham,15,0,0.9840866944066734,0.9780738867777429,0.98948946171698,0.0,0.0,0.0
16,per_pair,16,False,matched_sham,0,1920,0.9302747486553585,0.8825018185254725,0.9677551415738272,0.05878434710792685,0.018685752634766555,0.10780156886731325
16,per_pair,16,False,matched_sham,1,1792,0.9031909296949779,0.8551639202159937,0.9456203480180514,0.08947887176813533,0.04597108324131762,0.13869088285733566
16,per_pair,16,False,matched_sham,2,1664,0.899155881085206,0.8148940168207699,0.9606650052624037,0.08938818033666908,0.026416950775165145,0.17460669871119702
16,per_pair,16,False,matched_sham,3,1536,0.9328329050999565,0.8872382574396511,0.9690175822055751,0.05844264291256986,0.02458922458525911,0.10212764628788754
16,per_pair,16,False,matched_sham,4,1408,0.9010483961822505,0.8364224601085211,0.9517371005425709,0.08584352456156674,0.0353656773323512,0.15082103472237246
16,per_pair,16,False,matched_sham,5,1280,0.9312059077942889,0.886475689540894,0.9647315117431546,0.05925454055148351,0.0260308454444076,0.10387885963290419
16,per_pair,16,False,matched_sham,6,1152,0.9337552731369806,0.8948364166741504,0.9653689399464173,0.05385621730711518,0.02186205867537437,0.09365169611460394
16,per_pair,16,False,matched_sham,7,1024,0.891547306893331,0.8199307750445595,0.9511850313203104,0.09730310664126994,0.03952812369007002,0.16719829957884388
16,per_pair,16,False,matched_sham,8,896,0.9405978537694898,0.9071494718231102,0.9692090670093785,0.04558830861627941,0.0202636024259774,0.07534514562464932
16,per_pair,16,False,matched_sham,9,768,0.9466004600977342,0.8809956502398057,0.9874550737583849,0.04208861095307937,0.008243543277509946,0.09463267701655383
16,per_pair,16,False,matched_sham,10,640,0.9597050335539136,0.937247365533391,0.9795887124160751,0.030486107540855262,0.013158374216671128,0.05006724806510161
16,per_pair,16,False,matched_sham,11,512,0.924908879321945,0.8541419430368674,0.9781900886580163,0.048628028266083125,0.005695037270019037,0.10570986944669424
16,per_pair,16,False,matched_sham,12,384,0.9622943596030064,0.9307241098384974,0.9860188171117122,0.025609092480270306,0.0035292150516679196,0.05457328369025738
16,per_pair,16,False,matched_sham,13,256,0.9788145618755181,0.9609336046999151,0.9910630310769853,0.012023027302600497,0.002915901375917914,0.02695024375415898
16,per_pair,16,False,matched_sham,14,128,0.9851544293551578,0.9746854776767054,0.9923645864722621,0.005719263752674129,0.001663631499697132,0.01090404178166201
16,per_pair,16,False,matched_sham,15,0,0.9897783232882881,0.9847295015941284,0.9939737399173785,0.0,0.0,0.0
16,total,4,False,baseline_high,0,384,0.9851345709475053,0.971466519350575,0.9934925946317636,0.006252409756948764,-0.0018146618056979736,0.019730575612581562
16,total,4,False,baseline_high,1,256,0.9716031243948896,0.9522826945247452,0.9853668504006642,0.016255613309456646,0.0031414610895880127,0.03575963484976764
16,total,4,False,baseline_high,2,128,0.9661430132863081,0.9466440655748461,0.9819752840243678,0.014463024688069986,0.0019412614197461175,0.02952597748117263
16,total,4,False,baseline_high,3,0,0.9859313622617298,0.9793758896896834,0.9909378549979058,0.0,0.0,0.0
16,total,4,False,ordinary,0,384,0.9838971251474323,0.9710258816966166,0.9938104328056387,0.008784080337537942,0.0007535523867238464,0.019765527751921797
16,total,4,False,ordinary,1,256,0.9774062497672323,0.9653584142035333,0.9877860835819424,0.013604478345408622,0.004256851508172582,0.024674129447632604
16,total,4,False,ordinary,2,128,0.9686358331468362,0.9497035104738059,0.9838234656381558,0.016327896208211873,0.004740333881261429,0.030365773948368025
16,total,4,False,ordinary,3,0,0.9903296526661767,0.9853675282793607,0.9946018503849412,0.0,0.0,0.0
16,total,4,False,homeostasis,0,384,0.9857782604020052,0.9756303483722999,0.9939720191478576,0.006604037883167042,0.0007858969302248815,0.013807121700045912
16,total,4,False,homeostasis,1,256,0.9772777930156239,0.9633911042794455,0.9889619739362128,0.015696938183637422,0.004634669750082687,0.02932872235084862
16,total,4,False,homeostasis,2,128,0.9810754829499543,0.9705086364415257,0.9896808561555221,0.008461675486294512,0.0019336494642983903,0.016591102968410678
16,total,4,False,homeostasis,3,0,0.9891572827397219,0.9782769511367038,0.9958494604241857,0.0,0.0,0.0
16,total,4,False,sham,0,384,0.9811558481536556,0.9645726577199419,0.9938299667640687,0.007903247609629654,0.0005245079496201678,0.018476499669797294
16,total,4,False,sham,1,256,0.9748022290624485,0.9546645822955285,0.9892713633386854,0.01786757240066482,0.00410375003797423,0.038047571565282406
16,total,4,False,sham,2,128,0.9757950940719037,0.9626979166797862,0.9873555718332091,0.012748967349971621,0.0034520393351499526,0.02347818383800244
16,total,4,False,sham,3,0,0.9912755480125264,0.985470416914254,0.9955514905800197,0.0,0.0,0.0
16,total,4,False,random_ordinary,0,384,0.9845190761190997,0.9764354287184496,0.9912803772388706,0.008330218722201799,0.0030656994036252386,0.015206049546005478
16,total,4,False,random_ordinary,1,256,0.9789012698736634,0.9696525932670484,0.9867718868049155,0.011352892594363706,0.005978112248621418,0.018663058889674452
16,total,4,False,random_ordinary,2,128,0.9761688136810057,0.962175456336209,0.9868521187964547,0.008672831853519913,0.0034838034863937683,0.01592536254162399
16,total,4,False,random_ordinary,3,0,0.9881255963643629,0.9806310537830651,0.9935317398927268,0.0,0.0,0.0
16,total,4,False,random_homeostasis,0,384,0.9777280409544135,0.9556428225468279,0.9941743043104923,0.00872257387784991,-0.004755953789625122,0.026219259802389663
16,total,4,False,random_homeostasis,1,256,0.9858666413537387,0.9763692818254395,0.9934647169429481,0.010949869996466128,0.004432092064054351,0.018894640893845883
16,total,4,False,random_homeostasis,2,128,0.9823554195744295,0.9627741503421534,0.9944455757854321,0.008435237130020229,0.0021397775045412836,0.017265803094436136
16,total,4,False,random_homeostasis,3,0,0.9953315737779337,0.9911487129194656,0.9980942677775299,0.0,0.0,0.0
16,total,4,False,direct,0,384,0.9815325965471237,0.9679285222479194,0.9925179878397031,0.006722772327714076,-0.0016112442555752328,0.0173229297962824
16,total,4,False,direct,1,256,0.9879695862953373,0.9790929229201876,0.99399428559779,0.005310445265278009,-0.00019350943279704472,0.012768390992135859
16,total,4,False,direct,2,128,0.9858463525637932,0.9748767013640607,0.9935995260651979,0.003179820655646509,-0.0010586315507576185,0.008495727056567622
16,total,4,False,direct,3,0,0.9937580737667969,0.9913576871767846,0.9958586052941639,0.0,0.0,0.0
16,total,4,False,oracle,0,384,0.9952338169165061,0.9883454998026926,0.9990184736576636,0.0,0.0,0.0
16,total,4,False,oracle,1,256,0.9980982204096197,0.9963458466322772,0.999331486461375,0.0,0.0,0.0
16,total,4,False,oracle,2,128,0.9956281417511496,0.9923330095628892,0.9983120227249077,0.0,0.0,0.0
16,total,4,False,oracle,3,0,0.9984172958628911,0.9974078137976766,0.9992212563648881,0.0,0.0,0.0
16,total,4,False,fixed_homeostasis,0,384,0.986645703859955,0.9790424911366143,0.9926708248570044,0.004536551602353662,-0.0008880719770988401,0.011979602835134936
16,total,4,False,fixed_homeostasis,1,256,0.9728775612012935,0.9586262055689625,0.9844865337091123,0.014517219607996757,0.003864407453671068,0.02845982179015003
16,total,4,False,fixed_homeostasis,2,128,0.9694403330464216,0.9524526193401356,0.9829362404740153,0.01278169715649149,0.002180628983001604,0.02601039226252382
16,total,4,False,fixed_homeostasis,3,0,0.9837660408198284,0.9760400945179993,0.9898064824129204,0.0,0.0,0.0
16,total,4,False,fixed_sham,0,384,0.9858409933650835,0.9747035723252635,0.9930834006566377,0.005419077067479193,-0.0014344223247286401,0.016362399991919623
16,total,4,False,fixed_sham,1,256,0.9708875967014651,0.9534568803611414,0.9842333709948736,0.01568438436622881,0.0031322539006309394,0.03323799257564072
16,total,4,False,fixed_sham,2,128,0.9668515979480506,0.9495658410884787,0.981063803084444,0.015175358467939506,0.004175915694990382,0.02842971251873353
16,total,4,False,fixed_sham,3,0,0.9843378313271621,0.9767688178740224,0.9898764766511766,0.0,0.0,0.0
16,total,4,False,matched_sham,0,384,0.9811558481536556,0.9645726577199419,0.9938299667640687,0.007903247609629654,0.0005245079496201678,0.018476499669797294
16,total,4,False,matched_sham,1,256,0.9748022290624485,0.9546645822955285,0.9892713633386854,0.01786757240066482,0.00410375003797423,0.038047571565282406
16,total,4,False,matched_sham,2,128,0.9757950940719037,0.9626979166797862,0.9873555718332091,0.012748967349971621,0.0034520393351499526,0.02347818383800244
16,total,4,False,matched_sham,3,0,0.9912755480125264,0.985470416914254,0.9955514905800197,0.0,0.0,0.0
16,total,16,False,baseline_high,0,480,0.9029478238300616,0.8486582413974005,0.9490834608464134,0.04321352105670262,0.012422859623413126,0.07833427781214765
16,total,16,False,baseline_high,1,448,0.8326313732355058,0.7519742260724079,0.9037055221503633,0.11097183298568421,0.042318240144852394,0.18879280808543591
16,total,16,False,baseline_high,2,416,0.8958705809731003,0.8412710605560346,0.9407020724575348,0.061828711245422295,0.02132436935016777,0.11173648005535797
16,total,16,False,baseline_high,3,384,0.8687686730383694,0.7948475004677454,0.9305412980941516,0.06317903041856936,0.01993321096789405,0.11495694070883675
16,total,16,False,baseline_high,4,352,0.9047136845695928,0.8482650344621041,0.9465186670567701,0.047341467035634154,0.011827810120669302,0.0931504684971056
16,total,16,False,baseline_high,5,320,0.9000509331198696,0.8648319340911167,0.9318211710799912,0.04592294244453841,0.02379581537177261,0.06980078285021488
16,total,16,False,baseline_high,6,288,0.8961770245302079,0.842408534058057,0.9418023250285663,0.04359707086555734,0.002264353007938054,0.092284218724841
16,total,16,False,baseline_high,7,256,0.871281809314208,0.8273848160263569,0.9115055546678998,0.06832805499367496,0.035260583897894375,0.1043754354215861
16,total,16,False,baseline_high,8,224,0.883332311413068,0.8479524474170854,0.9176306136135125,0.044776848764596346,0.022291973512420436,0.06929967337483982
16,total,16,False,baseline_high,9,192,0.9249704237516992,0.8894100979810223,0.9543200418410418,0.019282894926470093,-0.008034081259141694,0.05120284197972694
16,total,16,False,baseline_high,10,160,0.8995593297260287,0.849739913254878,0.9401831811647372,0.02931445309284007,-0.0019355483939787622,0.06478964372882948
16,total,16,False,baseline_high,11,128,0.929123231381595,0.9001883396258071,0.9529221194995364,0.011756261057394746,-0.007985352081308985,0.03349149105873431
16,total,16,False,baseline_high,12,96,0.9311770285118101,0.8934489494546115,0.960914871607492,0.020922473806009922,0.003082162887693318,0.04416345420194364
16,total,16,False,baseline_high,13,64,0.9453375699804353,0.9299960902529607,0.9594011055529298,0.011874350001471847,0.0023140216126543993,0.021927774083520802
16,total,16,False,baseline_high,14,32,0.920671146696073,0.8947734763359005,0.9435988327573486,0.008703093726881323,-0.0016994715972001345,0.01914722314697299
16,total,16,False,baseline_high,15,0,0.9255452036662332,0.8909493587381216,0.9508395981307917,0.0,0.0,0.0
16,total,16,False,ordinary,0,480,0.9141022002810683,0.8350507085233193,0.9668509101574904,0.05075115683527532,0.015447010853666687,0.09424038588388452
16,total,16,False,ordinary,1,448,0.8323066282260121,0.7458237484562455,0.9085723697824587,0.13181889027848737,0.055965486921791374,0.2170361980171688
16,total,16,False,ordinary,2,416,0.8898579417733435,0.8336622742867886,0.9383994247340892,0.0868974121938814,0.04382158988388945,0.13700558546735042
16,total,16,False,ordinary,3,384,0.8898808546098015,0.8055889659936641,0.9562236630160118,0.05974363638147725,0.01803749861675386,0.11209227495709835
16,total,16,False,ordinary,4,352,0.9215080194429003,0.8579104072592649,0.963508447836569,0.04961181045076668,0.005643114677851381,0.10956948203938113
16,total,16,False,ordinary,5,320,0.9253535531837972,0.8922753177959941,0.952718835121024,0.03601659360520293,0.01308679675038443,0.0625612872801799
16,total,16,False,ordinary,6,288,0.903626742833778,0.8262795550330017,0.9617046202728495,0.057841607934155805,0.009030047303468253,0.1229725193380202
16,total,16,False,ordinary,7,256,0.9118088907944056,0.8752630198969141,0.9431317351020196,0.049118157131020225,0.02106843275558983,0.08166480204502331
16,total,16,False,ordinary,8,224,0.8814457761946372,0.8215291336922703,0.9342122948138734,0.06589613594893622,0.024950878077691432,0.11552788074387692
16,total,16,False,ordinary,9,192,0.9262754877144955,0.8769713175624407,0.963745127189651,0.03474317540980432,-0.00264987221628134,0.08323587724701204
16,total,16,False,ordinary,10,160,0.9046403152147716,0.8345647205642964,0.9577222808626956,0.0435017075894878,0.006813052452884735,0.0900446644844768
16,total,16,False,ordinary,11,128,0.9231900967932938,0.8470235502328507,0.9705278861701293,0.008104002843242523,-0.013649437436390244,0.032184229606954516
16,total,16,False,ordinary,12,96,0.9367158465143227,0.89772435690267,0.966984083842759,0.024399752796487307,0.004759094130124393,0.05234716646684529
16,total,16,False,ordinary,13,64,0.9500984338800591,0.9326005823198597,0.9660123629594514,0.010493366195267168,-0.0019269828132801416,0.02552559519327752
16,total,16,False,ordinary,14,32,0.9338794146709716,0.8980753854188016,0.9628929891266406,0.0132927618893662,-0.0027031725347025333,0.035696619858138184
16,total,16,False,ordinary,15,0,0.946845601740185,0.9101250410305894,0.9727483007154127,0.0,0.0,0.0
16,total,16,False,homeostasis,0,480,0.9160180501815463,0.8444439700899509,0.9687466206481904,0.052327734818759186,0.018161779079286258,0.09472875292009554
16,total,16,False,homeostasis,1,448,0.8467280594185319,0.738306139779115,0.9351313132099548,0.12729227286357248,0.042101286432727224,0.2325627084127928
16,total,16,False,homeostasis,2,416,0.9051688069186384,0.8414583323965042,0.9572248107627839,0.06721939505577058,0.02176918598914789,0.12329067364307547
16,total,16,False,homeostasis,3,384,0.8710938372354108,0.7750865367726668,0.9494748523560939,0.07377081303657101,0.02041042349840559,0.14141289764856288
16,total,16,False,homeostasis,4,352,0.9213217883970293,0.8539635451929004,0.9684655163406355,0.0573327867142863,0.014323533411584167,0.11718706824271255
16,total,16,False,homeostasis,5,320,0.8915978935497186,0.8353171414415929,0.9395481019262824,0.07573558099299263,0.03682387051699147,0.12254026337928732
16,total,16,False,homeostasis,6,288,0.9127428626056172,0.845046337288178,0.9638860870016408,0.059480220528375705,0.011185634043293091,0.12409832469521441
16,total,16,False,homeostasis,7,256,0.8901159610681694,0.8311238109360458,0.9392726668131153,0.07118411934597611,0.02964293655588291,0.11802604550487923
16,total,16,False,homeostasis,8,224,0.9194395663194811,0.8871371812246823,0.9489866667209085,0.04394731882394839,0.021999178261663196,0.06822197475387372
16,total,16,False,homeostasis,9,192,0.9558930988417463,0.9335676728284555,0.9752745083615886,0.011182290679836815,-0.011894030737077113,0.03489255235354064
16,total,16,False,homeostasis,10,160,0.942419526915625,0.9065872433598142,0.9703952180249696,0.023543984962724435,0.0033285688271775943,0.04747589526238526
16,total,16,False,homeostasis,11,128,0.9418387922590702,0.8832203864951064,0.9789603364361573,0.017433770000476717,-0.006506654613629463,0.0523522995765252
16,total,16,False,homeostasis,12,96,0.943095878398319,0.9016051815878227,0.9738677870232987,0.026734646755966856,0.0024015937623162458,0.06190655330116169
16,total,16,False,homeostasis,13,64,0.9607963295918326,0.9325269343757363,0.979769372801099,0.018028710833801167,0.0019851162219426052,0.04409165323256799
16,total,16,False,homeostasis,14,32,0.9392993526863421,0.9021794182150628,0.9697365114204298,0.017274038399445843,0.0040378805070884795,0.03361778993927547
16,total,16,False,homeostasis,15,0,0.9658370609779429,0.9381988207072487,0.9842685177060662,0.0,0.0,0.0
16,total,16,False,sham,0,480,0.9151451491272558,0.8465701461265923,0.9665431003522406,0.05354009622297636,0.02013559298384778,0.0942752748551878
16,total,16,False,sham,1,448,0.8351311630908952,0.721601953250294,0.92943921991923,0.14043221748738544,0.0487936163674116,0.2509076404460791
16,total,16,False,sham,2,416,0.8696189982779995,0.7853643072886441,0.9369625547883572,0.09843443202401668,0.04046060036925548,0.17521624927550247
16,total,16,False,sham,3,384,0.866131463660292,0.7731990520636005,0.9436495867114567,0.07738962868448516,0.01676410512946913,0.15023084661103728
16,total,16,False,sham,4,352,0.935396848813442,0.8909234750605391,0.9698870859927441,0.042453822689886254,0.010932647534563716,0.08189287303025503
16,total,16,False,sham,5,320,0.9211149941957949,0.8848787996415483,0.9521250947116593,0.046881537691227625,0.024578317341887864,0.0730864613302797
16,total,16,False,sham,6,288,0.9040872136109912,0.8367248265026274,0.9589375631045642,0.06548234831660292,0.01350172472458937,0.12989854176323304
16,total,16,False,sham,7,256,0.8960515297273138,0.8420277020818568,0.9422878660239948,0.0689952297806933,0.030605659545111127,0.1129065043508216
16,total,16,False,sham,8,224,0.9016967724164028,0.8622227674466111,0.9383290777947795,0.05487213940767435,0.0285689279616621,0.08431971520754414
16,total,16,False,sham,9,192,0.9476330493098057,0.9154516406959465,0.9731753596998168,0.014079010956977639,-0.006670320457075147,0.039065437257642235
16,total,16,False,sham,10,160,0.9281723925728085,0.8689295463639151,0.971887644022969,0.02957836348289279,0.004160834911977979,0.06314524821651854
16,total,16,False,sham,11,128,0.9318607469980491,0.8782859677446057,0.9715870515707581,0.027534987170624334,0.00015354461378116744,0.06349562353894965
16,total,16,False,sham,12,96,0.9473935270718307,0.911487878056509,0.9746716998077395,0.02395302093432536,0.004652363878298447,0.050815364434260255
16,total,16,False,sham,13,64,0.9673634435267836,0.9526600269930182,0.9792117898176477,0.011473442217223856,0.0014444433484938856,0.024943590944353354
16,total,16,False,sham,14,32,0.9400627791419174,0.9064214972432068,0.9684356408818849,0.012585890224885063,0.001184784342411463,0.025252462678840196
16,total,16,False,sham,15,0,0.9602367850744867,0.922126803192055,0.98484116572428,0.0,0.0,0.0
16,total,16,False,random_ordinary,0,480,0.8977122078837331,0.8489485584095117,0.9391876717594633,0.0716217689804043,0.03920447313727952,0.11124582465316549
16,total,16,False,random_ordinary,1,448,0.8891729755341781,0.8352566480777517,0.9371097206559922,0.07439488418812594,0.029906565970566616,0.12385581489640167
16,total,16,False,random_ordinary,2,416,0.9189506039494327,0.8910396736775761,0.9437862976840702,0.050334102585863405,0.030280708917508756,0.07235213980792968
16,total,16,False,random_ordinary,3,384,0.8546475824039422,0.7484285180117525,0.9396448446465433,0.09323972230962597,0.029558634894624174,0.1693532843138848
16,total,16,False,random_ordinary,4,352,0.9114594652638633,0.8589243089788997,0.9493709860530836,0.05924497271048015,0.025315522713893084,0.10409236723906017
16,total,16,False,random_ordinary,5,320,0.9057422251772097,0.8657219368273643,0.9400823089093999,0.05418385798505896,0.028259878752650302,0.0873106663157559
16,total,16,False,random_ordinary,6,288,0.9138966396557603,0.871576394516567,0.9494889086507264,0.05257604990929047,0.02133437806850095,0.09143269505220662
16,total,16,False,random_ordinary,7,256,0.9104205254085661,0.8686845998284443,0.9451610230905245,0.04751863771412688,0.022117707756377333,0.07728909135821116
16,total,16,False,random_ordinary,8,224,0.8314744846398702,0.7520212059599204,0.900494823132917,0.1174350757236568,0.06372599648643067,0.17821837666370702
16,total,16,False,random_ordinary,9,192,0.9578457739704777,0.9414728124586734,0.9704174055793598,0.0014972729323789319,-0.009693657827864403,0.01097544134189962
16,total,16,False,random_ordinary,10,160,0.9445362384344591,0.9064351604983965,0.969187466535818,0.014320583580997285,-0.0014308628867870938,0.032992051436330466
16,total,16,False,random_ordinary,11,128,0.9449849704576234,0.9229067789552545,0.9637096859963585,0.012228403791681225,-0.004040347794472176,0.027582577380503497
16,total,16,False,random_ordinary,12,96,0.9610459658896325,0.9462100836651123,0.9745525779430649,0.008965776144182924,-0.00028624336877325774,0.01925193938985059
16,total,16,False,random_ordinary,13,64,0.9473204462970021,0.9322048428804374,0.9618037386100906,0.021677577161492084,0.00965211521399628,0.03459949272959663
16,total,16,False,random_ordinary,14,32,0.9349316136812188,0.900184491862418,0.9636909336719633,0.012046860440627366,0.0002094767437225713,0.027396051234574767
16,total,16,False,random_ordinary,15,0,0.9529339014684576,0.9268781435963724,0.9724171648459299,0.0,0.0,0.0
16,total,16,False,random_homeostasis,0,480,0.892201418244594,0.830386386074264,0.9455532269401223,0.07252757617267884,0.030403766614545816,0.12294767030793623
16,total,16,False,random_homeostasis,1,448,0.8890979295215328,0.8254433315381051,0.9446591151747821,0.10088381457483146,0.04586576101821531,0.1635108853714562
16,total,16,False,random_homeostasis,2,416,0.91852674828919,0.8662062629303351,0.9606046435471176,0.0514749026624437,0.019640235638298562,0.09580130553672718
16,total,16,False,random_homeostasis,3,384,0.8537799115770212,0.7442668503296336,0.9417668845514785,0.09614154972969557,0.04088401139949614,0.1609072206859066
16,total,16,False,random_homeostasis,4,352,0.9347514454641948,0.9017065247810987,0.9631410728334572,0.056584224952361706,0.029238918689479088,0.08834852362415054
16,total,16,False,random_homeostasis,5,320,0.9364057818938397,0.9054565252689661,0.9638827290217535,0.047272842168063295,0.026565909021866525,0.07018898018642238
16,total,16,False,random_homeostasis,6,288,0.9254588362655988,0.892151129089736,0.9561446405338356,0.057892008505034176,0.02835181864060713,0.08926141931114039
16,total,16,False,random_homeostasis,7,256,0.9122186068738364,0.8590935235736609,0.9570041678196204,0.043110447083291294,0.003668338981744245,0.08331546895024519
16,total,16,False,random_homeostasis,8,224,0.8778826728442787,0.803808000837407,0.9394958160309704,0.08440750460362566,0.03665675224780156,0.1432121039179524
16,total,16,False,random_homeostasis,9,192,0.9449110940858777,0.8847643749224166,0.9815024774565734,0.0011871303672378538,-0.01968048259103324,0.018683686956072598
16,total,16,False,random_homeostasis,10,160,0.9462815702009774,0.8851864149120814,0.9866289501776513,0.008557162670668044,-0.017373783440508356,0.03595280989614769
16,total,16,False,random_homeostasis,11,128,0.9552634000638426,0.9242087380315243,0.9805414431684433,0.011114169750779774,-0.007787635767173025,0.031302055419200225
16,total,16,False,random_homeostasis,12,96,0.9636385948174354,0.9460011048630961,0.9793918066188887,0.007606463204060397,-0.004627084807697139,0.01872862636868797
16,total,16,False,random_homeostasis,13,64,0.9704722259047628,0.9484026012269525,0.9871690633200015,0.019505419457756773,0.005725015488985734,0.03828774128946577
16,total,16,False,random_homeostasis,14,32,0.9324384885577744,0.8857930536109799,0.972629040427454,0.01469968347386757,-0.0003697480326159543,0.034545014950988974
16,total,16,False,random_homeostasis,15,0,0.9591015320234754,0.8970053822424778,0.9961073447149021,0.0,0.0,0.0
16,total,16,False,direct,0,480,0.9165243330538796,0.8453771815605703,0.9727968558753692,0.04553433417034741,-0.0009390699343673776,0.10747453121401754
16,total,16,False,direct,1,448,0.8897139721389561,0.8170601341413647,0.9507259400263556,0.07890021363878301,0.02027104302095345,0.14896064251899746
16,total,16,False,direct,2,416,0.9495068228704747,0.9092566154957543,0.9811840223028956,0.021673233793607662,-5.712067675027813e-05,0.048139428702993106
16,total,16,False,direct,3,384,0.8456732130703744,0.7311466655420572,0.9381027946402369,0.1078381156910635,0.03721134799659475,0.19218845472493928
16,total,16,False,direct,4,352,0.912913353736348,0.8255994767794682,0.9748715250497542,0.07056503824877843,0.011955445829842008,0.15417237331909178
16,total,16,False,direct,5,320,0.9429620234385329,0.9029896624010874,0.973717289812905,0.03143885349678478,0.008993875509550166,0.05723858015282549
16,total,16,False,direct,6,288,0.940050032849824,0.9060795321652066,0.9683672236477665,0.04024716229188395,0.01164502125374735,0.07256480563750661
16,total,16,False,direct,7,256,0.9004919620887994,0.8353464909999629,0.9536752767187836,0.05323450629953053,0.006688621180899949,0.10846723626044952
16,total,16,False,direct,8,224,0.8920821363145852,0.8148332163094679,0.9532027207486059,0.0656257092027285,0.02190610712188311,0.11886759717078603
16,total,16,False,direct,9,192,0.9405790561506611,0.8699843652422754,0.9815112842623783,0.012551145102324699,-0.0041924187510064825,0.033757080701131696
16,total,16,False,direct,10,160,0.956276549557083,0.9276778645709504,0.977742225983375,0.020679962229903495,0.0017275153946627773,0.043303217844121014
16,total,16,False,direct,11,128,0.9638516357885344,0.9371567777088499,0.9841989701977047,0.004803480539113318,-0.010049891838907572,0.02166800894572581
16,total,16,False,direct,12,96,0.9754817336126127,0.9631595297531513,0.9858365551541346,0.0005914872813413916,-0.01343379569688546,0.013570483814074483
16,total,16,False,direct,13,64,0.9649809793789252,0.9392655564964796,0.9843074175275293,0.013050142107318715,-0.003605676183910625,0.03501928467805829
16,total,16,False,direct,14,32,0.9607811300495953,0.93590423776831,0.9802625492705554,0.005794651711124856,-0.0043324669689761095,0.01824853614715226
16,total,16,False,direct,15,0,0.9631093759086241,0.917539457311046,0.9904235035747807,0.0,0.0,0.0
16,total,16,False,oracle,0,480,0.9847201603528388,0.9646612462290179,0.9970608765665502,0.0,0.0,0.0
16,total,16,False,oracle,1,448,0.9868773771133202,0.9758302887738665,0.995589168157369,0.0,0.0,0.0
16,total,16,False,oracle,2,416,0.9932873376708651,0.9868488896003721,0.9978949285655634,0.0,0.0,0.0
16,total,16,False,oracle,3,384,0.9798251698429358,0.9466033746984946,0.9978215340458596,0.0,0.0,0.0
16,total,16,False,oracle,4,352,0.995783833942539,0.9921561839640389,0.998173873945676,0.0,0.0,0.0
16,total,16,False,oracle,5,320,0.9932817259578014,0.9874131943512466,0.9976018282359872,0.0,0.0,0.0
16,total,16,False,oracle,6,288,0.9950600320423814,0.9920646306165356,0.997534840844587,0.0,0.0,0.0
16,total,16,False,oracle,7,256,0.9904624206315136,0.9812089317770019,0.9975431889647446,0.0,0.0,0.0
16,total,16,False,oracle,8,224,0.9932717372757583,0.9878062856452253,0.9976319571823137,0.0,0.0,0.0
16,total,16,False,oracle,9,192,0.989435149390164,0.9745644088385321,0.9977095433437612,0.0,0.0,0.0
16,total,16,False,oracle,10,160,0.9946435853272577,0.9894775634895954,0.9979180884439681,0.0,0.0,0.0
16,total,16,False,oracle,11,128,0.9884862601021697,0.9788734529130954,0.9961883651899611,0.0,0.0,0.0
16,total,16,False,oracle,12,96,0.995943174720937,0.9936223344752007,0.9978213156266008,0.0,0.0,0.0
16,total,16,False,oracle,13,64,0.995868100458361,0.992068534103903,0.9982363644401581,0.0,0.0,0.0
16,total,16,False,oracle,14,32,0.9865880839521136,0.9731662193826305,0.9965471094566507,0.0,0.0,0.0
16,total,16,False,oracle,15,0,0.9922284024714788,0.985409638677339,0.9976043041921481,0.0,0.0,0.0
16,total,16,False,fixed_homeostasis,0,480,0.9032936917232609,0.8416037621673585,0.9533978858903693,0.04609801625229521,0.01217488602105101,0.08694397394682499
16,total,16,False,fixed_homeostasis,1,448,0.8359861680868944,0.7470545911598911,0.9118106860181482,0.10584300180797439,0.032866586915352505,0.19105556291847636
16,total,16,False,fixed_homeostasis,2,416,0.9100010400782145,0.8633982545516773,0.9481777112838483,0.045131922696444095,0.011345449341622764,0.08694169880854248
16,total,16,False,fixed_homeostasis,3,384,0.8737257505477519,0.8071685068834463,0.9315323913668838,0.06504186871280859,0.0193969404278684,0.11939575129691132
16,total,16,False,fixed_homeostasis,4,352,0.8960967714988165,0.8265446078778723,0.9472377613132799,0.06019658580578225,0.013370892258579245,0.12346056038969129
16,total,16,False,fixed_homeostasis,5,320,0.8960005729384655,0.8602151277412106,0.9271907820229783,0.05191637422887598,0.030332549179795908,0.07636809923862845
16,total,16,False,fixed_homeostasis,6,288,0.8890206882616494,0.8273793461305478,0.9408053016282251,0.05037347726746578,0.006591157537018852,0.10190752802994549
16,total,16,False,fixed_homeostasis,7,256,0.8674810935623777,0.819301756013244,0.9100265374817431,0.07703404332304906,0.03960410601616966,0.12041163169376935
16,total,16,False,fixed_homeostasis,8,224,0.8731829389100474,0.8293148931016195,0.913627674817141,0.045059458912172244,0.020270495088892077,0.07341976990729374
16,total,16,False,fixed_homeostasis,9,192,0.9311965345479022,0.895142048781394,0.9592714468622978,0.015892708576065156,-0.014386605599193155,0.04932074071490719
16,total,16,False,fixed_homeostasis,10,160,0.9077734247635757,0.8565181335283417,0.9479302359399665,0.022214208506736305,-0.007617554542552498,0.05544675912523157
16,total,16,False,fixed_homeostasis,11,128,0.9157770474345223,0.8652864606976157,0.94988288771611,0.014732114559305428,-0.005544474029573251,0.03956153193906516
16,total,16,False,fixed_homeostasis,12,96,0.9334120169498036,0.9036497641384951,0.9576117215811217,0.02031724643852929,0.004666165175758749,0.04219362435943931
16,total,16,False,fixed_homeostasis,13,64,0.9414980508052495,0.9270154439387914,0.9552651901258109,0.013968333960393464,0.003324980299143179,0.025954983438313824
16,total,16,False,fixed_homeostasis,14,32,0.9235661719388446,0.9001036600070584,0.9444108613690754,0.0073891957471993635,-0.0032789211433634493,0.018233798929017508
16,total,16,False,fixed_homeostasis,15,0,0.9327649073230075,0.9076189535467164,0.9545766129546186,0.0,0.0,0.0
16,total,16,False,fixed_sham,0,480,0.902333806064906,0.8400568835026192,0.9529695673653652,0.04446893590018237,0.011627449771081322,0.083444970626373
16,total,16,False,fixed_sham,1,448,0.8266187781718735,0.7406028723404008,0.9012075654715402,0.11566124443008359,0.043250786282795564,0.19787377211509757
16,total,16,False,fixed_sham,2,416,0.8900721239696728,0.8285386962672854,0.9371512103065869,0.0655307843011977,0.02363804541951072,0.12143838377361181
16,total,16,False,fixed_sham,3,384,0.8601043949344205,0.7868734333181667,0.9241802626040806,0.06995980662362224,0.023108285213135894,0.12485985600322692
16,total,16,False,fixed_sham,4,352,0.9039510437138003,0.847743700405351,0.9455857728597589,0.0479204273185617,0.01310206399577864,0.09267293023421262
16,total,16,False,fixed_sham,5,320,0.9016642150861874,0.8686859936561875,0.9307096105473088,0.042775099919118736,0.02289361929289451,0.06376105999086622
16,total,16,False,fixed_sham,6,288,0.8931869305215838,0.8360010464781162,0.9419756091358451,0.05079936416304834,0.007854666246181195,0.10183671326261359
16,total,16,False,fixed_sham,7,256,0.877297500685212,0.8381442087528224,0.9138274854514219,0.06588779038944308,0.03404994500399445,0.1015856466934244
16,total,16,False,fixed_sham,8,224,0.8759950812540241,0.8370465759541674,0.9139449322307408,0.048431194540895985,0.02269862754609029,0.0766068101045352
16,total,16,False,fixed_sham,9,192,0.9152937937459852,0.8726729829428351,0.9499530649366652,0.025226855275141083,-0.006598489799662196,0.06301657951204127
16,total,16,False,fixed_sham,10,160,0.9005815522150233,0.8437683384413727,0.9451295940988733,0.026905288818672213,-0.0033247922520991055,0.06342189387093174
16,total,16,False,fixed_sham,11,128,0.9163036931632226,0.8726361552566582,0.9491006499134229,0.018125799004696935,-0.0039422415364394866,0.04342889939081907
16,total,16,False,fixed_sham,12,96,0.9346366104843381,0.906441263526374,0.9574927861597309,0.019410086159367956,0.005137946193425032,0.036988700068236534
16,total,16,False,fixed_sham,13,64,0.9383687005593128,0.9210321679746118,0.9545740220251094,0.013815729291938084,0.002460235981661053,0.02679642673319318
16,total,16,False,fixed_sham,14,32,0.9209553264602612,0.8952375256786774,0.9442662404875128,0.005626715318941271,-0.0051299576326731535,0.01644247888742171
16,total,16,False,fixed_sham,15,0,0.9258835757978082,0.8953403501945015,0.9491623364864058,0.0,0.0,0.0
16,total,16,False,matched_sham,0,480,0.9151451491272558,0.8465701461265923,0.9665431003522406,0.05354009622297636,0.02013559298384778,0.0942752748551878
16,total,16,False,matched_sham,1,448,0.8351311630908952,0.721601953250294,0.92943921991923,0.14043221748738544,0.0487936163674116,0.2509076404460791
16,total,16,False,matched_sham,2,416,0.8696189982779995,0.7853643072886441,0.9369625547883572,0.09843443202401668,0.04046060036925548,0.17521624927550247
16,total,16,False,matched_sham,3,384,0.866131463660292,0.7731990520636005,0.9436495867114567,0.07738962868448516,0.01676410512946913,0.15023084661103728
16,total,16,False,matched_sham,4,352,0.935396848813442,0.8909234750605391,0.9698870859927441,0.042453822689886254,0.010932647534563716,0.08189287303025503
16,total,16,False,matched_sham,5,320,0.9211149941957949,0.8848787996415483,0.9521250947116593,0.046881537691227625,0.024578317341887864,0.0730864613302797
16,total,16,False,matched_sham,6,288,0.9040872136109912,0.8367248265026274,0.9589375631045642,0.06548234831660292,0.01350172472458937,0.12989854176323304
16,total,16,False,matched_sham,7,256,0.8960515297273138,0.8420277020818568,0.9422878660239948,0.0689952297806933,0.030605659545111127,0.1129065043508216
16,total,16,False,matched_sham,8,224,0.9016967724164028,0.8622227674466111,0.9383290777947795,0.05487213940767435,0.0285689279616621,0.08431971520754414
16,total,16,False,matched_sham,9,192,0.9476330493098057,0.9154516406959465,0.9731753596998168,0.014079010956977639,-0.006670320457075147,0.039065437257642235
16,total,16,False,matched_sham,10,160,0.9281723925728085,0.8689295463639151,0.971887644022969,0.02957836348289279,0.004160834911977979,0.06314524821651854
16,total,16,False,matched_sham,11,128,0.9318607469980491,0.8782859677446057,0.9715870515707581,0.027534987170624334,0.00015354461378116744,0.06349562353894965
16,total,16,False,matched_sham,12,96,0.9473935270718307,0.911487878056509,0.9746716998077395,0.02395302093432536,0.004652363878298447,0.050815364434260255
16,total,16,False,matched_sham,13,64,0.9673634435267836,0.9526600269930182,0.9792117898176477,0.011473442217223856,0.0014444433484938856,0.024943590944353354
16,total,16,False,matched_sham,14,32,0.9400627791419174,0.9064214972432068,0.9684356408818849,0.012585890224885063,0.001184784342411463,0.025252462678840196
16,total,16,False,matched_sham,15,0,0.9602367850744867,0.922126803192055,0.98484116572428,0.0,0.0,0.0
